Record Length,20480










Source,CH1,CH2
Second,Volt,Volt
-0.02048000000,2.56000,2.44000
-0.02047800156,2.56000,2.44000
-0.02047600000,2.56000,2.44000
-0.02047400000,2.56000,2.44000
-0.02047200000,2.64000,2.48000
-0.02047000156,2.56000,2.44000
-0.02046800000,2.56000,2.44000
-0.02046600000,2.56000,2.44000
-0.02046400000,2.60000,2.48000
-0.02046200000,2.60000,2.44000
-0.02046000000,2.56000,2.44000
-0.02045800000,2.56000,2.44000
-0.02045600000,2.56000,2.44000
-0.02045400000,2.56000,2.44000
-0.02045200000,2.56000,2.48000
-0.02045000000,2.56000,2.44000
-0.02044800000,2.56000,2.44000
-0.02044600000,2.60000,2.48000
-0.02044400000,2.76000,2.68000
-0.02044200000,2.56000,2.44000
-0.02043999844,2.60000,2.44000
-0.02043800000,2.56000,2.44000
-0.02043600000,2.56000,2.44000
-0.02043400000,2.60000,2.44000
-0.02043199844,2.60000,2.44000
-0.02043000000,2.52000,2.36000
-0.02042800000,2.56000,2.44000
-0.02042600000,2.60000,2.48000
-0.02042399844,2.60000,2.44000
-0.02042200000,2.56000,2.44000
-0.02042000000,2.60000,2.44000
-0.02041800000,2.56000,2.44000
-0.02041600156,2.56000,2.44000
-0.02041400000,2.56000,2.44000
-0.02041200000,2.60000,2.44000
-0.02041000000,2.56000,2.44000
-0.02040800156,2.56000,2.44000
-0.02040600000,2.56000,2.44000
-0.02040400000,2.60000,2.44000
-0.02040200000,2.40000,2.32000
-0.02040000000,2.56000,2.44000
-0.02039800000,2.56000,2.44000
-0.02039600000,2.60000,2.44000
-0.02039400000,2.60000,2.44000
-0.02039200000,2.60000,2.44000
-0.02039000000,2.52000,2.40000
-0.02038800000,2.56000,2.44000
-0.02038600000,2.60000,2.44000
-0.02038400000,2.60000,2.44000
-0.02038200000,2.56000,2.44000
-0.02038000000,2.60000,2.44000
-0.02037799844,2.52000,2.36000
-0.02037600000,2.56000,2.44000
-0.02037400000,2.56000,2.44000
-0.02037200000,2.60000,2.44000
-0.02036999844,2.60000,2.44000
-0.02036800000,2.56000,2.44000
-0.02036600000,2.64000,2.48000
-0.02036400000,2.56000,2.44000
-0.02036199844,2.56000,2.44000
-0.02036000000,2.60000,2.48000
-0.02035800000,2.60000,2.44000
-0.02035600000,2.56000,2.44000
-0.02035400156,2.60000,2.48000
-0.02035200000,2.52000,2.48000
-0.02035000000,2.56000,2.44000
-0.02034800000,2.56000,2.44000
-0.02034600156,2.56000,2.44000
-0.02034400000,2.60000,2.44000
-0.02034200000,2.60000,2.44000
-0.02034000000,2.56000,2.44000
-0.02033800000,2.56000,2.44000
-0.02033600000,2.56000,2.44000
-0.02033400000,2.60000,2.48000
-0.02033200000,2.60000,2.48000
-0.02033000000,2.60000,2.44000
-0.02032800000,2.56000,2.48000
-0.02032600000,2.60000,2.48000
-0.02032400000,2.56000,2.44000
-0.02032200000,2.56000,2.44000
-0.02032000000,2.68000,2.52000
-0.02031800000,2.68000,2.56000
-0.02031599844,2.56000,2.44000
-0.02031400000,2.56000,2.44000
-0.02031200000,2.56000,2.44000
-0.02031000000,2.56000,2.40000
-0.02030799844,2.56000,2.44000
-0.02030600000,2.56000,2.44000
-0.02030400000,2.56000,2.40000
-0.02030200000,2.56000,2.44000
-0.02029999844,2.56000,2.44000
-0.02029800000,2.60000,2.48000
-0.02029600000,2.56000,2.44000
-0.02029400000,2.56000,2.44000
-0.02029200156,2.64000,2.48000
-0.02029000000,2.56000,2.44000
-0.02028800000,2.60000,2.44000
-0.02028600000,2.56000,2.44000
-0.02028400156,2.56000,2.44000
-0.02028200000,2.56000,2.44000
-0.02028000000,2.60000,2.48000
-0.02027800000,2.56000,2.44000
-0.02027600000,2.56000,2.44000
-0.02027400000,2.52000,2.40000
-0.02027200000,2.60000,2.44000
-0.02027000000,2.56000,2.44000
-0.02026800000,2.72000,2.64000
-0.02026600000,2.56000,2.44000
-0.02026400000,2.56000,2.44000
-0.02026200000,2.52000,2.36000
-0.02026000000,2.56000,2.44000
-0.02025800000,2.56000,2.44000
-0.02025600000,2.56000,2.44000
-0.02025399844,2.56000,2.44000
-0.02025200000,2.56000,2.44000
-0.02025000000,2.60000,2.44000
-0.02024800000,2.56000,2.44000
-0.02024599844,2.56000,2.48000
-0.02024400000,2.56000,2.44000
-0.02024200000,2.56000,2.44000
-0.02024000000,2.56000,2.44000
-0.02023799844,2.56000,2.44000
-0.02023600000,2.56000,2.44000
-0.02023400000,2.56000,2.44000
-0.02023200000,2.56000,2.44000
-0.02023000156,2.56000,2.44000
-0.02022800000,2.56000,2.44000
-0.02022600000,2.72000,2.64000
-0.02022400000,2.56000,2.44000
-0.02022200000,2.56000,2.40000
-0.02022000000,2.56000,2.44000
-0.02021800000,2.56000,2.44000
-0.02021600000,2.60000,2.48000
-0.02021400000,2.60000,2.44000
-0.02021200000,2.56000,2.44000
-0.02021000000,2.56000,2.44000
-0.02020800000,2.60000,2.48000
-0.02020600000,2.56000,2.44000
-0.02020400000,2.68000,2.48000
-0.02020200000,2.56000,2.44000
-0.02019999844,2.56000,2.40000
-0.02019800000,2.56000,2.44000
-0.02019600000,2.60000,2.48000
-0.02019400000,2.56000,2.44000
-0.02019199844,2.56000,2.44000
-0.02019000000,2.60000,2.44000
-0.02018800000,2.60000,2.44000
-0.02018600000,2.56000,2.44000
-0.02018399844,2.52000,2.36000
-0.02018200000,2.56000,2.44000
-0.02018000000,2.60000,2.44000
-0.02017800000,2.60000,2.44000
-0.02017599844,2.56000,2.44000
-0.02017400000,2.56000,2.44000
-0.02017200000,2.56000,2.44000
-0.02017000000,2.56000,2.44000
-0.02016800156,2.60000,2.44000
-0.02016600000,2.56000,2.44000
-0.02016400000,2.60000,2.44000
-0.02016200000,2.56000,2.44000
-0.02016000000,2.60000,2.44000
-0.02015800000,2.52000,2.44000
-0.02015600000,2.56000,2.44000
-0.02015400000,2.56000,2.44000
-0.02015200000,2.60000,2.48000
-0.02015000000,2.52000,2.40000
-0.02014800000,2.60000,2.44000
-0.02014600000,2.52000,2.40000
-0.02014400000,2.56000,2.44000
-0.02014200000,2.56000,2.48000
-0.02014000000,2.60000,2.44000
-0.02013799844,2.56000,2.44000
-0.02013600000,2.60000,2.44000
-0.02013400000,2.56000,2.44000
-0.02013200000,2.64000,2.48000
-0.02012999844,2.56000,2.44000
-0.02012800000,2.60000,2.48000
-0.02012600000,2.60000,2.44000
-0.02012400000,2.52000,2.44000
-0.02012199844,2.60000,2.44000
-0.02012000000,2.56000,2.44000
-0.02011800000,2.56000,2.44000
-0.02011600000,2.64000,2.48000
-0.02011399844,2.60000,2.44000
-0.02011200000,2.56000,2.44000
-0.02011000000,2.56000,2.44000
-0.02010800000,2.52000,2.32000
-0.02010600156,2.60000,2.40000
-0.02010400000,2.56000,2.44000
-0.02010200000,2.56000,2.44000
-0.02010000000,2.64000,2.48000
-0.02009800000,2.56000,2.44000
-0.02009600000,2.56000,2.44000
-0.02009400000,2.60000,2.44000
-0.02009200000,2.56000,2.44000
-0.02009000000,2.52000,2.40000
-0.02008800000,2.60000,2.44000
-0.02008600000,2.56000,2.44000
-0.02008400000,2.60000,2.44000
-0.02008200000,2.64000,2.52000
-0.02008000000,2.60000,2.44000
-0.02007800000,2.56000,2.40000
-0.02007599844,2.52000,2.44000
-0.02007400000,2.56000,2.44000
-0.02007200000,2.56000,2.44000
-0.02007000000,2.56000,2.44000
-0.02006799844,2.56000,2.44000
-0.02006600000,2.52000,2.44000
-0.02006400000,2.56000,2.48000
-0.02006200000,2.60000,2.44000
-0.02005999844,2.60000,2.48000
-0.02005800000,2.56000,2.44000
-0.02005600000,2.56000,2.44000
-0.02005400000,2.64000,2.48000
-0.02005200156,2.60000,2.44000
-0.02005000000,2.60000,2.44000
-0.02004800000,2.56000,2.48000
-0.02004600000,2.60000,2.44000
-0.02004400156,2.60000,2.44000
-0.02004200000,2.56000,2.44000
-0.02004000000,2.64000,2.48000
-0.02003800000,2.56000,2.44000
-0.02003600000,2.52000,2.48000
-0.02003400000,2.60000,2.44000
-0.02003200000,2.52000,2.32000
-0.02003000000,2.56000,2.44000
-0.02002800000,2.56000,2.44000
-0.02002600000,2.56000,2.48000
-0.02002400000,2.56000,2.44000
-0.02002200000,2.56000,2.44000
-0.02002000000,2.60000,2.48000
-0.02001800000,2.56000,2.44000
-0.02001600000,2.60000,2.44000
-0.02001399844,2.56000,2.44000
-0.02001200000,2.60000,2.44000
-0.02001000000,2.60000,2.44000
-0.02000800000,2.56000,2.44000
-0.02000599844,2.48000,2.32000
-0.02000400000,2.56000,2.44000
-0.02000200000,2.60000,2.44000
-0.02000000000,2.56000,2.44000
-0.01999799844,2.52000,2.44000
-0.01999600000,2.56000,2.44000
-0.01999400000,2.60000,2.44000
-0.01999200000,2.56000,2.44000
-0.01999000156,2.40000,2.28000
-0.01998800000,2.56000,2.44000
-0.01998600000,2.60000,2.44000
-0.01998400000,2.56000,2.44000
-0.01998200156,2.56000,2.44000
-0.01998000000,2.56000,2.44000
-0.01997800000,2.68000,2.52000
-0.01997600000,2.60000,2.44000
-0.01997400000,2.60000,2.44000
-0.01997200000,2.56000,2.40000
-0.01997000000,2.56000,2.44000
-0.01996800000,2.56000,2.44000
-0.01996600000,2.56000,2.44000
-0.01996400000,2.52000,2.44000
-0.01996200000,2.60000,2.44000
-0.01996000000,2.56000,2.44000
-0.01995800000,2.60000,2.44000
-0.01995600000,2.48000,2.32000
-0.01995400000,2.60000,2.44000
-0.01995199844,2.56000,2.44000
-0.01995000000,2.60000,2.44000
-0.01994800000,2.56000,2.44000
-0.01994600000,2.56000,2.44000
-0.01994399844,2.56000,2.44000
-0.01994200000,2.56000,2.44000
-0.01994000000,2.56000,2.44000
-0.01993800000,2.56000,2.44000
-0.01993599844,2.56000,2.44000
-0.01993400000,2.56000,2.44000
-0.01993200000,2.56000,2.40000
-0.01993000000,2.56000,2.44000
-0.01992800156,2.56000,2.44000
-0.01992600000,2.52000,2.40000
-0.01992400000,2.56000,2.44000
-0.01992200000,2.40000,2.20000
-0.01992000156,2.60000,2.48000
-0.01991800000,2.56000,2.44000
-0.01991600000,2.56000,2.44000
-0.01991400000,2.56000,2.44000
-0.01991200000,2.56000,2.44000
-0.01991000000,2.56000,2.40000
-0.01990800000,2.56000,2.44000
-0.01990600000,2.56000,2.44000
-0.01990400000,2.56000,2.44000
-0.01990200000,2.60000,2.44000
-0.01990000000,2.60000,2.44000
-0.01989800000,2.60000,2.48000
-0.01989600000,2.60000,2.48000
-0.01989400000,2.56000,2.44000
-0.01989200000,2.56000,2.44000
-0.01988999844,2.56000,2.44000
-0.01988800000,2.76000,2.64000
-0.01988600000,2.52000,2.40000
-0.01988400000,2.56000,2.44000
-0.01988199844,2.56000,2.44000
-0.01988000000,2.64000,2.44000
-0.01987800000,2.56000,2.44000
-0.01987600000,2.56000,2.44000
-0.01987399844,2.60000,2.44000
-0.01987200000,2.56000,2.44000
-0.01987000000,2.56000,2.40000
-0.01986800000,2.56000,2.48000
-0.01986600156,2.60000,2.44000
-0.01986400000,2.56000,2.44000
-0.01986200000,2.64000,2.48000
-0.01986000000,2.60000,2.48000
-0.01985800156,2.56000,2.44000
-0.01985600000,2.56000,2.44000
-0.01985400000,2.72000,2.56000
-0.01985200000,2.56000,2.44000
-0.01985000000,2.56000,2.44000
-0.01984800000,2.60000,2.44000
-0.01984600000,2.56000,2.44000
-0.01984400000,2.56000,2.44000
-0.01984200000,2.56000,2.44000
-0.01984000000,2.56000,2.44000
-0.01983800000,2.56000,2.44000
-0.01983600000,2.56000,2.44000
-0.01983400000,2.60000,2.44000
-0.01983200000,2.56000,2.44000
-0.01983000000,2.56000,2.44000
-0.01982799844,2.64000,2.48000
-0.01982600000,2.56000,2.44000
-0.01982400000,2.56000,2.44000
-0.01982200000,2.56000,2.44000
-0.01981999844,2.72000,2.72000
-0.01981800000,2.56000,2.44000
-0.01981600000,2.60000,2.44000
-0.01981400000,2.56000,2.44000
-0.01981199844,2.56000,2.44000
-0.01981000000,2.56000,2.44000
-0.01980800000,2.60000,2.44000
-0.01980600000,2.60000,2.48000
-0.01980400156,2.56000,2.44000
-0.01980200000,2.64000,2.52000
-0.01980000000,2.56000,2.44000
-0.01979800000,2.56000,2.44000
-0.01979600156,2.60000,2.44000
-0.01979400000,2.56000,2.44000
-0.01979200000,2.64000,2.48000
-0.01979000000,2.56000,2.44000
-0.01978800000,2.56000,2.44000
-0.01978600000,2.60000,2.36000
-0.01978400000,2.56000,2.44000
-0.01978200000,2.60000,2.48000
-0.01978000000,2.56000,2.44000
-0.01977800000,2.56000,2.44000
-0.01977600000,2.56000,2.44000
-0.01977400000,2.52000,2.44000
-0.01977200000,2.60000,2.44000
-0.01977000000,2.60000,2.44000
-0.01976800000,2.56000,2.40000
-0.01976599844,2.56000,2.44000
-0.01976400000,2.56000,2.44000
-0.01976200000,2.56000,2.44000
-0.01976000000,2.60000,2.44000
-0.01975799844,2.60000,2.44000
-0.01975600000,2.60000,2.44000
-0.01975400000,2.56000,2.44000
-0.01975200000,2.52000,2.40000
-0.01974999844,2.56000,2.44000
-0.01974800000,2.56000,2.44000
-0.01974600000,2.60000,2.48000
-0.01974400000,2.60000,2.44000
-0.01974200156,2.60000,2.44000
-0.01974000000,2.56000,2.48000
-0.01973800000,2.56000,2.40000
-0.01973600000,2.60000,2.44000
-0.01973400156,2.56000,2.44000
-0.01973200000,2.56000,2.44000
-0.01973000000,2.56000,2.44000
-0.01972800000,2.60000,2.44000
-0.01972600000,2.64000,2.48000
-0.01972400000,2.56000,2.44000
-0.01972200000,2.60000,2.48000
-0.01972000000,2.60000,2.48000
-0.01971800000,2.32000,2.20000
-0.01971600000,2.56000,2.44000
-0.01971400000,2.56000,2.44000
-0.01971200000,2.60000,2.48000
-0.01971000000,2.56000,2.44000
-0.01970800000,2.56000,2.44000
-0.01970600000,2.56000,2.44000
-0.01970399844,2.56000,2.44000
-0.01970200000,2.56000,2.44000
-0.01970000000,2.56000,2.44000
-0.01969800000,2.56000,2.44000
-0.01969599844,2.56000,2.44000
-0.01969400000,2.56000,2.44000
-0.01969200000,2.56000,2.44000
-0.01969000000,2.60000,2.44000
-0.01968799844,2.56000,2.44000
-0.01968600000,2.56000,2.44000
-0.01968400000,2.56000,2.44000
-0.01968200000,2.56000,2.44000
-0.01968000156,2.56000,2.44000
-0.01967800000,2.56000,2.44000
-0.01967600000,2.60000,2.44000
-0.01967400000,2.60000,2.44000
-0.01967200000,2.56000,2.44000
-0.01967000000,2.56000,2.44000
-0.01966800000,2.56000,2.44000
-0.01966600000,2.60000,2.48000
-0.01966400000,2.60000,2.44000
-0.01966200000,2.56000,2.44000
-0.01966000000,2.56000,2.44000
-0.01965800000,2.84000,2.72000
-0.01965600000,2.56000,2.44000
-0.01965400000,2.56000,2.44000
-0.01965200000,2.56000,2.44000
-0.01964999844,2.56000,2.44000
-0.01964800000,2.60000,2.48000
-0.01964600000,2.60000,2.44000
-0.01964400000,2.56000,2.44000
-0.01964199844,2.56000,2.44000
-0.01964000000,2.56000,2.44000
-0.01963800000,2.56000,2.44000
-0.01963600000,2.56000,2.44000
-0.01963399844,2.56000,2.44000
-0.01963200000,2.64000,2.48000
-0.01963000000,2.56000,2.44000
-0.01962800000,2.64000,2.52000
-0.01962599844,2.56000,2.44000
-0.01962400000,2.80000,2.64000
-0.01962200000,2.56000,2.44000
-0.01962000000,2.60000,2.48000
-0.01961800156,2.60000,2.44000
-0.01961600000,2.56000,2.44000
-0.01961400000,2.56000,2.44000
-0.01961200000,2.56000,2.44000
-0.01961000000,2.56000,2.44000
-0.01960800000,2.60000,2.44000
-0.01960600000,2.52000,2.40000
-0.01960400000,2.56000,2.44000
-0.01960200000,2.56000,2.44000
-0.01960000000,2.56000,2.44000
-0.01959800000,2.76000,2.64000
-0.01959600000,2.56000,2.44000
-0.01959400000,2.56000,2.44000
-0.01959200000,2.56000,2.44000
-0.01959000000,2.56000,2.36000
-0.01958799844,2.56000,2.44000
-0.01958600000,2.60000,2.44000
-0.01958400000,2.56000,2.44000
-0.01958200000,2.56000,2.44000
-0.01957999844,2.56000,2.44000
-0.01957800000,2.56000,2.44000
-0.01957600000,2.56000,2.44000
-0.01957400000,2.56000,2.44000
-0.01957199844,2.56000,2.44000
-0.01957000000,2.56000,2.44000
-0.01956800000,2.56000,2.44000
-0.01956600000,2.56000,2.44000
-0.01956399844,2.32000,2.20000
-0.01956200000,2.56000,2.44000
-0.01956000000,2.56000,2.44000
-0.01955800000,2.56000,2.44000
-0.01955600156,2.56000,2.44000
-0.01955400000,2.56000,2.44000
-0.01955200000,2.60000,2.44000
-0.01955000000,2.56000,2.44000
-0.01954800000,2.56000,2.44000
-0.01954600000,2.52000,2.40000
-0.01954400000,2.56000,2.44000
-0.01954200000,2.64000,2.48000
-0.01954000000,2.56000,2.44000
-0.01953800000,2.44000,2.40000
-0.01953600000,2.60000,2.44000
-0.01953400000,2.56000,2.44000
-0.01953200000,2.56000,2.44000
-0.01953000000,2.56000,2.44000
-0.01952800000,2.56000,2.44000
-0.01952599844,2.56000,2.44000
-0.01952400000,2.56000,2.44000
-0.01952200000,2.60000,2.48000
-0.01952000000,2.56000,2.44000
-0.01951799844,2.60000,2.44000
-0.01951600000,2.60000,2.44000
-0.01951400000,2.60000,2.44000
-0.01951200000,2.56000,2.48000
-0.01950999844,2.56000,2.44000
-0.01950800000,2.56000,2.44000
-0.01950600000,2.56000,2.44000
-0.01950400000,2.52000,2.36000
-0.01950199844,2.56000,2.44000
-0.01950000000,2.56000,2.44000
-0.01949800000,2.56000,2.44000
-0.01949600000,2.56000,2.44000
-0.01949400156,2.56000,2.48000
-0.01949200000,2.56000,2.44000
-0.01949000000,2.56000,2.44000
-0.01948800000,2.60000,2.44000
-0.01948600000,2.56000,2.44000
-0.01948400000,2.60000,2.44000
-0.01948200000,2.56000,2.44000
-0.01948000000,2.52000,2.36000
-0.01947800000,2.52000,2.40000
-0.01947600000,2.60000,2.48000
-0.01947400000,2.56000,2.44000
-0.01947200000,2.56000,2.44000
-0.01947000000,2.56000,2.44000
-0.01946800000,2.60000,2.44000
-0.01946600000,2.56000,2.44000
-0.01946399844,2.56000,2.44000
-0.01946200000,2.56000,2.44000
-0.01946000000,2.56000,2.44000
-0.01945800000,2.60000,2.48000
-0.01945599844,2.56000,2.40000
-0.01945400000,2.60000,2.44000
-0.01945200000,2.72000,2.56000
-0.01945000000,2.60000,2.48000
-0.01944799844,2.60000,2.44000
-0.01944600000,2.56000,2.44000
-0.01944400000,2.56000,2.44000
-0.01944200000,2.56000,2.44000
-0.01944000156,2.56000,2.44000
-0.01943800000,2.56000,2.44000
-0.01943600000,2.60000,2.44000
-0.01943400000,2.56000,2.40000
-0.01943200156,2.56000,2.44000
-0.01943000000,2.60000,2.44000
-0.01942800000,2.56000,2.44000
-0.01942600000,2.52000,2.36000
-0.01942400000,2.56000,2.44000
-0.01942200000,2.60000,2.44000
-0.01942000000,2.56000,2.44000
-0.01941800000,2.56000,2.44000
-0.01941600000,2.60000,2.44000
-0.01941400000,2.60000,2.48000
-0.01941200000,2.56000,2.44000
-0.01941000000,2.60000,2.44000
-0.01940800000,2.60000,2.44000
-0.01940600000,2.60000,2.44000
-0.01940400000,2.56000,2.44000
-0.01940199844,2.56000,2.44000
-0.01940000000,2.52000,2.40000
-0.01939800000,2.56000,2.44000
-0.01939600000,2.60000,2.44000
-0.01939399844,2.56000,2.44000
-0.01939200000,2.68000,2.44000
-0.01939000000,2.56000,2.44000
-0.01938800000,2.60000,2.48000
-0.01938599844,2.56000,2.44000
-0.01938400000,2.56000,2.44000
-0.01938200000,2.56000,2.44000
-0.01938000000,2.56000,2.44000
-0.01937800156,2.56000,2.44000
-0.01937600000,2.56000,2.44000
-0.01937400000,2.56000,2.44000
-0.01937200000,2.56000,2.44000
-0.01937000156,2.60000,2.44000
-0.01936800000,2.56000,2.48000
-0.01936600000,2.52000,2.40000
-0.01936400000,2.56000,2.44000
-0.01936200000,2.56000,2.44000
-0.01936000000,2.60000,2.44000
-0.01935800000,2.56000,2.44000
-0.01935600000,2.56000,2.44000
-0.01935400000,2.60000,2.44000
-0.01935200000,2.60000,2.44000
-0.01935000000,2.56000,2.44000
-0.01934800000,2.52000,2.40000
-0.01934600000,2.60000,2.48000
-0.01934400000,2.60000,2.44000
-0.01934200000,2.56000,2.44000
-0.01933999844,2.80000,2.68000
-0.01933800000,2.56000,2.44000
-0.01933600000,2.56000,2.44000
-0.01933400000,2.56000,2.44000
-0.01933199844,2.56000,2.44000
-0.01933000000,2.56000,2.44000
-0.01932800000,2.56000,2.44000
-0.01932600000,2.56000,2.44000
-0.01932399844,2.60000,2.44000
-0.01932200000,2.56000,2.44000
-0.01932000000,2.56000,2.44000
-0.01931800000,2.56000,2.44000
-0.01931600156,2.56000,2.44000
-0.01931400000,2.72000,2.68000
-0.01931200000,2.56000,2.44000
-0.01931000000,2.60000,2.44000
-0.01930800156,2.56000,2.48000
-0.01930600000,2.60000,2.44000
-0.01930400000,2.56000,2.44000
-0.01930200000,2.52000,2.36000
-0.01930000000,2.56000,2.48000
-0.01929800000,2.56000,2.44000
-0.01929600000,2.60000,2.48000
-0.01929400000,2.56000,2.44000
-0.01929200000,2.56000,2.44000
-0.01929000000,2.56000,2.44000
-0.01928800000,2.48000,2.32000
-0.01928600000,2.56000,2.44000
-0.01928400000,2.56000,2.44000
-0.01928200000,2.56000,2.44000
-0.01928000000,2.56000,2.44000
-0.01927799844,2.56000,2.40000
-0.01927600000,2.56000,2.44000
-0.01927400000,2.60000,2.44000
-0.01927200000,2.60000,2.44000
-0.01926999844,2.60000,2.48000
-0.01926800000,2.60000,2.44000
-0.01926600000,2.60000,2.44000
-0.01926400000,2.56000,2.44000
-0.01926199844,2.48000,2.36000
-0.01926000000,2.56000,2.44000
-0.01925800000,2.56000,2.44000
-0.01925600000,2.56000,2.44000
-0.01925400156,2.56000,2.44000
-0.01925200000,2.56000,2.44000
-0.01925000000,2.56000,2.44000
-0.01924800000,2.56000,2.44000
-0.01924600156,2.56000,2.44000
-0.01924400000,2.60000,2.48000
-0.01924200000,2.56000,2.44000
-0.01924000000,2.56000,2.44000
-0.01923800000,2.56000,2.44000
-0.01923600000,2.48000,2.32000
-0.01923400000,2.56000,2.44000
-0.01923200000,2.56000,2.44000
-0.01923000000,2.56000,2.44000
-0.01922800000,2.56000,2.44000
-0.01922600000,2.56000,2.44000
-0.01922400000,2.56000,2.44000
-0.01922200000,2.60000,2.44000
-0.01922000000,2.56000,2.44000
-0.01921800000,2.60000,2.48000
-0.01921599844,2.60000,2.44000
-0.01921400000,2.56000,2.44000
-0.01921200000,2.56000,2.44000
-0.01921000000,2.48000,2.36000
-0.01920799844,2.60000,2.48000
-0.01920600000,2.56000,2.44000
-0.01920400000,2.56000,2.44000
-0.01920200000,2.56000,2.44000
-0.01919999844,2.60000,2.44000
-0.01919800000,2.56000,2.44000
-0.01919600000,2.56000,2.44000
-0.01919400000,2.60000,2.48000
-0.01919200156,2.60000,2.44000
-0.01919000000,2.56000,2.44000
-0.01918800000,2.56000,2.44000
-0.01918600000,2.56000,2.44000
-0.01918400156,2.60000,2.36000
-0.01918200000,2.56000,2.44000
-0.01918000000,2.56000,2.48000
-0.01917800000,2.52000,2.40000
-0.01917600000,2.60000,2.44000
-0.01917400000,2.56000,2.44000
-0.01917200000,2.56000,2.44000
-0.01917000000,2.56000,2.44000
-0.01916800000,2.56000,2.44000
-0.01916600000,2.52000,2.36000
-0.01916400000,2.60000,2.44000
-0.01916200000,2.56000,2.44000
-0.01916000000,2.56000,2.44000
-0.01915800000,2.48000,2.44000
-0.01915600000,2.56000,2.44000
-0.01915399844,2.56000,2.44000
-0.01915200000,2.56000,2.44000
-0.01915000000,2.56000,2.44000
-0.01914800000,2.56000,2.44000
-0.01914599844,2.56000,2.44000
-0.01914400000,2.56000,2.44000
-0.01914200000,2.56000,2.44000
-0.01914000000,2.56000,2.44000
-0.01913799844,2.60000,2.44000
-0.01913600000,2.56000,2.44000
-0.01913400000,2.64000,2.48000
-0.01913200000,2.72000,2.64000
-0.01913000156,2.60000,2.44000
-0.01912800000,2.56000,2.44000
-0.01912600000,2.56000,2.44000
-0.01912400000,2.56000,2.44000
-0.01912200156,2.60000,2.48000
-0.01912000000,2.56000,2.44000
-0.01911800000,2.56000,2.44000
-0.01911600000,2.56000,2.44000
-0.01911400000,2.60000,2.48000
-0.01911200000,2.56000,2.44000
-0.01911000000,2.56000,2.44000
-0.01910800000,2.56000,2.44000
-0.01910600000,2.60000,2.44000
-0.01910400000,2.56000,2.44000
-0.01910200000,2.56000,2.44000
-0.01910000000,2.60000,2.44000
-0.01909800000,2.56000,2.44000
-0.01909600000,2.60000,2.48000
-0.01909400000,2.60000,2.48000
-0.01909199844,2.56000,2.44000
-0.01909000000,2.60000,2.44000
-0.01908800000,2.60000,2.48000
-0.01908600000,2.56000,2.44000
-0.01908399844,2.56000,2.48000
-0.01908200000,2.56000,2.44000
-0.01908000000,2.72000,2.64000
-0.01907800000,2.56000,2.44000
-0.01907599844,2.60000,2.44000
-0.01907400000,2.56000,2.44000
-0.01907200000,2.60000,2.44000
-0.01907000000,2.56000,2.44000
-0.01906800156,2.60000,2.44000
-0.01906600000,2.56000,2.44000
-0.01906400000,2.56000,2.44000
-0.01906200000,2.68000,2.52000
-0.01906000000,2.56000,2.44000
-0.01905800000,2.56000,2.44000
-0.01905600000,2.56000,2.44000
-0.01905400000,2.60000,2.44000
-0.01905200000,2.56000,2.44000
-0.01905000000,2.56000,2.44000
-0.01904800000,2.60000,2.44000
-0.01904600000,2.56000,2.40000
-0.01904400000,2.56000,2.44000
-0.01904200000,2.56000,2.44000
-0.01904000000,2.56000,2.44000
-0.01903799844,2.56000,2.44000
-0.01903600000,2.52000,2.40000
-0.01903400000,2.60000,2.44000
-0.01903200000,2.60000,2.44000
-0.01902999844,2.60000,2.44000
-0.01902800000,2.60000,2.44000
-0.01902600000,2.56000,2.44000
-0.01902400000,2.56000,2.44000
-0.01902199844,2.60000,2.44000
-0.01902000000,2.56000,2.44000
-0.01901800000,2.56000,2.44000
-0.01901600000,2.60000,2.44000
-0.01901399844,2.56000,2.44000
-0.01901200000,2.56000,2.44000
-0.01901000000,2.64000,2.60000
-0.01900800000,2.56000,2.44000
-0.01900600156,2.56000,2.44000
-0.01900400000,2.56000,2.44000
-0.01900200000,2.52000,2.40000
-0.01900000000,2.52000,2.44000
-0.01899800000,2.56000,2.44000
-0.01899600000,2.56000,2.44000
-0.01899400000,2.56000,2.44000
-0.01899200000,2.56000,2.44000
-0.01899000000,2.56000,2.44000
-0.01898800000,2.56000,2.44000
-0.01898600000,2.56000,2.44000
-0.01898400000,2.84000,2.72000
-0.01898200000,2.56000,2.44000
-0.01898000000,2.56000,2.44000
-0.01897800000,2.56000,2.44000
-0.01897599844,2.56000,2.44000
-0.01897400000,2.60000,2.48000
-0.01897200000,2.56000,2.44000
-0.01897000000,2.60000,2.48000
-0.01896799844,2.56000,2.44000
-0.01896600000,2.48000,2.36000
-0.01896400000,2.56000,2.44000
-0.01896200000,2.60000,2.44000
-0.01895999844,2.56000,2.44000
-0.01895800000,2.56000,2.44000
-0.01895600000,2.60000,2.44000
-0.01895400000,2.56000,2.44000
-0.01895199844,2.56000,2.44000
-0.01895000000,2.60000,2.48000
-0.01894800000,2.60000,2.44000
-0.01894600000,2.60000,2.44000
-0.01894400156,2.56000,2.44000
-0.01894200000,2.56000,2.44000
-0.01894000000,2.28000,2.20000
-0.01893800000,2.56000,2.44000
-0.01893600000,2.56000,2.44000
-0.01893400000,2.56000,2.44000
-0.01893200000,2.56000,2.44000
-0.01893000000,2.56000,2.44000
-0.01892800000,2.56000,2.44000
-0.01892600000,2.56000,2.44000
-0.01892400000,2.56000,2.44000
-0.01892200000,2.56000,2.48000
-0.01892000000,2.56000,2.44000
-0.01891800000,2.64000,2.48000
-0.01891600000,2.60000,2.44000
-0.01891399844,2.76000,2.60000
-0.01891200000,2.56000,2.44000
-0.01891000000,2.56000,2.44000
-0.01890800000,2.56000,2.44000
-0.01890599844,2.56000,2.44000
-0.01890400000,2.56000,2.44000
-0.01890200000,2.56000,2.44000
-0.01890000000,2.56000,2.44000
-0.01889799844,2.56000,2.44000
-0.01889600000,2.56000,2.44000
-0.01889400000,2.56000,2.40000
-0.01889200000,2.60000,2.48000
-0.01889000156,2.60000,2.44000
-0.01888800000,2.56000,2.44000
-0.01888600000,2.56000,2.44000
-0.01888400000,2.56000,2.44000
-0.01888200156,2.56000,2.44000
-0.01888000000,2.56000,2.44000
-0.01887800000,2.56000,2.44000
-0.01887600000,2.56000,2.44000
-0.01887400000,2.56000,2.44000
-0.01887200000,2.56000,2.44000
-0.01887000000,2.48000,2.32000
-0.01886800000,2.56000,2.44000
-0.01886600000,2.56000,2.44000
-0.01886400000,2.56000,2.44000
-0.01886200000,2.60000,2.44000
-0.01886000000,2.60000,2.44000
-0.01885800000,2.56000,2.44000
-0.01885600000,2.60000,2.40000
-0.01885400000,2.56000,2.44000
-0.01885199844,2.56000,2.40000
-0.01885000000,2.60000,2.48000
-0.01884800000,2.52000,2.36000
-0.01884600000,2.56000,2.44000
-0.01884399844,2.56000,2.44000
-0.01884200000,2.56000,2.44000
-0.01884000000,2.56000,2.44000
-0.01883800000,2.56000,2.44000
-0.01883599844,2.56000,2.44000
-0.01883400000,2.60000,2.44000
-0.01883200000,2.56000,2.48000
-0.01883000000,2.60000,2.44000
-0.01882800156,2.56000,2.44000
-0.01882600000,2.28000,2.16000
-0.01882400000,2.56000,2.44000
-0.01882200000,2.56000,2.48000
-0.01882000156,2.60000,2.48000
-0.01881800000,2.60000,2.44000
-0.01881600000,2.60000,2.48000
-0.01881400000,2.56000,2.44000
-0.01881200000,2.60000,2.44000
-0.01881000000,2.56000,2.44000
-0.01880800000,2.56000,2.44000
-0.01880600000,2.56000,2.44000
-0.01880400000,2.60000,2.48000
-0.01880200000,2.56000,2.44000
-0.01880000000,2.56000,2.44000
-0.01879800000,2.60000,2.44000
-0.01879600000,2.56000,2.44000
-0.01879400000,2.56000,2.44000
-0.01879200000,2.56000,2.44000
-0.01878999844,2.56000,2.44000
-0.01878800000,2.60000,2.44000
-0.01878600000,2.60000,2.44000
-0.01878400000,2.56000,2.44000
-0.01878199844,2.72000,2.64000
-0.01878000000,2.56000,2.44000
-0.01877800000,2.60000,2.44000
-0.01877600000,2.64000,2.52000
-0.01877399844,2.56000,2.44000
-0.01877200000,2.56000,2.44000
-0.01877000000,2.56000,2.44000
-0.01876800000,2.56000,2.44000
-0.01876600156,2.52000,2.40000
-0.01876400000,2.60000,2.48000
-0.01876200000,2.60000,2.44000
-0.01876000000,2.56000,2.44000
-0.01875800156,2.56000,2.44000
-0.01875600000,2.56000,2.44000
-0.01875400000,2.60000,2.44000
-0.01875200000,2.56000,2.44000
-0.01875000000,2.60000,2.44000
-0.01874800000,2.60000,2.48000
-0.01874600000,2.60000,2.44000
-0.01874400000,2.56000,2.44000
-0.01874200000,2.56000,2.44000
-0.01874000000,2.56000,2.44000
-0.01873800000,2.32000,2.16000
-0.01873600000,2.64000,2.48000
-0.01873400000,2.56000,2.44000
-0.01873200000,2.56000,2.48000
-0.01873000000,2.52000,2.32000
-0.01872799844,2.56000,2.40000
-0.01872600000,2.60000,2.44000
-0.01872400000,2.60000,2.44000
-0.01872200000,2.56000,2.40000
-0.01871999844,2.48000,2.36000
-0.01871800000,2.56000,2.44000
-0.01871600000,2.56000,2.44000
-0.01871400000,2.56000,2.44000
-0.01871199844,2.60000,2.44000
-0.01871000000,2.56000,2.44000
-0.01870800000,2.56000,2.44000
-0.01870600000,2.56000,2.44000
-0.01870400156,2.56000,2.44000
-0.01870200000,2.52000,2.40000
-0.01870000000,2.56000,2.44000
-0.01869800000,2.60000,2.44000
-0.01869600156,2.56000,2.44000
-0.01869400000,2.52000,2.40000
-0.01869200000,2.60000,2.48000
-0.01869000000,2.60000,2.44000
-0.01868800000,2.60000,2.44000
-0.01868600000,2.56000,2.44000
-0.01868400000,2.56000,2.44000
-0.01868200000,2.56000,2.44000
-0.01868000000,2.56000,2.44000
-0.01867800000,2.68000,2.48000
-0.01867600000,2.52000,2.36000
-0.01867400000,2.56000,2.44000
-0.01867200000,2.60000,2.44000
-0.01867000000,2.56000,2.44000
-0.01866800000,2.56000,2.44000
-0.01866599844,2.56000,2.48000
-0.01866400000,2.56000,2.44000
-0.01866200000,2.56000,2.48000
-0.01866000000,2.56000,2.44000
-0.01865799844,2.60000,2.48000
-0.01865600000,2.60000,2.44000
-0.01865400000,2.60000,2.44000
-0.01865200000,2.56000,2.44000
-0.01864999844,2.80000,2.72000
-0.01864800000,2.56000,2.44000
-0.01864600000,2.60000,2.44000
-0.01864400000,2.56000,2.44000
-0.01864200156,2.56000,2.44000
-0.01864000000,2.60000,2.44000
-0.01863800000,2.56000,2.40000
-0.01863600000,2.60000,2.44000
-0.01863400156,2.56000,2.44000
-0.01863200000,2.72000,2.72000
-0.01863000000,2.60000,2.44000
-0.01862800000,2.60000,2.44000
-0.01862600000,2.64000,2.48000
-0.01862400000,2.60000,2.44000
-0.01862200000,2.52000,2.44000
-0.01862000000,2.56000,2.44000
-0.01861800000,2.60000,2.44000
-0.01861600000,2.56000,2.44000
-0.01861400000,2.56000,2.44000
-0.01861200000,2.60000,2.44000
-0.01861000000,2.56000,2.44000
-0.01860800000,2.60000,2.44000
-0.01860600000,2.56000,2.44000
-0.01860399844,2.60000,2.44000
-0.01860200000,2.56000,2.44000
-0.01860000000,2.56000,2.44000
-0.01859800000,2.56000,2.44000
-0.01859599844,2.56000,2.44000
-0.01859400000,2.56000,2.44000
-0.01859200000,2.60000,2.44000
-0.01859000000,2.56000,2.44000
-0.01858799844,2.32000,2.20000
-0.01858600000,2.60000,2.44000
-0.01858400000,2.56000,2.44000
-0.01858200000,2.60000,2.44000
-0.01858000156,2.52000,2.44000
-0.01857800000,2.60000,2.44000
-0.01857600000,2.56000,2.44000
-0.01857400000,2.56000,2.44000
-0.01857200156,2.60000,2.44000
-0.01857000000,2.76000,2.64000
-0.01856800000,2.52000,2.36000
-0.01856600000,2.56000,2.44000
-0.01856400000,2.60000,2.44000
-0.01856200000,2.56000,2.44000
-0.01856000000,2.52000,2.44000
-0.01855800000,2.56000,2.44000
-0.01855600000,2.60000,2.48000
-0.01855400000,2.56000,2.44000
-0.01855200000,2.60000,2.48000
-0.01855000000,2.56000,2.44000
-0.01854800000,2.56000,2.44000
-0.01854600000,2.56000,2.44000
-0.01854400000,2.56000,2.44000
-0.01854199844,2.56000,2.48000
-0.01854000000,2.56000,2.44000
-0.01853800000,2.56000,2.44000
-0.01853600000,2.56000,2.44000
-0.01853399844,2.60000,2.48000
-0.01853200000,2.56000,2.44000
-0.01853000000,2.56000,2.44000
-0.01852800000,2.56000,2.44000
-0.01852599844,2.44000,2.32000
-0.01852400000,2.56000,2.44000
-0.01852200000,2.64000,2.48000
-0.01852000000,2.56000,2.44000
-0.01851800156,2.56000,2.44000
-0.01851600000,2.60000,2.44000
-0.01851400000,2.56000,2.44000
-0.01851200000,2.56000,2.48000
-0.01851000000,2.64000,2.44000
-0.01850800000,2.48000,2.44000
-0.01850600000,2.56000,2.44000
-0.01850400000,2.56000,2.44000
-0.01850200000,2.56000,2.44000
-0.01850000000,2.56000,2.44000
-0.01849800000,2.56000,2.44000
-0.01849600000,2.56000,2.44000
-0.01849400000,2.52000,2.40000
-0.01849200000,2.52000,2.40000
-0.01849000000,2.56000,2.44000
-0.01848799844,2.60000,2.44000
-0.01848600000,2.56000,2.44000
-0.01848400000,2.56000,2.44000
-0.01848200000,2.56000,2.44000
-0.01847999844,2.56000,2.44000
-0.01847800000,2.56000,2.44000
-0.01847600000,2.56000,2.48000
-0.01847400000,2.60000,2.44000
-0.01847199844,2.52000,2.40000
-0.01847000000,2.56000,2.48000
-0.01846800000,2.56000,2.44000
-0.01846600000,2.56000,2.44000
-0.01846399844,2.56000,2.44000
-0.01846200000,2.56000,2.44000
-0.01846000000,2.56000,2.40000
-0.01845800000,2.56000,2.44000
-0.01845600156,2.56000,2.44000
-0.01845400000,2.60000,2.44000
-0.01845200000,2.56000,2.36000
-0.01845000000,2.56000,2.44000
-0.01844800000,2.60000,2.44000
-0.01844600000,2.52000,2.32000
-0.01844400000,2.56000,2.44000
-0.01844200000,2.56000,2.44000
-0.01844000000,2.56000,2.44000
-0.01843800000,2.60000,2.44000
-0.01843600000,2.64000,2.48000
-0.01843400000,2.56000,2.44000
-0.01843200000,2.60000,2.44000
-0.01843000000,2.60000,2.48000
-0.01842800000,2.44000,2.32000
-0.01842599844,2.56000,2.44000
-0.01842400000,2.56000,2.44000
-0.01842200000,2.60000,2.48000
-0.01842000000,2.56000,2.44000
-0.01841799844,2.56000,2.44000
-0.01841600000,2.60000,2.48000
-0.01841400000,2.60000,2.44000
-0.01841200000,2.52000,2.40000
-0.01840999844,2.60000,2.52000
-0.01840800000,2.56000,2.44000
-0.01840600000,2.60000,2.48000
-0.01840400000,2.56000,2.44000
-0.01840199844,2.60000,2.44000
-0.01840000000,2.60000,2.44000
-0.01839800000,2.56000,2.44000
-0.01839600000,2.56000,2.44000
-0.01839400156,2.60000,2.48000
-0.01839200000,2.64000,2.52000
-0.01839000000,2.56000,2.44000
-0.01838800000,2.56000,2.44000
-0.01838600000,2.56000,2.44000
-0.01838400000,2.60000,2.44000
-0.01838200000,2.56000,2.44000
-0.01838000000,2.56000,2.44000
-0.01837800000,2.56000,2.44000
-0.01837600000,2.56000,2.44000
-0.01837400000,2.60000,2.44000
-0.01837200000,2.60000,2.44000
-0.01837000000,2.60000,2.48000
-0.01836800000,2.56000,2.44000
-0.01836600000,2.56000,2.44000
-0.01836399844,2.52000,2.44000
-0.01836200000,2.56000,2.44000
-0.01836000000,2.56000,2.44000
-0.01835800000,2.60000,2.44000
-0.01835599844,2.56000,2.44000
-0.01835400000,2.56000,2.44000
-0.01835200000,2.60000,2.48000
-0.01835000000,2.56000,2.44000
-0.01834799844,2.60000,2.44000
-0.01834600000,2.56000,2.44000
-0.01834400000,2.56000,2.44000
-0.01834200000,2.64000,2.48000
-0.01834000156,2.60000,2.44000
-0.01833800000,2.52000,2.44000
-0.01833600000,2.60000,2.48000
-0.01833400000,2.56000,2.44000
-0.01833200156,2.52000,2.44000
-0.01833000000,2.44000,2.28000
-0.01832800000,2.60000,2.44000
-0.01832600000,2.56000,2.48000
-0.01832400000,2.56000,2.44000
-0.01832200000,2.60000,2.44000
-0.01832000000,2.56000,2.44000
-0.01831800000,2.60000,2.44000
-0.01831600000,2.60000,2.44000
-0.01831400000,2.56000,2.44000
-0.01831200000,2.40000,2.32000
-0.01831000000,2.56000,2.44000
-0.01830800000,2.60000,2.48000
-0.01830600000,2.56000,2.44000
-0.01830400000,2.56000,2.44000
-0.01830199844,2.52000,2.40000
-0.01830000000,2.56000,2.44000
-0.01829800000,2.56000,2.44000
-0.01829600000,2.64000,2.48000
-0.01829399844,2.52000,2.40000
-0.01829200000,2.60000,2.48000
-0.01829000000,2.56000,2.44000
-0.01828800000,2.56000,2.44000
-0.01828599844,2.56000,2.44000
-0.01828400000,2.60000,2.48000
-0.01828200000,2.60000,2.44000
-0.01828000000,2.56000,2.44000
-0.01827800156,2.60000,2.44000
-0.01827600000,2.72000,2.48000
-0.01827400000,2.56000,2.44000
-0.01827200000,2.56000,2.44000
-0.01827000156,2.56000,2.44000
-0.01826800000,2.60000,2.44000
-0.01826600000,2.60000,2.44000
-0.01826400000,2.56000,2.44000
-0.01826200000,2.56000,2.44000
-0.01826000000,2.56000,2.44000
-0.01825800000,2.76000,2.68000
-0.01825600000,2.60000,2.44000
-0.01825400000,2.56000,2.44000
-0.01825200000,2.56000,2.44000
-0.01825000000,2.56000,2.44000
-0.01824800000,2.56000,2.44000
-0.01824600000,2.60000,2.44000
-0.01824400000,2.56000,2.44000
-0.01824200000,2.56000,2.44000
-0.01823999844,2.52000,2.36000
-0.01823800000,2.52000,2.40000
-0.01823600000,2.64000,2.48000
-0.01823400000,2.56000,2.44000
-0.01823199844,2.56000,2.44000
-0.01823000000,2.64000,2.48000
-0.01822800000,2.60000,2.44000
-0.01822600000,2.48000,2.36000
-0.01822399844,2.56000,2.44000
-0.01822200000,2.64000,2.48000
-0.01822000000,2.56000,2.44000
-0.01821800000,2.56000,2.44000
-0.01821600156,2.56000,2.48000
-0.01821400000,2.56000,2.44000
-0.01821200000,2.52000,2.40000
-0.01821000000,2.64000,2.48000
-0.01820800156,2.56000,2.44000
-0.01820600000,2.56000,2.44000
-0.01820400000,2.60000,2.44000
-0.01820200000,2.56000,2.44000
-0.01820000000,2.60000,2.44000
-0.01819800000,2.56000,2.44000
-0.01819600000,2.56000,2.44000
-0.01819400000,2.56000,2.44000
-0.01819200000,2.56000,2.44000
-0.01819000000,2.56000,2.44000
-0.01818800000,2.60000,2.44000
-0.01818600000,2.48000,2.32000
-0.01818400000,2.60000,2.48000
-0.01818200000,2.60000,2.48000
-0.01818000000,2.56000,2.40000
-0.01817799844,2.56000,2.44000
-0.01817600000,2.60000,2.44000
-0.01817400000,2.60000,2.44000
-0.01817200000,2.56000,2.44000
-0.01816999844,2.60000,2.44000
-0.01816800000,2.60000,2.44000
-0.01816600000,2.60000,2.48000
-0.01816400000,2.56000,2.40000
-0.01816199844,2.60000,2.48000
-0.01816000000,2.56000,2.44000
-0.01815800000,2.60000,2.48000
-0.01815600000,2.60000,2.48000
-0.01815400156,2.64000,2.48000
-0.01815200000,2.52000,2.40000
-0.01815000000,2.64000,2.52000
-0.01814800000,2.56000,2.44000
-0.01814600156,2.56000,2.44000
-0.01814400000,2.56000,2.44000
-0.01814200000,2.56000,2.48000
-0.01814000000,2.60000,2.44000
-0.01813800000,2.56000,2.44000
-0.01813600000,2.48000,2.36000
-0.01813400000,2.56000,2.44000
-0.01813200000,2.56000,2.48000
-0.01813000000,2.56000,2.44000
-0.01812800000,2.60000,2.44000
-0.01812600000,2.56000,2.44000
-0.01812400000,2.56000,2.44000
-0.01812200000,2.56000,2.44000
-0.01812000000,2.60000,2.44000
-0.01811800000,2.56000,2.44000
-0.01811599844,2.60000,2.48000
-0.01811400000,2.52000,2.36000
-0.01811200000,2.56000,2.44000
-0.01811000000,2.52000,2.48000
-0.01810799844,2.56000,2.44000
-0.01810600000,2.60000,2.44000
-0.01810400000,2.56000,2.44000
-0.01810200000,2.56000,2.44000
-0.01809999844,2.56000,2.44000
-0.01809800000,2.56000,2.44000
-0.01809600000,2.60000,2.44000
-0.01809400000,2.60000,2.48000
-0.01809200156,2.60000,2.44000
-0.01809000000,2.56000,2.44000
-0.01808800000,2.60000,2.44000
-0.01808600000,2.56000,2.44000
-0.01808400156,2.52000,2.44000
-0.01808200000,2.56000,2.44000
-0.01808000000,2.56000,2.44000
-0.01807800000,2.56000,2.44000
-0.01807600000,2.56000,2.44000
-0.01807400000,2.56000,2.44000
-0.01807200000,2.60000,2.44000
-0.01807000000,2.56000,2.44000
-0.01806800000,2.60000,2.44000
-0.01806600000,2.56000,2.44000
-0.01806400000,2.56000,2.44000
-0.01806200000,2.56000,2.44000
-0.01806000000,2.52000,2.40000
-0.01805800000,2.52000,2.40000
-0.01805600000,2.56000,2.44000
-0.01805399844,2.56000,2.44000
-0.01805200000,2.64000,2.44000
-0.01805000000,2.56000,2.44000
-0.01804800000,2.56000,2.44000
-0.01804599844,2.56000,2.44000
-0.01804400000,2.56000,2.44000
-0.01804200000,2.72000,2.64000
-0.01804000000,2.56000,2.44000
-0.01803799844,2.56000,2.44000
-0.01803600000,2.56000,2.44000
-0.01803400000,2.56000,2.44000
-0.01803200000,2.60000,2.48000
-0.01803000156,2.56000,2.44000
-0.01802800000,2.60000,2.44000
-0.01802600000,2.60000,2.44000
-0.01802400000,2.72000,2.60000
-0.01802200156,2.56000,2.44000
-0.01802000000,2.56000,2.44000
-0.01801800000,2.56000,2.44000
-0.01801600000,2.56000,2.44000
-0.01801400000,2.52000,2.44000
-0.01801200000,2.60000,2.48000
-0.01801000000,2.56000,2.44000
-0.01800800000,2.52000,2.44000
-0.01800600000,2.52000,2.40000
-0.01800400000,2.60000,2.44000
-0.01800200000,2.56000,2.44000
-0.01800000000,2.64000,2.48000
-0.01799800000,2.56000,2.44000
-0.01799600000,2.56000,2.40000
-0.01799400000,2.56000,2.44000
-0.01799199844,2.56000,2.44000
-0.01799000000,2.60000,2.48000
-0.01798800000,2.36000,2.24000
-0.01798600000,2.56000,2.44000
-0.01798399844,2.56000,2.44000
-0.01798200000,2.52000,2.36000
-0.01798000000,2.60000,2.44000
-0.01797800000,2.56000,2.44000
-0.01797599844,2.56000,2.44000
-0.01797400000,2.60000,2.44000
-0.01797200000,2.56000,2.44000
-0.01797000000,2.56000,2.36000
-0.01796800156,2.56000,2.44000
-0.01796600000,2.56000,2.44000
-0.01796400000,2.56000,2.48000
-0.01796200000,2.56000,2.44000
-0.01796000156,2.56000,2.44000
-0.01795800000,2.56000,2.44000
-0.01795600000,2.56000,2.48000
-0.01795400000,2.56000,2.40000
-0.01795200000,2.56000,2.44000
-0.01795000000,2.60000,2.44000
-0.01794800000,2.56000,2.44000
-0.01794600000,2.56000,2.44000
-0.01794400000,2.60000,2.48000
-0.01794200000,2.56000,2.48000
-0.01794000000,2.56000,2.44000
-0.01793799844,2.56000,2.44000
-0.01793600000,2.60000,2.44000
-0.01793400000,2.56000,2.44000
-0.01793200000,2.56000,2.44000
-0.01792999844,2.56000,2.44000
-0.01792800000,2.56000,2.44000
-0.01792600000,2.60000,2.48000
-0.01792400000,2.56000,2.44000
-0.01792199844,2.56000,2.48000
-0.01792000000,2.60000,2.44000
-0.01791800000,2.56000,2.44000
-0.01791600000,2.56000,2.44000
-0.01791399844,2.56000,2.40000
-0.01791200000,2.56000,2.44000
-0.01791000000,2.60000,2.48000
-0.01790800000,2.60000,2.44000
-0.01790600156,2.60000,2.48000
-0.01790400000,2.56000,2.44000
-0.01790200000,2.56000,2.40000
-0.01790000000,2.56000,2.44000
-0.01789800000,2.56000,2.44000
-0.01789600000,2.56000,2.44000
-0.01789400000,2.56000,2.44000
-0.01789200000,2.56000,2.44000
-0.01789000000,2.56000,2.44000
-0.01788800000,2.36000,2.16000
-0.01788600000,2.56000,2.44000
-0.01788400000,2.56000,2.40000
-0.01788200000,2.56000,2.44000
-0.01788000000,2.56000,2.44000
-0.01787800000,2.56000,2.44000
-0.01787599844,2.56000,2.44000
-0.01787400000,2.56000,2.44000
-0.01787200000,2.56000,2.44000
-0.01787000000,2.72000,2.60000
-0.01786799844,2.52000,2.40000
-0.01786600000,2.56000,2.44000
-0.01786400000,2.56000,2.44000
-0.01786200000,2.56000,2.44000
-0.01785999844,2.56000,2.44000
-0.01785800000,2.56000,2.44000
-0.01785600000,2.56000,2.44000
-0.01785400000,2.52000,2.44000
-0.01785199844,2.60000,2.44000
-0.01785000000,2.56000,2.44000
-0.01784800000,2.56000,2.44000
-0.01784600000,2.56000,2.44000
-0.01784400156,2.64000,2.48000
-0.01784200000,2.56000,2.44000
-0.01784000000,2.56000,2.44000
-0.01783800000,2.56000,2.48000
-0.01783600000,2.60000,2.44000
-0.01783400000,2.56000,2.44000
-0.01783200000,2.64000,2.44000
-0.01783000000,2.60000,2.44000
-0.01782800000,2.60000,2.48000
-0.01782600000,2.56000,2.44000
-0.01782400000,2.64000,2.48000
-0.01782200000,2.56000,2.44000
-0.01782000000,2.56000,2.44000
-0.01781800000,2.56000,2.44000
-0.01781600000,2.64000,2.48000
-0.01781399844,2.60000,2.44000
-0.01781200000,2.56000,2.44000
-0.01781000000,2.56000,2.44000
-0.01780800000,2.60000,2.48000
-0.01780599844,2.64000,2.48000
-0.01780400000,2.60000,2.44000
-0.01780200000,2.60000,2.44000
-0.01780000000,2.56000,2.44000
-0.01779799844,2.56000,2.44000
-0.01779600000,2.56000,2.44000
-0.01779400000,2.56000,2.44000
-0.01779200000,2.56000,2.44000
-0.01779000156,2.56000,2.44000
-0.01778800000,2.72000,2.52000
-0.01778600000,2.56000,2.44000
-0.01778400000,2.60000,2.44000
-0.01778200156,2.56000,2.44000
-0.01778000000,2.60000,2.44000
-0.01777800000,2.56000,2.44000
-0.01777600000,2.60000,2.44000
-0.01777400000,2.52000,2.36000
-0.01777200000,2.60000,2.44000
-0.01777000000,2.56000,2.44000
-0.01776800000,2.60000,2.48000
-0.01776600000,2.60000,2.44000
-0.01776400000,2.56000,2.44000
-0.01776200000,2.56000,2.44000
-0.01776000000,2.56000,2.44000
-0.01775800000,2.56000,2.44000
-0.01775600000,2.60000,2.44000
-0.01775400000,2.56000,2.44000
-0.01775199844,2.56000,2.44000
-0.01775000000,2.56000,2.44000
-0.01774800000,2.60000,2.48000
-0.01774600000,2.56000,2.44000
-0.01774399844,2.56000,2.44000
-0.01774200000,2.56000,2.48000
-0.01774000000,2.60000,2.44000
-0.01773800000,2.56000,2.44000
-0.01773599844,2.56000,2.44000
-0.01773400000,2.56000,2.44000
-0.01773200000,2.60000,2.44000
-0.01773000000,2.64000,2.48000
-0.01772800156,2.64000,2.44000
-0.01772600000,2.60000,2.44000
-0.01772400000,2.52000,2.40000
-0.01772200000,2.56000,2.44000
-0.01772000156,2.56000,2.44000
-0.01771800000,2.56000,2.44000
-0.01771600000,2.56000,2.44000
-0.01771400000,2.56000,2.44000
-0.01771200000,2.60000,2.48000
-0.01771000000,2.64000,2.44000
-0.01770800000,2.56000,2.44000
-0.01770600000,2.56000,2.44000
-0.01770400000,2.56000,2.44000
-0.01770200000,2.56000,2.44000
-0.01770000000,2.64000,2.48000
-0.01769800000,2.56000,2.44000
-0.01769600000,2.60000,2.44000
-0.01769400000,2.56000,2.44000
-0.01769200000,2.56000,2.44000
-0.01768999844,2.56000,2.44000
-0.01768800000,2.56000,2.48000
-0.01768600000,2.56000,2.44000
-0.01768400000,2.56000,2.44000
-0.01768199844,2.60000,2.44000
-0.01768000000,2.56000,2.44000
-0.01767800000,2.52000,2.40000
-0.01767600000,2.52000,2.36000
-0.01767399844,2.56000,2.48000
-0.01767200000,2.56000,2.44000
-0.01767000000,2.60000,2.44000
-0.01766800000,2.52000,2.40000
-0.01766600156,2.56000,2.44000
-0.01766400000,2.56000,2.44000
-0.01766200000,2.56000,2.44000
-0.01766000000,2.28000,2.20000
-0.01765800156,2.48000,2.32000
-0.01765600000,2.56000,2.44000
-0.01765400000,2.56000,2.44000
-0.01765200000,2.56000,2.44000
-0.01765000000,2.52000,2.40000
-0.01764800000,2.60000,2.48000
-0.01764600000,2.60000,2.48000
-0.01764400000,2.60000,2.44000
-0.01764200000,2.52000,2.40000
-0.01764000000,2.60000,2.44000
-0.01763800000,2.60000,2.44000
-0.01763600000,2.60000,2.44000
-0.01763400000,2.60000,2.48000
-0.01763200000,2.56000,2.48000
-0.01763000000,2.56000,2.44000
-0.01762799844,2.60000,2.44000
-0.01762600000,2.56000,2.44000
-0.01762400000,2.56000,2.44000
-0.01762200000,2.56000,2.44000
-0.01761999844,2.60000,2.48000
-0.01761800000,2.64000,2.48000
-0.01761600000,2.60000,2.44000
-0.01761400000,2.52000,2.36000
-0.01761199844,2.52000,2.44000
-0.01761000000,2.60000,2.44000
-0.01760800000,2.56000,2.44000
-0.01760600000,2.56000,2.44000
-0.01760400156,2.56000,2.44000
-0.01760200000,2.64000,2.48000
-0.01760000000,2.52000,2.36000
-0.01759800000,2.56000,2.44000
-0.01759600156,2.60000,2.48000
-0.01759400000,2.60000,2.44000
-0.01759200000,2.56000,2.44000
-0.01759000000,2.56000,2.44000
-0.01758800000,2.56000,2.44000
-0.01758600000,2.60000,2.44000
-0.01758400000,2.56000,2.44000
-0.01758200000,2.60000,2.44000
-0.01758000000,2.56000,2.44000
-0.01757800000,2.60000,2.44000
-0.01757600000,2.60000,2.48000
-0.01757400000,2.56000,2.44000
-0.01757200000,2.56000,2.44000
-0.01757000000,2.56000,2.44000
-0.01756800000,2.48000,2.40000
-0.01756599844,2.56000,2.44000
-0.01756400000,2.56000,2.44000
-0.01756200000,2.56000,2.44000
-0.01756000000,2.60000,2.48000
-0.01755799844,2.56000,2.40000
-0.01755600000,2.60000,2.44000
-0.01755400000,2.52000,2.44000
-0.01755200000,2.56000,2.44000
-0.01754999844,2.60000,2.48000
-0.01754800000,2.60000,2.44000
-0.01754600000,2.56000,2.44000
-0.01754400000,2.56000,2.44000
-0.01754200156,2.56000,2.44000
-0.01754000000,2.60000,2.48000
-0.01753800000,2.56000,2.44000
-0.01753600000,2.56000,2.44000
-0.01753400156,2.56000,2.44000
-0.01753200000,2.60000,2.44000
-0.01753000000,2.56000,2.44000
-0.01752800000,2.60000,2.44000
-0.01752600000,2.56000,2.44000
-0.01752400000,2.56000,2.44000
-0.01752200000,2.52000,2.32000
-0.01752000000,2.56000,2.44000
-0.01751800000,2.56000,2.44000
-0.01751600000,2.56000,2.44000
-0.01751400000,2.56000,2.44000
-0.01751200000,2.64000,2.48000
-0.01751000000,2.56000,2.44000
-0.01750800000,2.64000,2.48000
-0.01750600000,2.52000,2.36000
-0.01750399844,2.56000,2.44000
-0.01750200000,2.56000,2.44000
-0.01750000000,2.60000,2.44000
-0.01749800000,2.56000,2.44000
-0.01749599844,2.56000,2.44000
-0.01749400000,2.68000,2.48000
-0.01749200000,2.56000,2.44000
-0.01749000000,2.56000,2.44000
-0.01748799844,2.56000,2.44000
-0.01748600000,2.56000,2.44000
-0.01748400000,2.56000,2.40000
-0.01748200000,2.56000,2.48000
-0.01748000156,2.60000,2.44000
-0.01747800000,2.60000,2.44000
-0.01747600000,2.84000,2.76000
-0.01747400000,2.56000,2.48000
-0.01747200156,2.60000,2.48000
-0.01747000000,2.56000,2.44000
-0.01746800000,2.56000,2.44000
-0.01746600000,2.56000,2.44000
-0.01746400000,2.56000,2.44000
-0.01746200000,2.64000,2.48000
-0.01746000000,2.60000,2.44000
-0.01745800000,2.56000,2.44000
-0.01745600000,2.52000,2.40000
-0.01745400000,2.56000,2.44000
-0.01745200000,2.60000,2.44000
-0.01745000000,2.56000,2.44000
-0.01744800000,2.36000,2.20000
-0.01744600000,2.56000,2.44000
-0.01744400000,2.48000,2.44000
-0.01744199844,2.60000,2.44000
-0.01744000000,2.56000,2.44000
-0.01743800000,2.56000,2.48000
-0.01743600000,2.56000,2.44000
-0.01743399844,2.56000,2.40000
-0.01743200000,2.56000,2.44000
-0.01743000000,2.56000,2.44000
-0.01742800000,2.56000,2.44000
-0.01742599844,2.60000,2.44000
-0.01742400000,2.56000,2.44000
-0.01742200000,2.56000,2.44000
-0.01742000000,2.56000,2.44000
-0.01741800156,2.56000,2.44000
-0.01741600000,2.56000,2.44000
-0.01741400000,2.56000,2.44000
-0.01741200000,2.60000,2.48000
-0.01741000156,2.64000,2.48000
-0.01740800000,2.56000,2.44000
-0.01740600000,2.60000,2.44000
-0.01740400000,2.56000,2.44000
-0.01740200000,2.80000,2.64000
-0.01740000000,2.52000,2.40000
-0.01739800000,2.52000,2.36000
-0.01739600000,2.60000,2.48000
-0.01739400000,2.56000,2.44000
-0.01739200000,2.56000,2.44000
-0.01739000000,2.60000,2.44000
-0.01738800000,2.60000,2.44000
-0.01738600000,2.56000,2.44000
-0.01738400000,2.56000,2.44000
-0.01738200000,2.56000,2.44000
-0.01737999844,2.56000,2.44000
-0.01737800000,2.56000,2.44000
-0.01737600000,2.60000,2.44000
-0.01737400000,2.52000,2.44000
-0.01737199844,2.56000,2.44000
-0.01737000000,2.60000,2.44000
-0.01736800000,2.56000,2.44000
-0.01736600000,2.60000,2.44000
-0.01736399844,2.64000,2.48000
-0.01736200000,2.56000,2.44000
-0.01736000000,2.60000,2.44000
-0.01735800000,2.52000,2.36000
-0.01735600156,2.56000,2.44000
-0.01735400000,2.60000,2.44000
-0.01735200000,2.56000,2.44000
-0.01735000000,2.60000,2.48000
-0.01734800000,2.60000,2.44000
-0.01734600000,2.44000,2.28000
-0.01734400000,2.56000,2.44000
-0.01734200000,2.56000,2.48000
-0.01734000000,2.60000,2.44000
-0.01733800000,2.56000,2.44000
-0.01733600000,2.60000,2.44000
-0.01733400000,2.60000,2.44000
-0.01733200000,2.56000,2.44000
-0.01733000000,2.60000,2.44000
-0.01732800000,2.60000,2.44000
-0.01732599844,2.56000,2.44000
-0.01732400000,2.64000,2.44000
-0.01732200000,2.60000,2.44000
-0.01732000000,2.60000,2.48000
-0.01731799844,2.52000,2.36000
-0.01731600000,2.56000,2.44000
-0.01731400000,2.60000,2.44000
-0.01731200000,2.60000,2.44000
-0.01730999844,2.64000,2.48000
-0.01730800000,2.56000,2.44000
-0.01730600000,2.56000,2.44000
-0.01730400000,2.60000,2.44000
-0.01730199844,2.64000,2.44000
-0.01730000000,2.56000,2.44000
-0.01729800000,2.60000,2.44000
-0.01729600000,2.60000,2.44000
-0.01729400156,2.52000,2.40000
-0.01729200000,2.60000,2.48000
-0.01729000000,2.60000,2.44000
-0.01728800000,2.56000,2.44000
-0.01728600000,2.56000,2.44000
-0.01728400000,2.56000,2.44000
-0.01728200000,2.56000,2.44000
-0.01728000000,2.60000,2.48000
-0.01727800000,2.60000,2.44000
-0.01727600000,2.56000,2.44000
-0.01727400000,2.56000,2.44000
-0.01727200000,2.72000,2.68000
-0.01727000000,2.56000,2.44000
-0.01726800000,2.56000,2.44000
-0.01726600000,2.56000,2.44000
-0.01726399844,2.56000,2.44000
-0.01726200000,2.56000,2.40000
-0.01726000000,2.56000,2.44000
-0.01725800000,2.56000,2.44000
-0.01725599844,2.56000,2.44000
-0.01725400000,2.60000,2.44000
-0.01725200000,2.60000,2.44000
-0.01725000000,2.60000,2.44000
-0.01724799844,2.60000,2.44000
-0.01724600000,2.60000,2.48000
-0.01724400000,2.60000,2.32000
-0.01724200000,2.56000,2.44000
-0.01723999844,2.56000,2.44000
-0.01723800000,2.64000,2.44000
-0.01723600000,2.60000,2.44000
-0.01723400000,2.56000,2.44000
-0.01723200156,2.60000,2.44000
-0.01723000000,2.52000,2.44000
-0.01722800000,2.56000,2.44000
-0.01722600000,2.68000,2.48000
-0.01722400000,2.56000,2.48000
-0.01722200000,2.56000,2.48000
-0.01722000000,2.56000,2.44000
-0.01721800000,2.56000,2.44000
-0.01721600000,2.44000,2.20000
-0.01721400000,2.56000,2.44000
-0.01721200000,2.56000,2.44000
-0.01721000000,2.56000,2.44000
-0.01720800000,2.60000,2.44000
-0.01720600000,2.60000,2.44000
-0.01720400000,2.56000,2.44000
-0.01720199844,2.60000,2.44000
-0.01720000000,2.56000,2.44000
-0.01719800000,2.60000,2.44000
-0.01719600000,2.56000,2.44000
-0.01719399844,2.56000,2.44000
-0.01719200000,2.60000,2.48000
-0.01719000000,2.56000,2.44000
-0.01718800000,2.76000,2.60000
-0.01718599844,2.52000,2.44000
-0.01718400000,2.56000,2.44000
-0.01718200000,2.56000,2.44000
-0.01718000000,2.56000,2.44000
-0.01717800156,2.56000,2.44000
-0.01717600000,2.60000,2.48000
-0.01717400000,2.52000,2.36000
-0.01717200000,2.56000,2.44000
-0.01717000156,2.60000,2.48000
-0.01716800000,2.56000,2.44000
-0.01716600000,2.56000,2.44000
-0.01716400000,2.56000,2.44000
-0.01716200000,2.56000,2.44000
-0.01716000000,2.44000,2.32000
-0.01715800000,2.52000,2.44000
-0.01715600000,2.60000,2.44000
-0.01715400000,2.60000,2.48000
-0.01715200000,2.60000,2.44000
-0.01715000000,2.56000,2.44000
-0.01714800000,2.64000,2.48000
-0.01714600000,2.60000,2.44000
-0.01714400000,2.56000,2.44000
-0.01714200000,2.60000,2.44000
-0.01713999844,2.56000,2.44000
-0.01713800000,2.60000,2.48000
-0.01713600000,2.56000,2.44000
-0.01713400000,2.60000,2.48000
-0.01713199844,2.60000,2.44000
-0.01713000000,2.60000,2.48000
-0.01712800000,2.64000,2.48000
-0.01712600000,2.56000,2.44000
-0.01712399844,2.60000,2.44000
-0.01712200000,2.48000,2.32000
-0.01712000000,2.56000,2.44000
-0.01711800000,2.56000,2.44000
-0.01711600156,2.52000,2.48000
-0.01711400000,2.56000,2.44000
-0.01711200000,2.56000,2.44000
-0.01711000000,2.56000,2.44000
-0.01710800156,2.56000,2.44000
-0.01710600000,2.60000,2.44000
-0.01710400000,2.56000,2.44000
-0.01710200000,2.56000,2.44000
-0.01710000000,2.64000,2.48000
-0.01709800000,2.60000,2.44000
-0.01709600000,2.60000,2.44000
-0.01709400000,2.44000,2.32000
-0.01709200000,2.56000,2.44000
-0.01709000000,2.56000,2.44000
-0.01708800000,2.56000,2.44000
-0.01708600000,2.56000,2.44000
-0.01708400000,2.56000,2.44000
-0.01708200000,2.56000,2.44000
-0.01708000000,2.56000,2.44000
-0.01707799844,2.56000,2.44000
-0.01707600000,2.52000,2.40000
-0.01707400000,2.56000,2.44000
-0.01707200000,2.56000,2.44000
-0.01706999844,2.68000,2.52000
-0.01706800000,2.56000,2.44000
-0.01706600000,2.44000,2.32000
-0.01706400000,2.56000,2.40000
-0.01706199844,2.60000,2.48000
-0.01706000000,2.56000,2.44000
-0.01705800000,2.60000,2.44000
-0.01705600000,2.56000,2.48000
-0.01705400156,2.56000,2.40000
-0.01705200000,2.60000,2.44000
-0.01705000000,2.56000,2.44000
-0.01704800000,2.56000,2.48000
-0.01704600156,2.56000,2.44000
-0.01704400000,2.56000,2.44000
-0.01704200000,2.56000,2.44000
-0.01704000000,2.56000,2.44000
-0.01703800000,2.76000,2.72000
-0.01703600000,2.56000,2.44000
-0.01703400000,2.60000,2.48000
-0.01703200000,2.56000,2.44000
-0.01703000000,2.56000,2.44000
-0.01702800000,2.56000,2.44000
-0.01702600000,2.60000,2.44000
-0.01702400000,2.56000,2.44000
-0.01702200000,2.56000,2.44000
-0.01702000000,2.56000,2.44000
-0.01701800000,2.64000,2.48000
-0.01701599844,2.56000,2.44000
-0.01701400000,2.56000,2.44000
-0.01701200000,2.56000,2.44000
-0.01701000000,2.60000,2.44000
-0.01700799844,2.56000,2.44000
-0.01700600000,2.64000,2.44000
-0.01700400000,2.56000,2.44000
-0.01700200000,2.56000,2.44000
-0.01699999844,2.68000,2.48000
-0.01699800000,2.56000,2.48000
-0.01699600000,2.60000,2.48000
-0.01699400000,2.56000,2.44000
-0.01699200156,2.60000,2.44000
-0.01699000000,2.56000,2.44000
-0.01698800000,2.60000,2.44000
-0.01698600000,2.60000,2.44000
-0.01698400156,2.56000,2.44000
-0.01698200000,2.60000,2.44000
-0.01698000000,2.56000,2.44000
-0.01697800000,2.60000,2.44000
-0.01697600000,2.56000,2.48000
-0.01697400000,2.60000,2.44000
-0.01697200000,2.44000,2.32000
-0.01697000000,2.56000,2.44000
-0.01696800000,2.56000,2.44000
-0.01696600000,2.60000,2.44000
-0.01696400000,2.60000,2.44000
-0.01696200000,2.56000,2.44000
-0.01696000000,2.60000,2.48000
-0.01695800000,2.56000,2.44000
-0.01695600000,2.56000,2.44000
-0.01695399844,2.56000,2.44000
-0.01695200000,2.56000,2.44000
-0.01695000000,2.56000,2.44000
-0.01694800000,2.64000,2.52000
-0.01694599844,2.56000,2.44000
-0.01694400000,2.56000,2.44000
-0.01694200000,2.56000,2.44000
-0.01694000000,2.60000,2.44000
-0.01693799844,2.56000,2.44000
-0.01693600000,2.60000,2.44000
-0.01693400000,2.64000,2.56000
-0.01693200000,2.56000,2.44000
-0.01693000156,2.60000,2.44000
-0.01692800000,2.60000,2.44000
-0.01692600000,2.56000,2.44000
-0.01692400000,2.60000,2.48000
-0.01692200156,2.60000,2.44000
-0.01692000000,2.60000,2.44000
-0.01691800000,2.56000,2.44000
-0.01691600000,2.56000,2.44000
-0.01691400000,2.64000,2.48000
-0.01691200000,2.60000,2.44000
-0.01691000000,2.56000,2.44000
-0.01690800000,2.60000,2.48000
-0.01690600000,2.52000,2.32000
-0.01690400000,2.56000,2.44000
-0.01690200000,2.56000,2.48000
-0.01690000000,2.56000,2.44000
-0.01689800000,2.56000,2.44000
-0.01689600000,2.60000,2.40000
-0.01689400000,2.60000,2.44000
-0.01689199844,2.56000,2.44000
-0.01689000000,2.64000,2.52000
-0.01688800000,2.56000,2.44000
-0.01688600000,2.56000,2.44000
-0.01688399844,2.56000,2.44000
-0.01688200000,2.56000,2.44000
-0.01688000000,2.56000,2.44000
-0.01687800000,2.60000,2.48000
-0.01687599844,2.56000,2.44000
-0.01687400000,2.60000,2.44000
-0.01687200000,2.56000,2.44000
-0.01687000000,2.64000,2.48000
-0.01686800156,2.60000,2.56000
-0.01686600000,2.56000,2.40000
-0.01686400000,2.60000,2.44000
-0.01686200000,2.60000,2.48000
-0.01686000156,2.60000,2.44000
-0.01685800000,2.56000,2.44000
-0.01685600000,2.64000,2.48000
-0.01685400000,2.56000,2.44000
-0.01685200000,2.56000,2.44000
-0.01685000000,2.60000,2.48000
-0.01684800000,2.56000,2.44000
-0.01684600000,2.56000,2.44000
-0.01684400000,2.56000,2.44000
-0.01684200000,2.56000,2.44000
-0.01684000000,2.56000,2.44000
-0.01683800000,2.56000,2.44000
-0.01683600000,2.60000,2.44000
-0.01683400000,2.56000,2.44000
-0.01683200000,2.48000,2.44000
-0.01682999844,2.56000,2.44000
-0.01682800000,2.60000,2.44000
-0.01682600000,2.56000,2.44000
-0.01682400000,2.56000,2.44000
-0.01682199844,2.56000,2.44000
-0.01682000000,2.52000,2.44000
-0.01681800000,2.64000,2.48000
-0.01681600000,2.64000,2.44000
-0.01681399844,2.56000,2.44000
-0.01681200000,2.56000,2.44000
-0.01681000000,2.56000,2.44000
-0.01680800000,2.56000,2.44000
-0.01680600156,2.56000,2.44000
-0.01680400000,2.56000,2.44000
-0.01680200000,2.52000,2.40000
-0.01680000000,2.60000,2.48000
-0.01679800156,2.56000,2.44000
-0.01679600000,2.60000,2.44000
-0.01679400000,2.56000,2.44000
-0.01679200000,2.52000,2.40000
-0.01679000000,2.56000,2.44000
-0.01678800000,2.56000,2.44000
-0.01678600000,2.56000,2.36000
-0.01678400000,2.56000,2.44000
-0.01678200000,2.56000,2.40000
-0.01678000000,2.52000,2.36000
-0.01677800000,2.56000,2.44000
-0.01677599844,2.60000,2.48000
-0.01677400000,2.64000,2.48000
-0.01677200000,2.56000,2.44000
-0.01677000000,2.56000,2.44000
-0.01676799844,2.56000,2.44000
-0.01676600000,2.56000,2.44000
-0.01676400000,2.60000,2.48000
-0.01676200000,2.56000,2.44000
-0.01675999844,2.60000,2.44000
-0.01675800000,2.56000,2.44000
-0.01675600000,2.56000,2.44000
-0.01675400000,2.72000,2.60000
-0.01675199844,2.56000,2.44000
-0.01675000000,2.52000,2.40000
-0.01674800000,2.56000,2.40000
-0.01674600000,2.60000,2.44000
-0.01674400156,2.68000,2.52000
-0.01674200000,2.56000,2.44000
-0.01674000000,2.60000,2.48000
-0.01673800000,2.56000,2.44000
-0.01673600000,2.56000,2.44000
-0.01673400000,2.52000,2.44000
-0.01673200000,2.60000,2.44000
-0.01673000000,2.56000,2.44000
-0.01672800000,2.56000,2.44000
-0.01672600000,2.56000,2.44000
-0.01672400000,2.56000,2.44000
-0.01672200000,2.64000,2.52000
-0.01672000000,2.56000,2.44000
-0.01671800000,2.56000,2.44000
-0.01671600000,2.40000,2.36000
-0.01671399844,2.56000,2.44000
-0.01671200000,2.60000,2.48000
-0.01671000000,2.56000,2.44000
-0.01670800000,2.56000,2.44000
-0.01670599844,2.52000,2.36000
-0.01670400000,2.56000,2.44000
-0.01670200000,2.60000,2.44000
-0.01670000000,2.56000,2.48000
-0.01669799844,2.56000,2.44000
-0.01669600000,2.52000,2.40000
-0.01669400000,2.56000,2.44000
-0.01669200000,2.56000,2.44000
-0.01668999844,2.56000,2.44000
-0.01668800000,2.56000,2.44000
-0.01668600000,2.56000,2.44000
-0.01668400000,2.56000,2.44000
-0.01668200156,2.56000,2.44000
-0.01668000000,2.52000,2.40000
-0.01667800000,2.60000,2.44000
-0.01667600000,2.52000,2.44000
-0.01667400000,2.52000,2.44000
-0.01667200000,2.56000,2.48000
-0.01667000000,2.56000,2.40000
-0.01666800000,2.80000,2.72000
-0.01666600000,2.56000,2.44000
-0.01666400000,2.52000,2.36000
-0.01666200000,2.56000,2.44000
-0.01666000000,2.60000,2.48000
-0.01665800000,2.48000,2.36000
-0.01665600000,2.60000,2.44000
-0.01665400000,2.56000,2.44000
-0.01665199844,2.56000,2.44000
-0.01665000000,2.56000,2.44000
-0.01664800000,2.56000,2.44000
-0.01664600000,2.60000,2.44000
-0.01664399844,2.60000,2.44000
-0.01664200000,2.56000,2.44000
-0.01664000000,2.56000,2.44000
-0.01663800000,2.60000,2.48000
-0.01663599844,2.56000,2.44000
-0.01663400000,2.56000,2.44000
-0.01663200000,2.56000,2.44000
-0.01663000000,2.44000,2.28000
-0.01662800156,2.64000,2.48000
-0.01662600000,2.60000,2.44000
-0.01662400000,2.56000,2.44000
-0.01662200000,2.56000,2.44000
-0.01662000156,2.52000,2.40000
-0.01661800000,2.68000,2.48000
-0.01661600000,2.64000,2.48000
-0.01661400000,2.60000,2.44000
-0.01661200000,2.56000,2.48000
-0.01661000000,2.60000,2.48000
-0.01660800000,2.56000,2.44000
-0.01660600000,2.64000,2.48000
-0.01660400000,2.60000,2.44000
-0.01660200000,2.60000,2.44000
-0.01660000000,2.56000,2.44000
-0.01659800000,2.60000,2.44000
-0.01659600000,2.60000,2.44000
-0.01659400000,2.56000,2.44000
-0.01659200000,2.56000,2.44000
-0.01658999844,2.64000,2.48000
-0.01658800000,2.56000,2.44000
-0.01658600000,2.56000,2.44000
-0.01658400000,2.60000,2.48000
-0.01658199844,2.64000,2.40000
-0.01658000000,2.56000,2.44000
-0.01657800000,2.56000,2.44000
-0.01657600000,2.56000,2.44000
-0.01657399844,2.60000,2.44000
-0.01657200000,2.48000,2.32000
-0.01657000000,2.56000,2.44000
-0.01656800000,2.60000,2.48000
-0.01656600156,2.56000,2.40000
-0.01656400000,2.56000,2.44000
-0.01656200000,2.60000,2.48000
-0.01656000000,2.64000,2.48000
-0.01655800156,2.60000,2.44000
-0.01655600000,2.56000,2.44000
-0.01655400000,2.64000,2.48000
-0.01655200000,2.56000,2.44000
-0.01655000000,2.56000,2.44000
-0.01654800000,2.64000,2.52000
-0.01654600000,2.56000,2.44000
-0.01654400000,2.56000,2.44000
-0.01654200000,2.60000,2.44000
-0.01654000000,2.56000,2.44000
-0.01653800000,2.56000,2.44000
-0.01653600000,2.60000,2.44000
-0.01653400000,2.84000,2.76000
-0.01653200000,2.64000,2.48000
-0.01653000000,2.56000,2.44000
-0.01652799844,2.56000,2.44000
-0.01652600000,2.56000,2.44000
-0.01652400000,2.48000,2.32000
-0.01652200000,2.60000,2.44000
-0.01651999844,2.60000,2.44000
-0.01651800000,2.60000,2.48000
-0.01651600000,2.56000,2.44000
-0.01651400000,2.52000,2.36000
-0.01651199844,2.56000,2.44000
-0.01651000000,2.56000,2.44000
-0.01650800000,2.56000,2.44000
-0.01650600000,2.56000,2.44000
-0.01650400156,2.56000,2.48000
-0.01650200000,2.56000,2.44000
-0.01650000000,2.60000,2.44000
-0.01649800000,2.56000,2.44000
-0.01649600156,2.68000,2.52000
-0.01649400000,2.56000,2.44000
-0.01649200000,2.56000,2.44000
-0.01649000000,2.56000,2.44000
-0.01648800000,2.56000,2.44000
-0.01648600000,2.56000,2.44000
-0.01648400000,2.56000,2.44000
-0.01648200000,2.60000,2.44000
-0.01648000000,2.52000,2.44000
-0.01647800000,2.56000,2.44000
-0.01647600000,2.68000,2.64000
-0.01647400000,2.56000,2.44000
-0.01647200000,2.60000,2.44000
-0.01647000000,2.56000,2.44000
-0.01646800000,2.60000,2.44000
-0.01646599844,2.64000,2.48000
-0.01646400000,2.56000,2.44000
-0.01646200000,2.56000,2.44000
-0.01646000000,2.60000,2.48000
-0.01645799844,2.56000,2.44000
-0.01645600000,2.68000,2.52000
-0.01645400000,2.56000,2.48000
-0.01645200000,2.60000,2.44000
-0.01644999844,2.64000,2.48000
-0.01644800000,2.52000,2.40000
-0.01644600000,2.56000,2.40000
-0.01644400000,2.60000,2.48000
-0.01644200156,2.56000,2.44000
-0.01644000000,2.56000,2.44000
-0.01643800000,2.48000,2.36000
-0.01643600000,2.56000,2.44000
-0.01643400156,2.60000,2.48000
-0.01643200000,2.60000,2.44000
-0.01643000000,2.56000,2.44000
-0.01642800000,2.48000,2.32000
-0.01642600000,2.56000,2.44000
-0.01642400000,2.60000,2.44000
-0.01642200000,2.56000,2.44000
-0.01642000000,2.64000,2.48000
-0.01641800000,2.32000,2.20000
-0.01641600000,2.60000,2.48000
-0.01641400000,2.60000,2.44000
-0.01641200000,2.56000,2.44000
-0.01641000000,2.56000,2.44000
-0.01640800000,2.56000,2.44000
-0.01640600000,2.60000,2.44000
-0.01640399844,2.64000,2.48000
-0.01640200000,2.56000,2.44000
-0.01640000000,2.56000,2.44000
-0.01639800000,2.56000,2.44000
-0.01639599844,2.56000,2.44000
-0.01639400000,2.56000,2.44000
-0.01639200000,2.60000,2.48000
-0.01639000000,2.60000,2.44000
-0.01638799844,2.60000,2.44000
-0.01638600000,2.56000,2.44000
-0.01638400000,2.60000,2.48000
-0.01638200000,2.56000,2.44000
-0.01638000156,2.56000,2.44000
-0.01637800000,2.56000,2.44000
-0.01637600000,2.56000,2.40000
-0.01637400000,2.64000,2.48000
-0.01637200156,2.60000,2.48000
-0.01637000000,2.56000,2.44000
-0.01636800000,2.56000,2.44000
-0.01636600000,2.60000,2.48000
-0.01636400000,2.60000,2.44000
-0.01636200000,2.56000,2.44000
-0.01636000000,2.52000,2.48000
-0.01635800000,2.60000,2.48000
-0.01635600000,2.56000,2.44000
-0.01635400000,2.56000,2.44000
-0.01635200000,2.64000,2.48000
-0.01635000000,2.48000,2.36000
-0.01634800000,2.52000,2.40000
-0.01634600000,2.56000,2.44000
-0.01634400000,2.56000,2.44000
-0.01634199844,2.60000,2.44000
-0.01634000000,2.52000,2.44000
-0.01633800000,2.56000,2.44000
-0.01633600000,2.60000,2.48000
-0.01633399844,2.56000,2.40000
-0.01633200000,2.56000,2.44000
-0.01633000000,2.52000,2.44000
-0.01632800000,2.56000,2.44000
-0.01632599844,2.60000,2.44000
-0.01632400000,2.56000,2.44000
-0.01632200000,2.56000,2.44000
-0.01632000000,2.56000,2.44000
-0.01631800156,2.56000,2.44000
-0.01631600000,2.56000,2.44000
-0.01631400000,2.56000,2.44000
-0.01631200000,2.56000,2.44000
-0.01631000156,2.56000,2.44000
-0.01630800000,2.60000,2.48000
-0.01630600000,2.64000,2.48000
-0.01630400000,2.56000,2.44000
-0.01630200000,2.72000,2.72000
-0.01630000000,2.56000,2.44000
-0.01629800000,2.56000,2.44000
-0.01629600000,2.60000,2.44000
-0.01629400000,2.56000,2.40000
-0.01629200000,2.32000,2.16000
-0.01629000000,2.56000,2.44000
-0.01628800000,2.56000,2.44000
-0.01628600000,2.56000,2.44000
-0.01628400000,2.64000,2.48000
-0.01628200000,2.72000,2.60000
-0.01627999844,2.60000,2.44000
-0.01627800000,2.60000,2.48000
-0.01627600000,2.56000,2.40000
-0.01627400000,2.60000,2.44000
-0.01627199844,2.64000,2.48000
-0.01627000000,2.60000,2.44000
-0.01626800000,2.60000,2.48000
-0.01626600000,2.56000,2.44000
-0.01626399844,2.60000,2.44000
-0.01626200000,2.60000,2.48000
-0.01626000000,2.60000,2.44000
-0.01625800000,2.64000,2.48000
-0.01625600156,2.56000,2.44000
-0.01625400000,2.48000,2.40000
-0.01625200000,2.56000,2.44000
-0.01625000000,2.56000,2.44000
-0.01624800156,2.60000,2.44000
-0.01624600000,2.56000,2.44000
-0.01624400000,2.56000,2.44000
-0.01624200000,2.56000,2.44000
-0.01624000000,2.60000,2.44000
-0.01623800000,2.56000,2.44000
-0.01623600000,2.56000,2.44000
-0.01623400000,2.64000,2.48000
-0.01623200000,2.60000,2.44000
-0.01623000000,2.48000,2.32000
-0.01622800000,2.56000,2.48000
-0.01622600000,2.60000,2.48000
-0.01622400000,2.72000,2.56000
-0.01622200000,2.56000,2.44000
-0.01622000000,2.52000,2.44000
-0.01621799844,2.60000,2.44000
-0.01621600000,2.56000,2.44000
-0.01621400000,2.72000,2.60000
-0.01621200000,2.60000,2.44000
-0.01620999844,2.56000,2.44000
-0.01620800000,2.60000,2.48000
-0.01620600000,2.56000,2.44000
-0.01620400000,2.56000,2.44000
-0.01620199844,2.68000,2.56000
-0.01620000000,2.56000,2.44000
-0.01619800000,2.56000,2.44000
-0.01619600000,2.56000,2.44000
-0.01619400156,2.60000,2.44000
-0.01619200000,2.56000,2.44000
-0.01619000000,2.60000,2.44000
-0.01618800000,2.60000,2.48000
-0.01618600000,2.60000,2.44000
-0.01618400000,2.60000,2.48000
-0.01618200000,2.60000,2.44000
-0.01618000000,2.64000,2.48000
-0.01617800000,2.56000,2.44000
-0.01617600000,2.60000,2.48000
-0.01617400000,2.52000,2.36000
-0.01617200000,2.56000,2.44000
-0.01617000000,2.56000,2.48000
-0.01616800000,2.64000,2.48000
-0.01616600000,2.60000,2.48000
-0.01616399844,2.60000,2.44000
-0.01616200000,2.56000,2.44000
-0.01616000000,2.60000,2.44000
-0.01615800000,2.60000,2.48000
-0.01615599844,2.60000,2.48000
-0.01615400000,2.56000,2.44000
-0.01615200000,2.56000,2.44000
-0.01615000000,2.60000,2.44000
-0.01614799844,2.60000,2.44000
-0.01614600000,2.60000,2.48000
-0.01614400000,2.56000,2.44000
-0.01614200000,2.60000,2.44000
-0.01613999844,2.60000,2.44000
-0.01613800000,2.56000,2.44000
-0.01613600000,2.60000,2.44000
-0.01613400000,2.52000,2.44000
-0.01613200156,2.56000,2.44000
-0.01613000000,2.56000,2.44000
-0.01612800000,2.64000,2.48000
-0.01612600000,2.72000,2.68000
-0.01612400000,2.60000,2.44000
-0.01612200000,2.56000,2.36000
-0.01612000000,2.56000,2.44000
-0.01611800000,2.56000,2.44000
-0.01611600000,2.44000,2.32000
-0.01611400000,2.56000,2.44000
-0.01611200000,2.56000,2.44000
-0.01611000000,2.60000,2.44000
-0.01610800000,2.60000,2.44000
-0.01610600000,2.56000,2.44000
-0.01610400000,2.56000,2.44000
-0.01610199844,2.56000,2.44000
-0.01610000000,2.56000,2.44000
-0.01609800000,2.56000,2.40000
-0.01609600000,2.52000,2.44000
-0.01609399844,2.60000,2.44000
-0.01609200000,2.60000,2.48000
-0.01609000000,2.60000,2.44000
-0.01608800000,2.56000,2.44000
-0.01608599844,2.64000,2.48000
-0.01608400000,2.60000,2.44000
-0.01608200000,2.56000,2.44000
-0.01608000000,2.60000,2.44000
-0.01607800156,2.56000,2.44000
-0.01607600000,2.52000,2.36000
-0.01607400000,2.60000,2.44000
-0.01607200000,2.56000,2.44000
-0.01607000156,2.56000,2.44000
-0.01606800000,2.60000,2.44000
-0.01606600000,2.68000,2.48000
-0.01606400000,2.56000,2.36000
-0.01606200000,2.56000,2.44000
-0.01606000000,2.56000,2.44000
-0.01605800000,2.56000,2.44000
-0.01605600000,2.56000,2.40000
-0.01605400000,2.60000,2.44000
-0.01605200000,2.56000,2.44000
-0.01605000000,2.56000,2.44000
-0.01604800000,2.52000,2.40000
-0.01604600000,2.56000,2.44000
-0.01604400000,2.56000,2.44000
-0.01604200000,2.52000,2.40000
-0.01603999844,2.56000,2.44000
-0.01603800000,2.56000,2.44000
-0.01603600000,2.60000,2.44000
-0.01603400000,2.56000,2.44000
-0.01603199844,2.60000,2.44000
-0.01603000000,2.60000,2.44000
-0.01602800000,2.40000,2.28000
-0.01602600000,2.56000,2.44000
-0.01602399844,2.64000,2.44000
-0.01602200000,2.60000,2.44000
-0.01602000000,2.52000,2.44000
-0.01601800000,2.52000,2.48000
-0.01601600156,2.60000,2.44000
-0.01601400000,2.60000,2.44000
-0.01601200000,2.60000,2.44000
-0.01601000000,2.60000,2.48000
-0.01600800156,2.52000,2.32000
-0.01600600000,2.60000,2.52000
-0.01600400000,2.60000,2.44000
-0.01600200000,2.56000,2.40000
-0.01600000000,2.56000,2.44000
-0.01599800000,2.52000,2.36000
-0.01599600000,2.56000,2.44000
-0.01599400000,2.56000,2.44000
-0.01599200000,2.60000,2.44000
-0.01599000000,2.60000,2.44000
-0.01598800000,2.56000,2.44000
-0.01598600000,2.56000,2.44000
-0.01598400000,2.56000,2.44000
-0.01598200000,2.56000,2.44000
-0.01598000000,2.60000,2.48000
-0.01597799844,2.56000,2.44000
-0.01597600000,2.56000,2.44000
-0.01597400000,2.60000,2.48000
-0.01597200000,2.56000,2.44000
-0.01596999844,2.56000,2.44000
-0.01596800000,2.56000,2.40000
-0.01596600000,2.56000,2.48000
-0.01596400000,2.56000,2.44000
-0.01596199844,2.56000,2.44000
-0.01596000000,2.52000,2.40000
-0.01595800000,2.56000,2.44000
-0.01595600000,2.64000,2.48000
-0.01595400156,2.52000,2.40000
-0.01595200000,2.56000,2.44000
-0.01595000000,2.64000,2.48000
-0.01594800000,2.56000,2.40000
-0.01594600156,2.56000,2.44000
-0.01594400000,2.56000,2.44000
-0.01594200000,2.56000,2.44000
-0.01594000000,2.56000,2.44000
-0.01593800000,2.56000,2.44000
-0.01593600000,2.52000,2.44000
-0.01593400000,2.56000,2.44000
-0.01593200000,2.56000,2.44000
-0.01593000000,2.56000,2.44000
-0.01592800000,2.56000,2.44000
-0.01592600000,2.56000,2.44000
-0.01592400000,2.56000,2.44000
-0.01592200000,2.60000,2.48000
-0.01592000000,2.56000,2.44000
-0.01591800000,2.68000,2.48000
-0.01591599844,2.60000,2.44000
-0.01591400000,2.56000,2.44000
-0.01591200000,2.60000,2.44000
-0.01591000000,2.56000,2.44000
-0.01590799844,2.52000,2.36000
-0.01590600000,2.56000,2.44000
-0.01590400000,2.56000,2.44000
-0.01590200000,2.56000,2.44000
-0.01589999844,2.56000,2.44000
-0.01589800000,2.60000,2.48000
-0.01589600000,2.56000,2.48000
-0.01589400000,2.60000,2.48000
-0.01589200156,2.56000,2.44000
-0.01589000000,2.60000,2.44000
-0.01588800000,2.56000,2.44000
-0.01588600000,2.60000,2.48000
-0.01588400156,2.56000,2.44000
-0.01588200000,2.56000,2.44000
-0.01588000000,2.60000,2.44000
-0.01587800000,2.60000,2.48000
-0.01587600000,2.56000,2.44000
-0.01587400000,2.56000,2.44000
-0.01587200000,2.56000,2.44000
-0.01587000000,2.60000,2.44000
-0.01586800000,2.56000,2.44000
-0.01586600000,2.56000,2.44000
-0.01586400000,2.60000,2.44000
-0.01586200000,2.56000,2.44000
-0.01586000000,2.48000,2.32000
-0.01585800000,2.56000,2.44000
-0.01585600000,2.52000,2.40000
-0.01585399844,2.60000,2.44000
-0.01585200000,2.56000,2.44000
-0.01585000000,2.72000,2.48000
-0.01584800000,2.56000,2.44000
-0.01584599844,2.60000,2.44000
-0.01584400000,2.60000,2.48000
-0.01584200000,2.56000,2.44000
-0.01584000000,2.60000,2.60000
-0.01583799844,2.56000,2.44000
-0.01583600000,2.56000,2.44000
-0.01583400000,2.56000,2.44000
-0.01583200000,2.60000,2.48000
-0.01583000156,2.56000,2.44000
-0.01582800000,2.52000,2.44000
-0.01582600000,2.56000,2.40000
-0.01582400000,2.60000,2.44000
-0.01582200156,2.56000,2.44000
-0.01582000000,2.40000,2.32000
-0.01581800000,2.56000,2.44000
-0.01581600000,2.56000,2.44000
-0.01581400000,2.56000,2.44000
-0.01581200000,2.56000,2.44000
-0.01581000000,2.76000,2.64000
-0.01580800000,2.60000,2.48000
-0.01580600000,2.56000,2.44000
-0.01580400000,2.60000,2.44000
-0.01580200000,2.56000,2.44000
-0.01580000000,2.28000,2.20000
-0.01579800000,2.56000,2.44000
-0.01579600000,2.56000,2.44000
-0.01579400000,2.56000,2.44000
-0.01579199844,2.64000,2.48000
-0.01579000000,2.76000,2.64000
-0.01578800000,2.56000,2.44000
-0.01578600000,2.64000,2.48000
-0.01578399844,2.52000,2.40000
-0.01578200000,2.56000,2.40000
-0.01578000000,2.64000,2.44000
-0.01577800000,2.56000,2.44000
-0.01577599844,2.56000,2.44000
-0.01577400000,2.60000,2.48000
-0.01577200000,2.60000,2.44000
-0.01577000000,2.52000,2.40000
-0.01576800156,2.56000,2.44000
-0.01576600000,2.56000,2.44000
-0.01576400000,2.56000,2.40000
-0.01576200000,2.56000,2.44000
-0.01576000156,2.52000,2.36000
-0.01575800000,2.56000,2.44000
-0.01575600000,2.64000,2.48000
-0.01575400000,2.56000,2.44000
-0.01575200000,2.60000,2.44000
-0.01575000000,2.48000,2.36000
-0.01574800000,2.60000,2.44000
-0.01574600000,2.56000,2.44000
-0.01574400000,2.60000,2.44000
-0.01574200000,2.56000,2.44000
-0.01574000000,2.52000,2.44000
-0.01573800000,2.60000,2.44000
-0.01573600000,2.56000,2.44000
-0.01573400000,2.56000,2.44000
-0.01573200000,2.60000,2.48000
-0.01572999844,2.52000,2.44000
-0.01572800000,2.56000,2.44000
-0.01572600000,2.56000,2.44000
-0.01572400000,2.60000,2.48000
-0.01572199844,2.48000,2.36000
-0.01572000000,2.56000,2.52000
-0.01571800000,2.56000,2.44000
-0.01571600000,2.56000,2.44000
-0.01571399844,2.56000,2.44000
-0.01571200000,2.60000,2.44000
-0.01571000000,2.56000,2.48000
-0.01570800000,2.56000,2.44000
-0.01570600156,2.56000,2.48000
-0.01570400000,2.56000,2.44000
-0.01570200000,2.56000,2.44000
-0.01570000000,2.52000,2.44000
-0.01569800156,2.56000,2.44000
-0.01569600000,2.60000,2.44000
-0.01569400000,2.56000,2.44000
-0.01569200000,2.56000,2.44000
-0.01569000000,2.52000,2.40000
-0.01568800000,2.60000,2.44000
-0.01568600000,2.56000,2.44000
-0.01568400000,2.56000,2.44000
-0.01568200000,2.56000,2.44000
-0.01568000000,2.52000,2.40000
-0.01567800000,2.56000,2.44000
-0.01567600000,2.52000,2.44000
-0.01567400000,2.56000,2.44000
-0.01567200000,2.56000,2.44000
-0.01567000000,2.56000,2.40000
-0.01566799844,2.52000,2.44000
-0.01566600000,2.56000,2.40000
-0.01566400000,2.56000,2.48000
-0.01566200000,2.60000,2.44000
-0.01565999844,2.56000,2.36000
-0.01565800000,2.56000,2.44000
-0.01565600000,2.56000,2.44000
-0.01565400000,2.64000,2.44000
-0.01565199844,2.56000,2.40000
-0.01565000000,2.76000,2.64000
-0.01564800000,2.60000,2.48000
-0.01564600000,2.60000,2.44000
-0.01564400156,2.60000,2.44000
-0.01564200000,2.56000,2.44000
-0.01564000000,2.32000,2.24000
-0.01563800000,2.60000,2.44000
-0.01563600156,2.56000,2.44000
-0.01563400000,2.60000,2.44000
-0.01563200000,2.56000,2.44000
-0.01563000000,2.76000,2.64000
-0.01562800000,2.56000,2.44000
-0.01562600000,2.60000,2.44000
-0.01562400000,2.52000,2.40000
-0.01562200000,2.56000,2.48000
-0.01562000000,2.44000,2.28000
-0.01561800000,2.60000,2.44000
-0.01561600000,2.60000,2.48000
-0.01561400000,2.56000,2.44000
-0.01561200000,2.56000,2.36000
-0.01561000000,2.52000,2.44000
-0.01560800000,2.56000,2.44000
-0.01560600000,2.60000,2.48000
-0.01560400000,2.56000,2.44000
-0.01560200000,2.56000,2.44000
-0.01560000000,2.56000,2.48000
-0.01559800000,2.56000,2.44000
-0.01559600000,2.52000,2.40000
-0.01559400000,2.56000,2.44000
-0.01559200000,2.56000,2.44000
-0.01559000000,2.80000,2.68000
-0.01558800000,2.56000,2.44000
-0.01558600000,2.60000,2.48000
-0.01558400000,2.56000,2.44000
-0.01558200000,2.56000,2.44000
-0.01558000000,2.52000,2.40000
-0.01557800000,2.60000,2.48000
-0.01557600000,2.60000,2.48000
-0.01557400000,2.56000,2.44000
-0.01557200000,2.60000,2.44000
-0.01557000000,2.60000,2.44000
-0.01556800000,2.56000,2.44000
-0.01556600000,2.60000,2.48000
-0.01556400000,2.64000,2.48000
-0.01556200000,2.56000,2.44000
-0.01556000000,2.56000,2.44000
-0.01555800000,2.60000,2.44000
-0.01555600000,2.56000,2.44000
-0.01555400000,2.56000,2.44000
-0.01555200000,2.56000,2.44000
-0.01555000000,2.64000,2.48000
-0.01554800000,2.56000,2.44000
-0.01554600000,2.64000,2.48000
-0.01554400000,2.56000,2.44000
-0.01554200000,2.56000,2.44000
-0.01554000000,2.56000,2.44000
-0.01553800000,2.52000,2.44000
-0.01553600000,2.56000,2.44000
-0.01553400000,2.56000,2.44000
-0.01553200000,2.56000,2.44000
-0.01553000000,2.64000,2.48000
-0.01552800000,2.56000,2.44000
-0.01552600000,2.56000,2.44000
-0.01552400000,2.64000,2.48000
-0.01552200000,2.60000,2.48000
-0.01552000000,2.60000,2.44000
-0.01551800000,2.60000,2.48000
-0.01551600000,2.56000,2.44000
-0.01551400000,2.60000,2.44000
-0.01551200000,2.56000,2.44000
-0.01551000000,2.56000,2.44000
-0.01550800000,2.64000,2.48000
-0.01550600000,2.56000,2.44000
-0.01550400000,2.56000,2.44000
-0.01550200000,2.60000,2.44000
-0.01550000000,2.56000,2.44000
-0.01549800000,2.60000,2.44000
-0.01549600000,2.56000,2.40000
-0.01549400000,2.60000,2.44000
-0.01549200000,2.56000,2.44000
-0.01549000000,2.60000,2.44000
-0.01548800000,2.60000,2.48000
-0.01548600000,2.64000,2.48000
-0.01548400000,2.60000,2.44000
-0.01548200000,2.60000,2.44000
-0.01548000000,2.56000,2.44000
-0.01547800000,2.56000,2.44000
-0.01547600000,2.56000,2.44000
-0.01547400000,2.56000,2.44000
-0.01547200000,2.56000,2.44000
-0.01547000000,2.56000,2.44000
-0.01546800000,2.60000,2.48000
-0.01546600000,2.60000,2.44000
-0.01546400000,2.60000,2.44000
-0.01546200000,2.56000,2.44000
-0.01546000000,2.56000,2.44000
-0.01545800000,2.56000,2.44000
-0.01545600000,2.56000,2.40000
-0.01545400000,2.56000,2.44000
-0.01545200000,2.56000,2.48000
-0.01545000000,2.56000,2.40000
-0.01544800000,2.60000,2.48000
-0.01544600000,2.56000,2.44000
-0.01544400000,2.56000,2.40000
-0.01544200000,2.56000,2.44000
-0.01544000000,2.60000,2.44000
-0.01543800000,2.52000,2.44000
-0.01543600000,2.60000,2.44000
-0.01543400000,2.60000,2.44000
-0.01543200000,2.60000,2.44000
-0.01543000000,2.60000,2.48000
-0.01542800000,2.76000,2.64000
-0.01542600000,2.56000,2.44000
-0.01542400000,2.56000,2.44000
-0.01542200000,2.60000,2.44000
-0.01542000000,2.56000,2.44000
-0.01541800000,2.64000,2.60000
-0.01541600000,2.56000,2.44000
-0.01541400000,2.60000,2.44000
-0.01541200000,2.56000,2.44000
-0.01541000000,2.52000,2.44000
-0.01540800000,2.60000,2.48000
-0.01540600000,2.60000,2.48000
-0.01540400000,2.60000,2.44000
-0.01540200000,2.60000,2.48000
-0.01540000000,2.60000,2.44000
-0.01539800000,2.56000,2.48000
-0.01539600000,2.64000,2.48000
-0.01539400000,2.60000,2.44000
-0.01539200000,2.60000,2.44000
-0.01539000000,2.56000,2.44000
-0.01538800000,2.60000,2.44000
-0.01538600000,2.56000,2.44000
-0.01538400000,2.60000,2.48000
-0.01538200000,2.60000,2.48000
-0.01538000000,2.60000,2.44000
-0.01537800000,2.60000,2.48000
-0.01537600000,2.60000,2.44000
-0.01537400000,2.56000,2.44000
-0.01537200000,2.56000,2.44000
-0.01537000000,2.56000,2.44000
-0.01536800000,2.64000,2.48000
-0.01536600000,2.52000,2.40000
-0.01536400000,2.56000,2.44000
-0.01536200000,2.56000,2.44000
-0.01536000000,2.52000,2.40000
-0.01535800000,2.52000,2.40000
-0.01535600000,2.56000,2.44000
-0.01535400000,2.56000,2.44000
-0.01535200000,2.56000,2.44000
-0.01535000000,2.60000,2.44000
-0.01534800000,2.56000,2.44000
-0.01534600000,2.52000,2.44000
-0.01534400000,2.56000,2.44000
-0.01534200000,2.56000,2.44000
-0.01534000000,2.56000,2.44000
-0.01533800000,2.56000,2.44000
-0.01533600000,2.56000,2.44000
-0.01533400000,2.60000,2.44000
-0.01533200000,2.60000,2.44000
-0.01533000000,2.64000,2.48000
-0.01532800000,2.56000,2.44000
-0.01532600000,2.52000,2.36000
-0.01532400000,2.56000,2.40000
-0.01532200000,2.60000,2.44000
-0.01532000000,2.56000,2.44000
-0.01531800000,2.60000,2.48000
-0.01531600000,2.60000,2.52000
-0.01531400000,2.56000,2.44000
-0.01531200000,2.60000,2.48000
-0.01531000000,2.60000,2.44000
-0.01530800000,2.56000,2.44000
-0.01530600000,2.76000,2.64000
-0.01530400000,2.60000,2.44000
-0.01530200000,2.56000,2.44000
-0.01530000000,2.60000,2.44000
-0.01529800000,2.60000,2.44000
-0.01529600000,2.60000,2.48000
-0.01529400000,2.52000,2.36000
-0.01529200000,2.52000,2.40000
-0.01529000000,2.56000,2.44000
-0.01528800000,2.56000,2.44000
-0.01528600000,2.56000,2.44000
-0.01528400000,2.56000,2.44000
-0.01528200000,2.56000,2.44000
-0.01528000000,2.60000,2.44000
-0.01527800000,2.56000,2.48000
-0.01527600000,2.56000,2.44000
-0.01527400000,2.56000,2.44000
-0.01527200000,2.56000,2.44000
-0.01527000000,2.60000,2.44000
-0.01526800000,2.56000,2.44000
-0.01526600000,2.64000,2.44000
-0.01526400000,2.64000,2.52000
-0.01526200000,2.60000,2.48000
-0.01526000000,2.60000,2.48000
-0.01525800000,2.56000,2.44000
-0.01525600000,2.56000,2.44000
-0.01525400000,2.56000,2.44000
-0.01525200000,2.56000,2.44000
-0.01525000000,2.60000,2.40000
-0.01524800000,2.56000,2.44000
-0.01524600000,2.56000,2.44000
-0.01524400000,2.72000,2.56000
-0.01524200000,2.60000,2.44000
-0.01524000000,2.56000,2.44000
-0.01523800000,2.60000,2.44000
-0.01523600000,2.52000,2.40000
-0.01523400000,2.48000,2.44000
-0.01523200000,2.56000,2.40000
-0.01523000000,2.56000,2.40000
-0.01522800000,2.56000,2.44000
-0.01522600000,2.56000,2.44000
-0.01522400000,2.52000,2.32000
-0.01522200000,2.60000,2.44000
-0.01522000000,2.60000,2.44000
-0.01521800000,2.56000,2.44000
-0.01521600000,2.56000,2.44000
-0.01521400000,2.56000,2.44000
-0.01521200000,2.60000,2.44000
-0.01521000000,2.52000,2.40000
-0.01520800000,2.56000,2.44000
-0.01520600000,2.56000,2.44000
-0.01520400000,2.60000,2.44000
-0.01520200000,2.56000,2.44000
-0.01520000000,2.56000,2.44000
-0.01519800000,2.56000,2.44000
-0.01519600000,2.56000,2.44000
-0.01519400000,2.64000,2.48000
-0.01519200000,2.52000,2.36000
-0.01519000000,2.56000,2.44000
-0.01518800000,2.56000,2.44000
-0.01518600000,2.56000,2.48000
-0.01518400000,2.60000,2.48000
-0.01518200000,2.64000,2.44000
-0.01518000000,2.56000,2.44000
-0.01517800000,2.56000,2.44000
-0.01517600000,2.56000,2.44000
-0.01517400000,2.60000,2.48000
-0.01517200000,2.60000,2.44000
-0.01517000000,2.60000,2.44000
-0.01516800000,2.56000,2.44000
-0.01516600000,2.56000,2.44000
-0.01516400000,2.64000,2.48000
-0.01516200000,2.72000,2.64000
-0.01516000000,2.56000,2.44000
-0.01515800000,2.56000,2.44000
-0.01515600000,2.56000,2.44000
-0.01515400000,2.56000,2.44000
-0.01515200000,2.76000,2.72000
-0.01515000000,2.56000,2.44000
-0.01514800000,2.52000,2.36000
-0.01514600000,2.60000,2.44000
-0.01514400000,2.60000,2.48000
-0.01514200000,2.60000,2.44000
-0.01514000000,2.64000,2.44000
-0.01513800000,2.56000,2.44000
-0.01513600000,2.56000,2.44000
-0.01513400000,2.56000,2.48000
-0.01513200000,2.56000,2.44000
-0.01513000000,2.60000,2.48000
-0.01512800000,2.60000,2.44000
-0.01512600000,2.56000,2.44000
-0.01512400000,2.56000,2.44000
-0.01512200000,2.48000,2.36000
-0.01512000000,2.60000,2.48000
-0.01511800000,2.56000,2.44000
-0.01511600000,2.60000,2.44000
-0.01511400000,2.60000,2.44000
-0.01511200000,2.64000,2.52000
-0.01511000000,2.56000,2.36000
-0.01510800000,2.60000,2.44000
-0.01510600000,2.56000,2.44000
-0.01510400000,2.56000,2.44000
-0.01510200000,2.56000,2.44000
-0.01510000000,2.56000,2.40000
-0.01509800000,2.60000,2.44000
-0.01509600000,2.60000,2.48000
-0.01509400000,2.56000,2.44000
-0.01509200000,2.56000,2.44000
-0.01509000000,2.36000,2.28000
-0.01508800000,2.56000,2.44000
-0.01508600000,2.56000,2.44000
-0.01508400000,2.56000,2.44000
-0.01508200000,2.60000,2.44000
-0.01508000000,2.60000,2.44000
-0.01507800000,2.56000,2.44000
-0.01507600000,2.64000,2.48000
-0.01507400000,2.60000,2.48000
-0.01507200000,2.56000,2.44000
-0.01507000000,2.68000,2.44000
-0.01506800000,2.60000,2.48000
-0.01506600000,2.56000,2.40000
-0.01506400000,2.48000,2.36000
-0.01506200000,2.56000,2.44000
-0.01506000000,2.60000,2.44000
-0.01505800000,2.60000,2.44000
-0.01505600000,2.60000,2.48000
-0.01505400000,2.56000,2.40000
-0.01505200000,2.56000,2.44000
-0.01505000000,2.60000,2.44000
-0.01504800000,2.56000,2.44000
-0.01504600000,2.60000,2.44000
-0.01504400000,2.60000,2.44000
-0.01504200000,2.60000,2.48000
-0.01504000000,2.56000,2.44000
-0.01503800000,2.72000,2.48000
-0.01503600000,2.60000,2.44000
-0.01503400000,2.60000,2.44000
-0.01503200000,2.56000,2.44000
-0.01503000000,2.60000,2.44000
-0.01502800000,2.56000,2.44000
-0.01502600000,2.56000,2.40000
-0.01502400000,2.56000,2.44000
-0.01502200000,2.56000,2.48000
-0.01502000000,2.56000,2.44000
-0.01501800000,2.48000,2.32000
-0.01501600000,2.56000,2.44000
-0.01501400000,2.56000,2.44000
-0.01501200000,2.48000,2.40000
-0.01501000000,2.56000,2.44000
-0.01500800000,2.60000,2.44000
-0.01500600000,2.56000,2.44000
-0.01500400000,2.56000,2.44000
-0.01500200000,2.64000,2.48000
-0.01500000000,2.60000,2.48000
-0.01499800000,2.56000,2.44000
-0.01499600000,2.68000,2.56000
-0.01499400000,2.56000,2.44000
-0.01499200000,2.60000,2.48000
-0.01499000000,2.56000,2.44000
-0.01498800000,2.60000,2.48000
-0.01498600000,2.48000,2.44000
-0.01498400000,2.56000,2.44000
-0.01498200000,2.60000,2.44000
-0.01498000000,2.56000,2.44000
-0.01497800000,2.56000,2.44000
-0.01497600000,2.56000,2.44000
-0.01497400000,2.56000,2.44000
-0.01497200000,2.52000,2.40000
-0.01497000000,2.56000,2.44000
-0.01496800000,2.60000,2.44000
-0.01496600000,2.64000,2.44000
-0.01496400000,2.56000,2.44000
-0.01496200000,2.56000,2.44000
-0.01496000000,2.56000,2.44000
-0.01495800000,2.56000,2.44000
-0.01495600000,2.56000,2.44000
-0.01495400000,2.56000,2.52000
-0.01495200000,2.56000,2.40000
-0.01495000000,2.52000,2.40000
-0.01494800000,2.56000,2.44000
-0.01494600000,2.52000,2.36000
-0.01494400000,2.56000,2.44000
-0.01494200000,2.56000,2.44000
-0.01494000000,2.60000,2.44000
-0.01493800000,2.52000,2.44000
-0.01493600000,2.56000,2.48000
-0.01493400000,2.60000,2.48000
-0.01493200000,2.56000,2.44000
-0.01493000000,2.56000,2.44000
-0.01492800000,2.60000,2.44000
-0.01492600000,2.56000,2.44000
-0.01492400000,2.60000,2.44000
-0.01492200000,2.60000,2.44000
-0.01492000000,2.56000,2.44000
-0.01491800000,2.52000,2.40000
-0.01491600000,2.56000,2.44000
-0.01491400000,2.64000,2.48000
-0.01491200000,2.56000,2.44000
-0.01491000000,2.56000,2.44000
-0.01490800000,2.60000,2.48000
-0.01490600000,2.56000,2.48000
-0.01490400000,2.56000,2.40000
-0.01490200000,2.60000,2.48000
-0.01490000000,2.60000,2.44000
-0.01489800000,2.56000,2.44000
-0.01489600000,2.64000,2.56000
-0.01489400000,2.56000,2.44000
-0.01489200000,2.56000,2.40000
-0.01489000000,2.56000,2.44000
-0.01488800000,2.72000,2.56000
-0.01488600000,2.56000,2.44000
-0.01488400000,2.60000,2.48000
-0.01488200000,2.48000,2.28000
-0.01488000000,2.52000,2.40000
-0.01487800000,2.56000,2.44000
-0.01487600000,2.56000,2.44000
-0.01487400000,2.56000,2.44000
-0.01487200000,2.60000,2.44000
-0.01487000000,2.60000,2.48000
-0.01486800000,2.60000,2.44000
-0.01486600000,2.60000,2.48000
-0.01486400000,2.56000,2.44000
-0.01486200000,2.60000,2.44000
-0.01486000000,2.56000,2.44000
-0.01485800000,2.56000,2.44000
-0.01485600000,2.52000,2.40000
-0.01485400000,2.60000,2.48000
-0.01485200000,2.64000,2.48000
-0.01485000000,2.52000,2.44000
-0.01484800000,2.56000,2.44000
-0.01484600000,2.56000,2.44000
-0.01484400000,2.60000,2.48000
-0.01484200000,2.64000,2.52000
-0.01484000000,2.36000,2.20000
-0.01483800000,2.52000,2.36000
-0.01483600000,2.60000,2.44000
-0.01483400000,2.56000,2.44000
-0.01483200000,2.56000,2.44000
-0.01483000000,2.56000,2.44000
-0.01482800000,2.64000,2.48000
-0.01482600000,2.60000,2.44000
-0.01482400000,2.56000,2.44000
-0.01482200000,2.56000,2.48000
-0.01482000000,2.60000,2.44000
-0.01481800000,2.56000,2.48000
-0.01481600000,2.60000,2.48000
-0.01481400000,2.56000,2.44000
-0.01481200000,2.56000,2.44000
-0.01481000000,2.56000,2.44000
-0.01480800000,2.56000,2.44000
-0.01480600000,2.56000,2.48000
-0.01480400000,2.56000,2.44000
-0.01480200000,2.60000,2.44000
-0.01480000000,2.60000,2.44000
-0.01479800000,2.76000,2.64000
-0.01479600000,2.56000,2.44000
-0.01479400000,2.56000,2.44000
-0.01479200000,2.56000,2.40000
-0.01479000000,2.56000,2.44000
-0.01478800000,2.60000,2.44000
-0.01478600000,2.52000,2.32000
-0.01478400000,2.56000,2.44000
-0.01478200000,2.64000,2.48000
-0.01478000000,2.64000,2.48000
-0.01477800000,2.56000,2.44000
-0.01477600000,2.56000,2.44000
-0.01477400000,2.56000,2.44000
-0.01477200000,2.56000,2.44000
-0.01477000000,2.60000,2.44000
-0.01476800000,2.56000,2.44000
-0.01476600000,2.52000,2.36000
-0.01476400000,2.56000,2.44000
-0.01476200000,2.52000,2.44000
-0.01476000000,2.60000,2.44000
-0.01475800000,2.64000,2.48000
-0.01475600000,2.56000,2.44000
-0.01475400000,2.56000,2.44000
-0.01475200000,2.64000,2.44000
-0.01475000000,2.56000,2.44000
-0.01474800000,2.56000,2.44000
-0.01474600000,2.60000,2.44000
-0.01474400000,2.60000,2.44000
-0.01474200000,2.64000,2.48000
-0.01474000000,2.60000,2.48000
-0.01473800000,2.56000,2.44000
-0.01473600000,2.64000,2.52000
-0.01473400000,2.56000,2.44000
-0.01473200000,2.60000,2.44000
-0.01473000000,2.52000,2.44000
-0.01472800000,2.64000,2.48000
-0.01472600000,2.56000,2.44000
-0.01472400000,2.48000,2.36000
-0.01472200000,2.56000,2.36000
-0.01472000000,2.64000,2.48000
-0.01471800000,2.56000,2.44000
-0.01471600000,2.64000,2.44000
-0.01471400000,2.56000,2.48000
-0.01471200000,2.56000,2.44000
-0.01471000000,2.56000,2.48000
-0.01470800000,2.60000,2.44000
-0.01470600000,2.64000,2.48000
-0.01470400000,2.56000,2.44000
-0.01470200000,2.56000,2.48000
-0.01470000000,2.60000,2.44000
-0.01469800000,2.60000,2.44000
-0.01469600000,2.52000,2.44000
-0.01469400000,2.56000,2.48000
-0.01469200000,2.64000,2.48000
-0.01469000000,2.56000,2.44000
-0.01468800000,2.64000,2.48000
-0.01468600000,2.56000,2.44000
-0.01468400000,2.56000,2.44000
-0.01468200000,2.48000,2.36000
-0.01468000000,2.56000,2.44000
-0.01467800000,2.60000,2.44000
-0.01467600000,2.56000,2.48000
-0.01467400000,2.56000,2.44000
-0.01467200000,2.60000,2.48000
-0.01467000000,2.52000,2.44000
-0.01466800000,2.52000,2.44000
-0.01466600000,2.60000,2.48000
-0.01466400000,2.60000,2.48000
-0.01466200000,2.60000,2.44000
-0.01466000000,2.60000,2.48000
-0.01465800000,2.56000,2.44000
-0.01465600000,2.60000,2.44000
-0.01465400000,2.56000,2.48000
-0.01465200000,2.56000,2.44000
-0.01465000000,2.60000,2.52000
-0.01464800000,2.56000,2.44000
-0.01464600000,2.56000,2.44000
-0.01464400000,2.60000,2.44000
-0.01464200000,2.56000,2.44000
-0.01464000000,2.56000,2.44000
-0.01463800000,2.60000,2.44000
-0.01463600000,2.56000,2.44000
-0.01463400000,2.56000,2.44000
-0.01463200000,2.60000,2.44000
-0.01463000000,2.44000,2.32000
-0.01462800000,2.60000,2.44000
-0.01462600000,2.60000,2.44000
-0.01462400000,2.56000,2.44000
-0.01462200000,2.56000,2.44000
-0.01462000000,2.56000,2.44000
-0.01461800000,2.52000,2.44000
-0.01461600000,2.60000,2.48000
-0.01461400000,2.56000,2.44000
-0.01461200000,2.68000,2.52000
-0.01461000000,2.56000,2.44000
-0.01460800000,2.56000,2.44000
-0.01460600000,2.60000,2.44000
-0.01460400000,2.56000,2.44000
-0.01460200000,2.56000,2.40000
-0.01460000000,2.56000,2.44000
-0.01459800000,2.56000,2.44000
-0.01459600000,2.64000,2.48000
-0.01459400000,2.56000,2.44000
-0.01459200000,2.56000,2.44000
-0.01459000000,2.56000,2.44000
-0.01458800000,2.56000,2.44000
-0.01458600000,2.52000,2.36000
-0.01458400000,2.56000,2.44000
-0.01458200000,2.56000,2.44000
-0.01458000000,2.56000,2.44000
-0.01457800000,2.56000,2.44000
-0.01457600000,2.60000,2.44000
-0.01457400000,2.56000,2.44000
-0.01457200000,2.52000,2.44000
-0.01457000000,2.56000,2.44000
-0.01456800000,2.56000,2.44000
-0.01456600000,2.52000,2.40000
-0.01456400000,2.60000,2.44000
-0.01456200000,2.56000,2.44000
-0.01456000000,2.52000,2.36000
-0.01455800000,2.64000,2.48000
-0.01455600000,2.56000,2.44000
-0.01455400000,2.40000,2.28000
-0.01455200000,2.56000,2.44000
-0.01455000000,2.60000,2.44000
-0.01454800000,2.56000,2.44000
-0.01454600000,2.56000,2.44000
-0.01454400000,2.52000,2.40000
-0.01454200000,2.60000,2.48000
-0.01454000000,2.56000,2.44000
-0.01453800000,2.56000,2.44000
-0.01453600000,2.56000,2.44000
-0.01453400000,2.56000,2.44000
-0.01453200000,2.60000,2.48000
-0.01453000000,2.60000,2.44000
-0.01452800000,2.56000,2.44000
-0.01452600000,2.60000,2.44000
-0.01452400000,2.60000,2.44000
-0.01452200000,2.64000,2.52000
-0.01452000000,2.60000,2.48000
-0.01451800000,2.56000,2.44000
-0.01451600000,2.60000,2.44000
-0.01451400000,2.52000,2.44000
-0.01451200000,2.56000,2.44000
-0.01451000000,2.64000,2.48000
-0.01450800000,2.56000,2.44000
-0.01450600000,2.60000,2.48000
-0.01450400000,2.60000,2.44000
-0.01450200000,2.48000,2.32000
-0.01450000000,2.60000,2.44000
-0.01449800000,2.56000,2.44000
-0.01449600000,2.60000,2.44000
-0.01449400000,2.60000,2.44000
-0.01449200000,2.56000,2.44000
-0.01449000000,2.68000,2.68000
-0.01448800000,2.56000,2.44000
-0.01448600000,2.56000,2.44000
-0.01448400000,2.60000,2.48000
-0.01448200000,2.60000,2.44000
-0.01448000000,2.60000,2.48000
-0.01447800000,2.56000,2.44000
-0.01447600000,2.56000,2.44000
-0.01447400000,2.56000,2.44000
-0.01447200000,2.60000,2.44000
-0.01447000000,2.56000,2.44000
-0.01446800000,2.56000,2.44000
-0.01446600000,2.56000,2.44000
-0.01446400000,2.56000,2.44000
-0.01446200000,2.48000,2.32000
-0.01446000000,2.60000,2.48000
-0.01445800000,2.56000,2.44000
-0.01445600000,2.56000,2.44000
-0.01445400000,2.60000,2.44000
-0.01445200000,2.52000,2.40000
-0.01445000000,2.64000,2.52000
-0.01444800000,2.56000,2.44000
-0.01444600000,2.60000,2.48000
-0.01444400000,2.56000,2.44000
-0.01444200000,2.60000,2.44000
-0.01444000000,2.64000,2.52000
-0.01443800000,2.56000,2.44000
-0.01443600000,2.52000,2.44000
-0.01443400000,2.52000,2.44000
-0.01443200000,2.56000,2.48000
-0.01443000000,2.56000,2.44000
-0.01442800000,2.56000,2.44000
-0.01442600000,2.60000,2.44000
-0.01442400000,2.60000,2.48000
-0.01442200000,2.56000,2.44000
-0.01442000000,2.56000,2.44000
-0.01441800000,2.56000,2.40000
-0.01441600000,2.52000,2.44000
-0.01441400000,2.52000,2.40000
-0.01441200000,2.60000,2.44000
-0.01441000000,2.56000,2.44000
-0.01440800000,2.60000,2.48000
-0.01440600000,2.56000,2.44000
-0.01440400000,2.64000,2.44000
-0.01440200000,2.60000,2.48000
-0.01440000000,2.60000,2.44000
-0.01439800000,2.48000,2.32000
-0.01439600000,2.56000,2.44000
-0.01439400000,2.56000,2.40000
-0.01439200000,2.56000,2.44000
-0.01439000000,2.56000,2.44000
-0.01438800000,2.56000,2.40000
-0.01438600000,2.56000,2.40000
-0.01438400000,2.60000,2.44000
-0.01438200000,2.68000,2.52000
-0.01438000000,2.56000,2.48000
-0.01437800000,2.56000,2.44000
-0.01437600000,2.56000,2.44000
-0.01437400000,2.60000,2.48000
-0.01437200000,2.56000,2.44000
-0.01437000000,2.60000,2.44000
-0.01436800000,2.64000,2.48000
-0.01436600000,2.56000,2.48000
-0.01436400000,2.56000,2.44000
-0.01436200000,2.56000,2.44000
-0.01436000000,2.56000,2.44000
-0.01435800000,2.64000,2.48000
-0.01435600000,2.60000,2.44000
-0.01435400000,2.56000,2.44000
-0.01435200000,2.56000,2.44000
-0.01435000000,2.52000,2.40000
-0.01434800000,2.56000,2.44000
-0.01434600000,2.60000,2.44000
-0.01434400000,2.56000,2.44000
-0.01434200000,2.56000,2.44000
-0.01434000000,2.60000,2.44000
-0.01433800000,2.56000,2.44000
-0.01433600000,2.60000,2.48000
-0.01433400000,2.60000,2.48000
-0.01433200000,2.56000,2.44000
-0.01433000000,2.60000,2.44000
-0.01432800000,2.52000,2.36000
-0.01432600000,2.56000,2.44000
-0.01432400000,2.56000,2.44000
-0.01432200000,2.60000,2.44000
-0.01432000000,2.56000,2.44000
-0.01431800000,2.64000,2.48000
-0.01431600000,2.56000,2.44000
-0.01431400000,2.64000,2.48000
-0.01431200000,2.60000,2.48000
-0.01431000000,2.56000,2.44000
-0.01430800000,2.56000,2.44000
-0.01430600000,2.60000,2.44000
-0.01430400000,2.56000,2.44000
-0.01430200000,2.56000,2.40000
-0.01430000000,2.60000,2.48000
-0.01429800000,2.56000,2.44000
-0.01429600000,2.72000,2.68000
-0.01429400000,2.60000,2.44000
-0.01429200000,2.60000,2.44000
-0.01429000000,2.56000,2.44000
-0.01428800000,2.60000,2.44000
-0.01428600000,2.56000,2.44000
-0.01428400000,2.60000,2.44000
-0.01428200000,2.56000,2.44000
-0.01428000000,2.56000,2.44000
-0.01427800000,2.56000,2.44000
-0.01427600000,2.56000,2.48000
-0.01427400000,2.48000,2.28000
-0.01427200000,2.56000,2.44000
-0.01427000000,2.56000,2.44000
-0.01426800000,2.60000,2.44000
-0.01426600000,2.56000,2.44000
-0.01426400000,2.60000,2.44000
-0.01426200000,2.56000,2.48000
-0.01426000000,2.56000,2.44000
-0.01425800000,2.60000,2.44000
-0.01425600000,2.56000,2.44000
-0.01425400000,2.60000,2.48000
-0.01425200000,2.56000,2.48000
-0.01425000000,2.60000,2.44000
-0.01424800000,2.56000,2.44000
-0.01424600000,2.56000,2.44000
-0.01424400000,2.56000,2.44000
-0.01424200000,2.64000,2.48000
-0.01424000000,2.60000,2.48000
-0.01423800000,2.56000,2.48000
-0.01423600000,2.52000,2.44000
-0.01423400000,2.64000,2.48000
-0.01423200000,2.60000,2.44000
-0.01423000000,2.56000,2.44000
-0.01422800000,2.60000,2.44000
-0.01422600000,2.60000,2.44000
-0.01422400000,2.56000,2.44000
-0.01422200000,2.60000,2.44000
-0.01422000000,2.56000,2.44000
-0.01421800000,2.56000,2.44000
-0.01421600000,2.60000,2.44000
-0.01421400000,2.56000,2.44000
-0.01421200000,2.56000,2.44000
-0.01421000000,2.56000,2.44000
-0.01420800000,2.56000,2.44000
-0.01420600000,2.56000,2.44000
-0.01420400000,2.56000,2.44000
-0.01420200000,2.56000,2.44000
-0.01420000000,2.56000,2.44000
-0.01419800000,2.52000,2.32000
-0.01419600000,2.56000,2.44000
-0.01419400000,2.60000,2.44000
-0.01419200000,2.60000,2.44000
-0.01419000000,2.56000,2.44000
-0.01418800000,2.56000,2.44000
-0.01418600000,2.60000,2.44000
-0.01418400000,2.56000,2.44000
-0.01418200000,2.60000,2.44000
-0.01418000000,2.60000,2.44000
-0.01417800000,2.56000,2.44000
-0.01417600000,2.64000,2.56000
-0.01417400000,2.44000,2.28000
-0.01417200000,2.56000,2.44000
-0.01417000000,2.60000,2.48000
-0.01416800000,2.56000,2.44000
-0.01416600000,2.60000,2.48000
-0.01416400000,2.60000,2.44000
-0.01416200000,2.60000,2.44000
-0.01416000000,2.56000,2.44000
-0.01415800000,2.56000,2.44000
-0.01415600000,2.60000,2.44000
-0.01415400000,2.52000,2.32000
-0.01415200000,2.56000,2.40000
-0.01415000000,2.56000,2.40000
-0.01414800000,2.56000,2.44000
-0.01414600000,2.56000,2.44000
-0.01414400000,2.56000,2.44000
-0.01414200000,2.60000,2.48000
-0.01414000000,2.56000,2.44000
-0.01413800000,2.60000,2.48000
-0.01413600000,2.56000,2.44000
-0.01413400000,2.56000,2.44000
-0.01413200000,2.68000,2.48000
-0.01413000000,2.56000,2.48000
-0.01412800000,2.56000,2.44000
-0.01412600000,2.60000,2.48000
-0.01412400000,2.56000,2.44000
-0.01412200000,2.56000,2.44000
-0.01412000000,2.60000,2.44000
-0.01411800000,2.56000,2.44000
-0.01411600000,2.64000,2.48000
-0.01411400000,2.56000,2.44000
-0.01411200000,2.56000,2.44000
-0.01411000000,2.48000,2.36000
-0.01410800000,2.60000,2.48000
-0.01410600000,2.56000,2.44000
-0.01410400000,2.60000,2.44000
-0.01410200000,2.60000,2.44000
-0.01410000000,2.60000,2.44000
-0.01409800000,2.56000,2.44000
-0.01409600000,2.56000,2.44000
-0.01409400000,2.56000,2.44000
-0.01409200000,2.56000,2.44000
-0.01409000000,2.60000,2.44000
-0.01408800000,2.56000,2.44000
-0.01408600000,2.56000,2.48000
-0.01408400000,2.60000,2.44000
-0.01408200000,2.60000,2.44000
-0.01408000000,2.60000,2.44000
-0.01407800000,2.56000,2.44000
-0.01407600000,2.60000,2.44000
-0.01407400000,2.56000,2.44000
-0.01407200000,2.56000,2.44000
-0.01407000000,2.56000,2.44000
-0.01406800000,2.56000,2.44000
-0.01406600000,2.44000,2.36000
-0.01406400000,2.56000,2.44000
-0.01406200000,2.56000,2.44000
-0.01406000000,2.56000,2.48000
-0.01405800000,2.60000,2.48000
-0.01405600000,2.60000,2.48000
-0.01405400000,2.60000,2.44000
-0.01405200000,2.56000,2.44000
-0.01405000000,2.60000,2.44000
-0.01404800000,2.56000,2.44000
-0.01404600000,2.56000,2.44000
-0.01404400000,2.68000,2.52000
-0.01404200000,2.60000,2.44000
-0.01404000000,2.52000,2.40000
-0.01403800000,2.56000,2.44000
-0.01403600000,2.56000,2.44000
-0.01403400000,2.56000,2.44000
-0.01403200000,2.56000,2.44000
-0.01403000000,2.60000,2.44000
-0.01402800000,2.56000,2.44000
-0.01402600000,2.60000,2.48000
-0.01402400000,2.60000,2.48000
-0.01402200000,2.52000,2.32000
-0.01402000000,2.56000,2.44000
-0.01401800000,2.56000,2.44000
-0.01401600000,2.56000,2.44000
-0.01401400000,2.56000,2.44000
-0.01401200000,2.60000,2.48000
-0.01401000000,2.56000,2.44000
-0.01400800000,2.56000,2.44000
-0.01400600000,2.56000,2.44000
-0.01400400000,2.56000,2.48000
-0.01400200000,2.56000,2.44000
-0.01400000000,2.56000,2.48000
-0.01399800000,2.56000,2.48000
-0.01399600000,2.60000,2.48000
-0.01399400000,2.56000,2.44000
-0.01399200000,2.60000,2.44000
-0.01399000000,2.60000,2.44000
-0.01398800000,2.56000,2.44000
-0.01398600000,2.60000,2.44000
-0.01398400000,2.52000,2.36000
-0.01398200000,2.60000,2.44000
-0.01398000000,2.60000,2.48000
-0.01397800000,2.68000,2.52000
-0.01397600000,2.56000,2.44000
-0.01397400000,2.60000,2.48000
-0.01397200000,2.56000,2.44000
-0.01397000000,2.56000,2.44000
-0.01396800000,2.56000,2.44000
-0.01396600000,2.56000,2.44000
-0.01396400000,2.56000,2.44000
-0.01396200000,2.60000,2.44000
-0.01396000000,2.56000,2.48000
-0.01395800000,2.64000,2.44000
-0.01395600000,2.56000,2.44000
-0.01395400000,2.56000,2.44000
-0.01395200000,2.56000,2.44000
-0.01395000000,2.56000,2.44000
-0.01394800000,2.56000,2.44000
-0.01394600000,2.56000,2.44000
-0.01394400000,2.56000,2.44000
-0.01394200000,2.60000,2.44000
-0.01394000000,2.56000,2.44000
-0.01393800000,2.68000,2.52000
-0.01393600000,2.56000,2.44000
-0.01393400000,2.52000,2.40000
-0.01393200000,2.56000,2.44000
-0.01393000000,2.56000,2.44000
-0.01392800000,2.56000,2.44000
-0.01392600000,2.56000,2.44000
-0.01392400000,2.60000,2.48000
-0.01392200000,2.60000,2.48000
-0.01392000000,2.56000,2.44000
-0.01391800000,2.48000,2.32000
-0.01391600000,2.60000,2.44000
-0.01391400000,2.56000,2.44000
-0.01391200000,2.56000,2.44000
-0.01391000000,2.56000,2.44000
-0.01390800000,2.56000,2.44000
-0.01390600000,2.56000,2.44000
-0.01390400000,2.56000,2.44000
-0.01390200000,2.56000,2.44000
-0.01390000000,2.56000,2.44000
-0.01389800000,2.56000,2.44000
-0.01389600000,2.56000,2.44000
-0.01389400000,2.56000,2.44000
-0.01389200000,2.60000,2.44000
-0.01389000000,2.56000,2.44000
-0.01388800000,2.56000,2.44000
-0.01388600000,2.56000,2.44000
-0.01388400000,2.56000,2.44000
-0.01388200000,2.60000,2.44000
-0.01388000000,2.60000,2.44000
-0.01387800000,2.56000,2.44000
-0.01387600000,2.60000,2.44000
-0.01387400000,2.56000,2.44000
-0.01387200000,2.56000,2.44000
-0.01387000000,2.56000,2.44000
-0.01386800000,2.56000,2.44000
-0.01386600000,2.56000,2.44000
-0.01386400000,2.56000,2.44000
-0.01386200000,2.60000,2.44000
-0.01386000000,2.56000,2.44000
-0.01385800000,2.56000,2.44000
-0.01385600000,2.60000,2.44000
-0.01385400000,2.64000,2.48000
-0.01385200000,2.56000,2.44000
-0.01385000000,2.56000,2.44000
-0.01384800000,2.60000,2.44000
-0.01384600000,2.56000,2.44000
-0.01384400000,2.60000,2.44000
-0.01384200000,2.56000,2.44000
-0.01384000000,2.56000,2.44000
-0.01383800000,2.56000,2.44000
-0.01383600000,2.56000,2.44000
-0.01383400000,2.60000,2.44000
-0.01383200000,2.56000,2.44000
-0.01383000000,2.56000,2.44000
-0.01382800000,2.56000,2.44000
-0.01382600000,2.56000,2.44000
-0.01382400000,2.56000,2.44000
-0.01382200000,2.60000,2.44000
-0.01382000000,2.56000,2.44000
-0.01381800000,2.60000,2.44000
-0.01381600000,2.56000,2.44000
-0.01381400000,2.56000,2.44000
-0.01381200000,2.56000,2.44000
-0.01381000000,2.56000,2.44000
-0.01380800000,2.56000,2.44000
-0.01380600000,2.56000,2.44000
-0.01380400000,2.56000,2.44000
-0.01380200000,2.60000,2.44000
-0.01380000000,2.56000,2.44000
-0.01379800000,2.56000,2.44000
-0.01379600000,2.60000,2.48000
-0.01379400000,2.60000,2.44000
-0.01379200000,2.56000,2.44000
-0.01379000000,2.56000,2.44000
-0.01378800000,2.56000,2.44000
-0.01378600000,2.56000,2.44000
-0.01378400000,2.60000,2.44000
-0.01378200000,2.64000,2.48000
-0.01378000000,2.56000,2.44000
-0.01377800000,2.56000,2.44000
-0.01377600000,2.56000,2.48000
-0.01377400000,2.56000,2.44000
-0.01377200000,2.56000,2.44000
-0.01377000000,2.60000,2.48000
-0.01376800000,2.60000,2.44000
-0.01376600000,2.60000,2.48000
-0.01376400000,2.40000,2.28000
-0.01376200000,2.56000,2.44000
-0.01376000000,2.56000,2.44000
-0.01375800000,2.56000,2.44000
-0.01375600000,2.60000,2.48000
-0.01375400000,2.56000,2.44000
-0.01375200000,2.56000,2.44000
-0.01375000000,2.56000,2.44000
-0.01374800000,2.56000,2.44000
-0.01374600000,2.60000,2.44000
-0.01374400000,2.56000,2.44000
-0.01374200000,2.56000,2.44000
-0.01374000000,2.56000,2.44000
-0.01373800000,2.56000,2.44000
-0.01373600000,2.64000,2.48000
-0.01373400000,2.52000,2.40000
-0.01373200000,2.56000,2.44000
-0.01373000000,2.52000,2.44000
-0.01372800000,2.60000,2.48000
-0.01372600000,2.56000,2.44000
-0.01372400000,2.56000,2.44000
-0.01372200000,2.56000,2.44000
-0.01372000000,2.60000,2.44000
-0.01371800000,2.56000,2.40000
-0.01371600000,2.60000,2.44000
-0.01371400000,2.60000,2.48000
-0.01371200000,2.56000,2.44000
-0.01371000000,2.56000,2.44000
-0.01370800000,2.56000,2.44000
-0.01370600000,2.56000,2.44000
-0.01370400000,2.56000,2.44000
-0.01370200000,2.56000,2.44000
-0.01370000000,2.56000,2.44000
-0.01369800000,2.60000,2.44000
-0.01369600000,2.60000,2.44000
-0.01369400000,2.56000,2.44000
-0.01369200000,2.60000,2.48000
-0.01369000000,2.56000,2.44000
-0.01368800000,2.56000,2.44000
-0.01368600000,2.56000,2.44000
-0.01368400000,2.60000,2.44000
-0.01368200000,2.60000,2.48000
-0.01368000000,2.56000,2.44000
-0.01367800000,2.56000,2.44000
-0.01367600000,2.60000,2.44000
-0.01367400000,2.56000,2.44000
-0.01367200000,2.56000,2.44000
-0.01367000000,2.56000,2.44000
-0.01366800000,2.64000,2.48000
-0.01366600000,2.56000,2.40000
-0.01366400000,2.56000,2.44000
-0.01366200000,2.56000,2.44000
-0.01366000000,2.52000,2.36000
-0.01365800000,2.56000,2.44000
-0.01365600000,2.60000,2.48000
-0.01365400000,2.60000,2.48000
-0.01365200000,2.56000,2.44000
-0.01365000000,2.56000,2.44000
-0.01364800000,2.56000,2.44000
-0.01364600000,2.60000,2.44000
-0.01364400000,2.56000,2.44000
-0.01364200000,2.56000,2.44000
-0.01364000000,2.56000,2.44000
-0.01363800000,2.56000,2.48000
-0.01363600000,2.60000,2.44000
-0.01363400000,2.56000,2.44000
-0.01363200000,2.60000,2.44000
-0.01363000000,2.56000,2.44000
-0.01362800000,2.60000,2.48000
-0.01362600000,2.56000,2.44000
-0.01362400000,2.56000,2.44000
-0.01362200000,2.56000,2.44000
-0.01362000000,2.60000,2.44000
-0.01361800000,2.60000,2.44000
-0.01361600000,2.56000,2.44000
-0.01361400000,2.56000,2.44000
-0.01361200000,2.56000,2.44000
-0.01361000000,2.60000,2.48000
-0.01360800000,2.64000,2.48000
-0.01360600000,2.56000,2.44000
-0.01360400000,2.60000,2.48000
-0.01360200000,2.60000,2.44000
-0.01360000000,2.60000,2.44000
-0.01359800000,2.60000,2.44000
-0.01359600000,2.56000,2.44000
-0.01359400000,2.56000,2.44000
-0.01359200000,2.60000,2.44000
-0.01359000000,2.56000,2.44000
-0.01358800000,2.72000,2.56000
-0.01358600000,2.60000,2.44000
-0.01358400000,2.60000,2.44000
-0.01358200000,2.60000,2.44000
-0.01358000000,2.56000,2.44000
-0.01357800000,2.60000,2.44000
-0.01357600000,2.52000,2.44000
-0.01357400000,2.60000,2.44000
-0.01357200000,2.56000,2.44000
-0.01357000000,2.60000,2.48000
-0.01356800000,2.56000,2.44000
-0.01356600000,2.56000,2.44000
-0.01356400000,2.56000,2.44000
-0.01356200000,2.56000,2.44000
-0.01356000000,2.56000,2.44000
-0.01355800000,2.56000,2.44000
-0.01355600000,2.56000,2.44000
-0.01355400000,2.56000,2.40000
-0.01355200000,2.56000,2.44000
-0.01355000000,2.56000,2.44000
-0.01354800000,2.56000,2.44000
-0.01354600000,2.56000,2.44000
-0.01354400000,2.56000,2.44000
-0.01354200000,2.64000,2.48000
-0.01354000000,2.60000,2.44000
-0.01353800000,2.56000,2.44000
-0.01353600000,2.56000,2.44000
-0.01353400000,2.56000,2.44000
-0.01353200000,2.60000,2.44000
-0.01353000000,2.60000,2.44000
-0.01352800000,2.56000,2.40000
-0.01352600000,2.56000,2.44000
-0.01352400000,2.56000,2.44000
-0.01352200000,2.60000,2.44000
-0.01352000000,2.56000,2.44000
-0.01351800000,2.60000,2.44000
-0.01351600000,2.56000,2.40000
-0.01351400000,2.56000,2.44000
-0.01351200000,2.56000,2.44000
-0.01351000000,2.60000,2.48000
-0.01350800000,2.56000,2.44000
-0.01350600000,2.60000,2.44000
-0.01350400000,2.64000,2.48000
-0.01350200000,2.56000,2.40000
-0.01350000000,2.60000,2.44000
-0.01349800000,2.60000,2.44000
-0.01349600000,2.60000,2.44000
-0.01349400000,2.60000,2.44000
-0.01349200000,2.56000,2.44000
-0.01349000000,2.56000,2.44000
-0.01348800000,2.48000,2.32000
-0.01348600000,2.60000,2.44000
-0.01348400000,2.56000,2.44000
-0.01348200000,2.56000,2.44000
-0.01348000000,2.52000,2.44000
-0.01347800000,2.60000,2.44000
-0.01347600000,2.56000,2.44000
-0.01347400000,2.56000,2.44000
-0.01347200000,2.56000,2.44000
-0.01347000000,2.56000,2.44000
-0.01346800000,2.56000,2.44000
-0.01346600000,2.56000,2.44000
-0.01346400000,2.60000,2.44000
-0.01346200000,2.56000,2.44000
-0.01346000000,2.60000,2.48000
-0.01345800000,2.56000,2.44000
-0.01345600000,2.60000,2.44000
-0.01345400000,2.56000,2.44000
-0.01345200000,2.56000,2.44000
-0.01345000000,2.56000,2.44000
-0.01344800000,2.60000,2.44000
-0.01344600000,2.52000,2.40000
-0.01344400000,2.56000,2.44000
-0.01344200000,2.56000,2.44000
-0.01344000000,2.60000,2.48000
-0.01343800000,2.60000,2.44000
-0.01343600000,2.56000,2.44000
-0.01343400000,2.56000,2.44000
-0.01343200000,2.56000,2.44000
-0.01343000000,2.60000,2.44000
-0.01342800000,2.60000,2.44000
-0.01342600000,2.56000,2.44000
-0.01342400000,2.56000,2.40000
-0.01342200000,2.56000,2.44000
-0.01342000000,2.56000,2.44000
-0.01341800000,2.60000,2.44000
-0.01341600000,2.60000,2.44000
-0.01341400000,2.60000,2.48000
-0.01341200000,2.60000,2.48000
-0.01341000000,2.64000,2.48000
-0.01340800000,2.56000,2.44000
-0.01340600000,2.56000,2.44000
-0.01340400000,2.56000,2.44000
-0.01340200000,2.56000,2.44000
-0.01340000000,2.64000,2.48000
-0.01339800000,2.56000,2.44000
-0.01339600000,2.60000,2.48000
-0.01339400000,2.56000,2.44000
-0.01339200000,2.60000,2.48000
-0.01339000000,2.56000,2.44000
-0.01338800000,2.60000,2.44000
-0.01338600000,2.60000,2.44000
-0.01338400000,2.60000,2.44000
-0.01338200000,2.56000,2.44000
-0.01338000000,2.56000,2.36000
-0.01337800000,2.60000,2.44000
-0.01337600000,2.60000,2.44000
-0.01337400000,2.60000,2.44000
-0.01337200000,2.56000,2.40000
-0.01337000000,2.60000,2.48000
-0.01336800000,2.60000,2.44000
-0.01336600000,2.60000,2.44000
-0.01336400000,2.56000,2.44000
-0.01336200000,2.60000,2.44000
-0.01336000000,2.56000,2.44000
-0.01335800000,2.56000,2.48000
-0.01335600000,2.52000,2.40000
-0.01335400000,2.60000,2.44000
-0.01335200000,2.52000,2.40000
-0.01335000000,2.60000,2.44000
-0.01334800000,2.60000,2.48000
-0.01334600000,2.56000,2.36000
-0.01334400000,2.60000,2.44000
-0.01334200000,2.56000,2.44000
-0.01334000000,2.56000,2.44000
-0.01333800000,2.60000,2.48000
-0.01333600000,2.60000,2.48000
-0.01333400000,2.60000,2.52000
-0.01333200000,2.56000,2.44000
-0.01333000000,2.56000,2.44000
-0.01332800000,2.60000,2.48000
-0.01332600000,2.56000,2.44000
-0.01332400000,2.60000,2.44000
-0.01332200000,2.60000,2.48000
-0.01332000000,2.60000,2.44000
-0.01331800000,2.52000,2.36000
-0.01331600000,2.56000,2.44000
-0.01331400000,2.56000,2.48000
-0.01331200000,2.60000,2.48000
-0.01331000000,2.56000,2.44000
-0.01330800000,2.64000,2.56000
-0.01330600000,2.56000,2.40000
-0.01330400000,2.56000,2.44000
-0.01330200000,2.56000,2.44000
-0.01330000000,2.60000,2.48000
-0.01329800000,2.56000,2.44000
-0.01329600000,2.52000,2.36000
-0.01329400000,2.52000,2.36000
-0.01329200000,2.60000,2.44000
-0.01329000000,2.56000,2.44000
-0.01328800000,2.56000,2.44000
-0.01328600000,2.60000,2.44000
-0.01328400000,2.56000,2.44000
-0.01328200000,2.60000,2.44000
-0.01328000000,2.56000,2.44000
-0.01327800000,2.56000,2.48000
-0.01327600000,2.56000,2.44000
-0.01327400000,2.52000,2.44000
-0.01327200000,2.60000,2.44000
-0.01327000000,2.56000,2.44000
-0.01326800000,2.56000,2.44000
-0.01326600000,2.64000,2.48000
-0.01326400000,2.56000,2.44000
-0.01326200000,2.56000,2.44000
-0.01326000000,2.56000,2.44000
-0.01325800000,2.56000,2.44000
-0.01325600000,2.56000,2.44000
-0.01325400000,2.68000,2.56000
-0.01325200000,2.56000,2.44000
-0.01325000000,2.56000,2.44000
-0.01324800000,2.60000,2.48000
-0.01324600000,2.56000,2.44000
-0.01324400000,2.60000,2.44000
-0.01324200000,2.56000,2.44000
-0.01324000000,2.60000,2.44000
-0.01323800000,2.56000,2.44000
-0.01323600000,2.60000,2.48000
-0.01323400000,2.52000,2.44000
-0.01323200000,2.60000,2.48000
-0.01323000000,2.60000,2.48000
-0.01322800000,2.56000,2.44000
-0.01322600000,2.56000,2.44000
-0.01322400000,2.56000,2.44000
-0.01322200000,2.60000,2.44000
-0.01322000000,2.64000,2.48000
-0.01321800000,2.56000,2.44000
-0.01321600000,2.60000,2.44000
-0.01321400000,2.56000,2.44000
-0.01321200000,2.56000,2.44000
-0.01321000000,2.60000,2.44000
-0.01320800000,2.48000,2.36000
-0.01320600000,2.56000,2.44000
-0.01320400000,2.56000,2.44000
-0.01320200000,2.56000,2.44000
-0.01320000000,2.56000,2.44000
-0.01319800000,2.56000,2.40000
-0.01319600000,2.56000,2.44000
-0.01319400000,2.56000,2.44000
-0.01319200000,2.64000,2.48000
-0.01319000000,2.60000,2.44000
-0.01318800000,2.60000,2.44000
-0.01318600000,2.60000,2.48000
-0.01318400000,2.56000,2.44000
-0.01318200000,2.56000,2.44000
-0.01318000000,2.56000,2.44000
-0.01317800000,2.60000,2.44000
-0.01317600000,2.60000,2.44000
-0.01317400000,2.56000,2.44000
-0.01317200000,2.56000,2.44000
-0.01317000000,2.56000,2.44000
-0.01316800000,2.52000,2.36000
-0.01316600000,2.56000,2.44000
-0.01316400000,2.56000,2.44000
-0.01316200000,2.60000,2.44000
-0.01316000000,2.60000,2.44000
-0.01315800000,2.56000,2.44000
-0.01315600000,2.52000,2.32000
-0.01315400000,2.56000,2.44000
-0.01315200000,2.56000,2.44000
-0.01315000000,2.56000,2.44000
-0.01314800000,2.56000,2.44000
-0.01314600000,2.60000,2.48000
-0.01314400000,2.56000,2.44000
-0.01314200000,2.56000,2.44000
-0.01314000000,2.56000,2.40000
-0.01313800000,2.56000,2.44000
-0.01313600000,2.56000,2.44000
-0.01313400000,2.56000,2.44000
-0.01313200000,2.52000,2.40000
-0.01313000000,2.56000,2.48000
-0.01312800000,2.60000,2.48000
-0.01312600000,2.56000,2.44000
-0.01312400000,2.56000,2.44000
-0.01312200000,2.56000,2.44000
-0.01312000000,2.56000,2.44000
-0.01311800000,2.60000,2.44000
-0.01311600000,2.56000,2.44000
-0.01311400000,2.56000,2.44000
-0.01311200000,2.56000,2.44000
-0.01311000000,2.64000,2.56000
-0.01310800000,2.60000,2.48000
-0.01310600000,2.56000,2.44000
-0.01310400000,2.56000,2.44000
-0.01310200000,2.52000,2.36000
-0.01310000000,2.60000,2.44000
-0.01309800000,2.52000,2.32000
-0.01309600000,2.56000,2.44000
-0.01309400000,2.60000,2.48000
-0.01309200000,2.60000,2.44000
-0.01309000000,2.56000,2.44000
-0.01308800000,2.56000,2.48000
-0.01308600000,2.56000,2.44000
-0.01308400000,2.60000,2.44000
-0.01308200000,2.60000,2.48000
-0.01308000000,2.64000,2.48000
-0.01307800000,2.56000,2.44000
-0.01307600000,2.64000,2.48000
-0.01307400000,2.56000,2.44000
-0.01307200000,2.56000,2.44000
-0.01307000000,2.52000,2.44000
-0.01306800000,2.56000,2.44000
-0.01306600000,2.56000,2.44000
-0.01306400000,2.56000,2.44000
-0.01306200000,2.60000,2.44000
-0.01306000000,2.56000,2.44000
-0.01305800000,2.60000,2.44000
-0.01305600000,2.56000,2.44000
-0.01305400000,2.60000,2.44000
-0.01305200000,2.64000,2.48000
-0.01305000000,2.56000,2.44000
-0.01304800000,2.60000,2.48000
-0.01304600000,2.64000,2.52000
-0.01304400000,2.56000,2.44000
-0.01304200000,2.56000,2.44000
-0.01304000000,2.68000,2.48000
-0.01303800000,2.56000,2.44000
-0.01303600000,2.52000,2.40000
-0.01303400000,2.56000,2.44000
-0.01303200000,2.60000,2.44000
-0.01303000000,2.56000,2.44000
-0.01302800000,2.56000,2.44000
-0.01302600000,2.60000,2.44000
-0.01302400000,2.56000,2.44000
-0.01302200000,2.56000,2.44000
-0.01302000000,2.56000,2.44000
-0.01301800000,2.60000,2.48000
-0.01301600000,2.56000,2.44000
-0.01301400000,2.56000,2.44000
-0.01301200000,2.56000,2.44000
-0.01301000000,2.60000,2.44000
-0.01300800000,2.60000,2.48000
-0.01300600000,2.60000,2.44000
-0.01300400000,2.60000,2.44000
-0.01300200000,2.56000,2.44000
-0.01300000000,2.64000,2.48000
-0.01299800000,2.60000,2.44000
-0.01299600000,2.56000,2.44000
-0.01299400000,2.56000,2.44000
-0.01299200000,2.56000,2.44000
-0.01299000000,2.60000,2.44000
-0.01298800000,2.56000,2.44000
-0.01298600000,2.56000,2.44000
-0.01298400000,2.56000,2.44000
-0.01298200000,2.56000,2.48000
-0.01298000000,2.60000,2.44000
-0.01297800000,2.56000,2.44000
-0.01297600000,2.56000,2.44000
-0.01297400000,2.56000,2.44000
-0.01297200000,2.52000,2.40000
-0.01297000000,2.56000,2.44000
-0.01296800000,2.56000,2.44000
-0.01296600000,2.56000,2.40000
-0.01296400000,2.60000,2.44000
-0.01296200000,2.56000,2.44000
-0.01296000000,2.56000,2.44000
-0.01295800000,2.64000,2.48000
-0.01295600000,2.52000,2.44000
-0.01295400000,2.64000,2.48000
-0.01295200000,2.56000,2.44000
-0.01295000000,2.56000,2.44000
-0.01294800000,2.60000,2.44000
-0.01294600000,2.56000,2.44000
-0.01294400000,2.56000,2.44000
-0.01294200000,2.56000,2.48000
-0.01294000000,2.72000,2.56000
-0.01293800000,2.56000,2.44000
-0.01293600000,2.52000,2.44000
-0.01293400000,2.56000,2.44000
-0.01293200000,2.56000,2.44000
-0.01293000000,2.52000,2.40000
-0.01292800000,2.56000,2.44000
-0.01292600000,2.56000,2.44000
-0.01292400000,2.56000,2.40000
-0.01292200000,2.60000,2.48000
-0.01292000000,2.68000,2.48000
-0.01291800000,2.56000,2.44000
-0.01291600000,2.56000,2.44000
-0.01291400000,2.56000,2.44000
-0.01291200000,2.60000,2.44000
-0.01291000000,2.56000,2.44000
-0.01290800000,2.64000,2.48000
-0.01290600000,2.60000,2.48000
-0.01290400000,2.60000,2.44000
-0.01290200000,2.60000,2.48000
-0.01290000000,2.60000,2.48000
-0.01289800000,2.56000,2.40000
-0.01289600000,2.48000,2.36000
-0.01289400000,2.56000,2.44000
-0.01289200000,2.56000,2.44000
-0.01289000000,2.56000,2.44000
-0.01288800000,2.60000,2.44000
-0.01288600000,2.52000,2.40000
-0.01288400000,2.52000,2.40000
-0.01288200000,2.56000,2.44000
-0.01288000000,2.60000,2.44000
-0.01287800000,2.56000,2.44000
-0.01287600000,2.56000,2.44000
-0.01287400000,2.60000,2.48000
-0.01287200000,2.64000,2.48000
-0.01287000000,2.60000,2.44000
-0.01286800000,2.56000,2.48000
-0.01286600000,2.56000,2.44000
-0.01286400000,2.56000,2.44000
-0.01286200000,2.60000,2.48000
-0.01286000000,2.56000,2.44000
-0.01285800000,2.56000,2.44000
-0.01285600000,2.64000,2.48000
-0.01285400000,2.56000,2.44000
-0.01285200000,2.56000,2.44000
-0.01285000000,2.56000,2.44000
-0.01284800000,2.56000,2.44000
-0.01284600000,2.60000,2.44000
-0.01284400000,2.56000,2.44000
-0.01284200000,2.56000,2.44000
-0.01284000000,2.56000,2.44000
-0.01283800000,2.60000,2.44000
-0.01283600000,2.60000,2.44000
-0.01283400000,2.60000,2.44000
-0.01283200000,2.56000,2.44000
-0.01283000000,2.56000,2.44000
-0.01282800000,2.52000,2.36000
-0.01282600000,2.60000,2.44000
-0.01282400000,2.56000,2.44000
-0.01282200000,2.60000,2.48000
-0.01282000000,2.60000,2.44000
-0.01281800000,2.60000,2.48000
-0.01281600000,2.60000,2.48000
-0.01281400000,2.60000,2.40000
-0.01281200000,2.52000,2.40000
-0.01281000000,2.56000,2.48000
-0.01280800000,2.60000,2.44000
-0.01280600000,2.60000,2.44000
-0.01280400000,2.56000,2.44000
-0.01280200000,2.56000,2.44000
-0.01280000000,2.56000,2.44000
-0.01279800000,2.52000,2.44000
-0.01279600000,2.56000,2.44000
-0.01279400000,2.56000,2.44000
-0.01279200000,2.56000,2.44000
-0.01279000000,2.56000,2.44000
-0.01278800000,2.60000,2.48000
-0.01278600000,2.60000,2.48000
-0.01278400000,2.56000,2.44000
-0.01278200000,2.60000,2.44000
-0.01278000000,2.60000,2.44000
-0.01277800000,2.60000,2.48000
-0.01277600000,2.60000,2.44000
-0.01277400000,2.56000,2.44000
-0.01277200000,2.56000,2.44000
-0.01277000000,2.60000,2.44000
-0.01276800000,2.64000,2.48000
-0.01276600000,2.60000,2.44000
-0.01276400000,2.60000,2.44000
-0.01276200000,2.56000,2.44000
-0.01276000000,2.56000,2.44000
-0.01275800000,2.56000,2.44000
-0.01275600000,2.72000,2.56000
-0.01275400000,2.56000,2.44000
-0.01275200000,2.56000,2.44000
-0.01275000000,2.56000,2.44000
-0.01274800000,2.56000,2.44000
-0.01274600000,2.56000,2.44000
-0.01274400000,2.60000,2.44000
-0.01274200000,2.56000,2.44000
-0.01274000000,2.52000,2.40000
-0.01273800000,2.60000,2.48000
-0.01273600000,2.60000,2.48000
-0.01273400000,2.56000,2.44000
-0.01273200000,2.60000,2.44000
-0.01273000000,2.60000,2.48000
-0.01272800000,2.56000,2.44000
-0.01272600000,2.68000,2.48000
-0.01272400000,2.56000,2.44000
-0.01272200000,2.56000,2.48000
-0.01272000000,2.56000,2.44000
-0.01271800000,2.56000,2.44000
-0.01271600000,2.60000,2.48000
-0.01271400000,2.56000,2.44000
-0.01271200000,2.52000,2.40000
-0.01271000000,2.60000,2.48000
-0.01270800000,2.40000,2.28000
-0.01270600000,2.56000,2.44000
-0.01270400000,2.64000,2.48000
-0.01270200000,2.56000,2.44000
-0.01270000000,2.64000,2.44000
-0.01269800000,2.48000,2.44000
-0.01269600000,2.56000,2.44000
-0.01269400000,2.60000,2.44000
-0.01269200000,2.60000,2.44000
-0.01269000000,2.56000,2.44000
-0.01268800000,2.60000,2.44000
-0.01268600000,2.56000,2.44000
-0.01268400000,2.56000,2.44000
-0.01268200000,2.68000,2.52000
-0.01268000000,2.60000,2.44000
-0.01267800000,2.56000,2.44000
-0.01267600000,2.60000,2.44000
-0.01267400000,2.60000,2.44000
-0.01267200000,2.64000,2.48000
-0.01267000000,2.56000,2.44000
-0.01266800000,2.64000,2.44000
-0.01266600000,2.60000,2.44000
-0.01266400000,2.60000,2.48000
-0.01266200000,2.56000,2.44000
-0.01266000000,2.60000,2.44000
-0.01265800000,2.60000,2.48000
-0.01265600000,2.60000,2.48000
-0.01265400000,2.68000,2.56000
-0.01265200000,2.60000,2.44000
-0.01265000000,2.60000,2.48000
-0.01264800000,2.60000,2.48000
-0.01264600000,2.60000,2.48000
-0.01264400000,2.60000,2.44000
-0.01264200000,2.60000,2.48000
-0.01264000000,2.60000,2.40000
-0.01263800000,2.56000,2.44000
-0.01263600000,2.60000,2.44000
-0.01263400000,2.56000,2.44000
-0.01263200000,2.56000,2.44000
-0.01263000000,2.56000,2.40000
-0.01262800000,2.56000,2.44000
-0.01262600000,2.56000,2.44000
-0.01262400000,2.60000,2.40000
-0.01262200000,2.56000,2.44000
-0.01262000000,2.56000,2.44000
-0.01261800000,2.56000,2.40000
-0.01261600000,2.56000,2.44000
-0.01261400000,2.56000,2.44000
-0.01261200000,2.64000,2.48000
-0.01261000000,2.56000,2.44000
-0.01260800000,2.56000,2.44000
-0.01260600000,2.56000,2.44000
-0.01260400000,2.60000,2.48000
-0.01260200000,2.56000,2.44000
-0.01260000000,2.52000,2.44000
-0.01259800000,2.60000,2.48000
-0.01259600000,2.60000,2.44000
-0.01259400000,2.64000,2.48000
-0.01259200000,2.56000,2.44000
-0.01259000000,2.60000,2.48000
-0.01258800000,2.52000,2.32000
-0.01258600000,2.56000,2.44000
-0.01258400000,2.60000,2.48000
-0.01258200000,2.56000,2.44000
-0.01258000000,2.56000,2.44000
-0.01257800000,2.56000,2.44000
-0.01257600000,2.60000,2.48000
-0.01257400000,2.64000,2.44000
-0.01257200000,2.52000,2.40000
-0.01257000000,2.56000,2.44000
-0.01256800000,2.60000,2.44000
-0.01256600000,2.56000,2.44000
-0.01256400000,2.56000,2.40000
-0.01256200000,2.56000,2.44000
-0.01256000000,2.56000,2.44000
-0.01255800000,2.56000,2.44000
-0.01255600000,2.60000,2.44000
-0.01255400000,2.52000,2.36000
-0.01255200000,2.56000,2.44000
-0.01255000000,2.56000,2.44000
-0.01254800000,2.60000,2.48000
-0.01254600000,2.56000,2.44000
-0.01254400000,2.56000,2.44000
-0.01254200000,2.60000,2.48000
-0.01254000000,2.56000,2.44000
-0.01253800000,2.52000,2.28000
-0.01253600000,2.56000,2.44000
-0.01253400000,2.60000,2.48000
-0.01253200000,2.60000,2.44000
-0.01253000000,2.52000,2.48000
-0.01252800000,2.56000,2.44000
-0.01252600000,2.60000,2.48000
-0.01252400000,2.60000,2.44000
-0.01252200000,2.56000,2.44000
-0.01252000000,2.56000,2.48000
-0.01251800000,2.56000,2.48000
-0.01251600000,2.56000,2.44000
-0.01251400000,2.60000,2.44000
-0.01251200000,2.60000,2.48000
-0.01251000000,2.56000,2.44000
-0.01250800000,2.56000,2.44000
-0.01250600000,2.64000,2.52000
-0.01250400000,2.56000,2.44000
-0.01250200000,2.56000,2.44000
-0.01250000000,2.56000,2.44000
-0.01249800000,2.60000,2.44000
-0.01249600000,2.56000,2.44000
-0.01249400000,2.56000,2.40000
-0.01249200000,2.60000,2.44000
-0.01249000000,2.52000,2.44000
-0.01248800000,2.60000,2.48000
-0.01248600000,2.56000,2.44000
-0.01248400000,2.48000,2.36000
-0.01248200000,2.64000,2.48000
-0.01248000000,2.52000,2.36000
-0.01247800000,2.56000,2.44000
-0.01247600000,2.60000,2.44000
-0.01247400000,2.64000,2.48000
-0.01247200000,2.56000,2.48000
-0.01247000000,2.60000,2.44000
-0.01246800000,2.56000,2.40000
-0.01246600000,2.60000,2.44000
-0.01246400000,2.56000,2.44000
-0.01246200000,2.52000,2.44000
-0.01246000000,2.60000,2.44000
-0.01245800000,2.56000,2.44000
-0.01245600000,2.56000,2.44000
-0.01245400000,2.60000,2.48000
-0.01245200000,2.60000,2.44000
-0.01245000000,2.60000,2.44000
-0.01244800000,2.60000,2.44000
-0.01244600000,2.60000,2.44000
-0.01244400000,2.60000,2.48000
-0.01244200000,2.60000,2.44000
-0.01244000000,2.60000,2.44000
-0.01243800000,2.56000,2.44000
-0.01243600000,2.60000,2.44000
-0.01243400000,2.56000,2.44000
-0.01243200000,2.60000,2.48000
-0.01243000000,2.60000,2.44000
-0.01242800000,2.60000,2.44000
-0.01242600000,2.60000,2.48000
-0.01242400000,2.56000,2.44000
-0.01242200000,2.64000,2.48000
-0.01242000000,2.52000,2.40000
-0.01241800000,2.60000,2.48000
-0.01241600000,2.56000,2.36000
-0.01241400000,2.56000,2.40000
-0.01241200000,2.60000,2.44000
-0.01241000000,2.56000,2.44000
-0.01240800000,2.56000,2.44000
-0.01240600000,2.60000,2.44000
-0.01240400000,2.60000,2.48000
-0.01240200000,2.60000,2.48000
-0.01240000000,2.60000,2.44000
-0.01239800000,2.52000,2.44000
-0.01239600000,2.60000,2.44000
-0.01239400000,2.60000,2.44000
-0.01239200000,2.56000,2.44000
-0.01239000000,2.60000,2.44000
-0.01238800000,2.56000,2.44000
-0.01238600000,2.68000,2.52000
-0.01238400000,2.56000,2.44000
-0.01238200000,2.56000,2.44000
-0.01238000000,2.60000,2.44000
-0.01237800000,2.72000,2.72000
-0.01237600000,2.60000,2.48000
-0.01237400000,2.72000,2.52000
-0.01237200000,2.60000,2.44000
-0.01237000000,2.60000,2.44000
-0.01236800000,2.68000,2.48000
-0.01236600000,2.56000,2.44000
-0.01236400000,2.60000,2.44000
-0.01236200000,2.56000,2.44000
-0.01236000000,2.60000,2.48000
-0.01235800000,2.60000,2.44000
-0.01235600000,2.60000,2.44000
-0.01235400000,2.56000,2.44000
-0.01235200000,2.60000,2.44000
-0.01235000000,2.56000,2.44000
-0.01234800000,2.60000,2.44000
-0.01234600000,2.64000,2.48000
-0.01234400000,2.56000,2.44000
-0.01234200000,2.56000,2.44000
-0.01234000000,2.56000,2.40000
-0.01233800000,2.60000,2.44000
-0.01233600000,2.56000,2.44000
-0.01233400000,2.56000,2.44000
-0.01233200000,2.56000,2.44000
-0.01233000000,2.56000,2.44000
-0.01232800000,2.64000,2.44000
-0.01232600000,2.56000,2.44000
-0.01232400000,2.56000,2.44000
-0.01232200000,2.56000,2.44000
-0.01232000000,2.40000,2.24000
-0.01231800000,2.56000,2.44000
-0.01231600000,2.56000,2.48000
-0.01231400000,2.56000,2.44000
-0.01231200000,2.60000,2.44000
-0.01231000000,2.56000,2.44000
-0.01230800000,2.56000,2.44000
-0.01230600000,2.56000,2.44000
-0.01230400000,2.56000,2.44000
-0.01230200000,2.56000,2.44000
-0.01230000000,2.56000,2.44000
-0.01229800000,2.64000,2.44000
-0.01229600000,2.60000,2.48000
-0.01229400000,2.52000,2.36000
-0.01229200000,2.60000,2.44000
-0.01229000000,2.60000,2.48000
-0.01228800000,2.56000,2.44000
-0.01228600000,2.56000,2.44000
-0.01228400000,2.56000,2.48000
-0.01228200000,2.60000,2.44000
-0.01228000000,2.56000,2.44000
-0.01227800000,2.60000,2.44000
-0.01227600000,2.60000,2.48000
-0.01227400000,2.56000,2.44000
-0.01227200000,2.56000,2.40000
-0.01227000000,2.56000,2.44000
-0.01226800000,2.52000,2.44000
-0.01226600000,2.56000,2.44000
-0.01226400000,2.60000,2.48000
-0.01226200000,2.60000,2.48000
-0.01226000000,2.56000,2.48000
-0.01225800000,2.56000,2.44000
-0.01225600000,2.56000,2.44000
-0.01225400000,2.60000,2.48000
-0.01225200000,2.60000,2.44000
-0.01225000000,2.60000,2.44000
-0.01224800000,2.60000,2.48000
-0.01224600000,2.64000,2.48000
-0.01224400000,2.56000,2.44000
-0.01224200000,2.68000,2.48000
-0.01224000000,2.60000,2.44000
-0.01223800000,2.64000,2.52000
-0.01223600000,2.60000,2.48000
-0.01223400000,2.56000,2.44000
-0.01223200000,2.64000,2.44000
-0.01223000000,2.64000,2.48000
-0.01222800000,2.60000,2.44000
-0.01222600000,2.56000,2.44000
-0.01222400000,2.56000,2.44000
-0.01222200000,2.56000,2.44000
-0.01222000000,2.56000,2.48000
-0.01221800000,2.56000,2.44000
-0.01221600000,2.56000,2.44000
-0.01221400000,2.56000,2.44000
-0.01221200000,2.56000,2.44000
-0.01221000000,2.56000,2.44000
-0.01220800000,2.56000,2.44000
-0.01220600000,2.64000,2.48000
-0.01220400000,2.60000,2.44000
-0.01220200000,2.52000,2.32000
-0.01220000000,2.56000,2.44000
-0.01219800000,2.56000,2.44000
-0.01219600000,2.56000,2.44000
-0.01219400000,2.60000,2.44000
-0.01219200000,2.64000,2.44000
-0.01219000000,2.56000,2.44000
-0.01218800000,2.56000,2.44000
-0.01218600000,2.56000,2.44000
-0.01218400000,2.60000,2.44000
-0.01218200000,2.56000,2.44000
-0.01218000000,2.64000,2.48000
-0.01217800000,2.60000,2.44000
-0.01217600000,2.60000,2.44000
-0.01217400000,2.56000,2.44000
-0.01217200000,2.60000,2.44000
-0.01217000000,2.56000,2.44000
-0.01216800000,2.44000,2.28000
-0.01216600000,2.56000,2.44000
-0.01216400000,2.56000,2.44000
-0.01216200000,2.56000,2.44000
-0.01216000000,2.60000,2.48000
-0.01215800000,2.52000,2.36000
-0.01215600000,2.52000,2.44000
-0.01215400000,2.56000,2.44000
-0.01215200000,2.60000,2.44000
-0.01215000000,2.56000,2.44000
-0.01214800000,2.60000,2.44000
-0.01214600000,2.60000,2.44000
-0.01214400000,2.60000,2.44000
-0.01214200000,2.56000,2.44000
-0.01214000000,2.52000,2.36000
-0.01213800000,2.56000,2.44000
-0.01213600000,2.60000,2.44000
-0.01213400000,2.52000,2.44000
-0.01213200000,2.60000,2.48000
-0.01213000000,2.64000,2.48000
-0.01212800000,2.60000,2.48000
-0.01212600000,2.56000,2.44000
-0.01212400000,2.56000,2.44000
-0.01212200000,2.56000,2.44000
-0.01212000000,2.56000,2.44000
-0.01211800000,2.56000,2.44000
-0.01211600000,2.52000,2.40000
-0.01211400000,2.60000,2.48000
-0.01211200000,2.60000,2.44000
-0.01211000000,2.60000,2.44000
-0.01210800000,2.56000,2.40000
-0.01210600000,2.56000,2.48000
-0.01210400000,2.68000,2.48000
-0.01210200000,2.56000,2.44000
-0.01210000000,2.52000,2.44000
-0.01209800000,2.56000,2.48000
-0.01209600000,2.56000,2.44000
-0.01209400000,2.64000,2.48000
-0.01209200000,2.64000,2.48000
-0.01209000000,2.56000,2.44000
-0.01208800000,2.56000,2.40000
-0.01208600000,2.60000,2.48000
-0.01208400000,2.60000,2.48000
-0.01208200000,2.56000,2.44000
-0.01208000000,2.56000,2.44000
-0.01207800000,2.60000,2.48000
-0.01207600000,2.56000,2.44000
-0.01207400000,2.56000,2.44000
-0.01207200000,2.56000,2.44000
-0.01207000000,2.60000,2.48000
-0.01206800000,2.60000,2.48000
-0.01206600000,2.56000,2.44000
-0.01206400000,2.60000,2.44000
-0.01206200000,2.56000,2.44000
-0.01206000000,2.56000,2.44000
-0.01205800000,2.56000,2.44000
-0.01205600000,2.60000,2.44000
-0.01205400000,2.64000,2.48000
-0.01205200000,2.52000,2.36000
-0.01205000000,2.56000,2.44000
-0.01204800000,2.60000,2.48000
-0.01204600000,2.48000,2.40000
-0.01204400000,2.56000,2.44000
-0.01204200000,2.64000,2.48000
-0.01204000000,2.56000,2.48000
-0.01203800000,2.56000,2.44000
-0.01203600000,2.56000,2.44000
-0.01203400000,2.56000,2.44000
-0.01203200000,2.56000,2.44000
-0.01203000000,2.56000,2.48000
-0.01202800000,2.56000,2.44000
-0.01202600000,2.60000,2.44000
-0.01202400000,2.56000,2.44000
-0.01202200000,2.60000,2.48000
-0.01202000000,2.60000,2.44000
-0.01201800000,2.56000,2.40000
-0.01201600000,2.60000,2.48000
-0.01201400000,2.56000,2.44000
-0.01201200000,2.60000,2.44000
-0.01201000000,2.52000,2.44000
-0.01200800000,2.56000,2.44000
-0.01200600000,2.60000,2.40000
-0.01200400000,2.56000,2.44000
-0.01200200000,2.60000,2.44000
-0.01200000000,2.60000,2.48000
-0.01199800000,2.60000,2.48000
-0.01199600000,2.60000,2.44000
-0.01199400000,2.64000,2.48000
-0.01199200000,2.56000,2.44000
-0.01199000000,2.56000,2.44000
-0.01198800000,2.64000,2.44000
-0.01198600000,2.56000,2.44000
-0.01198400000,2.60000,2.44000
-0.01198200000,2.56000,2.44000
-0.01198000000,2.56000,2.44000
-0.01197800000,2.72000,2.68000
-0.01197600000,2.60000,2.44000
-0.01197400000,2.60000,2.48000
-0.01197200000,2.60000,2.44000
-0.01197000000,2.56000,2.44000
-0.01196800000,2.56000,2.44000
-0.01196600000,2.60000,2.44000
-0.01196400000,2.56000,2.44000
-0.01196200000,2.60000,2.44000
-0.01196000000,2.60000,2.48000
-0.01195800000,2.56000,2.44000
-0.01195600000,2.56000,2.44000
-0.01195400000,2.60000,2.44000
-0.01195200000,2.60000,2.44000
-0.01195000000,2.56000,2.40000
-0.01194800000,2.64000,2.48000
-0.01194600000,2.60000,2.48000
-0.01194400000,2.56000,2.44000
-0.01194200000,2.56000,2.44000
-0.01194000000,2.64000,2.48000
-0.01193800000,2.56000,2.44000
-0.01193600000,2.64000,2.48000
-0.01193400000,2.60000,2.44000
-0.01193200000,2.60000,2.44000
-0.01193000000,2.48000,2.44000
-0.01192800000,2.56000,2.44000
-0.01192600000,2.56000,2.44000
-0.01192400000,2.68000,2.48000
-0.01192200000,2.56000,2.44000
-0.01192000000,2.60000,2.44000
-0.01191800000,2.60000,2.48000
-0.01191600000,2.64000,2.52000
-0.01191400000,2.56000,2.48000
-0.01191200000,2.56000,2.44000
-0.01191000000,2.56000,2.44000
-0.01190800000,2.60000,2.48000
-0.01190600000,2.60000,2.44000
-0.01190400000,2.56000,2.44000
-0.01190200000,2.72000,2.56000
-0.01190000000,2.52000,2.40000
-0.01189800000,2.56000,2.40000
-0.01189600000,2.56000,2.44000
-0.01189400000,2.56000,2.44000
-0.01189200000,2.56000,2.44000
-0.01189000000,2.48000,2.40000
-0.01188800000,2.60000,2.44000
-0.01188600000,2.56000,2.44000
-0.01188400000,2.56000,2.40000
-0.01188200000,2.56000,2.44000
-0.01188000000,2.60000,2.44000
-0.01187800000,2.48000,2.44000
-0.01187600000,2.56000,2.44000
-0.01187400000,2.56000,2.48000
-0.01187200000,2.56000,2.40000
-0.01187000000,2.60000,2.44000
-0.01186800000,2.56000,2.44000
-0.01186600000,2.56000,2.44000
-0.01186400000,2.56000,2.40000
-0.01186200000,2.56000,2.44000
-0.01186000000,2.60000,2.44000
-0.01185800000,2.60000,2.44000
-0.01185600000,2.56000,2.44000
-0.01185400000,2.60000,2.44000
-0.01185200000,2.56000,2.44000
-0.01185000000,2.56000,2.44000
-0.01184800000,2.56000,2.44000
-0.01184600000,2.56000,2.44000
-0.01184400000,2.56000,2.44000
-0.01184200000,2.60000,2.48000
-0.01184000000,2.56000,2.44000
-0.01183800000,2.56000,2.48000
-0.01183600000,2.64000,2.48000
-0.01183400000,2.56000,2.40000
-0.01183200000,2.64000,2.48000
-0.01183000000,2.56000,2.44000
-0.01182800000,2.56000,2.44000
-0.01182600000,2.52000,2.40000
-0.01182400000,2.56000,2.44000
-0.01182200000,2.56000,2.44000
-0.01182000000,2.68000,2.48000
-0.01181800000,2.56000,2.48000
-0.01181600000,2.56000,2.44000
-0.01181400000,2.56000,2.44000
-0.01181200000,2.56000,2.44000
-0.01181000000,2.56000,2.44000
-0.01180800000,2.56000,2.44000
-0.01180600000,2.56000,2.44000
-0.01180400000,2.56000,2.36000
-0.01180200000,2.52000,2.44000
-0.01180000000,2.56000,2.44000
-0.01179800000,2.56000,2.44000
-0.01179600000,2.56000,2.44000
-0.01179400000,2.56000,2.44000
-0.01179200000,2.64000,2.56000
-0.01179000000,2.56000,2.44000
-0.01178800000,2.48000,2.32000
-0.01178600000,2.60000,2.48000
-0.01178400000,2.56000,2.44000
-0.01178200000,2.56000,2.44000
-0.01178000000,2.60000,2.44000
-0.01177800000,2.56000,2.44000
-0.01177600000,2.56000,2.44000
-0.01177400000,2.60000,2.48000
-0.01177200000,2.56000,2.44000
-0.01177000000,2.56000,2.44000
-0.01176800000,2.64000,2.48000
-0.01176600000,2.56000,2.44000
-0.01176400000,2.60000,2.48000
-0.01176200000,2.52000,2.44000
-0.01176000000,2.64000,2.48000
-0.01175800000,2.64000,2.48000
-0.01175600000,2.52000,2.44000
-0.01175400000,2.60000,2.48000
-0.01175200000,2.60000,2.44000
-0.01175000000,2.48000,2.32000
-0.01174800000,2.56000,2.44000
-0.01174600000,2.60000,2.48000
-0.01174400000,2.60000,2.44000
-0.01174200000,2.60000,2.44000
-0.01174000000,2.56000,2.40000
-0.01173800000,2.60000,2.44000
-0.01173600000,2.60000,2.48000
-0.01173400000,2.52000,2.44000
-0.01173200000,2.56000,2.44000
-0.01173000000,2.52000,2.32000
-0.01172800000,2.60000,2.48000
-0.01172600000,2.56000,2.44000
-0.01172400000,2.68000,2.56000
-0.01172200000,2.52000,2.44000
-0.01172000000,2.56000,2.44000
-0.01171800000,2.60000,2.48000
-0.01171600000,2.56000,2.40000
-0.01171400000,2.56000,2.44000
-0.01171200000,2.68000,2.48000
-0.01171000000,2.60000,2.48000
-0.01170800000,2.56000,2.44000
-0.01170600000,2.60000,2.44000
-0.01170400000,2.56000,2.36000
-0.01170200000,2.60000,2.44000
-0.01170000000,2.56000,2.44000
-0.01169800000,2.56000,2.44000
-0.01169600000,2.60000,2.44000
-0.01169400000,2.56000,2.44000
-0.01169200000,2.64000,2.48000
-0.01169000000,2.60000,2.48000
-0.01168800000,2.44000,2.32000
-0.01168600000,2.60000,2.44000
-0.01168400000,2.60000,2.44000
-0.01168200000,2.56000,2.44000
-0.01168000000,2.48000,2.32000
-0.01167800000,2.56000,2.44000
-0.01167600000,2.56000,2.44000
-0.01167400000,2.56000,2.44000
-0.01167200000,2.56000,2.44000
-0.01167000000,2.56000,2.44000
-0.01166800000,2.60000,2.44000
-0.01166600000,2.56000,2.48000
-0.01166400000,2.60000,2.44000
-0.01166200000,2.60000,2.44000
-0.01166000000,2.56000,2.44000
-0.01165800000,2.56000,2.48000
-0.01165600000,2.56000,2.44000
-0.01165400000,2.56000,2.44000
-0.01165200000,2.56000,2.44000
-0.01165000000,2.60000,2.44000
-0.01164800000,2.56000,2.44000
-0.01164600000,2.60000,2.56000
-0.01164400000,2.52000,2.40000
-0.01164200000,2.60000,2.44000
-0.01164000000,2.60000,2.48000
-0.01163800000,2.56000,2.44000
-0.01163600000,2.56000,2.44000
-0.01163400000,2.56000,2.44000
-0.01163200000,2.56000,2.44000
-0.01163000000,2.64000,2.44000
-0.01162800000,2.60000,2.48000
-0.01162600000,2.60000,2.48000
-0.01162400000,2.60000,2.48000
-0.01162200000,2.60000,2.48000
-0.01162000000,2.56000,2.44000
-0.01161800000,2.60000,2.48000
-0.01161600000,2.56000,2.44000
-0.01161400000,2.56000,2.44000
-0.01161200000,2.60000,2.48000
-0.01161000000,2.56000,2.44000
-0.01160800000,2.56000,2.44000
-0.01160600000,2.56000,2.44000
-0.01160400000,2.60000,2.44000
-0.01160200000,2.56000,2.44000
-0.01160000000,2.56000,2.44000
-0.01159800000,2.56000,2.44000
-0.01159600000,2.56000,2.44000
-0.01159400000,2.56000,2.48000
-0.01159200000,2.56000,2.48000
-0.01159000000,2.60000,2.44000
-0.01158800000,2.56000,2.40000
-0.01158600000,2.60000,2.44000
-0.01158400000,2.60000,2.48000
-0.01158200000,2.56000,2.48000
-0.01158000000,2.56000,2.44000
-0.01157800000,2.52000,2.40000
-0.01157600000,2.56000,2.44000
-0.01157400000,2.60000,2.48000
-0.01157200000,2.56000,2.44000
-0.01157000000,2.56000,2.44000
-0.01156800000,2.60000,2.44000
-0.01156600000,2.64000,2.48000
-0.01156400000,2.56000,2.44000
-0.01156200000,2.56000,2.44000
-0.01156000000,2.56000,2.44000
-0.01155800000,2.60000,2.48000
-0.01155600000,2.56000,2.44000
-0.01155400000,2.56000,2.44000
-0.01155200000,2.56000,2.44000
-0.01155000000,2.72000,2.60000
-0.01154800000,2.52000,2.36000
-0.01154600000,2.60000,2.44000
-0.01154400000,2.60000,2.44000
-0.01154200000,2.56000,2.44000
-0.01154000000,2.56000,2.44000
-0.01153800000,2.60000,2.48000
-0.01153600000,2.52000,2.36000
-0.01153400000,2.52000,2.48000
-0.01153200000,2.56000,2.44000
-0.01153000000,2.60000,2.48000
-0.01152800000,2.60000,2.48000
-0.01152600000,2.52000,2.36000
-0.01152400000,2.56000,2.44000
-0.01152200000,2.56000,2.44000
-0.01152000000,2.56000,2.44000
-0.01151800000,2.56000,2.44000
-0.01151600000,2.56000,2.44000
-0.01151400000,2.56000,2.44000
-0.01151200000,2.60000,2.48000
-0.01151000000,2.60000,2.44000
-0.01150800000,2.56000,2.44000
-0.01150600000,2.60000,2.44000
-0.01150400000,2.56000,2.44000
-0.01150200000,2.60000,2.48000
-0.01150000000,2.56000,2.44000
-0.01149800000,2.56000,2.44000
-0.01149600000,2.60000,2.44000
-0.01149400000,2.56000,2.44000
-0.01149200000,2.56000,2.44000
-0.01149000000,2.56000,2.44000
-0.01148800000,2.56000,2.44000
-0.01148600000,2.56000,2.44000
-0.01148400000,2.56000,2.44000
-0.01148200000,2.56000,2.44000
-0.01148000000,2.56000,2.44000
-0.01147800000,2.48000,2.40000
-0.01147600000,2.60000,2.44000
-0.01147400000,2.64000,2.48000
-0.01147200000,2.56000,2.44000
-0.01147000000,2.56000,2.48000
-0.01146800000,2.56000,2.40000
-0.01146600000,2.60000,2.48000
-0.01146400000,2.56000,2.44000
-0.01146200000,2.60000,2.48000
-0.01146000000,2.56000,2.44000
-0.01145800000,2.56000,2.44000
-0.01145600000,2.60000,2.44000
-0.01145400000,2.56000,2.44000
-0.01145200000,2.56000,2.44000
-0.01145000000,2.60000,2.44000
-0.01144800000,2.60000,2.48000
-0.01144600000,2.56000,2.44000
-0.01144400000,2.56000,2.44000
-0.01144200000,2.60000,2.48000
-0.01144000000,2.60000,2.48000
-0.01143800000,2.60000,2.44000
-0.01143600000,2.60000,2.48000
-0.01143400000,2.56000,2.44000
-0.01143200000,2.64000,2.48000
-0.01143000000,2.56000,2.44000
-0.01142800000,2.56000,2.48000
-0.01142600000,2.60000,2.48000
-0.01142400000,2.56000,2.44000
-0.01142200000,2.60000,2.44000
-0.01142000000,2.52000,2.44000
-0.01141800000,2.60000,2.48000
-0.01141600000,2.56000,2.44000
-0.01141400000,2.56000,2.44000
-0.01141200000,2.84000,2.76000
-0.01141000000,2.60000,2.48000
-0.01140800000,2.56000,2.44000
-0.01140600000,2.56000,2.44000
-0.01140400000,2.60000,2.44000
-0.01140200000,2.56000,2.44000
-0.01140000000,2.56000,2.44000
-0.01139800000,2.56000,2.44000
-0.01139600000,2.56000,2.44000
-0.01139400000,2.56000,2.44000
-0.01139200000,2.56000,2.44000
-0.01139000000,2.56000,2.44000
-0.01138800000,2.56000,2.44000
-0.01138600000,2.60000,2.48000
-0.01138400000,2.56000,2.44000
-0.01138200000,2.60000,2.48000
-0.01138000000,2.60000,2.48000
-0.01137800000,2.64000,2.48000
-0.01137600000,2.60000,2.44000
-0.01137400000,2.56000,2.44000
-0.01137200000,2.56000,2.48000
-0.01137000000,2.56000,2.44000
-0.01136800000,2.56000,2.36000
-0.01136600000,2.60000,2.44000
-0.01136400000,2.56000,2.44000
-0.01136200000,2.60000,2.48000
-0.01136000000,2.56000,2.44000
-0.01135800000,2.56000,2.44000
-0.01135600000,2.60000,2.48000
-0.01135400000,2.56000,2.44000
-0.01135200000,2.60000,2.48000
-0.01135000000,2.56000,2.44000
-0.01134800000,2.56000,2.44000
-0.01134600000,2.52000,2.40000
-0.01134400000,2.56000,2.44000
-0.01134200000,2.60000,2.44000
-0.01134000000,2.60000,2.44000
-0.01133800000,2.68000,2.52000
-0.01133600000,2.56000,2.44000
-0.01133400000,2.60000,2.48000
-0.01133200000,2.60000,2.44000
-0.01133000000,2.52000,2.36000
-0.01132800000,2.56000,2.40000
-0.01132600000,2.60000,2.44000
-0.01132400000,2.60000,2.44000
-0.01132200000,2.76000,2.72000
-0.01132000000,2.56000,2.44000
-0.01131800000,2.60000,2.44000
-0.01131600000,2.52000,2.36000
-0.01131400000,2.32000,2.20000
-0.01131200000,2.56000,2.44000
-0.01131000000,2.60000,2.48000
-0.01130800000,2.60000,2.44000
-0.01130600000,2.56000,2.44000
-0.01130400000,2.60000,2.44000
-0.01130200000,2.56000,2.44000
-0.01130000000,2.56000,2.44000
-0.01129800000,2.56000,2.44000
-0.01129600000,2.56000,2.44000
-0.01129400000,2.52000,2.40000
-0.01129200000,2.60000,2.44000
-0.01129000000,2.56000,2.44000
-0.01128800000,2.56000,2.44000
-0.01128600000,2.56000,2.44000
-0.01128400000,2.56000,2.44000
-0.01128200000,2.60000,2.44000
-0.01128000000,2.60000,2.44000
-0.01127800000,2.56000,2.44000
-0.01127600000,2.56000,2.44000
-0.01127400000,2.56000,2.44000
-0.01127200000,2.56000,2.48000
-0.01127000000,2.68000,2.48000
-0.01126800000,2.56000,2.44000
-0.01126600000,2.60000,2.44000
-0.01126400000,2.56000,2.44000
-0.01126200000,2.56000,2.44000
-0.01126000000,2.52000,2.44000
-0.01125800000,2.56000,2.44000
-0.01125600000,2.60000,2.48000
-0.01125400000,2.60000,2.44000
-0.01125200000,2.56000,2.44000
-0.01125000000,2.56000,2.44000
-0.01124800000,2.60000,2.44000
-0.01124600000,2.56000,2.44000
-0.01124400000,2.60000,2.48000
-0.01124200000,2.56000,2.44000
-0.01124000000,2.56000,2.44000
-0.01123800000,2.64000,2.48000
-0.01123600000,2.56000,2.48000
-0.01123400000,2.60000,2.44000
-0.01123200000,2.80000,2.72000
-0.01123000000,2.60000,2.44000
-0.01122800000,2.60000,2.44000
-0.01122600000,2.64000,2.48000
-0.01122400000,2.32000,2.20000
-0.01122200000,2.56000,2.44000
-0.01122000000,2.60000,2.44000
-0.01121800000,2.60000,2.44000
-0.01121600000,2.56000,2.44000
-0.01121400000,2.52000,2.40000
-0.01121200000,2.56000,2.44000
-0.01121000000,2.60000,2.44000
-0.01120800000,2.56000,2.44000
-0.01120600000,2.60000,2.44000
-0.01120400000,2.56000,2.44000
-0.01120200000,2.56000,2.44000
-0.01120000000,2.56000,2.44000
-0.01119800000,2.56000,2.44000
-0.01119600000,2.60000,2.48000
-0.01119400000,2.60000,2.44000
-0.01119200000,2.56000,2.44000
-0.01119000000,2.56000,2.48000
-0.01118800000,2.56000,2.44000
-0.01118600000,2.56000,2.48000
-0.01118400000,2.64000,2.48000
-0.01118200000,2.64000,2.48000
-0.01118000000,2.60000,2.48000
-0.01117800000,2.56000,2.44000
-0.01117600000,2.56000,2.44000
-0.01117400000,2.64000,2.44000
-0.01117200000,2.64000,2.48000
-0.01117000000,2.60000,2.48000
-0.01116800000,2.56000,2.44000
-0.01116600000,2.52000,2.44000
-0.01116400000,2.60000,2.44000
-0.01116200000,2.56000,2.44000
-0.01116000000,2.56000,2.44000
-0.01115800000,2.56000,2.44000
-0.01115600000,2.60000,2.44000
-0.01115400000,2.56000,2.44000
-0.01115200000,2.56000,2.44000
-0.01115000000,2.80000,2.72000
-0.01114800000,2.56000,2.44000
-0.01114600000,2.56000,2.44000
-0.01114400000,2.60000,2.40000
-0.01114200000,2.64000,2.36000
-0.01114000000,2.56000,2.44000
-0.01113800000,2.60000,2.44000
-0.01113600000,2.60000,2.44000
-0.01113400000,2.56000,2.44000
-0.01113200000,2.56000,2.44000
-0.01113000000,2.60000,2.48000
-0.01112800000,2.56000,2.44000
-0.01112600000,2.60000,2.44000
-0.01112400000,2.60000,2.44000
-0.01112200000,2.56000,2.44000
-0.01112000000,2.56000,2.44000
-0.01111800000,2.56000,2.44000
-0.01111600000,2.56000,2.44000
-0.01111400000,2.56000,2.44000
-0.01111200000,2.56000,2.44000
-0.01111000000,2.52000,2.44000
-0.01110800000,2.60000,2.44000
-0.01110600000,2.60000,2.48000
-0.01110400000,2.56000,2.40000
-0.01110200000,2.60000,2.44000
-0.01110000000,2.56000,2.44000
-0.01109800000,2.56000,2.48000
-0.01109600000,2.60000,2.44000
-0.01109400000,2.60000,2.44000
-0.01109200000,2.56000,2.44000
-0.01109000000,2.60000,2.44000
-0.01108800000,2.56000,2.48000
-0.01108600000,2.60000,2.44000
-0.01108400000,2.56000,2.40000
-0.01108200000,2.52000,2.40000
-0.01108000000,2.56000,2.44000
-0.01107800000,2.60000,2.48000
-0.01107600000,2.36000,2.20000
-0.01107400000,2.56000,2.44000
-0.01107200000,2.56000,2.44000
-0.01107000000,2.60000,2.44000
-0.01106800000,2.32000,2.20000
-0.01106600000,2.56000,2.44000
-0.01106400000,2.56000,2.48000
-0.01106200000,2.56000,2.44000
-0.01106000000,2.52000,2.40000
-0.01105800000,2.52000,2.40000
-0.01105600000,2.60000,2.44000
-0.01105400000,2.60000,2.44000
-0.01105200000,2.52000,2.40000
-0.01105000000,2.60000,2.44000
-0.01104800000,2.60000,2.48000
-0.01104600000,2.60000,2.44000
-0.01104400000,2.56000,2.44000
-0.01104200000,2.60000,2.44000
-0.01104000000,2.64000,2.48000
-0.01103800000,2.56000,2.44000
-0.01103600000,2.56000,2.44000
-0.01103400000,2.56000,2.44000
-0.01103200000,2.56000,2.44000
-0.01103000000,2.60000,2.44000
-0.01102800000,2.56000,2.44000
-0.01102600000,2.56000,2.44000
-0.01102400000,2.64000,2.48000
-0.01102200000,2.60000,2.44000
-0.01102000000,2.60000,2.44000
-0.01101800000,2.56000,2.40000
-0.01101600000,2.56000,2.44000
-0.01101400000,2.56000,2.44000
-0.01101200000,2.64000,2.48000
-0.01101000000,2.52000,2.44000
-0.01100800000,2.56000,2.44000
-0.01100600000,2.64000,2.48000
-0.01100400000,2.56000,2.44000
-0.01100200000,2.52000,2.40000
-0.01100000000,2.60000,2.44000
-0.01099800000,2.56000,2.44000
-0.01099600000,2.56000,2.44000
-0.01099400000,2.52000,2.40000
-0.01099200000,2.60000,2.48000
-0.01099000000,2.60000,2.48000
-0.01098800000,2.60000,2.44000
-0.01098600000,2.60000,2.44000
-0.01098400000,2.60000,2.48000
-0.01098200000,2.60000,2.44000
-0.01098000000,2.56000,2.44000
-0.01097800000,2.60000,2.48000
-0.01097600000,2.56000,2.44000
-0.01097400000,2.56000,2.44000
-0.01097200000,2.56000,2.44000
-0.01097000000,2.56000,2.44000
-0.01096800000,2.56000,2.44000
-0.01096600000,2.56000,2.44000
-0.01096400000,2.60000,2.48000
-0.01096200000,2.60000,2.44000
-0.01096000000,2.60000,2.48000
-0.01095800000,2.56000,2.44000
-0.01095600000,2.56000,2.44000
-0.01095400000,2.60000,2.48000
-0.01095200000,2.60000,2.48000
-0.01095000000,2.56000,2.44000
-0.01094800000,2.60000,2.44000
-0.01094600000,2.56000,2.44000
-0.01094400000,2.56000,2.44000
-0.01094200000,2.56000,2.44000
-0.01094000000,2.56000,2.44000
-0.01093800000,2.60000,2.48000
-0.01093600000,2.48000,2.32000
-0.01093400000,2.56000,2.44000
-0.01093200000,2.56000,2.44000
-0.01093000000,2.56000,2.44000
-0.01092800000,2.56000,2.44000
-0.01092600000,2.68000,2.52000
-0.01092400000,2.56000,2.44000
-0.01092200000,2.56000,2.44000
-0.01092000000,2.60000,2.48000
-0.01091800000,2.60000,2.48000
-0.01091600000,2.56000,2.44000
-0.01091400000,2.60000,2.44000
-0.01091200000,2.56000,2.44000
-0.01091000000,2.60000,2.48000
-0.01090800000,2.56000,2.44000
-0.01090600000,2.56000,2.44000
-0.01090400000,2.56000,2.44000
-0.01090200000,2.60000,2.44000
-0.01090000000,2.56000,2.44000
-0.01089800000,2.56000,2.44000
-0.01089600000,2.64000,2.48000
-0.01089400000,2.60000,2.48000
-0.01089200000,2.56000,2.44000
-0.01089000000,2.64000,2.48000
-0.01088800000,2.56000,2.44000
-0.01088600000,2.68000,2.48000
-0.01088400000,2.56000,2.44000
-0.01088200000,2.56000,2.44000
-0.01088000000,2.56000,2.44000
-0.01087800000,2.36000,2.32000
-0.01087600000,2.56000,2.40000
-0.01087400000,2.56000,2.44000
-0.01087200000,2.56000,2.44000
-0.01087000000,2.72000,2.48000
-0.01086800000,2.56000,2.44000
-0.01086600000,2.60000,2.44000
-0.01086400000,2.56000,2.44000
-0.01086200000,2.52000,2.40000
-0.01086000000,2.56000,2.44000
-0.01085800000,2.60000,2.44000
-0.01085600000,2.60000,2.44000
-0.01085400000,2.56000,2.44000
-0.01085200000,2.56000,2.44000
-0.01085000000,2.60000,2.44000
-0.01084800000,2.60000,2.44000
-0.01084600000,2.56000,2.44000
-0.01084400000,2.60000,2.44000
-0.01084200000,2.60000,2.48000
-0.01084000000,2.56000,2.44000
-0.01083800000,2.56000,2.48000
-0.01083600000,2.56000,2.44000
-0.01083400000,2.56000,2.44000
-0.01083200000,2.56000,2.48000
-0.01083000000,2.56000,2.44000
-0.01082800000,2.56000,2.44000
-0.01082600000,2.60000,2.48000
-0.01082400000,2.60000,2.44000
-0.01082200000,2.56000,2.44000
-0.01082000000,2.72000,2.60000
-0.01081800000,2.56000,2.44000
-0.01081600000,2.56000,2.44000
-0.01081400000,2.56000,2.44000
-0.01081200000,2.36000,2.24000
-0.01081000000,2.56000,2.44000
-0.01080800000,2.56000,2.44000
-0.01080600000,2.56000,2.44000
-0.01080400000,2.56000,2.40000
-0.01080200000,2.56000,2.44000
-0.01080000000,2.60000,2.48000
-0.01079800000,2.60000,2.44000
-0.01079600000,2.60000,2.44000
-0.01079400000,2.56000,2.40000
-0.01079200000,2.60000,2.48000
-0.01079000000,2.56000,2.44000
-0.01078800000,2.56000,2.48000
-0.01078600000,2.60000,2.44000
-0.01078400000,2.56000,2.44000
-0.01078200000,2.56000,2.44000
-0.01078000000,2.56000,2.44000
-0.01077800000,2.52000,2.44000
-0.01077600000,2.60000,2.44000
-0.01077400000,2.56000,2.44000
-0.01077200000,2.56000,2.44000
-0.01077000000,2.56000,2.44000
-0.01076800000,2.60000,2.48000
-0.01076600000,2.56000,2.48000
-0.01076400000,2.60000,2.44000
-0.01076200000,2.40000,2.36000
-0.01076000000,2.56000,2.44000
-0.01075800000,2.60000,2.44000
-0.01075600000,2.64000,2.48000
-0.01075400000,2.88000,2.76000
-0.01075200000,2.60000,2.44000
-0.01075000000,2.56000,2.44000
-0.01074800000,2.56000,2.44000
-0.01074600000,2.64000,2.44000
-0.01074400000,2.56000,2.44000
-0.01074200000,2.56000,2.44000
-0.01074000000,2.56000,2.44000
-0.01073800000,2.56000,2.44000
-0.01073600000,2.56000,2.44000
-0.01073400000,2.56000,2.44000
-0.01073200000,2.56000,2.44000
-0.01073000000,2.56000,2.44000
-0.01072800000,2.64000,2.48000
-0.01072600000,2.56000,2.48000
-0.01072400000,2.56000,2.44000
-0.01072200000,2.56000,2.40000
-0.01072000000,2.56000,2.44000
-0.01071800000,2.56000,2.44000
-0.01071600000,2.56000,2.44000
-0.01071400000,2.52000,2.36000
-0.01071200000,2.64000,2.48000
-0.01071000000,2.56000,2.44000
-0.01070800000,2.60000,2.44000
-0.01070600000,2.64000,2.48000
-0.01070400000,2.56000,2.40000
-0.01070200000,2.56000,2.48000
-0.01070000000,2.56000,2.48000
-0.01069800000,2.56000,2.44000
-0.01069600000,2.56000,2.44000
-0.01069400000,2.60000,2.48000
-0.01069200000,2.56000,2.44000
-0.01069000000,2.56000,2.44000
-0.01068800000,2.56000,2.44000
-0.01068600000,2.60000,2.44000
-0.01068400000,2.56000,2.48000
-0.01068200000,2.56000,2.44000
-0.01068000000,2.56000,2.44000
-0.01067800000,2.56000,2.44000
-0.01067600000,2.56000,2.44000
-0.01067400000,2.60000,2.44000
-0.01067200000,2.56000,2.44000
-0.01067000000,2.52000,2.40000
-0.01066800000,2.60000,2.44000
-0.01066600000,2.60000,2.48000
-0.01066400000,2.52000,2.44000
-0.01066200000,2.64000,2.48000
-0.01066000000,2.56000,2.44000
-0.01065800000,2.64000,2.48000
-0.01065600000,2.56000,2.44000
-0.01065400000,2.72000,2.64000
-0.01065200000,2.64000,2.48000
-0.01065000000,2.56000,2.44000
-0.01064800000,2.60000,2.48000
-0.01064600000,2.60000,2.48000
-0.01064400000,2.56000,2.44000
-0.01064200000,2.56000,2.44000
-0.01064000000,2.56000,2.44000
-0.01063800000,2.56000,2.44000
-0.01063600000,2.52000,2.40000
-0.01063400000,2.60000,2.44000
-0.01063200000,2.56000,2.48000
-0.01063000000,2.56000,2.44000
-0.01062800000,2.52000,2.40000
-0.01062600000,2.60000,2.44000
-0.01062400000,2.60000,2.48000
-0.01062200000,2.56000,2.44000
-0.01062000000,2.56000,2.44000
-0.01061800000,2.60000,2.44000
-0.01061600000,2.56000,2.44000
-0.01061400000,2.60000,2.44000
-0.01061200000,2.60000,2.48000
-0.01061000000,2.64000,2.48000
-0.01060800000,2.56000,2.44000
-0.01060600000,2.56000,2.44000
-0.01060400000,2.72000,2.52000
-0.01060200000,2.56000,2.44000
-0.01060000000,2.52000,2.40000
-0.01059800000,2.56000,2.44000
-0.01059600000,2.56000,2.44000
-0.01059400000,2.64000,2.52000
-0.01059200000,2.56000,2.44000
-0.01059000000,2.52000,2.40000
-0.01058800000,2.56000,2.44000
-0.01058600000,2.56000,2.44000
-0.01058400000,2.60000,2.44000
-0.01058200000,2.56000,2.44000
-0.01058000000,2.60000,2.44000
-0.01057800000,2.56000,2.44000
-0.01057600000,2.56000,2.44000
-0.01057400000,2.56000,2.44000
-0.01057200000,2.56000,2.44000
-0.01057000000,2.56000,2.44000
-0.01056800000,2.56000,2.44000
-0.01056600000,2.56000,2.44000
-0.01056400000,2.60000,2.48000
-0.01056200000,2.64000,2.52000
-0.01056000000,2.56000,2.44000
-0.01055800000,2.56000,2.44000
-0.01055600000,2.60000,2.44000
-0.01055400000,2.48000,2.32000
-0.01055200000,2.60000,2.44000
-0.01055000000,2.56000,2.44000
-0.01054800000,2.52000,2.40000
-0.01054600000,2.60000,2.44000
-0.01054400000,2.60000,2.44000
-0.01054200000,2.52000,2.36000
-0.01054000000,2.56000,2.44000
-0.01053800000,2.56000,2.48000
-0.01053600000,2.48000,2.36000
-0.01053400000,2.56000,2.44000
-0.01053200000,2.60000,2.44000
-0.01053000000,2.56000,2.44000
-0.01052800000,2.56000,2.44000
-0.01052600000,2.56000,2.44000
-0.01052400000,2.60000,2.44000
-0.01052200000,2.56000,2.44000
-0.01052000000,2.56000,2.48000
-0.01051800000,2.56000,2.44000
-0.01051600000,2.56000,2.44000
-0.01051400000,2.56000,2.44000
-0.01051200000,2.56000,2.44000
-0.01051000000,2.60000,2.48000
-0.01050800000,2.56000,2.44000
-0.01050600000,2.56000,2.44000
-0.01050400000,2.36000,2.24000
-0.01050200000,2.56000,2.44000
-0.01050000000,2.60000,2.48000
-0.01049800000,2.56000,2.44000
-0.01049600000,2.56000,2.40000
-0.01049400000,2.56000,2.44000
-0.01049200000,2.56000,2.44000
-0.01049000000,2.52000,2.44000
-0.01048800000,2.56000,2.44000
-0.01048600000,2.60000,2.48000
-0.01048400000,2.64000,2.48000
-0.01048200000,2.60000,2.44000
-0.01048000000,2.56000,2.44000
-0.01047800000,2.64000,2.44000
-0.01047599938,2.56000,2.44000
-0.01047400000,2.56000,2.44000
-0.01047199938,2.64000,2.52000
-0.01047000000,2.60000,2.44000
-0.01046799938,2.56000,2.44000
-0.01046600000,2.60000,2.44000
-0.01046399938,2.60000,2.44000
-0.01046200000,2.76000,2.68000
-0.01045999938,2.60000,2.48000
-0.01045800000,2.56000,2.44000
-0.01045599938,2.56000,2.44000
-0.01045400000,2.56000,2.44000
-0.01045200063,2.56000,2.44000
-0.01045000000,2.56000,2.44000
-0.01044800063,2.56000,2.44000
-0.01044600000,2.56000,2.44000
-0.01044400063,2.56000,2.44000
-0.01044200000,2.56000,2.44000
-0.01044000063,2.56000,2.48000
-0.01043800000,2.60000,2.48000
-0.01043600000,2.60000,2.44000
-0.01043400000,2.56000,2.44000
-0.01043200000,2.64000,2.52000
-0.01043000000,2.56000,2.44000
-0.01042800000,2.56000,2.44000
-0.01042600000,2.60000,2.48000
-0.01042400000,2.56000,2.44000
-0.01042200000,2.60000,2.44000
-0.01042000000,2.56000,2.44000
-0.01041800000,2.64000,2.44000
-0.01041600000,2.56000,2.44000
-0.01041399938,2.60000,2.44000
-0.01041200000,2.48000,2.40000
-0.01040999938,2.56000,2.44000
-0.01040800000,2.56000,2.48000
-0.01040599938,2.56000,2.44000
-0.01040400000,2.56000,2.48000
-0.01040199938,2.60000,2.44000
-0.01040000000,2.56000,2.44000
-0.01039799938,2.56000,2.44000
-0.01039600000,2.60000,2.44000
-0.01039399938,2.56000,2.44000
-0.01039200000,2.60000,2.44000
-0.01039000063,2.56000,2.44000
-0.01038800000,2.60000,2.44000
-0.01038600063,2.60000,2.48000
-0.01038400000,2.60000,2.44000
-0.01038200063,2.56000,2.44000
-0.01038000000,2.52000,2.44000
-0.01037800063,2.56000,2.44000
-0.01037600000,2.60000,2.44000
-0.01037400000,2.56000,2.44000
-0.01037200000,2.56000,2.44000
-0.01037000000,2.56000,2.32000
-0.01036800000,2.52000,2.36000
-0.01036600000,2.52000,2.40000
-0.01036400000,2.56000,2.44000
-0.01036200000,2.60000,2.44000
-0.01036000000,2.60000,2.48000
-0.01035800000,2.60000,2.48000
-0.01035600000,2.64000,2.48000
-0.01035400000,2.56000,2.44000
-0.01035199938,2.52000,2.44000
-0.01035000000,2.56000,2.44000
-0.01034799938,2.56000,2.44000
-0.01034600000,2.56000,2.44000
-0.01034399938,2.60000,2.48000
-0.01034200000,2.56000,2.44000
-0.01033999938,2.56000,2.44000
-0.01033800000,2.56000,2.44000
-0.01033599938,2.56000,2.44000
-0.01033400000,2.60000,2.44000
-0.01033199938,2.56000,2.44000
-0.01033000000,2.56000,2.44000
-0.01032800063,2.48000,2.24000
-0.01032600000,2.56000,2.44000
-0.01032400063,2.56000,2.44000
-0.01032200000,2.56000,2.48000
-0.01032000063,2.56000,2.44000
-0.01031800000,2.60000,2.48000
-0.01031600063,2.56000,2.44000
-0.01031400000,2.56000,2.44000
-0.01031200000,2.56000,2.44000
-0.01031000000,2.64000,2.44000
-0.01030800000,2.56000,2.44000
-0.01030600000,2.60000,2.48000
-0.01030400000,2.60000,2.44000
-0.01030200000,2.60000,2.44000
-0.01030000000,2.60000,2.44000
-0.01029800000,2.56000,2.44000
-0.01029600000,2.56000,2.44000
-0.01029399938,2.56000,2.44000
-0.01029200000,2.56000,2.44000
-0.01028999938,2.60000,2.44000
-0.01028800000,2.56000,2.44000
-0.01028599938,2.60000,2.56000
-0.01028400000,2.60000,2.44000
-0.01028199938,2.56000,2.44000
-0.01028000000,2.56000,2.44000
-0.01027799938,2.56000,2.48000
-0.01027600000,2.60000,2.44000
-0.01027399938,2.60000,2.44000
-0.01027200000,2.60000,2.44000
-0.01027000063,2.60000,2.48000
-0.01026800000,2.56000,2.44000
-0.01026600063,2.56000,2.44000
-0.01026400000,2.56000,2.48000
-0.01026200063,2.56000,2.44000
-0.01026000000,2.56000,2.44000
-0.01025800063,2.60000,2.48000
-0.01025600000,2.56000,2.44000
-0.01025400063,2.56000,2.44000
-0.01025200000,2.48000,2.44000
-0.01025000000,2.56000,2.44000
-0.01024800000,2.60000,2.44000
-0.01024600000,2.60000,2.48000
-0.01024400000,2.56000,2.44000
-0.01024200000,2.64000,2.48000
-0.01024000000,2.56000,2.44000
-0.01023800000,2.56000,2.44000
-0.01023600000,2.56000,2.44000
-0.01023400000,2.56000,2.44000
-0.01023199938,2.64000,2.44000
-0.01023000000,2.56000,2.44000
-0.01022799938,2.56000,2.44000
-0.01022600000,2.56000,2.44000
-0.01022399938,2.60000,2.44000
-0.01022200000,2.56000,2.44000
-0.01021999938,2.60000,2.44000
-0.01021800000,2.60000,2.44000
-0.01021599938,2.60000,2.48000
-0.01021400000,2.56000,2.44000
-0.01021199938,2.64000,2.48000
-0.01021000000,2.56000,2.40000
-0.01020800063,2.56000,2.44000
-0.01020600000,2.56000,2.44000
-0.01020400063,2.56000,2.44000
-0.01020200000,2.56000,2.44000
-0.01020000063,2.68000,2.48000
-0.01019800000,2.56000,2.44000
-0.01019600063,2.60000,2.44000
-0.01019400000,2.56000,2.44000
-0.01019200000,2.56000,2.44000
-0.01019000000,2.60000,2.44000
-0.01018800000,2.56000,2.44000
-0.01018600000,2.56000,2.44000
-0.01018400000,2.60000,2.48000
-0.01018200000,2.56000,2.44000
-0.01018000000,2.56000,2.44000
-0.01017800000,2.56000,2.44000
-0.01017600000,2.52000,2.40000
-0.01017400000,2.56000,2.44000
-0.01017200000,2.56000,2.48000
-0.01016999938,2.56000,2.44000
-0.01016800000,2.44000,2.32000
-0.01016599938,2.56000,2.44000
-0.01016400000,2.56000,2.44000
-0.01016199938,2.60000,2.48000
-0.01016000000,2.56000,2.40000
-0.01015799938,2.60000,2.44000
-0.01015600000,2.56000,2.44000
-0.01015399938,2.56000,2.36000
-0.01015200000,2.56000,2.44000
-0.01014999938,2.60000,2.48000
-0.01014800000,2.56000,2.36000
-0.01014600063,2.56000,2.44000
-0.01014400000,2.56000,2.44000
-0.01014200063,2.56000,2.44000
-0.01014000000,2.60000,2.44000
-0.01013800063,2.56000,2.44000
-0.01013600000,2.56000,2.44000
-0.01013400063,2.56000,2.44000
-0.01013200000,2.56000,2.48000
-0.01013000000,2.56000,2.44000
-0.01012800000,2.56000,2.48000
-0.01012600000,2.60000,2.44000
-0.01012400000,2.56000,2.44000
-0.01012200000,2.56000,2.44000
-0.01012000000,2.60000,2.48000
-0.01011800000,2.56000,2.40000
-0.01011600000,2.60000,2.44000
-0.01011400000,2.60000,2.44000
-0.01011200000,2.56000,2.44000
-0.01011000000,2.56000,2.44000
-0.01010799938,2.56000,2.44000
-0.01010600000,2.56000,2.44000
-0.01010399938,2.60000,2.48000
-0.01010200000,2.60000,2.44000
-0.01009999938,2.68000,2.52000
-0.01009800000,2.64000,2.48000
-0.01009599938,2.56000,2.44000
-0.01009400000,2.60000,2.44000
-0.01009199938,2.52000,2.44000
-0.01009000000,2.60000,2.44000
-0.01008799938,2.56000,2.44000
-0.01008600000,2.60000,2.48000
-0.01008400063,2.60000,2.44000
-0.01008200000,2.60000,2.44000
-0.01008000063,2.56000,2.44000
-0.01007800000,2.60000,2.44000
-0.01007600063,2.56000,2.44000
-0.01007400000,2.56000,2.44000
-0.01007200063,2.60000,2.44000
-0.01007000000,2.56000,2.44000
-0.01006800000,2.64000,2.48000
-0.01006600000,2.64000,2.44000
-0.01006400000,2.60000,2.48000
-0.01006200000,2.56000,2.44000
-0.01006000000,2.56000,2.44000
-0.01005800000,2.80000,2.60000
-0.01005600000,2.56000,2.36000
-0.01005400000,2.56000,2.44000
-0.01005200000,2.60000,2.44000
-0.01005000000,2.56000,2.44000
-0.01004800000,2.56000,2.44000
-0.01004599938,2.56000,2.48000
-0.01004400000,2.56000,2.44000
-0.01004199938,2.56000,2.44000
-0.01004000000,2.64000,2.48000
-0.01003799938,2.60000,2.44000
-0.01003600000,2.56000,2.44000
-0.01003399938,2.60000,2.44000
-0.01003200000,2.60000,2.48000
-0.01002999938,2.60000,2.44000
-0.01002800000,2.60000,2.44000
-0.01002600063,2.56000,2.44000
-0.01002400000,2.72000,2.48000
-0.01002200063,2.64000,2.44000
-0.01002000000,2.60000,2.44000
-0.01001800063,2.56000,2.44000
-0.01001600000,2.52000,2.44000
-0.01001400063,2.56000,2.44000
-0.01001200000,2.56000,2.44000
-0.01001000063,2.56000,2.44000
-0.01000800000,2.60000,2.44000
-0.01000600000,2.56000,2.44000
-0.01000400000,2.56000,2.44000
-0.01000200000,2.56000,2.44000
-0.01000000000,2.56000,2.44000
-0.00999800000,2.56000,2.44000
-0.00999600000,2.56000,2.44000
-0.00999400000,2.56000,2.44000
-0.00999200000,2.56000,2.44000
-0.00999000000,2.52000,2.40000
-0.00998799938,2.60000,2.48000
-0.00998600000,2.56000,2.44000
-0.00998399938,2.56000,2.44000
-0.00998200000,2.52000,2.44000
-0.00997999938,2.60000,2.48000
-0.00997800000,2.56000,2.44000
-0.00997599938,2.56000,2.48000
-0.00997400000,2.56000,2.44000
-0.00997199938,2.56000,2.44000
-0.00997000000,2.56000,2.44000
-0.00996799938,2.60000,2.44000
-0.00996600000,2.56000,2.44000
-0.00996400063,2.60000,2.44000
-0.00996200000,2.56000,2.44000
-0.00996000063,2.56000,2.44000
-0.00995800000,2.56000,2.44000
-0.00995600063,2.44000,2.32000
-0.00995400000,2.56000,2.44000
-0.00995200063,2.60000,2.44000
-0.00995000000,2.56000,2.44000
-0.00994800000,2.60000,2.44000
-0.00994600000,2.56000,2.44000
-0.00994400000,2.56000,2.48000
-0.00994200000,2.60000,2.44000
-0.00994000000,2.56000,2.48000
-0.00993800000,2.56000,2.44000
-0.00993600000,2.60000,2.44000
-0.00993400000,2.60000,2.44000
-0.00993200000,2.60000,2.48000
-0.00993000000,2.60000,2.44000
-0.00992800000,2.60000,2.44000
-0.00992599938,2.56000,2.44000
-0.00992400000,2.56000,2.44000
-0.00992199938,2.44000,2.32000
-0.00992000000,2.56000,2.44000
-0.00991799938,2.56000,2.40000
-0.00991600000,2.56000,2.44000
-0.00991399938,2.56000,2.44000
-0.00991200000,2.56000,2.44000
-0.00990999938,2.60000,2.44000
-0.00990800000,2.56000,2.48000
-0.00990599938,2.60000,2.48000
-0.00990400000,2.60000,2.44000
-0.00990200063,2.56000,2.44000
-0.00990000000,2.56000,2.44000
-0.00989800063,2.56000,2.44000
-0.00989600000,2.60000,2.44000
-0.00989400063,2.60000,2.44000
-0.00989200000,2.56000,2.44000
-0.00989000063,2.60000,2.48000
-0.00988800000,2.52000,2.40000
-0.00988600000,2.56000,2.44000
-0.00988400000,2.60000,2.44000
-0.00988200000,2.56000,2.44000
-0.00988000000,2.60000,2.44000
-0.00987800000,2.52000,2.44000
-0.00987600000,2.56000,2.48000
-0.00987400000,2.56000,2.44000
-0.00987200000,2.56000,2.44000
-0.00987000000,2.56000,2.44000
-0.00986800000,2.56000,2.44000
-0.00986600000,2.56000,2.44000
-0.00986399938,2.56000,2.44000
-0.00986200000,2.60000,2.44000
-0.00985999938,2.56000,2.44000
-0.00985800000,2.56000,2.44000
-0.00985599938,2.60000,2.44000
-0.00985400000,2.52000,2.44000
-0.00985199938,2.60000,2.48000
-0.00985000000,2.56000,2.44000
-0.00984799938,2.56000,2.44000
-0.00984600000,2.56000,2.44000
-0.00984399938,2.60000,2.44000
-0.00984200000,2.56000,2.44000
-0.00984000063,2.56000,2.44000
-0.00983800000,2.60000,2.44000
-0.00983600063,2.56000,2.44000
-0.00983400000,2.56000,2.48000
-0.00983200063,2.60000,2.48000
-0.00983000000,2.56000,2.44000
-0.00982800063,2.56000,2.44000
-0.00982600000,2.68000,2.48000
-0.00982400000,2.60000,2.44000
-0.00982200000,2.56000,2.44000
-0.00982000000,2.44000,2.32000
-0.00981800000,2.60000,2.44000
-0.00981600000,2.56000,2.44000
-0.00981400000,2.56000,2.44000
-0.00981200000,2.60000,2.44000
-0.00981000000,2.56000,2.44000
-0.00980800000,2.60000,2.44000
-0.00980600000,2.60000,2.48000
-0.00980400000,2.56000,2.44000
-0.00980199938,2.52000,2.44000
-0.00980000000,2.56000,2.44000
-0.00979799938,2.56000,2.44000
-0.00979600000,2.56000,2.44000
-0.00979399938,2.52000,2.36000
-0.00979200000,2.60000,2.44000
-0.00978999938,2.60000,2.48000
-0.00978800000,2.56000,2.44000
-0.00978599938,2.60000,2.44000
-0.00978400000,2.56000,2.44000
-0.00978199938,2.60000,2.44000
-0.00978000000,2.56000,2.44000
-0.00977800063,2.60000,2.44000
-0.00977600000,2.60000,2.44000
-0.00977400063,2.56000,2.44000
-0.00977200000,2.56000,2.44000
-0.00977000063,2.60000,2.44000
-0.00976800000,2.52000,2.32000
-0.00976600063,2.60000,2.44000
-0.00976400000,2.60000,2.48000
-0.00976200000,2.56000,2.44000
-0.00976000000,2.52000,2.32000
-0.00975800000,2.60000,2.44000
-0.00975600000,2.56000,2.44000
-0.00975400000,2.56000,2.44000
-0.00975200000,2.60000,2.48000
-0.00975000000,2.56000,2.44000
-0.00974800000,2.56000,2.44000
-0.00974600000,2.56000,2.44000
-0.00974400000,2.56000,2.44000
-0.00974200000,2.64000,2.48000
-0.00973999938,2.56000,2.44000
-0.00973800000,2.56000,2.44000
-0.00973599938,2.60000,2.44000
-0.00973400000,2.48000,2.36000
-0.00973199938,2.60000,2.44000
-0.00973000000,2.60000,2.44000
-0.00972799938,2.56000,2.44000
-0.00972600000,2.40000,2.32000
-0.00972399938,2.56000,2.44000
-0.00972200000,2.56000,2.40000
-0.00972000063,2.56000,2.48000
-0.00971800000,2.60000,2.44000
-0.00971600063,2.60000,2.44000
-0.00971400000,2.56000,2.44000
-0.00971200063,2.64000,2.48000
-0.00971000000,2.64000,2.48000
-0.00970800063,2.64000,2.48000
-0.00970600000,2.56000,2.44000
-0.00970400063,2.56000,2.44000
-0.00970200000,2.56000,2.44000
-0.00970000000,2.36000,2.20000
-0.00969800000,2.56000,2.44000
-0.00969600000,2.56000,2.44000
-0.00969400000,2.56000,2.48000
-0.00969200000,2.60000,2.44000
-0.00969000000,2.56000,2.44000
-0.00968800000,2.60000,2.44000
-0.00968600000,2.56000,2.44000
-0.00968400000,2.56000,2.44000
-0.00968199938,2.52000,2.44000
-0.00968000000,2.56000,2.44000
-0.00967799938,2.60000,2.44000
-0.00967600000,2.56000,2.44000
-0.00967399938,2.64000,2.48000
-0.00967200000,2.60000,2.48000
-0.00966999938,2.56000,2.44000
-0.00966800000,2.56000,2.48000
-0.00966599938,2.84000,2.76000
-0.00966400000,2.56000,2.44000
-0.00966199938,2.60000,2.48000
-0.00966000000,2.56000,2.44000
-0.00965800063,2.56000,2.44000
-0.00965600000,2.60000,2.48000
-0.00965400063,2.60000,2.48000
-0.00965200000,2.56000,2.36000
-0.00965000063,2.56000,2.44000
-0.00964800000,2.56000,2.44000
-0.00964600063,2.56000,2.44000
-0.00964400000,2.60000,2.44000
-0.00964200000,2.56000,2.44000
-0.00964000000,2.44000,2.20000
-0.00963800000,2.60000,2.44000
-0.00963600000,2.60000,2.48000
-0.00963400000,2.56000,2.48000
-0.00963200000,2.56000,2.44000
-0.00963000000,2.56000,2.48000
-0.00962800000,2.56000,2.44000
-0.00962600000,2.56000,2.44000
-0.00962400000,2.56000,2.44000
-0.00962200000,2.56000,2.44000
-0.00961999938,2.60000,2.44000
-0.00961800000,2.60000,2.48000
-0.00961599938,2.56000,2.44000
-0.00961400000,2.52000,2.40000
-0.00961199938,2.60000,2.44000
-0.00961000000,2.56000,2.44000
-0.00960799938,2.56000,2.44000
-0.00960600000,2.68000,2.52000
-0.00960399938,2.60000,2.44000
-0.00960200000,2.56000,2.44000
-0.00959999938,2.60000,2.44000
-0.00959800000,2.60000,2.44000
-0.00959600063,2.60000,2.48000
-0.00959400000,2.64000,2.44000
-0.00959200063,2.60000,2.44000
-0.00959000000,2.56000,2.44000
-0.00958800063,2.56000,2.44000
-0.00958600000,2.56000,2.44000
-0.00958400063,2.56000,2.44000
-0.00958200000,2.56000,2.44000
-0.00958000000,2.52000,2.40000
-0.00957800000,2.52000,2.40000
-0.00957600000,2.60000,2.44000
-0.00957400000,2.56000,2.44000
-0.00957200000,2.56000,2.44000
-0.00957000000,2.56000,2.44000
-0.00956800000,2.60000,2.48000
-0.00956600000,2.56000,2.44000
-0.00956400000,2.56000,2.44000
-0.00956200000,2.56000,2.44000
-0.00956000000,2.56000,2.44000
-0.00955799938,2.60000,2.44000
-0.00955600000,2.56000,2.40000
-0.00955399938,2.68000,2.48000
-0.00955200000,2.60000,2.44000
-0.00954999938,2.56000,2.44000
-0.00954800000,2.56000,2.44000
-0.00954599938,2.60000,2.44000
-0.00954400000,2.56000,2.44000
-0.00954199938,2.60000,2.48000
-0.00954000000,2.56000,2.44000
-0.00953799938,2.56000,2.44000
-0.00953600000,2.48000,2.32000
-0.00953400063,2.60000,2.44000
-0.00953200000,2.60000,2.44000
-0.00953000063,2.56000,2.44000
-0.00952800000,2.52000,2.36000
-0.00952600063,2.56000,2.48000
-0.00952400000,2.56000,2.44000
-0.00952200063,2.60000,2.48000
-0.00952000000,2.60000,2.48000
-0.00951800000,2.60000,2.44000
-0.00951600000,2.56000,2.44000
-0.00951400000,2.56000,2.44000
-0.00951200000,2.56000,2.44000
-0.00951000000,2.60000,2.44000
-0.00950800000,2.56000,2.44000
-0.00950600000,2.60000,2.44000
-0.00950400000,2.56000,2.44000
-0.00950200000,2.56000,2.44000
-0.00950000000,2.56000,2.44000
-0.00949800000,2.56000,2.44000
-0.00949599938,2.60000,2.48000
-0.00949400000,2.32000,2.20000
-0.00949199938,2.60000,2.44000
-0.00949000000,2.56000,2.44000
-0.00948799938,2.56000,2.44000
-0.00948600000,2.56000,2.44000
-0.00948399938,2.52000,2.44000
-0.00948200000,2.56000,2.44000
-0.00947999938,2.60000,2.48000
-0.00947800000,2.52000,2.36000
-0.00947599938,2.64000,2.48000
-0.00947400000,2.60000,2.48000
-0.00947200063,2.60000,2.44000
-0.00947000000,2.56000,2.44000
-0.00946800063,2.52000,2.36000
-0.00946600000,2.56000,2.44000
-0.00946400063,2.56000,2.44000
-0.00946200000,2.60000,2.44000
-0.00946000063,2.60000,2.44000
-0.00945800000,2.56000,2.44000
-0.00945600000,2.56000,2.44000
-0.00945400000,2.56000,2.48000
-0.00945200000,2.60000,2.44000
-0.00945000000,2.60000,2.48000
-0.00944800000,2.56000,2.44000
-0.00944600000,2.56000,2.48000
-0.00944400000,2.56000,2.44000
-0.00944200000,2.32000,2.20000
-0.00944000000,2.56000,2.44000
-0.00943800000,2.56000,2.44000
-0.00943600000,2.60000,2.44000
-0.00943399938,2.60000,2.44000
-0.00943200000,2.64000,2.48000
-0.00942999938,2.60000,2.44000
-0.00942800000,2.60000,2.44000
-0.00942599938,2.56000,2.40000
-0.00942400000,2.56000,2.44000
-0.00942199938,2.56000,2.44000
-0.00942000000,2.60000,2.48000
-0.00941799938,2.52000,2.44000
-0.00941600000,2.48000,2.32000
-0.00941400063,2.60000,2.44000
-0.00941200000,2.56000,2.44000
-0.00941000063,2.52000,2.44000
-0.00940800000,2.60000,2.48000
-0.00940600063,2.56000,2.44000
-0.00940400000,2.56000,2.44000
-0.00940200063,2.56000,2.44000
-0.00940000000,2.56000,2.44000
-0.00939800063,2.60000,2.48000
-0.00939600000,2.56000,2.44000
-0.00939400000,2.60000,2.44000
-0.00939200000,2.60000,2.44000
-0.00939000000,2.56000,2.44000
-0.00938800000,2.56000,2.44000
-0.00938600000,2.64000,2.44000
-0.00938400000,2.60000,2.44000
-0.00938200000,2.56000,2.48000
-0.00938000000,2.52000,2.44000
-0.00937800000,2.60000,2.48000
-0.00937599938,2.60000,2.44000
-0.00937400000,2.56000,2.44000
-0.00937199938,2.56000,2.44000
-0.00937000000,2.60000,2.48000
-0.00936799938,2.52000,2.44000
-0.00936600000,2.56000,2.44000
-0.00936399938,2.68000,2.52000
-0.00936200000,2.60000,2.48000
-0.00935999938,2.56000,2.44000
-0.00935800000,2.60000,2.44000
-0.00935599938,2.56000,2.44000
-0.00935400000,2.56000,2.44000
-0.00935200063,2.64000,2.48000
-0.00935000000,2.56000,2.44000
-0.00934800063,2.60000,2.48000
-0.00934600000,2.60000,2.48000
-0.00934400063,2.56000,2.44000
-0.00934200000,2.56000,2.44000
-0.00934000063,2.56000,2.44000
-0.00933800000,2.56000,2.40000
-0.00933600000,2.60000,2.44000
-0.00933400000,2.56000,2.44000
-0.00933200000,2.56000,2.44000
-0.00933000000,2.56000,2.44000
-0.00932800000,2.56000,2.44000
-0.00932600000,2.56000,2.44000
-0.00932400000,2.60000,2.44000
-0.00932200000,2.56000,2.40000
-0.00932000000,2.60000,2.48000
-0.00931800000,2.56000,2.44000
-0.00931600000,2.56000,2.44000
-0.00931399938,2.56000,2.44000
-0.00931200000,2.56000,2.44000
-0.00930999938,2.60000,2.44000
-0.00930800000,2.56000,2.44000
-0.00930599938,2.56000,2.44000
-0.00930400000,2.56000,2.44000
-0.00930199938,2.56000,2.44000
-0.00930000000,2.56000,2.44000
-0.00929799938,2.60000,2.48000
-0.00929600000,2.60000,2.44000
-0.00929399938,2.56000,2.40000
-0.00929200000,2.56000,2.48000
-0.00929000063,2.60000,2.44000
-0.00928800000,2.56000,2.44000
-0.00928600063,2.68000,2.52000
-0.00928400000,2.56000,2.44000
-0.00928200063,2.56000,2.44000
-0.00928000000,2.56000,2.44000
-0.00927800063,2.56000,2.44000
-0.00927600000,2.60000,2.44000
-0.00927400000,2.56000,2.44000
-0.00927200000,2.60000,2.44000
-0.00927000000,2.60000,2.44000
-0.00926800000,2.56000,2.44000
-0.00926600000,2.56000,2.44000
-0.00926400000,2.56000,2.44000
-0.00926200000,2.56000,2.44000
-0.00926000000,2.56000,2.44000
-0.00925800000,2.56000,2.44000
-0.00925600000,2.56000,2.48000
-0.00925400000,2.56000,2.44000
-0.00925199938,2.52000,2.40000
-0.00925000000,2.56000,2.44000
-0.00924799938,2.60000,2.48000
-0.00924600000,2.60000,2.48000
-0.00924399938,2.56000,2.44000
-0.00924200000,2.64000,2.48000
-0.00923999938,2.56000,2.44000
-0.00923800000,2.56000,2.44000
-0.00923599938,2.60000,2.48000
-0.00923400000,2.48000,2.32000
-0.00923199938,2.56000,2.44000
-0.00923000000,2.56000,2.44000
-0.00922800063,2.60000,2.44000
-0.00922600000,2.56000,2.44000
-0.00922400063,2.60000,2.44000
-0.00922200000,2.60000,2.44000
-0.00922000063,2.56000,2.44000
-0.00921800000,2.60000,2.44000
-0.00921600063,2.56000,2.44000
-0.00921400000,2.56000,2.44000
-0.00921200000,2.52000,2.44000
-0.00921000000,2.56000,2.44000
-0.00920800000,2.36000,2.20000
-0.00920600000,2.56000,2.48000
-0.00920400000,2.56000,2.44000
-0.00920200000,2.56000,2.44000
-0.00920000000,2.60000,2.44000
-0.00919800000,2.56000,2.48000
-0.00919600000,2.64000,2.52000
-0.00919400000,2.60000,2.44000
-0.00919200000,2.60000,2.44000
-0.00918999938,2.52000,2.40000
-0.00918800000,2.60000,2.44000
-0.00918599938,2.60000,2.44000
-0.00918400000,2.60000,2.48000
-0.00918199938,2.52000,2.40000
-0.00918000000,2.60000,2.44000
-0.00917799938,2.56000,2.44000
-0.00917600000,2.56000,2.44000
-0.00917399938,2.56000,2.44000
-0.00917200000,2.56000,2.44000
-0.00917000063,2.56000,2.44000
-0.00916800000,2.56000,2.44000
-0.00916600063,2.56000,2.44000
-0.00916400000,2.56000,2.44000
-0.00916200063,2.60000,2.44000
-0.00916000000,2.56000,2.48000
-0.00915800063,2.56000,2.44000
-0.00915600000,2.40000,2.20000
-0.00915400063,2.60000,2.44000
-0.00915200000,2.60000,2.48000
-0.00915000000,2.60000,2.44000
-0.00914800000,2.56000,2.44000
-0.00914600000,2.56000,2.44000
-0.00914400000,2.56000,2.44000
-0.00914200000,2.64000,2.52000
-0.00914000000,2.56000,2.44000
-0.00913800000,2.56000,2.44000
-0.00913600000,2.56000,2.44000
-0.00913400000,2.56000,2.44000
-0.00913199938,2.60000,2.48000
-0.00913000000,2.60000,2.44000
-0.00912799938,2.60000,2.48000
-0.00912600000,2.52000,2.44000
-0.00912399938,2.56000,2.44000
-0.00912200000,2.56000,2.44000
-0.00911999938,2.60000,2.48000
-0.00911800000,2.56000,2.44000
-0.00911599938,2.56000,2.44000
-0.00911400000,2.56000,2.44000
-0.00911199938,2.56000,2.44000
-0.00911000000,2.64000,2.48000
-0.00910800063,2.60000,2.44000
-0.00910600000,2.56000,2.44000
-0.00910400063,2.60000,2.44000
-0.00910200000,2.56000,2.44000
-0.00910000063,2.60000,2.44000
-0.00909800000,2.56000,2.44000
-0.00909600063,2.52000,2.44000
-0.00909400000,2.60000,2.44000
-0.00909200063,2.56000,2.44000
-0.00909000000,2.56000,2.44000
-0.00908800000,2.56000,2.44000
-0.00908600000,2.84000,2.68000
-0.00908400000,2.48000,2.32000
-0.00908200000,2.56000,2.44000
-0.00908000000,2.60000,2.48000
-0.00907800000,2.56000,2.48000
-0.00907600000,2.56000,2.44000
-0.00907400000,2.60000,2.44000
-0.00907200000,2.60000,2.44000
-0.00906999938,2.64000,2.48000
-0.00906800000,2.56000,2.48000
-0.00906599938,2.60000,2.44000
-0.00906400000,2.60000,2.44000
-0.00906199938,2.56000,2.44000
-0.00906000000,2.56000,2.32000
-0.00905799938,2.56000,2.44000
-0.00905600000,2.56000,2.44000
-0.00905399938,2.56000,2.44000
-0.00905200000,2.56000,2.44000
-0.00904999938,2.60000,2.44000
-0.00904800000,2.60000,2.44000
-0.00904600063,2.56000,2.44000
-0.00904400000,2.64000,2.48000
-0.00904200063,2.60000,2.48000
-0.00904000000,2.56000,2.44000
-0.00903800063,2.64000,2.48000
-0.00903600000,2.56000,2.44000
-0.00903400063,2.56000,2.44000
-0.00903200000,2.56000,2.44000
-0.00903000000,2.56000,2.44000
-0.00902800000,2.60000,2.48000
-0.00902600000,2.60000,2.52000
-0.00902400000,2.60000,2.48000
-0.00902200000,2.60000,2.44000
-0.00902000000,2.56000,2.44000
-0.00901800000,2.56000,2.44000
-0.00901600000,2.28000,2.20000
-0.00901400000,2.56000,2.44000
-0.00901200000,2.60000,2.44000
-0.00901000000,2.60000,2.44000
-0.00900799938,2.60000,2.44000
-0.00900600000,2.60000,2.44000
-0.00900399938,2.60000,2.48000
-0.00900200000,2.60000,2.44000
-0.00899999938,2.60000,2.44000
-0.00899800000,2.56000,2.44000
-0.00899599938,2.52000,2.40000
-0.00899400000,2.56000,2.44000
-0.00899199938,2.56000,2.44000
-0.00899000000,2.88000,2.76000
-0.00898799938,2.60000,2.44000
-0.00898600000,2.52000,2.44000
-0.00898400063,2.56000,2.44000
-0.00898200000,2.60000,2.44000
-0.00898000063,2.56000,2.44000
-0.00897800000,2.56000,2.44000
-0.00897600063,2.60000,2.44000
-0.00897400000,2.52000,2.44000
-0.00897200063,2.64000,2.48000
-0.00897000000,2.60000,2.44000
-0.00896800000,2.64000,2.48000
-0.00896600000,2.56000,2.44000
-0.00896400000,2.56000,2.44000
-0.00896200000,2.56000,2.44000
-0.00896000000,2.60000,2.44000
-0.00895800000,2.56000,2.48000
-0.00895600000,2.60000,2.48000
-0.00895400000,2.64000,2.48000
-0.00895200000,2.56000,2.44000
-0.00895000000,2.60000,2.44000
-0.00894800000,2.56000,2.44000
-0.00894599938,2.52000,2.44000
-0.00894400000,2.60000,2.44000
-0.00894199938,2.56000,2.44000
-0.00894000000,2.60000,2.44000
-0.00893799938,2.60000,2.44000
-0.00893600000,2.60000,2.44000
-0.00893399938,2.64000,2.48000
-0.00893200000,2.56000,2.44000
-0.00892999938,2.60000,2.48000
-0.00892800000,2.56000,2.40000
-0.00892599938,2.56000,2.44000
-0.00892400000,2.60000,2.44000
-0.00892200063,2.56000,2.44000
-0.00892000000,2.56000,2.44000
-0.00891800063,2.56000,2.48000
-0.00891600000,2.52000,2.36000
-0.00891400063,2.56000,2.44000
-0.00891200000,2.56000,2.44000
-0.00891000063,2.60000,2.48000
-0.00890800000,2.60000,2.48000
-0.00890600000,2.56000,2.44000
-0.00890400000,2.56000,2.44000
-0.00890200000,2.80000,2.64000
-0.00890000000,2.60000,2.44000
-0.00889800000,2.56000,2.44000
-0.00889600000,2.56000,2.44000
-0.00889400000,2.56000,2.48000
-0.00889200000,2.56000,2.44000
-0.00889000000,2.56000,2.40000
-0.00888800000,2.60000,2.44000
-0.00888600000,2.56000,2.44000
-0.00888399938,2.56000,2.44000
-0.00888200000,2.56000,2.44000
-0.00887999938,2.56000,2.44000
-0.00887800000,2.56000,2.44000
-0.00887599938,2.64000,2.44000
-0.00887400000,2.56000,2.44000
-0.00887199938,2.56000,2.44000
-0.00887000000,2.56000,2.44000
-0.00886799938,2.56000,2.44000
-0.00886600000,2.64000,2.48000
-0.00886400063,2.52000,2.44000
-0.00886200000,2.60000,2.44000
-0.00886000063,2.56000,2.48000
-0.00885800000,2.44000,2.24000
-0.00885600063,2.56000,2.44000
-0.00885400000,2.68000,2.48000
-0.00885200063,2.60000,2.44000
-0.00885000000,2.56000,2.44000
-0.00884800063,2.56000,2.44000
-0.00884600000,2.56000,2.44000
-0.00884400000,2.56000,2.44000
-0.00884200000,2.56000,2.44000
-0.00884000000,2.52000,2.44000
-0.00883800000,2.56000,2.44000
-0.00883600000,2.56000,2.44000
-0.00883400000,2.60000,2.44000
-0.00883200000,2.56000,2.44000
-0.00883000000,2.56000,2.44000
-0.00882800000,2.56000,2.44000
-0.00882599938,2.56000,2.44000
-0.00882400000,2.56000,2.44000
-0.00882199938,2.60000,2.48000
-0.00882000000,2.60000,2.44000
-0.00881799938,2.56000,2.44000
-0.00881600000,2.56000,2.44000
-0.00881399938,2.68000,2.64000
-0.00881200000,2.60000,2.48000
-0.00880999938,2.60000,2.44000
-0.00880800000,2.56000,2.44000
-0.00880599938,2.56000,2.44000
-0.00880400000,2.60000,2.44000
-0.00880200063,2.56000,2.44000
-0.00880000000,2.56000,2.44000
-0.00879800063,2.56000,2.44000
-0.00879600000,2.56000,2.44000
-0.00879400063,2.56000,2.44000
-0.00879200000,2.60000,2.48000
-0.00879000063,2.56000,2.44000
-0.00878800000,2.56000,2.44000
-0.00878600000,2.56000,2.44000
-0.00878400000,2.60000,2.44000
-0.00878200000,2.60000,2.44000
-0.00878000000,2.56000,2.44000
-0.00877800000,2.60000,2.44000
-0.00877600000,2.56000,2.44000
-0.00877400000,2.56000,2.48000
-0.00877200000,2.56000,2.44000
-0.00877000000,2.72000,2.60000
-0.00876800000,2.60000,2.44000
-0.00876600000,2.60000,2.44000
-0.00876399938,2.60000,2.44000
-0.00876200000,2.60000,2.44000
-0.00875999938,2.56000,2.44000
-0.00875800000,2.60000,2.48000
-0.00875599938,2.60000,2.48000
-0.00875400000,2.60000,2.48000
-0.00875199938,2.56000,2.44000
-0.00875000000,2.60000,2.44000
-0.00874799938,2.56000,2.44000
-0.00874600000,2.56000,2.44000
-0.00874399938,2.56000,2.44000
-0.00874200000,2.52000,2.40000
-0.00874000063,2.60000,2.44000
-0.00873800000,2.56000,2.44000
-0.00873600063,2.60000,2.44000
-0.00873400000,2.52000,2.44000
-0.00873200063,2.60000,2.44000
-0.00873000000,2.56000,2.44000
-0.00872800063,2.60000,2.44000
-0.00872600000,2.56000,2.44000
-0.00872400000,2.60000,2.48000
-0.00872200000,2.56000,2.44000
-0.00872000000,2.56000,2.44000
-0.00871800000,2.56000,2.44000
-0.00871600000,2.60000,2.48000
-0.00871400000,2.56000,2.44000
-0.00871200000,2.56000,2.44000
-0.00871000000,2.60000,2.44000
-0.00870800000,2.76000,2.72000
-0.00870600000,2.56000,2.44000
-0.00870400000,2.56000,2.44000
-0.00870199938,2.56000,2.44000
-0.00870000000,2.60000,2.44000
-0.00869799938,2.60000,2.44000
-0.00869600000,2.60000,2.44000
-0.00869399938,2.60000,2.48000
-0.00869200000,2.56000,2.44000
-0.00868999938,2.52000,2.36000
-0.00868800000,2.56000,2.44000
-0.00868599938,2.56000,2.44000
-0.00868400000,2.56000,2.44000
-0.00868199938,2.56000,2.44000
-0.00868000000,2.56000,2.44000
-0.00867800063,2.56000,2.44000
-0.00867600000,2.56000,2.44000
-0.00867400063,2.56000,2.44000
-0.00867200000,2.60000,2.44000
-0.00867000063,2.60000,2.44000
-0.00866800000,2.56000,2.44000
-0.00866600063,2.64000,2.48000
-0.00866400000,2.48000,2.32000
-0.00866200000,2.56000,2.44000
-0.00866000000,2.56000,2.44000
-0.00865800000,2.56000,2.44000
-0.00865600000,2.52000,2.44000
-0.00865400000,2.60000,2.48000
-0.00865200000,2.56000,2.44000
-0.00865000000,2.56000,2.44000
-0.00864800000,2.56000,2.44000
-0.00864600000,2.72000,2.68000
-0.00864400000,2.56000,2.44000
-0.00864200000,2.60000,2.44000
-0.00863999938,2.56000,2.44000
-0.00863800000,2.56000,2.44000
-0.00863599938,2.56000,2.44000
-0.00863400000,2.56000,2.44000
-0.00863199938,2.56000,2.44000
-0.00863000000,2.56000,2.44000
-0.00862799938,2.64000,2.48000
-0.00862600000,2.56000,2.44000
-0.00862399938,2.56000,2.44000
-0.00862200000,2.56000,2.44000
-0.00861999938,2.56000,2.44000
-0.00861800000,2.60000,2.44000
-0.00861600063,2.56000,2.44000
-0.00861400000,2.56000,2.44000
-0.00861200063,2.56000,2.44000
-0.00861000000,2.60000,2.44000
-0.00860800063,2.60000,2.48000
-0.00860600000,2.60000,2.48000
-0.00860400063,2.60000,2.48000
-0.00860200000,2.56000,2.44000
-0.00860000000,2.56000,2.44000
-0.00859800000,2.56000,2.44000
-0.00859600000,2.56000,2.44000
-0.00859400000,2.56000,2.44000
-0.00859200000,2.56000,2.44000
-0.00859000000,2.64000,2.48000
-0.00858800000,2.56000,2.44000
-0.00858600000,2.56000,2.44000
-0.00858400000,2.40000,2.32000
-0.00858200000,2.60000,2.44000
-0.00858000000,2.56000,2.44000
-0.00857799938,2.56000,2.44000
-0.00857600000,2.60000,2.44000
-0.00857399938,2.60000,2.48000
-0.00857200000,2.60000,2.48000
-0.00856999938,2.56000,2.44000
-0.00856800000,2.56000,2.48000
-0.00856599938,2.32000,2.20000
-0.00856400000,2.56000,2.44000
-0.00856199938,2.56000,2.44000
-0.00856000000,2.60000,2.44000
-0.00855800063,2.60000,2.48000
-0.00855600000,2.64000,2.48000
-0.00855400063,2.60000,2.44000
-0.00855200000,2.60000,2.48000
-0.00855000063,2.56000,2.44000
-0.00854800000,2.60000,2.44000
-0.00854600063,2.60000,2.48000
-0.00854400000,2.56000,2.44000
-0.00854200063,2.56000,2.44000
-0.00854000000,2.60000,2.44000
-0.00853800000,2.56000,2.44000
-0.00853600000,2.56000,2.44000
-0.00853400000,2.56000,2.44000
-0.00853200000,2.56000,2.36000
-0.00853000000,2.60000,2.48000
-0.00852800000,2.56000,2.44000
-0.00852600000,2.56000,2.44000
-0.00852400000,2.60000,2.44000
-0.00852200000,2.60000,2.48000
-0.00851999938,2.60000,2.44000
-0.00851800000,2.56000,2.44000
-0.00851599938,2.56000,2.44000
-0.00851400000,2.60000,2.48000
-0.00851199938,2.52000,2.40000
-0.00851000000,2.56000,2.44000
-0.00850799938,2.56000,2.44000
-0.00850600000,2.56000,2.44000
-0.00850399938,2.44000,2.28000
-0.00850200000,2.56000,2.44000
-0.00849999938,2.56000,2.44000
-0.00849800000,2.56000,2.44000
-0.00849600063,2.56000,2.44000
-0.00849400000,2.64000,2.48000
-0.00849200063,2.60000,2.44000
-0.00849000000,2.60000,2.44000
-0.00848800063,2.56000,2.44000
-0.00848600000,2.52000,2.36000
-0.00848400063,2.60000,2.48000
-0.00848200000,2.56000,2.44000
-0.00848000000,2.56000,2.44000
-0.00847800000,2.60000,2.44000
-0.00847600000,2.56000,2.44000
-0.00847400000,2.56000,2.44000
-0.00847200000,2.56000,2.44000
-0.00847000000,2.56000,2.44000
-0.00846800000,2.32000,2.20000
-0.00846600000,2.56000,2.44000
-0.00846400000,2.60000,2.44000
-0.00846200000,2.56000,2.44000
-0.00846000000,2.60000,2.44000
-0.00845799938,2.56000,2.44000
-0.00845600000,2.60000,2.44000
-0.00845399938,2.56000,2.44000
-0.00845200000,2.56000,2.44000
-0.00844999938,2.52000,2.44000
-0.00844800000,2.56000,2.44000
-0.00844599938,2.60000,2.44000
-0.00844400000,2.60000,2.44000
-0.00844199938,2.56000,2.44000
-0.00844000000,2.56000,2.44000
-0.00843799938,2.56000,2.44000
-0.00843600000,2.56000,2.44000
-0.00843400063,2.56000,2.44000
-0.00843200000,2.68000,2.52000
-0.00843000063,2.56000,2.44000
-0.00842800000,2.60000,2.44000
-0.00842600063,2.56000,2.44000
-0.00842400000,2.56000,2.44000
-0.00842200063,2.56000,2.44000
-0.00842000000,2.56000,2.44000
-0.00841800000,2.56000,2.44000
-0.00841600000,2.56000,2.44000
-0.00841400000,2.60000,2.44000
-0.00841200000,2.56000,2.44000
-0.00841000000,2.56000,2.44000
-0.00840800000,2.56000,2.44000
-0.00840600000,2.56000,2.44000
-0.00840400000,2.60000,2.44000
-0.00840200000,2.60000,2.48000
-0.00840000000,2.56000,2.44000
-0.00839800000,2.52000,2.40000
-0.00839599938,2.56000,2.48000
-0.00839400000,2.60000,2.44000
-0.00839199938,2.56000,2.44000
-0.00839000000,2.56000,2.44000
-0.00838799938,2.56000,2.44000
-0.00838600000,2.56000,2.44000
-0.00838399938,2.52000,2.40000
-0.00838200000,2.56000,2.44000
-0.00837999938,2.60000,2.48000
-0.00837800000,2.52000,2.40000
-0.00837599938,2.60000,2.48000
-0.00837400000,2.60000,2.48000
-0.00837200063,2.56000,2.44000
-0.00837000000,2.60000,2.44000
-0.00836800063,2.56000,2.44000
-0.00836600000,2.56000,2.44000
-0.00836400063,2.56000,2.44000
-0.00836200000,2.56000,2.44000
-0.00836000063,2.56000,2.44000
-0.00835800000,2.56000,2.44000
-0.00835600000,2.60000,2.48000
-0.00835400000,2.60000,2.44000
-0.00835200000,2.80000,2.64000
-0.00835000000,2.60000,2.44000
-0.00834800000,2.56000,2.44000
-0.00834600000,2.56000,2.44000
-0.00834400000,2.60000,2.44000
-0.00834200000,2.60000,2.48000
-0.00834000000,2.60000,2.48000
-0.00833800000,2.60000,2.48000
-0.00833600000,2.56000,2.44000
-0.00833399938,2.60000,2.56000
-0.00833200000,2.56000,2.44000
-0.00832999938,2.60000,2.48000
-0.00832800000,2.56000,2.44000
-0.00832599938,2.56000,2.48000
-0.00832400000,2.56000,2.44000
-0.00832199938,2.60000,2.44000
-0.00832000000,2.56000,2.44000
-0.00831799938,2.56000,2.44000
-0.00831600000,2.52000,2.36000
-0.00831400063,2.56000,2.44000
-0.00831200000,2.60000,2.44000
-0.00831000063,2.60000,2.44000
-0.00830800000,2.60000,2.44000
-0.00830600063,2.60000,2.48000
-0.00830400000,2.56000,2.44000
-0.00830200063,2.56000,2.44000
-0.00830000000,2.56000,2.48000
-0.00829800063,2.48000,2.32000
-0.00829600000,2.56000,2.44000
-0.00829400000,2.56000,2.44000
-0.00829200000,2.56000,2.44000
-0.00829000000,2.60000,2.44000
-0.00828800000,2.56000,2.44000
-0.00828600000,2.56000,2.44000
-0.00828400000,2.60000,2.44000
-0.00828200000,2.60000,2.48000
-0.00828000000,2.76000,2.72000
-0.00827800000,2.56000,2.44000
-0.00827600000,2.56000,2.44000
-0.00827400000,2.56000,2.44000
-0.00827199938,2.56000,2.44000
-0.00827000000,2.56000,2.44000
-0.00826799938,2.56000,2.44000
-0.00826600000,2.60000,2.44000
-0.00826399938,2.56000,2.44000
-0.00826200000,2.76000,2.56000
-0.00825999938,2.56000,2.44000
-0.00825800000,2.60000,2.44000
-0.00825599938,2.60000,2.48000
-0.00825400000,2.60000,2.44000
-0.00825200063,2.56000,2.44000
-0.00825000000,2.56000,2.44000
-0.00824800063,2.56000,2.44000
-0.00824600000,2.56000,2.44000
-0.00824400063,2.68000,2.44000
-0.00824200000,2.56000,2.44000
-0.00824000063,2.56000,2.44000
-0.00823800000,2.56000,2.44000
-0.00823600063,2.56000,2.44000
-0.00823400000,2.60000,2.48000
-0.00823200000,2.56000,2.44000
-0.00823000000,2.56000,2.44000
-0.00822800000,2.56000,2.44000
-0.00822600000,2.68000,2.44000
-0.00822400000,2.56000,2.44000
-0.00822200000,2.60000,2.44000
-0.00822000000,2.56000,2.44000
-0.00821800000,2.56000,2.44000
-0.00821600000,2.56000,2.44000
-0.00821399938,2.56000,2.44000
-0.00821200000,2.60000,2.44000
-0.00820999938,2.60000,2.44000
-0.00820800000,2.76000,2.64000
-0.00820599938,2.60000,2.44000
-0.00820400000,2.60000,2.44000
-0.00820199938,2.56000,2.44000
-0.00820000000,2.60000,2.44000
-0.00819799938,2.56000,2.44000
-0.00819600000,2.56000,2.44000
-0.00819399938,2.56000,2.44000
-0.00819200000,2.56000,2.44000
-0.00819000063,2.72000,2.72000
-0.00818800000,2.56000,2.44000
-0.00818600063,2.56000,2.44000
-0.00818400000,2.60000,2.44000
-0.00818200063,2.60000,2.44000
-0.00818000000,2.56000,2.44000
-0.00817800063,2.56000,2.44000
-0.00817600000,2.56000,2.44000
-0.00817400000,2.56000,2.44000
-0.00817200000,2.48000,2.32000
-0.00817000000,2.60000,2.48000
-0.00816800000,2.52000,2.40000
-0.00816600000,2.56000,2.44000
-0.00816400000,2.60000,2.44000
-0.00816200000,2.56000,2.44000
-0.00816000000,2.56000,2.44000
-0.00815800000,2.56000,2.44000
-0.00815600000,2.60000,2.44000
-0.00815400000,2.52000,2.36000
-0.00815199938,2.56000,2.44000
-0.00815000000,2.60000,2.44000
-0.00814799938,2.56000,2.44000
-0.00814600000,2.56000,2.44000
-0.00814399938,2.56000,2.44000
-0.00814200000,2.60000,2.44000
-0.00813999938,2.56000,2.44000
-0.00813800000,2.60000,2.44000
-0.00813599938,2.52000,2.48000
-0.00813400000,2.56000,2.44000
-0.00813199938,2.60000,2.48000
-0.00813000000,2.60000,2.48000
-0.00812800063,2.64000,2.48000
-0.00812600000,2.60000,2.48000
-0.00812400063,2.56000,2.44000
-0.00812200000,2.56000,2.44000
-0.00812000063,2.56000,2.44000
-0.00811800000,2.84000,2.76000
-0.00811600063,2.56000,2.44000
-0.00811400000,2.60000,2.48000
-0.00811200000,2.60000,2.44000
-0.00811000000,2.56000,2.44000
-0.00810800000,2.56000,2.44000
-0.00810600000,2.56000,2.44000
-0.00810400000,2.56000,2.44000
-0.00810200000,2.60000,2.44000
-0.00810000000,2.56000,2.44000
-0.00809800000,2.60000,2.44000
-0.00809600000,2.56000,2.44000
-0.00809400000,2.56000,2.44000
-0.00809200000,2.60000,2.44000
-0.00808999938,2.56000,2.44000
-0.00808800000,2.56000,2.44000
-0.00808599938,2.60000,2.44000
-0.00808400000,2.60000,2.44000
-0.00808199938,2.56000,2.48000
-0.00808000000,2.56000,2.44000
-0.00807799938,2.60000,2.44000
-0.00807600000,2.56000,2.44000
-0.00807399938,2.56000,2.44000
-0.00807200000,2.56000,2.44000
-0.00806999938,2.56000,2.44000
-0.00806800000,2.56000,2.44000
-0.00806600063,2.56000,2.44000
-0.00806400000,2.60000,2.44000
-0.00806200063,2.56000,2.44000
-0.00806000000,2.56000,2.44000
-0.00805800063,2.56000,2.44000
-0.00805600000,2.60000,2.44000
-0.00805400063,2.52000,2.40000
-0.00805200000,2.56000,2.44000
-0.00805000000,2.56000,2.44000
-0.00804800000,2.56000,2.44000
-0.00804600000,2.60000,2.44000
-0.00804400000,2.60000,2.44000
-0.00804200000,2.60000,2.44000
-0.00804000000,2.56000,2.44000
-0.00803800000,2.60000,2.44000
-0.00803600000,2.52000,2.36000
-0.00803400000,2.56000,2.44000
-0.00803200000,2.60000,2.44000
-0.00803000000,2.56000,2.44000
-0.00802799938,2.56000,2.44000
-0.00802600000,2.56000,2.44000
-0.00802399938,2.56000,2.44000
-0.00802200000,2.60000,2.44000
-0.00801999938,2.56000,2.44000
-0.00801800000,2.48000,2.32000
-0.00801599938,2.56000,2.44000
-0.00801400000,2.56000,2.44000
-0.00801199938,2.60000,2.44000
-0.00801000000,2.60000,2.44000
-0.00800800063,2.68000,2.48000
-0.00800600000,2.60000,2.44000
-0.00800400063,2.60000,2.44000
-0.00800200000,2.56000,2.44000
-0.00800000063,2.72000,2.64000
-0.00799800000,2.56000,2.44000
-0.00799600063,2.60000,2.48000
-0.00799400000,2.56000,2.44000
-0.00799200063,2.56000,2.44000
-0.00799000000,2.56000,2.44000
-0.00798800000,2.56000,2.44000
-0.00798600000,2.56000,2.48000
-0.00798400000,2.56000,2.44000
-0.00798200000,2.32000,2.20000
-0.00798000000,2.56000,2.44000
-0.00797800000,2.56000,2.44000
-0.00797600000,2.60000,2.44000
-0.00797400000,2.60000,2.48000
-0.00797200000,2.56000,2.44000
-0.00796999938,2.60000,2.44000
-0.00796800000,2.56000,2.44000
-0.00796599938,2.56000,2.44000
-0.00796400000,2.60000,2.48000
-0.00796199938,2.60000,2.44000
-0.00796000000,2.56000,2.44000
-0.00795799938,2.56000,2.44000
-0.00795600000,2.56000,2.44000
-0.00795399938,2.60000,2.44000
-0.00795200000,2.56000,2.44000
-0.00794999938,2.60000,2.44000
-0.00794800000,2.56000,2.44000
-0.00794600063,2.60000,2.44000
-0.00794400000,2.60000,2.44000
-0.00794200063,2.56000,2.40000
-0.00794000000,2.56000,2.44000
-0.00793800063,2.56000,2.44000
-0.00793600000,2.56000,2.44000
-0.00793400063,2.60000,2.44000
-0.00793200000,2.56000,2.44000
-0.00793000063,2.60000,2.44000
-0.00792800000,2.56000,2.44000
-0.00792600000,2.56000,2.48000
-0.00792400000,2.56000,2.44000
-0.00792200000,2.56000,2.44000
-0.00792000000,2.60000,2.44000
-0.00791800000,2.44000,2.32000
-0.00791600000,2.56000,2.44000
-0.00791400000,2.60000,2.44000
-0.00791200000,2.56000,2.44000
-0.00791000000,2.60000,2.44000
-0.00790799938,2.56000,2.44000
-0.00790600000,2.56000,2.44000
-0.00790399938,2.56000,2.44000
-0.00790200000,2.60000,2.44000
-0.00789999938,2.56000,2.40000
-0.00789800000,2.60000,2.44000
-0.00789599938,2.56000,2.44000
-0.00789400000,2.56000,2.44000
-0.00789199938,2.60000,2.44000
-0.00789000000,2.60000,2.48000
-0.00788799938,2.56000,2.44000
-0.00788600000,2.60000,2.44000
-0.00788400063,2.64000,2.48000
-0.00788200000,2.56000,2.44000
-0.00788000063,2.56000,2.44000
-0.00787800000,2.56000,2.44000
-0.00787600063,2.56000,2.44000
-0.00787400000,2.56000,2.44000
-0.00787200063,2.64000,2.48000
-0.00787000000,2.60000,2.44000
-0.00786800000,2.60000,2.48000
-0.00786600000,2.56000,2.44000
-0.00786400000,2.60000,2.44000
-0.00786200000,2.56000,2.44000
-0.00786000000,2.56000,2.44000
-0.00785800000,2.56000,2.44000
-0.00785600000,2.60000,2.48000
-0.00785400000,2.72000,2.64000
-0.00785200000,2.72000,2.56000
-0.00785000000,2.60000,2.44000
-0.00784800000,2.60000,2.44000
-0.00784599938,2.56000,2.44000
-0.00784400000,2.56000,2.44000
-0.00784199938,2.52000,2.40000
-0.00784000000,2.56000,2.44000
-0.00783799938,2.60000,2.44000
-0.00783600000,2.28000,2.16000
-0.00783399938,2.56000,2.44000
-0.00783200000,2.56000,2.44000
-0.00782999938,2.56000,2.44000
-0.00782800000,2.56000,2.44000
-0.00782599938,2.56000,2.44000
-0.00782400000,2.60000,2.48000
-0.00782200063,2.56000,2.44000
-0.00782000000,2.56000,2.44000
-0.00781800063,2.84000,2.80000
-0.00781600000,2.60000,2.44000
-0.00781400063,2.56000,2.44000
-0.00781200000,2.60000,2.44000
-0.00781000000,2.56000,2.44000
-0.00780800000,2.56000,2.44000
-0.00780600000,2.56000,2.48000
-0.00780400000,2.56000,2.44000
-0.00780200000,2.60000,2.48000
-0.00780000000,2.56000,2.44000
-0.00779800000,2.56000,2.44000
-0.00779600000,2.56000,2.44000
-0.00779400000,2.60000,2.48000
-0.00779200000,2.56000,2.44000
-0.00779000000,2.64000,2.52000
-0.00778800000,2.56000,2.44000
-0.00778600000,2.56000,2.44000
-0.00778400000,2.60000,2.48000
-0.00778200000,2.60000,2.44000
-0.00778000000,2.60000,2.44000
-0.00777800000,2.52000,2.44000
-0.00777600000,2.56000,2.44000
-0.00777400000,2.56000,2.44000
-0.00777200000,2.84000,2.76000
-0.00777000000,2.60000,2.44000
-0.00776800000,2.56000,2.44000
-0.00776600000,2.56000,2.44000
-0.00776400000,2.56000,2.44000
-0.00776200000,2.64000,2.48000
-0.00776000000,2.60000,2.44000
-0.00775800000,2.56000,2.44000
-0.00775600000,2.56000,2.44000
-0.00775400000,2.56000,2.44000
-0.00775200000,2.60000,2.48000
-0.00775000000,2.56000,2.44000
-0.00774800000,2.56000,2.48000
-0.00774600000,2.60000,2.48000
-0.00774400000,2.52000,2.44000
-0.00774200000,2.56000,2.44000
-0.00774000000,2.56000,2.44000
-0.00773800000,2.52000,2.36000
-0.00773600000,2.56000,2.44000
-0.00773400000,2.56000,2.44000
-0.00773200000,2.56000,2.40000
-0.00773000000,2.60000,2.44000
-0.00772800000,2.60000,2.44000
-0.00772600000,2.52000,2.40000
-0.00772400000,2.56000,2.44000
-0.00772200000,2.52000,2.44000
-0.00772000000,2.56000,2.44000
-0.00771800000,2.56000,2.44000
-0.00771600000,2.56000,2.44000
-0.00771400000,2.56000,2.44000
-0.00771200000,2.60000,2.48000
-0.00771000000,2.56000,2.44000
-0.00770800000,2.68000,2.44000
-0.00770600000,2.56000,2.44000
-0.00770400000,2.60000,2.48000
-0.00770200000,2.56000,2.44000
-0.00770000000,2.56000,2.48000
-0.00769800000,2.60000,2.48000
-0.00769600000,2.56000,2.44000
-0.00769400000,2.56000,2.44000
-0.00769200000,2.60000,2.44000
-0.00769000000,2.56000,2.44000
-0.00768800000,2.60000,2.44000
-0.00768600000,2.60000,2.44000
-0.00768400000,2.60000,2.44000
-0.00768200000,2.56000,2.44000
-0.00768000000,2.68000,2.60000
-0.00767800000,2.60000,2.44000
-0.00767600000,2.60000,2.44000
-0.00767400000,2.56000,2.44000
-0.00767200000,2.52000,2.40000
-0.00767000000,2.60000,2.48000
-0.00766800000,2.56000,2.44000
-0.00766600000,2.60000,2.44000
-0.00766400000,2.56000,2.44000
-0.00766200000,2.40000,2.32000
-0.00766000000,2.60000,2.44000
-0.00765800000,2.56000,2.44000
-0.00765600000,2.56000,2.44000
-0.00765400000,2.56000,2.48000
-0.00765200000,2.56000,2.44000
-0.00765000000,2.56000,2.44000
-0.00764800000,2.60000,2.44000
-0.00764600000,2.60000,2.48000
-0.00764400000,2.60000,2.44000
-0.00764200000,2.56000,2.44000
-0.00764000000,2.52000,2.44000
-0.00763800000,2.60000,2.48000
-0.00763600000,2.60000,2.44000
-0.00763400000,2.56000,2.44000
-0.00763200000,2.60000,2.44000
-0.00763000000,2.64000,2.48000
-0.00762800000,2.52000,2.36000
-0.00762600000,2.60000,2.44000
-0.00762400000,2.56000,2.44000
-0.00762200000,2.56000,2.44000
-0.00762000000,2.60000,2.48000
-0.00761800000,2.56000,2.44000
-0.00761600000,2.80000,2.60000
-0.00761400000,2.60000,2.44000
-0.00761200000,2.56000,2.44000
-0.00761000000,2.56000,2.44000
-0.00760800000,2.60000,2.44000
-0.00760600000,2.60000,2.48000
-0.00760400000,2.60000,2.44000
-0.00760200000,2.56000,2.44000
-0.00760000000,2.60000,2.44000
-0.00759800000,2.60000,2.48000
-0.00759600000,2.56000,2.44000
-0.00759400000,2.60000,2.44000
-0.00759200000,2.60000,2.44000
-0.00759000000,2.56000,2.44000
-0.00758800000,2.64000,2.48000
-0.00758600000,2.60000,2.48000
-0.00758400000,2.56000,2.44000
-0.00758200000,2.56000,2.48000
-0.00758000000,2.56000,2.44000
-0.00757800000,2.56000,2.44000
-0.00757600000,2.56000,2.48000
-0.00757400000,2.56000,2.44000
-0.00757200000,2.56000,2.44000
-0.00757000000,2.56000,2.48000
-0.00756800000,2.60000,2.44000
-0.00756600000,2.60000,2.44000
-0.00756400000,2.60000,2.48000
-0.00756200000,2.56000,2.44000
-0.00756000000,2.52000,2.44000
-0.00755800000,2.56000,2.44000
-0.00755600000,2.56000,2.44000
-0.00755400000,2.64000,2.48000
-0.00755200000,2.56000,2.48000
-0.00755000000,2.60000,2.44000
-0.00754800000,2.56000,2.44000
-0.00754600000,2.56000,2.44000
-0.00754400000,2.56000,2.44000
-0.00754200000,2.52000,2.36000
-0.00754000000,2.60000,2.44000
-0.00753800000,2.56000,2.44000
-0.00753600000,2.56000,2.44000
-0.00753400000,2.56000,2.44000
-0.00753200000,2.60000,2.48000
-0.00753000000,2.60000,2.48000
-0.00752800000,2.60000,2.44000
-0.00752600000,2.60000,2.48000
-0.00752400000,2.60000,2.48000
-0.00752200000,2.56000,2.44000
-0.00752000000,2.56000,2.44000
-0.00751800000,2.52000,2.44000
-0.00751600000,2.56000,2.44000
-0.00751400000,2.56000,2.44000
-0.00751200000,2.56000,2.44000
-0.00751000000,2.56000,2.44000
-0.00750800000,2.56000,2.44000
-0.00750600000,2.60000,2.48000
-0.00750400000,2.60000,2.48000
-0.00750200000,2.60000,2.48000
-0.00750000000,2.56000,2.44000
-0.00749800000,2.52000,2.40000
-0.00749600000,2.56000,2.44000
-0.00749400000,2.56000,2.44000
-0.00749200000,2.56000,2.44000
-0.00749000000,2.56000,2.44000
-0.00748800000,2.56000,2.44000
-0.00748600000,2.52000,2.40000
-0.00748400000,2.56000,2.44000
-0.00748200000,2.60000,2.48000
-0.00748000000,2.60000,2.48000
-0.00747800000,2.56000,2.44000
-0.00747600000,2.56000,2.44000
-0.00747400000,2.60000,2.44000
-0.00747200000,2.60000,2.44000
-0.00747000000,2.56000,2.44000
-0.00746800000,2.72000,2.60000
-0.00746600000,2.56000,2.48000
-0.00746400000,2.56000,2.44000
-0.00746200000,2.56000,2.44000
-0.00746000000,2.60000,2.44000
-0.00745800000,2.64000,2.48000
-0.00745600000,2.56000,2.44000
-0.00745400000,2.60000,2.44000
-0.00745200000,2.60000,2.44000
-0.00745000000,2.56000,2.44000
-0.00744800000,2.56000,2.44000
-0.00744600000,2.56000,2.44000
-0.00744400000,2.60000,2.48000
-0.00744200000,2.56000,2.44000
-0.00744000000,2.40000,2.20000
-0.00743800000,2.56000,2.44000
-0.00743600000,2.56000,2.44000
-0.00743400000,2.60000,2.44000
-0.00743200000,2.60000,2.44000
-0.00743000000,2.56000,2.44000
-0.00742800000,2.60000,2.44000
-0.00742600000,2.60000,2.44000
-0.00742400000,2.56000,2.44000
-0.00742200000,2.56000,2.44000
-0.00742000000,2.56000,2.44000
-0.00741800000,2.56000,2.44000
-0.00741600000,2.56000,2.44000
-0.00741400000,2.64000,2.48000
-0.00741200000,2.52000,2.40000
-0.00741000000,2.56000,2.44000
-0.00740800000,2.64000,2.48000
-0.00740600000,2.56000,2.44000
-0.00740400000,2.60000,2.44000
-0.00740200000,2.64000,2.44000
-0.00740000000,2.60000,2.44000
-0.00739800000,2.56000,2.44000
-0.00739600000,2.56000,2.44000
-0.00739400000,2.60000,2.44000
-0.00739200000,2.56000,2.44000
-0.00739000000,2.56000,2.44000
-0.00738800000,2.56000,2.44000
-0.00738600000,2.56000,2.44000
-0.00738400000,2.52000,2.36000
-0.00738200000,2.60000,2.48000
-0.00738000000,2.64000,2.48000
-0.00737800000,2.56000,2.44000
-0.00737600000,2.60000,2.44000
-0.00737400000,2.56000,2.44000
-0.00737200000,2.60000,2.44000
-0.00737000000,2.56000,2.44000
-0.00736800000,2.56000,2.44000
-0.00736600000,2.56000,2.44000
-0.00736400000,2.56000,2.44000
-0.00736200000,2.56000,2.44000
-0.00736000000,2.56000,2.44000
-0.00735800000,2.56000,2.44000
-0.00735600000,2.64000,2.52000
-0.00735400000,2.60000,2.44000
-0.00735200000,2.56000,2.44000
-0.00735000000,2.60000,2.44000
-0.00734800000,2.56000,2.44000
-0.00734600000,2.56000,2.44000
-0.00734400000,2.52000,2.44000
-0.00734200000,2.64000,2.52000
-0.00734000000,2.60000,2.44000
-0.00733800000,2.56000,2.40000
-0.00733600000,2.56000,2.44000
-0.00733400000,2.56000,2.44000
-0.00733200000,2.56000,2.48000
-0.00733000000,2.60000,2.44000
-0.00732800000,2.60000,2.48000
-0.00732600000,2.52000,2.44000
-0.00732400000,2.60000,2.44000
-0.00732200000,2.56000,2.44000
-0.00732000000,2.56000,2.48000
-0.00731800000,2.60000,2.48000
-0.00731600000,2.56000,2.40000
-0.00731400000,2.64000,2.48000
-0.00731200000,2.56000,2.44000
-0.00731000000,2.44000,2.28000
-0.00730800000,2.60000,2.44000
-0.00730600000,2.60000,2.44000
-0.00730400000,2.56000,2.40000
-0.00730200000,2.56000,2.44000
-0.00730000000,2.56000,2.44000
-0.00729800000,2.64000,2.48000
-0.00729600000,2.60000,2.44000
-0.00729400000,2.56000,2.48000
-0.00729200000,2.56000,2.44000
-0.00729000000,2.60000,2.44000
-0.00728800000,2.60000,2.44000
-0.00728600000,2.60000,2.44000
-0.00728400000,2.56000,2.44000
-0.00728200000,2.52000,2.32000
-0.00728000000,2.60000,2.44000
-0.00727800000,2.56000,2.44000
-0.00727600000,2.56000,2.44000
-0.00727400000,2.60000,2.44000
-0.00727200000,2.60000,2.48000
-0.00727000000,2.52000,2.40000
-0.00726800000,2.56000,2.44000
-0.00726600000,2.56000,2.44000
-0.00726400000,2.56000,2.44000
-0.00726200000,2.56000,2.44000
-0.00726000000,2.60000,2.44000
-0.00725800000,2.60000,2.48000
-0.00725600000,2.56000,2.44000
-0.00725400000,2.60000,2.48000
-0.00725200000,2.60000,2.44000
-0.00725000000,2.56000,2.44000
-0.00724800000,2.60000,2.44000
-0.00724600000,2.60000,2.48000
-0.00724400000,2.56000,2.48000
-0.00724200000,2.56000,2.44000
-0.00724000000,2.64000,2.48000
-0.00723800000,2.56000,2.44000
-0.00723600000,2.60000,2.44000
-0.00723400000,2.56000,2.40000
-0.00723200000,2.56000,2.44000
-0.00723000000,2.56000,2.44000
-0.00722800000,2.68000,2.52000
-0.00722600000,2.60000,2.44000
-0.00722400000,2.56000,2.44000
-0.00722200000,2.56000,2.44000
-0.00722000000,2.60000,2.48000
-0.00721800000,2.56000,2.44000
-0.00721600000,2.56000,2.48000
-0.00721400000,2.56000,2.44000
-0.00721200000,2.52000,2.36000
-0.00721000000,2.56000,2.44000
-0.00720800000,2.56000,2.40000
-0.00720600000,2.60000,2.48000
-0.00720400000,2.56000,2.44000
-0.00720200000,2.56000,2.44000
-0.00720000000,2.56000,2.44000
-0.00719800000,2.56000,2.44000
-0.00719600000,2.56000,2.44000
-0.00719400000,2.60000,2.48000
-0.00719200000,2.56000,2.44000
-0.00719000000,2.56000,2.44000
-0.00718800000,2.76000,2.72000
-0.00718600000,2.56000,2.44000
-0.00718400000,2.56000,2.44000
-0.00718200000,2.52000,2.44000
-0.00718000000,2.56000,2.44000
-0.00717800000,2.56000,2.44000
-0.00717600000,2.56000,2.48000
-0.00717400000,2.60000,2.48000
-0.00717200000,2.52000,2.40000
-0.00717000000,2.52000,2.36000
-0.00716800000,2.60000,2.44000
-0.00716600000,2.64000,2.48000
-0.00716400000,2.60000,2.44000
-0.00716200000,2.56000,2.44000
-0.00716000000,2.60000,2.44000
-0.00715800000,2.60000,2.44000
-0.00715600000,2.60000,2.48000
-0.00715400000,2.60000,2.48000
-0.00715200000,2.56000,2.44000
-0.00715000000,2.56000,2.44000
-0.00714800000,2.56000,2.44000
-0.00714600000,2.56000,2.44000
-0.00714400000,2.56000,2.48000
-0.00714200000,2.56000,2.44000
-0.00714000000,2.56000,2.44000
-0.00713800000,2.56000,2.48000
-0.00713600000,2.56000,2.44000
-0.00713400000,2.60000,2.48000
-0.00713200000,2.44000,2.32000
-0.00713000000,2.52000,2.40000
-0.00712800000,2.56000,2.44000
-0.00712600000,2.56000,2.48000
-0.00712400000,2.56000,2.44000
-0.00712200000,2.72000,2.52000
-0.00712000000,2.52000,2.40000
-0.00711800000,2.60000,2.44000
-0.00711600000,2.64000,2.48000
-0.00711400000,2.56000,2.44000
-0.00711200000,2.64000,2.48000
-0.00711000000,2.56000,2.44000
-0.00710800000,2.60000,2.44000
-0.00710600000,2.56000,2.40000
-0.00710400000,2.56000,2.44000
-0.00710200000,2.52000,2.36000
-0.00710000000,2.56000,2.44000
-0.00709800000,2.60000,2.44000
-0.00709600000,2.60000,2.44000
-0.00709400000,2.72000,2.68000
-0.00709200000,2.56000,2.44000
-0.00709000000,2.60000,2.48000
-0.00708800000,2.56000,2.44000
-0.00708600000,2.56000,2.44000
-0.00708400000,2.56000,2.44000
-0.00708200000,2.56000,2.44000
-0.00708000000,2.56000,2.44000
-0.00707800000,2.60000,2.48000
-0.00707600000,2.56000,2.44000
-0.00707400000,2.60000,2.44000
-0.00707200000,2.52000,2.44000
-0.00707000000,2.56000,2.44000
-0.00706800000,2.60000,2.44000
-0.00706600000,2.32000,2.20000
-0.00706400000,2.56000,2.44000
-0.00706200000,2.60000,2.44000
-0.00706000000,2.56000,2.48000
-0.00705800000,2.56000,2.44000
-0.00705600000,2.60000,2.48000
-0.00705400000,2.60000,2.44000
-0.00705200000,2.56000,2.44000
-0.00705000000,2.60000,2.44000
-0.00704800000,2.56000,2.44000
-0.00704600000,2.56000,2.44000
-0.00704400000,2.60000,2.48000
-0.00704200000,2.56000,2.44000
-0.00704000000,2.56000,2.44000
-0.00703800000,2.56000,2.44000
-0.00703600000,2.64000,2.48000
-0.00703400000,2.56000,2.44000
-0.00703200000,2.60000,2.44000
-0.00703000000,2.56000,2.44000
-0.00702800000,2.44000,2.40000
-0.00702600000,2.56000,2.44000
-0.00702400000,2.56000,2.44000
-0.00702200000,2.60000,2.44000
-0.00702000000,2.56000,2.44000
-0.00701800000,2.64000,2.44000
-0.00701600000,2.64000,2.48000
-0.00701400000,2.56000,2.44000
-0.00701200000,2.56000,2.44000
-0.00701000000,2.60000,2.44000
-0.00700800000,2.60000,2.44000
-0.00700600000,2.56000,2.44000
-0.00700400000,2.60000,2.48000
-0.00700200000,2.72000,2.48000
-0.00700000000,2.56000,2.36000
-0.00699800000,2.56000,2.44000
-0.00699600000,2.56000,2.44000
-0.00699400000,2.56000,2.44000
-0.00699200000,2.56000,2.44000
-0.00699000000,2.64000,2.44000
-0.00698800000,2.60000,2.44000
-0.00698600000,2.52000,2.40000
-0.00698400000,2.52000,2.36000
-0.00698200000,2.56000,2.44000
-0.00698000000,2.56000,2.48000
-0.00697800000,2.56000,2.44000
-0.00697600000,2.60000,2.48000
-0.00697400000,2.64000,2.48000
-0.00697200000,2.56000,2.44000
-0.00697000000,2.56000,2.44000
-0.00696800000,2.60000,2.48000
-0.00696600000,2.56000,2.44000
-0.00696400000,2.56000,2.44000
-0.00696200000,2.72000,2.64000
-0.00696000000,2.56000,2.44000
-0.00695800000,2.56000,2.40000
-0.00695600000,2.56000,2.44000
-0.00695400000,2.56000,2.44000
-0.00695200000,2.60000,2.44000
-0.00695000000,2.56000,2.44000
-0.00694800000,2.56000,2.44000
-0.00694600000,2.64000,2.44000
-0.00694400000,2.52000,2.40000
-0.00694200000,2.56000,2.44000
-0.00694000000,2.56000,2.44000
-0.00693800000,2.56000,2.40000
-0.00693600000,2.60000,2.44000
-0.00693400000,2.52000,2.44000
-0.00693200000,2.60000,2.44000
-0.00693000000,2.60000,2.44000
-0.00692800000,2.56000,2.44000
-0.00692600000,2.60000,2.44000
-0.00692400000,2.52000,2.36000
-0.00692200000,2.60000,2.44000
-0.00692000000,2.56000,2.44000
-0.00691800000,2.64000,2.48000
-0.00691600000,2.60000,2.48000
-0.00691400000,2.60000,2.48000
-0.00691200000,2.60000,2.44000
-0.00691000000,2.60000,2.48000
-0.00690800000,2.60000,2.44000
-0.00690600000,2.56000,2.44000
-0.00690400000,2.56000,2.44000
-0.00690200000,2.56000,2.44000
-0.00690000000,2.60000,2.44000
-0.00689800000,2.56000,2.44000
-0.00689600000,2.56000,2.44000
-0.00689400000,2.56000,2.44000
-0.00689200000,2.48000,2.32000
-0.00689000000,2.60000,2.48000
-0.00688800000,2.56000,2.48000
-0.00688600000,2.44000,2.28000
-0.00688400000,2.56000,2.44000
-0.00688200000,2.56000,2.44000
-0.00688000000,2.56000,2.44000
-0.00687800000,2.56000,2.44000
-0.00687600000,2.56000,2.44000
-0.00687400000,2.56000,2.44000
-0.00687200000,2.56000,2.44000
-0.00687000000,2.56000,2.48000
-0.00686800000,2.60000,2.44000
-0.00686600000,2.56000,2.44000
-0.00686400000,2.60000,2.44000
-0.00686200000,2.56000,2.48000
-0.00686000000,2.60000,2.44000
-0.00685800000,2.60000,2.44000
-0.00685600000,2.60000,2.48000
-0.00685400000,2.60000,2.44000
-0.00685200000,2.56000,2.40000
-0.00685000000,2.56000,2.44000
-0.00684800000,2.56000,2.44000
-0.00684600000,2.56000,2.48000
-0.00684400000,2.56000,2.44000
-0.00684200000,2.52000,2.36000
-0.00684000000,2.64000,2.52000
-0.00683800000,2.60000,2.48000
-0.00683600000,2.60000,2.44000
-0.00683400000,2.56000,2.44000
-0.00683200000,2.56000,2.44000
-0.00683000000,2.56000,2.48000
-0.00682800000,2.56000,2.44000
-0.00682600000,2.56000,2.48000
-0.00682400000,2.56000,2.40000
-0.00682200000,2.60000,2.44000
-0.00682000000,2.56000,2.44000
-0.00681800000,2.56000,2.44000
-0.00681600000,2.60000,2.48000
-0.00681400000,2.64000,2.48000
-0.00681200000,2.56000,2.44000
-0.00681000000,2.36000,2.24000
-0.00680800000,2.56000,2.44000
-0.00680600000,2.60000,2.44000
-0.00680400000,2.60000,2.44000
-0.00680200000,2.56000,2.44000
-0.00680000000,2.48000,2.32000
-0.00679800000,2.56000,2.44000
-0.00679600000,2.56000,2.44000
-0.00679400000,2.56000,2.44000
-0.00679200000,2.60000,2.44000
-0.00679000000,2.56000,2.44000
-0.00678800000,2.68000,2.48000
-0.00678600000,2.60000,2.44000
-0.00678400000,2.60000,2.44000
-0.00678200000,2.56000,2.44000
-0.00678000000,2.56000,2.44000
-0.00677800000,2.60000,2.44000
-0.00677600000,2.56000,2.44000
-0.00677400000,2.56000,2.44000
-0.00677200000,2.56000,2.44000
-0.00677000000,2.60000,2.44000
-0.00676800000,2.56000,2.44000
-0.00676600000,2.60000,2.44000
-0.00676400000,2.56000,2.44000
-0.00676200000,2.72000,2.68000
-0.00676000000,2.56000,2.44000
-0.00675800000,2.60000,2.44000
-0.00675600000,2.64000,2.48000
-0.00675400000,2.64000,2.48000
-0.00675200000,2.56000,2.44000
-0.00675000000,2.56000,2.44000
-0.00674800000,2.60000,2.48000
-0.00674600000,2.56000,2.40000
-0.00674400000,2.56000,2.44000
-0.00674200000,2.56000,2.48000
-0.00674000000,2.56000,2.44000
-0.00673800000,2.56000,2.44000
-0.00673600000,2.56000,2.44000
-0.00673400000,2.56000,2.44000
-0.00673200000,2.56000,2.44000
-0.00673000000,2.56000,2.44000
-0.00672800000,2.56000,2.44000
-0.00672600000,2.56000,2.44000
-0.00672400000,2.36000,2.28000
-0.00672200000,2.56000,2.44000
-0.00672000000,2.60000,2.48000
-0.00671800000,2.56000,2.44000
-0.00671600000,2.56000,2.44000
-0.00671400000,2.60000,2.44000
-0.00671200000,2.60000,2.48000
-0.00671000000,2.56000,2.44000
-0.00670800000,2.52000,2.40000
-0.00670600000,2.56000,2.44000
-0.00670400000,2.64000,2.48000
-0.00670200000,2.60000,2.44000
-0.00670000000,2.56000,2.44000
-0.00669800000,2.60000,2.48000
-0.00669600000,2.64000,2.48000
-0.00669400000,2.60000,2.44000
-0.00669200000,2.60000,2.48000
-0.00669000000,2.56000,2.44000
-0.00668800000,2.60000,2.48000
-0.00668600000,2.56000,2.40000
-0.00668400000,2.60000,2.44000
-0.00668200000,2.60000,2.48000
-0.00668000000,2.56000,2.44000
-0.00667800000,2.56000,2.44000
-0.00667600000,2.56000,2.48000
-0.00667400000,2.60000,2.44000
-0.00667200000,2.56000,2.44000
-0.00667000000,2.56000,2.44000
-0.00666800000,2.64000,2.48000
-0.00666600000,2.72000,2.56000
-0.00666400000,2.56000,2.44000
-0.00666200000,2.64000,2.52000
-0.00666000000,2.56000,2.44000
-0.00665800000,2.60000,2.44000
-0.00665600000,2.52000,2.32000
-0.00665400000,2.56000,2.44000
-0.00665200000,2.60000,2.48000
-0.00665000000,2.56000,2.44000
-0.00664800000,2.60000,2.44000
-0.00664600000,2.64000,2.48000
-0.00664400000,2.56000,2.44000
-0.00664200000,2.56000,2.44000
-0.00664000000,2.60000,2.44000
-0.00663800000,2.56000,2.44000
-0.00663600000,2.60000,2.44000
-0.00663400000,2.56000,2.44000
-0.00663200000,2.60000,2.44000
-0.00663000000,2.56000,2.44000
-0.00662800000,2.64000,2.48000
-0.00662600000,2.56000,2.44000
-0.00662400000,2.56000,2.44000
-0.00662200000,2.60000,2.44000
-0.00662000000,2.64000,2.48000
-0.00661800000,2.56000,2.44000
-0.00661600000,2.56000,2.40000
-0.00661400000,2.68000,2.52000
-0.00661200000,2.56000,2.44000
-0.00661000000,2.56000,2.48000
-0.00660800000,2.60000,2.48000
-0.00660600000,2.56000,2.44000
-0.00660400000,2.60000,2.48000
-0.00660200000,2.56000,2.44000
-0.00660000000,2.56000,2.44000
-0.00659800000,2.60000,2.44000
-0.00659600000,2.56000,2.44000
-0.00659400000,2.48000,2.32000
-0.00659200000,2.60000,2.48000
-0.00659000000,2.60000,2.44000
-0.00658800000,2.60000,2.44000
-0.00658600000,2.60000,2.44000
-0.00658400000,2.60000,2.44000
-0.00658200000,2.64000,2.48000
-0.00658000000,2.68000,2.44000
-0.00657800000,2.64000,2.48000
-0.00657600000,2.60000,2.48000
-0.00657400000,2.56000,2.44000
-0.00657200000,2.56000,2.44000
-0.00657000000,2.56000,2.48000
-0.00656800000,2.56000,2.44000
-0.00656600000,2.60000,2.48000
-0.00656400000,2.60000,2.44000
-0.00656200000,2.56000,2.44000
-0.00656000000,2.60000,2.48000
-0.00655800000,2.60000,2.44000
-0.00655600000,2.60000,2.44000
-0.00655400000,2.56000,2.44000
-0.00655200000,2.60000,2.48000
-0.00655000000,2.56000,2.40000
-0.00654800000,2.56000,2.44000
-0.00654600000,2.56000,2.44000
-0.00654400000,2.56000,2.44000
-0.00654200000,2.56000,2.44000
-0.00654000000,2.60000,2.44000
-0.00653800000,2.56000,2.44000
-0.00653600000,2.60000,2.48000
-0.00653400000,2.60000,2.44000
-0.00653200000,2.60000,2.44000
-0.00653000000,2.52000,2.36000
-0.00652800000,2.60000,2.48000
-0.00652600000,2.56000,2.44000
-0.00652400000,2.56000,2.44000
-0.00652200000,2.56000,2.44000
-0.00652000000,2.56000,2.44000
-0.00651800000,2.64000,2.44000
-0.00651600000,2.56000,2.44000
-0.00651400000,2.56000,2.44000
-0.00651200000,2.48000,2.32000
-0.00651000000,2.60000,2.48000
-0.00650800000,2.56000,2.44000
-0.00650600000,2.56000,2.44000
-0.00650400000,2.56000,2.44000
-0.00650200000,2.64000,2.44000
-0.00650000000,2.56000,2.44000
-0.00649800000,2.60000,2.48000
-0.00649600000,2.60000,2.48000
-0.00649400000,2.60000,2.44000
-0.00649200000,2.56000,2.44000
-0.00649000000,2.56000,2.44000
-0.00648800000,2.56000,2.44000
-0.00648600000,2.56000,2.44000
-0.00648400000,2.56000,2.44000
-0.00648200000,2.56000,2.44000
-0.00648000000,2.56000,2.44000
-0.00647800000,2.60000,2.48000
-0.00647600000,2.56000,2.44000
-0.00647400000,2.60000,2.44000
-0.00647200000,2.52000,2.44000
-0.00647000000,2.60000,2.48000
-0.00646800000,2.56000,2.48000
-0.00646600000,2.52000,2.44000
-0.00646400000,2.56000,2.44000
-0.00646200000,2.64000,2.48000
-0.00646000000,2.56000,2.40000
-0.00645800000,2.60000,2.44000
-0.00645600000,2.56000,2.44000
-0.00645400000,2.56000,2.44000
-0.00645200000,2.52000,2.40000
-0.00645000000,2.60000,2.48000
-0.00644800000,2.56000,2.40000
-0.00644600000,2.52000,2.32000
-0.00644400000,2.52000,2.44000
-0.00644200000,2.56000,2.44000
-0.00644000000,2.56000,2.44000
-0.00643800000,2.56000,2.44000
-0.00643600000,2.56000,2.44000
-0.00643400000,2.60000,2.48000
-0.00643200000,2.56000,2.40000
-0.00643000000,2.60000,2.48000
-0.00642800000,2.56000,2.44000
-0.00642600000,2.56000,2.44000
-0.00642400000,2.56000,2.44000
-0.00642200000,2.56000,2.44000
-0.00642000000,2.60000,2.48000
-0.00641800000,2.60000,2.44000
-0.00641600000,2.56000,2.44000
-0.00641400000,2.60000,2.48000
-0.00641200000,2.56000,2.44000
-0.00641000000,2.56000,2.44000
-0.00640800000,2.68000,2.48000
-0.00640600000,2.56000,2.36000
-0.00640400000,2.56000,2.44000
-0.00640200000,2.60000,2.48000
-0.00640000000,2.56000,2.44000
-0.00639800000,2.56000,2.44000
-0.00639600000,2.80000,2.76000
-0.00639400000,2.56000,2.44000
-0.00639200000,2.56000,2.40000
-0.00639000000,2.52000,2.40000
-0.00638800000,2.60000,2.48000
-0.00638600000,2.44000,2.32000
-0.00638400000,2.60000,2.44000
-0.00638200000,2.56000,2.44000
-0.00638000000,2.60000,2.48000
-0.00637800000,2.60000,2.48000
-0.00637600000,2.60000,2.44000
-0.00637400000,2.64000,2.48000
-0.00637200000,2.48000,2.36000
-0.00637000000,2.56000,2.44000
-0.00636800000,2.60000,2.44000
-0.00636600000,2.64000,2.48000
-0.00636400000,2.52000,2.40000
-0.00636200000,2.60000,2.48000
-0.00636000000,2.60000,2.44000
-0.00635800000,2.56000,2.44000
-0.00635600000,2.52000,2.44000
-0.00635400000,2.56000,2.44000
-0.00635200000,2.60000,2.44000
-0.00635000000,2.48000,2.44000
-0.00634800000,2.56000,2.44000
-0.00634600000,2.56000,2.44000
-0.00634400000,2.60000,2.44000
-0.00634200000,2.56000,2.44000
-0.00634000000,2.56000,2.44000
-0.00633800000,2.56000,2.44000
-0.00633600000,2.56000,2.44000
-0.00633400000,2.64000,2.48000
-0.00633200000,2.56000,2.44000
-0.00633000000,2.56000,2.44000
-0.00632800000,2.52000,2.36000
-0.00632600000,2.56000,2.44000
-0.00632400000,2.60000,2.48000
-0.00632200000,2.64000,2.48000
-0.00632000000,2.60000,2.44000
-0.00631800000,2.44000,2.32000
-0.00631600000,2.56000,2.44000
-0.00631400000,2.56000,2.44000
-0.00631200000,2.52000,2.40000
-0.00631000000,2.56000,2.48000
-0.00630800000,2.56000,2.44000
-0.00630600000,2.56000,2.44000
-0.00630400000,2.52000,2.44000
-0.00630200000,2.60000,2.48000
-0.00630000000,2.56000,2.44000
-0.00629800000,2.48000,2.36000
-0.00629600000,2.56000,2.44000
-0.00629400000,2.56000,2.48000
-0.00629200000,2.52000,2.48000
-0.00629000000,2.60000,2.44000
-0.00628800000,2.60000,2.44000
-0.00628600000,2.60000,2.44000
-0.00628400000,2.56000,2.44000
-0.00628200000,2.56000,2.44000
-0.00628000000,2.56000,2.44000
-0.00627800000,2.56000,2.44000
-0.00627600000,2.64000,2.48000
-0.00627400000,2.56000,2.44000
-0.00627200000,2.60000,2.44000
-0.00627000000,2.56000,2.44000
-0.00626800000,2.56000,2.44000
-0.00626600000,2.56000,2.44000
-0.00626400000,2.56000,2.48000
-0.00626200000,2.56000,2.48000
-0.00626000000,2.60000,2.44000
-0.00625800000,2.60000,2.44000
-0.00625600000,2.56000,2.44000
-0.00625400000,2.60000,2.44000
-0.00625200000,2.52000,2.44000
-0.00625000000,2.72000,2.52000
-0.00624800000,2.60000,2.44000
-0.00624600000,2.64000,2.44000
-0.00624400000,2.56000,2.44000
-0.00624200000,2.60000,2.44000
-0.00624000000,2.80000,2.72000
-0.00623800000,2.60000,2.44000
-0.00623600000,2.60000,2.48000
-0.00623400000,2.52000,2.32000
-0.00623200000,2.60000,2.44000
-0.00623000000,2.60000,2.56000
-0.00622800000,2.56000,2.44000
-0.00622600000,2.56000,2.48000
-0.00622400000,2.60000,2.48000
-0.00622200000,2.56000,2.44000
-0.00622000000,2.52000,2.40000
-0.00621800000,2.52000,2.44000
-0.00621600000,2.56000,2.44000
-0.00621400000,2.56000,2.44000
-0.00621200000,2.60000,2.48000
-0.00621000000,2.60000,2.44000
-0.00620800000,2.56000,2.44000
-0.00620600000,2.56000,2.44000
-0.00620400000,2.56000,2.44000
-0.00620200000,2.60000,2.44000
-0.00620000000,2.60000,2.48000
-0.00619800000,2.60000,2.44000
-0.00619600000,2.56000,2.44000
-0.00619400000,2.60000,2.48000
-0.00619200000,2.56000,2.44000
-0.00619000000,2.56000,2.44000
-0.00618800000,2.64000,2.44000
-0.00618600000,2.56000,2.44000
-0.00618400000,2.56000,2.44000
-0.00618200000,2.56000,2.44000
-0.00618000000,2.56000,2.44000
-0.00617800000,2.56000,2.44000
-0.00617600000,2.72000,2.56000
-0.00617400000,2.56000,2.44000
-0.00617200000,2.56000,2.44000
-0.00617000000,2.60000,2.44000
-0.00616800000,2.56000,2.44000
-0.00616600000,2.56000,2.44000
-0.00616400000,2.56000,2.44000
-0.00616200000,2.60000,2.44000
-0.00616000000,2.52000,2.36000
-0.00615800000,2.68000,2.52000
-0.00615600000,2.56000,2.44000
-0.00615400000,2.60000,2.48000
-0.00615200000,2.44000,2.32000
-0.00615000000,2.56000,2.44000
-0.00614800000,2.56000,2.40000
-0.00614600000,2.56000,2.44000
-0.00614400000,2.60000,2.44000
-0.00614200000,2.56000,2.44000
-0.00614000000,2.56000,2.44000
-0.00613800000,2.60000,2.44000
-0.00613600000,2.60000,2.44000
-0.00613400000,2.56000,2.44000
-0.00613200000,2.44000,2.44000
-0.00613000000,2.60000,2.48000
-0.00612800000,2.60000,2.44000
-0.00612600000,2.56000,2.44000
-0.00612400000,2.60000,2.48000
-0.00612200000,2.68000,2.56000
-0.00612000000,2.56000,2.44000
-0.00611800000,2.68000,2.56000
-0.00611600000,2.52000,2.36000
-0.00611400000,2.56000,2.44000
-0.00611200000,2.56000,2.44000
-0.00611000000,2.56000,2.44000
-0.00610800000,2.56000,2.40000
-0.00610600000,2.60000,2.48000
-0.00610400000,2.52000,2.44000
-0.00610200000,2.56000,2.40000
-0.00610000000,2.56000,2.44000
-0.00609800000,2.56000,2.44000
-0.00609600000,2.60000,2.44000
-0.00609400000,2.60000,2.44000
-0.00609200000,2.60000,2.48000
-0.00609000000,2.60000,2.48000
-0.00608800000,2.56000,2.44000
-0.00608600000,2.60000,2.48000
-0.00608400000,2.60000,2.44000
-0.00608200000,2.56000,2.44000
-0.00608000000,2.60000,2.44000
-0.00607800000,2.64000,2.48000
-0.00607600000,2.60000,2.44000
-0.00607400000,2.56000,2.44000
-0.00607200000,2.52000,2.40000
-0.00607000000,2.60000,2.44000
-0.00606800000,2.56000,2.44000
-0.00606600000,2.60000,2.48000
-0.00606400000,2.56000,2.44000
-0.00606200000,2.60000,2.44000
-0.00606000000,2.52000,2.44000
-0.00605800000,2.56000,2.44000
-0.00605600000,2.64000,2.48000
-0.00605400000,2.64000,2.48000
-0.00605200000,2.60000,2.48000
-0.00605000000,2.64000,2.48000
-0.00604800000,2.56000,2.44000
-0.00604600000,2.56000,2.40000
-0.00604400000,2.64000,2.48000
-0.00604200000,2.56000,2.44000
-0.00604000000,2.56000,2.44000
-0.00603800000,2.56000,2.44000
-0.00603600000,2.56000,2.44000
-0.00603400000,2.60000,2.44000
-0.00603200000,2.60000,2.48000
-0.00603000000,2.56000,2.44000
-0.00602800000,2.56000,2.44000
-0.00602600000,2.60000,2.44000
-0.00602400000,2.60000,2.44000
-0.00602200000,2.56000,2.48000
-0.00602000000,2.56000,2.44000
-0.00601800000,2.56000,2.44000
-0.00601600000,2.60000,2.44000
-0.00601400000,2.56000,2.44000
-0.00601200000,2.60000,2.44000
-0.00601000000,2.56000,2.44000
-0.00600800000,2.60000,2.44000
-0.00600600000,2.60000,2.44000
-0.00600400000,2.60000,2.56000
-0.00600200000,2.60000,2.40000
-0.00600000000,2.60000,2.44000
-0.00599800000,2.56000,2.44000
-0.00599600000,2.56000,2.44000
-0.00599400000,2.44000,2.36000
-0.00599200000,2.64000,2.48000
-0.00599000000,2.56000,2.44000
-0.00598800000,2.60000,2.44000
-0.00598600000,2.56000,2.48000
-0.00598400000,2.60000,2.44000
-0.00598200000,2.60000,2.44000
-0.00598000000,2.64000,2.48000
-0.00597800000,2.56000,2.44000
-0.00597600000,2.52000,2.40000
-0.00597400000,2.72000,2.52000
-0.00597200000,2.60000,2.44000
-0.00597000000,2.56000,2.44000
-0.00596800000,2.60000,2.48000
-0.00596600000,2.56000,2.44000
-0.00596400000,2.72000,2.64000
-0.00596200000,2.60000,2.44000
-0.00596000000,2.60000,2.48000
-0.00595800000,2.56000,2.44000
-0.00595600000,2.60000,2.48000
-0.00595400000,2.52000,2.40000
-0.00595200000,2.60000,2.44000
-0.00595000000,2.68000,2.52000
-0.00594800000,2.56000,2.44000
-0.00594600000,2.52000,2.40000
-0.00594400000,2.68000,2.56000
-0.00594200000,2.64000,2.48000
-0.00594000000,2.56000,2.48000
-0.00593800000,2.56000,2.44000
-0.00593600000,2.60000,2.44000
-0.00593400000,2.64000,2.56000
-0.00593200000,2.56000,2.44000
-0.00593000000,2.64000,2.48000
-0.00592800000,2.56000,2.44000
-0.00592600000,2.56000,2.44000
-0.00592400000,2.56000,2.44000
-0.00592200000,2.60000,2.44000
-0.00592000000,2.56000,2.44000
-0.00591800000,2.60000,2.48000
-0.00591600000,2.56000,2.44000
-0.00591400000,2.56000,2.44000
-0.00591200000,2.56000,2.44000
-0.00591000000,2.56000,2.44000
-0.00590800000,2.56000,2.44000
-0.00590600000,2.56000,2.44000
-0.00590400000,2.52000,2.44000
-0.00590200000,2.60000,2.48000
-0.00590000000,2.60000,2.44000
-0.00589800000,2.52000,2.44000
-0.00589600000,2.60000,2.44000
-0.00589400000,2.56000,2.44000
-0.00589200000,2.68000,2.48000
-0.00589000000,2.56000,2.44000
-0.00588800000,2.60000,2.48000
-0.00588600000,2.56000,2.44000
-0.00588400000,2.60000,2.48000
-0.00588200000,2.60000,2.44000
-0.00588000000,2.56000,2.48000
-0.00587800000,2.56000,2.44000
-0.00587600000,2.60000,2.48000
-0.00587400000,2.60000,2.48000
-0.00587200000,2.60000,2.44000
-0.00587000000,2.56000,2.44000
-0.00586800000,2.56000,2.44000
-0.00586600000,2.60000,2.44000
-0.00586400000,2.56000,2.44000
-0.00586200000,2.56000,2.44000
-0.00586000000,2.56000,2.44000
-0.00585800000,2.60000,2.44000
-0.00585600000,2.52000,2.44000
-0.00585400000,2.60000,2.48000
-0.00585200000,2.56000,2.48000
-0.00585000000,2.56000,2.44000
-0.00584800000,2.60000,2.48000
-0.00584600000,2.64000,2.48000
-0.00584400000,2.60000,2.48000
-0.00584200000,2.56000,2.44000
-0.00584000000,2.56000,2.44000
-0.00583800000,2.60000,2.44000
-0.00583600000,2.56000,2.44000
-0.00583400000,2.60000,2.48000
-0.00583200000,2.60000,2.44000
-0.00583000000,2.60000,2.48000
-0.00582800000,2.56000,2.44000
-0.00582600000,2.56000,2.44000
-0.00582400000,2.64000,2.44000
-0.00582200000,2.56000,2.44000
-0.00582000000,2.56000,2.44000
-0.00581800000,2.56000,2.44000
-0.00581600000,2.56000,2.44000
-0.00581400000,2.56000,2.44000
-0.00581200000,2.56000,2.44000
-0.00581000000,2.56000,2.44000
-0.00580800000,2.56000,2.44000
-0.00580600000,2.60000,2.48000
-0.00580400000,2.56000,2.44000
-0.00580200000,2.56000,2.44000
-0.00580000000,2.56000,2.44000
-0.00579800000,2.60000,2.44000
-0.00579600000,2.64000,2.48000
-0.00579400000,2.52000,2.36000
-0.00579200000,2.56000,2.44000
-0.00579000000,2.56000,2.44000
-0.00578800000,2.64000,2.48000
-0.00578600000,2.60000,2.48000
-0.00578400000,2.56000,2.44000
-0.00578200000,2.68000,2.48000
-0.00578000000,2.56000,2.44000
-0.00577800000,2.56000,2.44000
-0.00577600000,2.56000,2.44000
-0.00577400000,2.56000,2.44000
-0.00577200000,2.56000,2.44000
-0.00577000000,2.60000,2.48000
-0.00576800000,2.64000,2.48000
-0.00576600000,2.64000,2.48000
-0.00576400000,2.56000,2.44000
-0.00576200000,2.60000,2.44000
-0.00576000000,2.56000,2.44000
-0.00575800000,2.60000,2.44000
-0.00575600000,2.56000,2.44000
-0.00575400000,2.64000,2.48000
-0.00575200000,2.56000,2.44000
-0.00575000000,2.60000,2.48000
-0.00574800000,2.56000,2.44000
-0.00574600000,2.60000,2.44000
-0.00574400000,2.56000,2.44000
-0.00574200000,2.60000,2.48000
-0.00574000000,2.52000,2.32000
-0.00573800000,2.60000,2.44000
-0.00573600000,2.52000,2.44000
-0.00573400000,2.56000,2.44000
-0.00573200000,2.56000,2.44000
-0.00573000000,2.56000,2.44000
-0.00572800000,2.60000,2.44000
-0.00572600000,2.56000,2.44000
-0.00572400000,2.64000,2.48000
-0.00572200000,2.52000,2.40000
-0.00572000000,2.56000,2.44000
-0.00571800000,2.56000,2.44000
-0.00571600000,2.56000,2.48000
-0.00571400000,2.64000,2.44000
-0.00571200000,2.60000,2.44000
-0.00571000000,2.60000,2.48000
-0.00570800000,2.56000,2.44000
-0.00570600000,2.56000,2.44000
-0.00570400000,2.52000,2.40000
-0.00570200000,2.56000,2.44000
-0.00570000000,2.56000,2.44000
-0.00569800000,2.60000,2.44000
-0.00569600000,2.60000,2.48000
-0.00569400000,2.56000,2.48000
-0.00569200000,2.56000,2.44000
-0.00569000000,2.56000,2.48000
-0.00568800000,2.56000,2.44000
-0.00568600000,2.60000,2.48000
-0.00568400000,2.60000,2.44000
-0.00568200000,2.56000,2.44000
-0.00568000000,2.60000,2.44000
-0.00567800000,2.60000,2.52000
-0.00567600000,2.56000,2.44000
-0.00567400000,2.72000,2.56000
-0.00567200000,2.56000,2.44000
-0.00567000000,2.56000,2.44000
-0.00566800000,2.56000,2.44000
-0.00566600000,2.56000,2.44000
-0.00566400000,2.52000,2.32000
-0.00566200000,2.68000,2.56000
-0.00566000000,2.60000,2.48000
-0.00565800000,2.60000,2.44000
-0.00565600000,2.64000,2.48000
-0.00565400000,2.52000,2.40000
-0.00565200000,2.56000,2.44000
-0.00565000000,2.56000,2.44000
-0.00564800000,2.52000,2.40000
-0.00564600000,2.64000,2.48000
-0.00564400000,2.72000,2.48000
-0.00564200000,2.56000,2.44000
-0.00564000000,2.56000,2.44000
-0.00563800000,2.52000,2.44000
-0.00563600000,2.60000,2.44000
-0.00563400000,2.64000,2.44000
-0.00563200000,2.56000,2.40000
-0.00563000000,2.56000,2.44000
-0.00562800000,2.56000,2.40000
-0.00562600000,2.56000,2.40000
-0.00562400000,2.56000,2.40000
-0.00562200000,2.60000,2.48000
-0.00562000000,2.56000,2.44000
-0.00561800000,2.56000,2.44000
-0.00561600000,2.60000,2.48000
-0.00561400000,2.48000,2.40000
-0.00561200000,2.56000,2.44000
-0.00561000000,2.60000,2.44000
-0.00560800000,2.56000,2.44000
-0.00560600000,2.56000,2.44000
-0.00560400000,2.44000,2.36000
-0.00560200000,2.60000,2.48000
-0.00560000000,2.60000,2.48000
-0.00559800000,2.64000,2.48000
-0.00559600000,2.56000,2.44000
-0.00559400000,2.56000,2.44000
-0.00559200000,2.60000,2.44000
-0.00559000000,2.56000,2.44000
-0.00558800000,2.56000,2.44000
-0.00558600000,2.48000,2.36000
-0.00558400000,2.60000,2.44000
-0.00558200000,2.60000,2.44000
-0.00558000000,2.56000,2.44000
-0.00557800000,2.60000,2.44000
-0.00557600000,2.64000,2.48000
-0.00557400000,2.56000,2.44000
-0.00557200000,2.60000,2.48000
-0.00557000000,2.60000,2.48000
-0.00556800000,2.60000,2.44000
-0.00556600000,2.60000,2.44000
-0.00556400000,2.64000,2.48000
-0.00556200000,2.60000,2.48000
-0.00556000000,2.56000,2.44000
-0.00555800000,2.56000,2.44000
-0.00555600000,2.56000,2.44000
-0.00555400000,2.56000,2.44000
-0.00555200000,2.64000,2.48000
-0.00555000000,2.60000,2.48000
-0.00554800000,2.56000,2.44000
-0.00554600000,2.52000,2.36000
-0.00554400000,2.60000,2.44000
-0.00554200000,2.56000,2.40000
-0.00554000000,2.56000,2.44000
-0.00553800000,2.56000,2.44000
-0.00553600000,2.56000,2.44000
-0.00553400000,2.56000,2.44000
-0.00553200000,2.56000,2.44000
-0.00553000000,2.56000,2.44000
-0.00552800000,2.56000,2.44000
-0.00552600000,2.56000,2.44000
-0.00552400000,2.60000,2.48000
-0.00552200000,2.60000,2.48000
-0.00552000000,2.56000,2.44000
-0.00551800000,2.56000,2.44000
-0.00551600000,2.56000,2.44000
-0.00551400000,2.56000,2.44000
-0.00551200000,2.56000,2.44000
-0.00551000000,2.56000,2.44000
-0.00550800000,2.60000,2.44000
-0.00550600000,2.52000,2.44000
-0.00550400000,2.56000,2.44000
-0.00550200000,2.56000,2.40000
-0.00550000000,2.56000,2.44000
-0.00549800000,2.56000,2.44000
-0.00549600000,2.56000,2.44000
-0.00549400000,2.56000,2.44000
-0.00549200000,2.68000,2.52000
-0.00549000000,2.56000,2.44000
-0.00548800000,2.60000,2.48000
-0.00548600000,2.64000,2.48000
-0.00548400000,2.60000,2.48000
-0.00548200000,2.68000,2.56000
-0.00548000000,2.68000,2.52000
-0.00547800000,2.64000,2.48000
-0.00547600000,2.56000,2.44000
-0.00547400000,2.56000,2.44000
-0.00547200000,2.52000,2.40000
-0.00547000000,2.56000,2.44000
-0.00546800000,2.52000,2.36000
-0.00546600000,2.56000,2.44000
-0.00546400000,2.60000,2.44000
-0.00546200000,2.52000,2.32000
-0.00546000000,2.48000,2.44000
-0.00545800000,2.60000,2.44000
-0.00545600000,2.64000,2.52000
-0.00545400000,2.60000,2.48000
-0.00545200000,2.56000,2.44000
-0.00545000000,2.60000,2.48000
-0.00544800000,2.56000,2.44000
-0.00544600000,2.60000,2.44000
-0.00544400000,2.52000,2.40000
-0.00544200000,2.56000,2.48000
-0.00544000000,2.56000,2.44000
-0.00543800000,2.60000,2.48000
-0.00543600000,2.56000,2.44000
-0.00543400000,2.56000,2.44000
-0.00543200000,2.60000,2.48000
-0.00543000000,2.64000,2.48000
-0.00542800000,2.56000,2.44000
-0.00542600000,2.56000,2.48000
-0.00542400000,2.60000,2.44000
-0.00542200000,2.60000,2.44000
-0.00542000000,2.68000,2.48000
-0.00541800000,2.56000,2.44000
-0.00541600000,2.56000,2.44000
-0.00541400000,2.56000,2.44000
-0.00541200000,2.64000,2.48000
-0.00541000000,2.56000,2.44000
-0.00540800000,2.64000,2.48000
-0.00540600000,2.56000,2.44000
-0.00540400000,2.56000,2.44000
-0.00540200000,2.60000,2.48000
-0.00540000000,2.56000,2.44000
-0.00539800000,2.56000,2.44000
-0.00539600000,2.56000,2.44000
-0.00539400000,2.60000,2.44000
-0.00539200000,2.52000,2.40000
-0.00539000000,2.60000,2.56000
-0.00538800000,2.60000,2.44000
-0.00538600000,2.60000,2.44000
-0.00538400000,2.60000,2.44000
-0.00538200000,2.60000,2.44000
-0.00538000000,2.60000,2.56000
-0.00537800000,2.56000,2.44000
-0.00537600000,2.56000,2.44000
-0.00537400000,2.60000,2.48000
-0.00537200000,2.64000,2.48000
-0.00537000000,2.52000,2.44000
-0.00536800000,2.60000,2.48000
-0.00536600000,2.60000,2.48000
-0.00536400000,2.60000,2.44000
-0.00536200000,2.56000,2.44000
-0.00536000000,2.56000,2.44000
-0.00535800000,2.60000,2.44000
-0.00535600000,2.60000,2.48000
-0.00535400000,2.56000,2.44000
-0.00535200000,2.60000,2.48000
-0.00535000000,2.52000,2.32000
-0.00534800000,2.56000,2.44000
-0.00534600000,2.56000,2.48000
-0.00534400000,2.56000,2.44000
-0.00534200000,2.56000,2.44000
-0.00534000000,2.56000,2.44000
-0.00533800000,2.60000,2.48000
-0.00533600000,2.60000,2.44000
-0.00533400000,2.56000,2.44000
-0.00533200000,2.56000,2.44000
-0.00533000000,2.56000,2.44000
-0.00532800000,2.56000,2.44000
-0.00532600000,2.56000,2.44000
-0.00532400000,2.56000,2.48000
-0.00532200000,2.60000,2.44000
-0.00532000000,2.56000,2.44000
-0.00531800000,2.64000,2.48000
-0.00531600000,2.56000,2.44000
-0.00531400000,2.60000,2.44000
-0.00531200000,2.60000,2.44000
-0.00531000000,2.56000,2.44000
-0.00530800000,2.68000,2.52000
-0.00530600000,2.56000,2.44000
-0.00530400000,2.64000,2.52000
-0.00530200000,2.64000,2.44000
-0.00530000000,2.56000,2.44000
-0.00529800000,2.48000,2.44000
-0.00529600000,2.56000,2.44000
-0.00529400000,2.48000,2.32000
-0.00529200000,2.60000,2.52000
-0.00529000000,2.56000,2.44000
-0.00528800000,2.68000,2.44000
-0.00528600000,2.52000,2.44000
-0.00528400000,2.56000,2.44000
-0.00528200000,2.56000,2.44000
-0.00528000000,2.60000,2.48000
-0.00527800000,2.56000,2.44000
-0.00527600000,2.64000,2.48000
-0.00527400000,2.60000,2.44000
-0.00527200000,2.56000,2.44000
-0.00527000000,2.56000,2.44000
-0.00526800000,2.64000,2.48000
-0.00526600000,2.60000,2.48000
-0.00526400000,2.56000,2.44000
-0.00526200000,2.56000,2.44000
-0.00526000000,2.56000,2.44000
-0.00525800000,2.60000,2.48000
-0.00525600000,2.60000,2.48000
-0.00525400000,2.56000,2.44000
-0.00525200000,2.64000,2.52000
-0.00525000000,2.64000,2.48000
-0.00524800000,2.60000,2.44000
-0.00524600000,2.52000,2.40000
-0.00524400000,2.60000,2.44000
-0.00524200000,2.60000,2.44000
-0.00524000000,2.64000,2.48000
-0.00523799969,2.56000,2.44000
-0.00523599969,2.72000,2.56000
-0.00523399969,2.52000,2.44000
-0.00523199969,2.60000,2.44000
-0.00522999969,2.60000,2.44000
-0.00522799969,2.60000,2.44000
-0.00522600031,2.80000,2.68000
-0.00522400031,2.64000,2.48000
-0.00522200031,2.60000,2.44000
-0.00522000031,2.56000,2.44000
-0.00521800000,2.60000,2.48000
-0.00521600000,2.60000,2.44000
-0.00521400000,2.64000,2.48000
-0.00521200000,2.64000,2.44000
-0.00521000000,2.60000,2.44000
-0.00520800000,2.56000,2.44000
-0.00520600000,2.56000,2.44000
-0.00520400000,2.60000,2.44000
-0.00520200000,2.56000,2.44000
-0.00520000000,2.56000,2.48000
-0.00519800000,2.56000,2.44000
-0.00519600000,2.60000,2.48000
-0.00519400000,2.56000,2.44000
-0.00519200000,2.56000,2.44000
-0.00519000000,2.60000,2.48000
-0.00518800000,2.56000,2.44000
-0.00518600000,2.52000,2.40000
-0.00518400000,2.60000,2.44000
-0.00518200000,2.56000,2.44000
-0.00518000000,2.60000,2.44000
-0.00517800000,2.64000,2.48000
-0.00517599969,2.52000,2.36000
-0.00517399969,2.60000,2.44000
-0.00517199969,2.56000,2.44000
-0.00516999969,2.64000,2.48000
-0.00516799969,2.56000,2.44000
-0.00516599969,2.60000,2.48000
-0.00516400031,2.84000,2.72000
-0.00516200031,2.60000,2.44000
-0.00516000031,2.56000,2.44000
-0.00515800031,2.60000,2.48000
-0.00515600000,2.60000,2.44000
-0.00515400000,2.60000,2.48000
-0.00515200000,2.60000,2.48000
-0.00515000000,2.56000,2.44000
-0.00514800000,2.56000,2.44000
-0.00514600000,2.56000,2.44000
-0.00514400000,2.52000,2.44000
-0.00514200000,2.64000,2.48000
-0.00514000000,2.56000,2.44000
-0.00513800000,2.60000,2.44000
-0.00513600000,2.52000,2.40000
-0.00513400000,2.56000,2.44000
-0.00513200000,2.60000,2.44000
-0.00513000000,2.56000,2.44000
-0.00512800000,2.60000,2.48000
-0.00512600000,2.60000,2.44000
-0.00512400000,2.48000,2.40000
-0.00512200000,2.60000,2.48000
-0.00512000000,2.64000,2.48000
-0.00511800000,2.60000,2.44000
-0.00511599969,2.56000,2.44000
-0.00511399969,2.60000,2.48000
-0.00511199969,2.52000,2.40000
-0.00510999969,2.56000,2.44000
-0.00510799969,2.60000,2.44000
-0.00510599969,2.56000,2.44000
-0.00510400031,2.56000,2.44000
-0.00510200031,2.76000,2.64000
-0.00510000031,2.56000,2.44000
-0.00509800031,2.52000,2.44000
-0.00509600000,2.56000,2.44000
-0.00509400000,2.60000,2.44000
-0.00509200000,2.56000,2.44000
-0.00509000000,2.60000,2.44000
-0.00508800000,2.60000,2.44000
-0.00508600000,2.56000,2.44000
-0.00508400000,2.60000,2.44000
-0.00508200000,2.56000,2.44000
-0.00508000000,2.56000,2.44000
-0.00507800000,2.60000,2.44000
-0.00507600000,2.56000,2.44000
-0.00507400000,2.56000,2.48000
-0.00507200000,2.52000,2.40000
-0.00507000000,2.60000,2.48000
-0.00506800000,2.60000,2.48000
-0.00506600000,2.64000,2.44000
-0.00506400000,2.60000,2.48000
-0.00506200000,2.56000,2.44000
-0.00506000000,2.52000,2.40000
-0.00505800000,2.64000,2.48000
-0.00505600000,2.56000,2.44000
-0.00505399969,2.60000,2.48000
-0.00505199969,2.56000,2.44000
-0.00504999969,2.76000,2.72000
-0.00504799969,2.60000,2.48000
-0.00504599969,2.60000,2.44000
-0.00504399969,2.64000,2.48000
-0.00504200031,2.60000,2.44000
-0.00504000031,2.60000,2.44000
-0.00503800031,2.52000,2.44000
-0.00503600031,2.56000,2.44000
-0.00503400000,2.56000,2.44000
-0.00503200000,2.56000,2.44000
-0.00503000000,2.60000,2.48000
-0.00502800000,2.60000,2.48000
-0.00502600000,2.60000,2.48000
-0.00502400000,2.56000,2.44000
-0.00502200000,2.56000,2.44000
-0.00502000000,2.64000,2.48000
-0.00501800000,2.60000,2.44000
-0.00501600000,2.60000,2.48000
-0.00501400000,2.60000,2.48000
-0.00501200000,2.56000,2.48000
-0.00501000000,2.56000,2.44000
-0.00500800000,2.56000,2.32000
-0.00500600000,2.56000,2.44000
-0.00500400000,2.56000,2.44000
-0.00500200000,2.60000,2.48000
-0.00500000000,2.56000,2.44000
-0.00499800000,2.56000,2.44000
-0.00499600000,2.56000,2.44000
-0.00499399969,2.60000,2.44000
-0.00499199969,2.56000,2.40000
-0.00498999969,2.60000,2.44000
-0.00498799969,2.56000,2.44000
-0.00498599969,2.60000,2.48000
-0.00498399969,2.56000,2.48000
-0.00498200031,2.56000,2.44000
-0.00498000031,2.64000,2.48000
-0.00497800031,2.52000,2.44000
-0.00497600031,2.56000,2.44000
-0.00497400000,2.56000,2.44000
-0.00497200000,2.56000,2.44000
-0.00497000000,2.56000,2.44000
-0.00496800000,2.60000,2.44000
-0.00496600000,2.56000,2.44000
-0.00496400000,2.60000,2.48000
-0.00496200000,2.56000,2.44000
-0.00496000000,2.64000,2.48000
-0.00495800000,2.56000,2.44000
-0.00495600000,2.48000,2.36000
-0.00495400000,2.60000,2.48000
-0.00495200000,2.64000,2.48000
-0.00495000000,2.52000,2.44000
-0.00494800000,2.56000,2.44000
-0.00494600000,2.60000,2.44000
-0.00494400000,2.56000,2.44000
-0.00494200000,2.56000,2.44000
-0.00494000000,2.60000,2.48000
-0.00493800000,2.56000,2.44000
-0.00493600000,2.56000,2.44000
-0.00493400000,2.60000,2.44000
-0.00493199969,2.60000,2.44000
-0.00492999969,2.56000,2.44000
-0.00492799969,2.56000,2.44000
-0.00492599969,2.60000,2.44000
-0.00492399969,2.48000,2.36000
-0.00492199969,2.56000,2.44000
-0.00492000031,2.60000,2.48000
-0.00491800031,2.56000,2.40000
-0.00491600031,2.56000,2.44000
-0.00491400031,2.80000,2.64000
-0.00491200000,2.60000,2.44000
-0.00491000000,2.56000,2.44000
-0.00490800000,2.56000,2.48000
-0.00490600000,2.56000,2.44000
-0.00490400000,2.68000,2.48000
-0.00490200000,2.56000,2.44000
-0.00490000000,2.60000,2.44000
-0.00489800000,2.60000,2.44000
-0.00489600000,2.64000,2.48000
-0.00489400000,2.56000,2.44000
-0.00489200000,2.60000,2.44000
-0.00489000000,2.56000,2.44000
-0.00488800000,2.56000,2.44000
-0.00488600000,2.56000,2.48000
-0.00488400000,2.60000,2.44000
-0.00488200000,2.60000,2.48000
-0.00488000000,2.60000,2.48000
-0.00487800000,2.56000,2.44000
-0.00487600000,2.52000,2.40000
-0.00487400000,2.56000,2.44000
-0.00487200000,2.48000,2.32000
-0.00486999969,2.60000,2.44000
-0.00486799969,2.60000,2.44000
-0.00486599969,2.56000,2.44000
-0.00486399969,2.60000,2.44000
-0.00486199969,2.60000,2.44000
-0.00486000031,2.64000,2.48000
-0.00485800031,2.56000,2.44000
-0.00485600031,2.60000,2.44000
-0.00485400031,2.56000,2.44000
-0.00485200031,2.52000,2.44000
-0.00485000000,2.60000,2.48000
-0.00484800000,2.56000,2.44000
-0.00484600000,2.48000,2.32000
-0.00484400000,2.56000,2.44000
-0.00484200000,2.56000,2.44000
-0.00484000000,2.64000,2.56000
-0.00483800000,2.56000,2.44000
-0.00483600000,2.60000,2.44000
-0.00483400000,2.56000,2.36000
-0.00483200000,2.56000,2.44000
-0.00483000000,2.56000,2.48000
-0.00482800000,2.56000,2.48000
-0.00482600000,2.60000,2.44000
-0.00482400000,2.64000,2.48000
-0.00482200000,2.56000,2.44000
-0.00482000000,2.64000,2.48000
-0.00481800000,2.56000,2.44000
-0.00481600000,2.56000,2.44000
-0.00481400000,2.60000,2.44000
-0.00481200000,2.56000,2.44000
-0.00480999969,2.56000,2.44000
-0.00480799969,2.56000,2.44000
-0.00480599969,2.56000,2.40000
-0.00480399969,2.56000,2.44000
-0.00480199969,2.52000,2.36000
-0.00479999969,2.52000,2.44000
-0.00479800031,2.72000,2.56000
-0.00479600031,2.60000,2.44000
-0.00479400031,2.64000,2.44000
-0.00479200031,2.60000,2.44000
-0.00479000000,2.56000,2.44000
-0.00478800000,2.56000,2.44000
-0.00478600000,2.56000,2.48000
-0.00478400000,2.56000,2.44000
-0.00478200000,2.64000,2.48000
-0.00478000000,2.56000,2.44000
-0.00477800000,2.56000,2.44000
-0.00477600000,2.60000,2.44000
-0.00477400000,2.56000,2.44000
-0.00477200000,2.56000,2.44000
-0.00477000000,2.56000,2.44000
-0.00476800000,2.56000,2.44000
-0.00476600000,2.68000,2.48000
-0.00476400000,2.52000,2.40000
-0.00476200000,2.60000,2.44000
-0.00476000000,2.56000,2.44000
-0.00475800000,2.56000,2.44000
-0.00475600000,2.56000,2.44000
-0.00475400000,2.56000,2.44000
-0.00475200000,2.60000,2.44000
-0.00475000000,2.56000,2.48000
-0.00474799969,2.52000,2.44000
-0.00474599969,2.56000,2.44000
-0.00474399969,2.56000,2.48000
-0.00474199969,2.56000,2.40000
-0.00473999969,2.60000,2.44000
-0.00473799969,2.60000,2.48000
-0.00473600031,2.64000,2.48000
-0.00473400031,2.56000,2.44000
-0.00473200031,2.60000,2.44000
-0.00473000031,2.60000,2.44000
-0.00472800000,2.56000,2.44000
-0.00472600000,2.56000,2.44000
-0.00472400000,2.60000,2.52000
-0.00472200000,2.56000,2.44000
-0.00472000000,2.64000,2.48000
-0.00471800000,2.56000,2.44000
-0.00471600000,2.56000,2.40000
-0.00471400000,2.64000,2.44000
-0.00471200000,2.60000,2.44000
-0.00471000000,2.64000,2.44000
-0.00470800000,2.56000,2.44000
-0.00470600000,2.56000,2.44000
-0.00470400000,2.56000,2.44000
-0.00470200000,2.56000,2.44000
-0.00470000000,2.56000,2.44000
-0.00469800000,2.60000,2.44000
-0.00469600000,2.60000,2.48000
-0.00469400000,2.56000,2.44000
-0.00469200000,2.48000,2.28000
-0.00469000000,2.56000,2.44000
-0.00468799969,2.60000,2.44000
-0.00468599969,2.52000,2.36000
-0.00468399969,2.48000,2.32000
-0.00468199969,2.60000,2.48000
-0.00467999969,2.60000,2.48000
-0.00467799969,2.56000,2.44000
-0.00467600031,2.56000,2.44000
-0.00467400031,2.56000,2.44000
-0.00467200031,2.60000,2.52000
-0.00467000031,2.52000,2.44000
-0.00466800000,2.60000,2.44000
-0.00466600000,2.60000,2.44000
-0.00466400000,2.56000,2.44000
-0.00466200000,2.60000,2.48000
-0.00466000000,2.60000,2.52000
-0.00465800000,2.60000,2.44000
-0.00465600000,2.56000,2.40000
-0.00465400000,2.60000,2.44000
-0.00465200000,2.56000,2.44000
-0.00465000000,2.60000,2.48000
-0.00464800000,2.56000,2.44000
-0.00464600000,2.56000,2.44000
-0.00464400000,2.56000,2.44000
-0.00464200000,2.60000,2.44000
-0.00464000000,2.56000,2.44000
-0.00463800000,2.56000,2.44000
-0.00463600000,2.60000,2.44000
-0.00463400000,2.60000,2.48000
-0.00463200000,2.60000,2.44000
-0.00463000000,2.64000,2.48000
-0.00462800000,2.40000,2.32000
-0.00462599969,2.64000,2.52000
-0.00462399969,2.56000,2.44000
-0.00462199969,2.60000,2.48000
-0.00461999969,2.56000,2.44000
-0.00461799969,2.60000,2.44000
-0.00461599969,2.56000,2.44000
-0.00461400031,2.56000,2.44000
-0.00461200031,2.56000,2.44000
-0.00461000031,2.56000,2.40000
-0.00460800031,2.56000,2.44000
-0.00460600000,2.56000,2.44000
-0.00460400000,2.56000,2.44000
-0.00460200000,2.56000,2.44000
-0.00460000000,2.60000,2.44000
-0.00459800000,2.56000,2.44000
-0.00459600000,2.64000,2.52000
-0.00459400000,2.56000,2.48000
-0.00459200000,2.64000,2.48000
-0.00459000000,2.56000,2.44000
-0.00458800000,2.56000,2.44000
-0.00458600000,2.60000,2.44000
-0.00458400000,2.56000,2.48000
-0.00458200000,2.56000,2.44000
-0.00458000000,2.52000,2.48000
-0.00457800000,2.56000,2.44000
-0.00457600000,2.56000,2.44000
-0.00457400000,2.64000,2.52000
-0.00457200000,2.60000,2.44000
-0.00457000000,2.60000,2.48000
-0.00456800000,2.60000,2.44000
-0.00456599969,2.56000,2.44000
-0.00456399969,2.60000,2.44000
-0.00456199969,2.56000,2.44000
-0.00455999969,2.56000,2.44000
-0.00455799969,2.60000,2.44000
-0.00455599969,2.60000,2.44000
-0.00455400031,2.60000,2.48000
-0.00455200031,2.60000,2.48000
-0.00455000031,2.60000,2.44000
-0.00454800031,2.56000,2.44000
-0.00454600031,2.60000,2.48000
-0.00454400000,2.56000,2.44000
-0.00454200000,2.52000,2.40000
-0.00454000000,2.56000,2.44000
-0.00453800000,2.56000,2.44000
-0.00453600000,2.56000,2.48000
-0.00453400000,2.60000,2.44000
-0.00453200000,2.60000,2.44000
-0.00453000000,2.56000,2.44000
-0.00452800000,2.56000,2.44000
-0.00452600000,2.56000,2.44000
-0.00452400000,2.56000,2.44000
-0.00452200000,2.56000,2.44000
-0.00452000000,2.52000,2.40000
-0.00451800000,2.56000,2.44000
-0.00451600000,2.60000,2.44000
-0.00451400000,2.56000,2.44000
-0.00451200000,2.56000,2.48000
-0.00451000000,2.52000,2.32000
-0.00450800000,2.64000,2.48000
-0.00450600000,2.60000,2.44000
-0.00450399969,2.52000,2.44000
-0.00450199969,2.64000,2.48000
-0.00449999969,2.56000,2.44000
-0.00449799969,2.56000,2.44000
-0.00449599969,2.60000,2.48000
-0.00449399969,2.68000,2.56000
-0.00449200031,2.56000,2.44000
-0.00449000031,2.56000,2.44000
-0.00448800031,2.64000,2.52000
-0.00448600031,2.56000,2.44000
-0.00448400000,2.60000,2.44000
-0.00448200000,2.56000,2.44000
-0.00448000000,2.56000,2.44000
-0.00447800000,2.56000,2.44000
-0.00447600000,2.56000,2.44000
-0.00447400000,2.60000,2.48000
-0.00447200000,2.60000,2.48000
-0.00447000000,2.56000,2.44000
-0.00446800000,2.60000,2.44000
-0.00446600000,2.64000,2.44000
-0.00446400000,2.56000,2.44000
-0.00446200000,2.56000,2.44000
-0.00446000000,2.60000,2.48000
-0.00445800000,2.64000,2.48000
-0.00445600000,2.52000,2.44000
-0.00445400000,2.52000,2.32000
-0.00445200000,2.56000,2.44000
-0.00445000000,2.64000,2.48000
-0.00444800000,2.56000,2.44000
-0.00444600000,2.56000,2.44000
-0.00444400000,2.56000,2.44000
-0.00444199969,2.60000,2.44000
-0.00443999969,2.60000,2.44000
-0.00443799969,2.60000,2.48000
-0.00443599969,2.60000,2.48000
-0.00443399969,2.60000,2.48000
-0.00443200031,2.56000,2.40000
-0.00443000031,2.60000,2.48000
-0.00442800031,2.56000,2.44000
-0.00442600031,2.60000,2.48000
-0.00442400031,2.56000,2.44000
-0.00442200000,2.56000,2.44000
-0.00442000000,2.52000,2.44000
-0.00441800000,2.52000,2.40000
-0.00441600000,2.56000,2.44000
-0.00441400000,2.60000,2.48000
-0.00441200000,2.56000,2.44000
-0.00441000000,2.56000,2.44000
-0.00440800000,2.64000,2.48000
-0.00440600000,2.60000,2.44000
-0.00440400000,2.56000,2.44000
-0.00440200000,2.44000,2.32000
-0.00440000000,2.56000,2.44000
-0.00439800000,2.56000,2.44000
-0.00439600000,2.56000,2.44000
-0.00439400000,2.56000,2.44000
-0.00439200000,2.68000,2.52000
-0.00439000000,2.60000,2.44000
-0.00438800000,2.60000,2.44000
-0.00438600000,2.60000,2.44000
-0.00438400000,2.56000,2.44000
-0.00438199969,2.56000,2.44000
-0.00437999969,2.56000,2.44000
-0.00437799969,2.60000,2.44000
-0.00437599969,2.56000,2.44000
-0.00437399969,2.56000,2.44000
-0.00437199969,2.60000,2.48000
-0.00437000031,2.56000,2.44000
-0.00436800031,2.64000,2.44000
-0.00436600031,2.56000,2.44000
-0.00436400031,2.64000,2.48000
-0.00436200000,2.60000,2.48000
-0.00436000000,2.56000,2.44000
-0.00435800000,2.56000,2.40000
-0.00435600000,2.68000,2.56000
-0.00435400000,2.60000,2.48000
-0.00435200000,2.60000,2.44000
-0.00435000000,2.52000,2.44000
-0.00434800000,2.56000,2.44000
-0.00434600000,2.52000,2.40000
-0.00434400000,2.56000,2.44000
-0.00434200000,2.56000,2.44000
-0.00434000000,2.56000,2.44000
-0.00433800000,2.56000,2.44000
-0.00433600000,2.56000,2.40000
-0.00433400000,2.56000,2.48000
-0.00433200000,2.56000,2.44000
-0.00433000000,2.56000,2.44000
-0.00432800000,2.60000,2.48000
-0.00432600000,2.76000,2.64000
-0.00432400000,2.56000,2.44000
-0.00432200000,2.56000,2.44000
-0.00431999969,2.56000,2.44000
-0.00431799969,2.60000,2.48000
-0.00431599969,2.56000,2.44000
-0.00431399969,2.60000,2.44000
-0.00431199969,2.56000,2.44000
-0.00430999969,2.60000,2.44000
-0.00430800031,2.56000,2.44000
-0.00430600031,2.60000,2.44000
-0.00430400031,2.48000,2.40000
-0.00430200031,2.56000,2.44000
-0.00430000000,2.52000,2.40000
-0.00429800000,2.64000,2.44000
-0.00429600000,2.56000,2.44000
-0.00429400000,2.56000,2.44000
-0.00429200000,2.64000,2.48000
-0.00429000000,2.60000,2.44000
-0.00428800000,2.56000,2.40000
-0.00428600000,2.56000,2.44000
-0.00428400000,2.56000,2.44000
-0.00428200000,2.56000,2.44000
-0.00428000000,2.56000,2.44000
-0.00427800000,2.56000,2.44000
-0.00427600000,2.56000,2.44000
-0.00427400000,2.56000,2.44000
-0.00427200000,2.56000,2.44000
-0.00427000000,2.56000,2.44000
-0.00426800000,2.60000,2.44000
-0.00426600000,2.56000,2.44000
-0.00426400000,2.60000,2.44000
-0.00426200000,2.64000,2.48000
-0.00425999969,2.52000,2.40000
-0.00425799969,2.60000,2.44000
-0.00425599969,2.60000,2.48000
-0.00425399969,2.52000,2.40000
-0.00425199969,2.64000,2.48000
-0.00424999969,2.56000,2.44000
-0.00424800031,2.56000,2.44000
-0.00424600031,2.60000,2.48000
-0.00424400031,2.56000,2.44000
-0.00424200031,2.56000,2.44000
-0.00424000000,2.64000,2.52000
-0.00423800000,2.56000,2.44000
-0.00423600000,2.56000,2.44000
-0.00423400000,2.52000,2.40000
-0.00423200000,2.60000,2.44000
-0.00423000000,2.52000,2.44000
-0.00422800000,2.60000,2.44000
-0.00422600000,2.64000,2.48000
-0.00422400000,2.60000,2.44000
-0.00422200000,2.60000,2.48000
-0.00422000000,2.56000,2.44000
-0.00421800000,2.56000,2.44000
-0.00421600000,2.56000,2.44000
-0.00421400000,2.56000,2.44000
-0.00421200000,2.60000,2.44000
-0.00421000000,2.56000,2.44000
-0.00420800000,2.56000,2.44000
-0.00420600000,2.56000,2.44000
-0.00420400000,2.56000,2.44000
-0.00420200000,2.56000,2.48000
-0.00420000000,2.56000,2.44000
-0.00419799969,2.56000,2.44000
-0.00419599969,2.60000,2.44000
-0.00419399969,2.52000,2.40000
-0.00419199969,2.56000,2.48000
-0.00418999969,2.60000,2.48000
-0.00418799969,2.56000,2.44000
-0.00418600031,2.56000,2.44000
-0.00418400031,2.60000,2.44000
-0.00418200031,2.48000,2.32000
-0.00418000031,2.64000,2.48000
-0.00417800000,2.60000,2.48000
-0.00417600000,2.64000,2.52000
-0.00417400000,2.56000,2.44000
-0.00417200000,2.60000,2.48000
-0.00417000000,2.60000,2.48000
-0.00416800000,2.64000,2.48000
-0.00416600000,2.60000,2.48000
-0.00416400000,2.56000,2.44000
-0.00416200000,2.60000,2.48000
-0.00416000000,2.56000,2.44000
-0.00415800000,2.56000,2.48000
-0.00415600000,2.60000,2.48000
-0.00415400000,2.56000,2.44000
-0.00415200000,2.56000,2.44000
-0.00415000000,2.56000,2.44000
-0.00414800000,2.56000,2.44000
-0.00414600000,2.56000,2.44000
-0.00414400000,2.56000,2.44000
-0.00414200000,2.56000,2.44000
-0.00414000000,2.56000,2.44000
-0.00413800000,2.56000,2.44000
-0.00413599969,2.52000,2.36000
-0.00413399969,2.56000,2.44000
-0.00413199969,2.56000,2.44000
-0.00412999969,2.56000,2.44000
-0.00412799969,2.60000,2.48000
-0.00412600031,2.56000,2.44000
-0.00412400031,2.56000,2.32000
-0.00412200031,2.60000,2.44000
-0.00412000031,2.56000,2.48000
-0.00411800031,2.56000,2.44000
-0.00411600000,2.56000,2.44000
-0.00411400000,2.56000,2.44000
-0.00411200000,2.52000,2.32000
-0.00411000000,2.56000,2.44000
-0.00410800000,2.52000,2.44000
-0.00410600000,2.60000,2.48000
-0.00410400000,2.60000,2.44000
-0.00410200000,2.56000,2.44000
-0.00410000000,2.60000,2.44000
-0.00409800000,2.60000,2.44000
-0.00409600000,2.56000,2.44000
-0.00409400000,2.60000,2.44000
-0.00409200000,2.60000,2.44000
-0.00409000000,2.56000,2.44000
-0.00408800000,2.56000,2.44000
-0.00408600000,2.56000,2.44000
-0.00408400000,2.56000,2.36000
-0.00408200000,2.60000,2.44000
-0.00408000000,2.56000,2.44000
-0.00407800000,2.56000,2.44000
-0.00407599969,2.56000,2.44000
-0.00407399969,2.56000,2.44000
-0.00407199969,2.60000,2.44000
-0.00406999969,2.56000,2.44000
-0.00406799969,2.52000,2.44000
-0.00406599969,2.68000,2.48000
-0.00406400031,2.56000,2.44000
-0.00406200031,2.48000,2.40000
-0.00406000031,2.56000,2.44000
-0.00405800031,2.56000,2.44000
-0.00405600000,2.56000,2.44000
-0.00405400000,2.60000,2.48000
-0.00405200000,2.56000,2.44000
-0.00405000000,2.52000,2.40000
-0.00404800000,2.56000,2.44000
-0.00404600000,2.56000,2.44000
-0.00404400000,2.56000,2.36000
-0.00404200000,2.56000,2.44000
-0.00404000000,2.44000,2.24000
-0.00403800000,2.56000,2.44000
-0.00403600000,2.60000,2.44000
-0.00403400000,2.60000,2.44000
-0.00403200000,2.56000,2.44000
-0.00403000000,2.56000,2.44000
-0.00402800000,2.60000,2.44000
-0.00402600000,2.72000,2.56000
-0.00402400000,2.64000,2.48000
-0.00402200000,2.56000,2.44000
-0.00402000000,2.52000,2.44000
-0.00401800000,2.32000,2.20000
-0.00401600000,2.56000,2.44000
-0.00401399969,2.56000,2.48000
-0.00401199969,2.56000,2.44000
-0.00400999969,2.56000,2.44000
-0.00400799969,2.52000,2.44000
-0.00400599969,2.56000,2.44000
-0.00400400031,2.52000,2.44000
-0.00400200031,2.60000,2.44000
-0.00400000031,2.56000,2.44000
-0.00399800031,2.56000,2.40000
-0.00399600031,2.56000,2.44000
-0.00399400000,2.56000,2.44000
-0.00399200000,2.60000,2.48000
-0.00399000000,2.60000,2.44000
-0.00398800000,2.56000,2.44000
-0.00398600000,2.56000,2.44000
-0.00398400000,2.60000,2.48000
-0.00398200000,2.56000,2.44000
-0.00398000000,2.52000,2.40000
-0.00397800000,2.60000,2.44000
-0.00397600000,2.56000,2.44000
-0.00397400000,2.56000,2.44000
-0.00397200000,2.56000,2.44000
-0.00397000000,2.56000,2.44000
-0.00396800000,2.60000,2.48000
-0.00396600000,2.60000,2.48000
-0.00396400000,2.64000,2.52000
-0.00396200000,2.56000,2.40000
-0.00396000000,2.56000,2.44000
-0.00395800000,2.56000,2.44000
-0.00395600000,2.52000,2.44000
-0.00395399969,2.60000,2.44000
-0.00395199969,2.60000,2.48000
-0.00394999969,2.56000,2.40000
-0.00394799969,2.56000,2.44000
-0.00394599969,2.60000,2.44000
-0.00394399969,2.48000,2.40000
-0.00394200031,2.68000,2.48000
-0.00394000031,2.60000,2.48000
-0.00393800031,2.56000,2.44000
-0.00393600031,2.60000,2.44000
-0.00393400000,2.60000,2.44000
-0.00393200000,2.56000,2.44000
-0.00393000000,2.56000,2.44000
-0.00392800000,2.56000,2.44000
-0.00392600000,2.56000,2.44000
-0.00392400000,2.64000,2.44000
-0.00392200000,2.60000,2.44000
-0.00392000000,2.56000,2.44000
-0.00391800000,2.56000,2.44000
-0.00391600000,2.56000,2.44000
-0.00391400000,2.60000,2.44000
-0.00391200000,2.64000,2.48000
-0.00391000000,2.64000,2.48000
-0.00390800000,2.56000,2.44000
-0.00390600000,2.56000,2.44000
-0.00390400000,2.56000,2.44000
-0.00390200000,2.56000,2.44000
-0.00390000000,2.56000,2.44000
-0.00389800000,2.52000,2.44000
-0.00389600000,2.56000,2.44000
-0.00389400000,2.56000,2.44000
-0.00389200000,2.60000,2.44000
-0.00389000000,2.60000,2.48000
-0.00388800000,2.60000,2.44000
-0.00388600000,2.56000,2.44000
-0.00388400000,2.60000,2.48000
-0.00388200000,2.56000,2.44000
-0.00388000000,2.60000,2.44000
-0.00387800000,2.56000,2.44000
-0.00387600000,2.56000,2.44000
-0.00387400000,2.56000,2.44000
-0.00387200000,2.60000,2.48000
-0.00387000000,2.60000,2.48000
-0.00386800000,2.56000,2.44000
-0.00386600000,2.56000,2.44000
-0.00386400000,2.56000,2.44000
-0.00386200000,2.56000,2.44000
-0.00386000000,2.60000,2.44000
-0.00385800000,2.60000,2.48000
-0.00385600000,2.60000,2.48000
-0.00385400000,2.60000,2.48000
-0.00385200000,2.56000,2.36000
-0.00385000000,2.68000,2.56000
-0.00384800000,2.60000,2.48000
-0.00384600000,2.56000,2.44000
-0.00384400000,2.56000,2.44000
-0.00384200000,2.60000,2.44000
-0.00384000000,2.56000,2.36000
-0.00383800000,2.60000,2.44000
-0.00383600000,2.56000,2.44000
-0.00383400000,2.56000,2.44000
-0.00383200000,2.60000,2.44000
-0.00383000000,2.52000,2.44000
-0.00382800000,2.56000,2.44000
-0.00382600000,2.60000,2.44000
-0.00382400000,2.56000,2.44000
-0.00382200000,2.56000,2.44000
-0.00382000000,2.56000,2.44000
-0.00381800000,2.56000,2.44000
-0.00381600000,2.60000,2.44000
-0.00381400000,2.56000,2.44000
-0.00381200000,2.60000,2.44000
-0.00381000000,2.60000,2.48000
-0.00380800000,2.56000,2.44000
-0.00380600000,2.56000,2.44000
-0.00380400000,2.60000,2.48000
-0.00380200000,2.56000,2.48000
-0.00380000000,2.64000,2.48000
-0.00379800000,2.56000,2.44000
-0.00379600000,2.60000,2.44000
-0.00379400000,2.56000,2.44000
-0.00379200000,2.56000,2.44000
-0.00379000000,2.56000,2.44000
-0.00378800000,2.56000,2.48000
-0.00378600000,2.60000,2.44000
-0.00378400000,2.64000,2.48000
-0.00378200000,2.52000,2.36000
-0.00378000000,2.60000,2.44000
-0.00377800000,2.60000,2.44000
-0.00377600000,2.60000,2.44000
-0.00377400000,2.56000,2.44000
-0.00377200000,2.64000,2.48000
-0.00377000000,2.64000,2.48000
-0.00376800000,2.56000,2.44000
-0.00376600000,2.56000,2.44000
-0.00376400000,2.60000,2.44000
-0.00376200000,2.56000,2.44000
-0.00376000000,2.56000,2.44000
-0.00375800000,2.56000,2.44000
-0.00375600000,2.56000,2.36000
-0.00375400000,2.60000,2.44000
-0.00375200000,2.60000,2.44000
-0.00375000000,2.56000,2.44000
-0.00374800000,2.60000,2.44000
-0.00374600000,2.60000,2.48000
-0.00374400000,2.48000,2.32000
-0.00374200000,2.52000,2.40000
-0.00374000000,2.60000,2.44000
-0.00373800000,2.60000,2.44000
-0.00373600000,2.56000,2.44000
-0.00373400000,2.52000,2.44000
-0.00373200000,2.60000,2.44000
-0.00373000000,2.52000,2.32000
-0.00372800000,2.56000,2.44000
-0.00372600000,2.56000,2.44000
-0.00372400000,2.56000,2.48000
-0.00372200000,2.60000,2.44000
-0.00372000000,2.56000,2.44000
-0.00371800000,2.56000,2.44000
-0.00371600000,2.56000,2.44000
-0.00371400000,2.60000,2.44000
-0.00371200000,2.56000,2.44000
-0.00371000000,2.56000,2.44000
-0.00370800000,2.60000,2.48000
-0.00370600000,2.60000,2.44000
-0.00370400000,2.56000,2.44000
-0.00370200000,2.56000,2.44000
-0.00370000000,2.60000,2.44000
-0.00369800000,2.56000,2.44000
-0.00369600000,2.56000,2.40000
-0.00369400000,2.56000,2.44000
-0.00369200000,2.56000,2.44000
-0.00369000000,2.64000,2.48000
-0.00368800000,2.56000,2.44000
-0.00368600000,2.60000,2.44000
-0.00368400000,2.56000,2.44000
-0.00368200000,2.60000,2.48000
-0.00368000000,2.68000,2.48000
-0.00367800000,2.60000,2.44000
-0.00367600000,2.56000,2.44000
-0.00367400000,2.52000,2.44000
-0.00367200000,2.56000,2.44000
-0.00367000000,2.56000,2.44000
-0.00366800000,2.52000,2.40000
-0.00366600000,2.56000,2.44000
-0.00366400000,2.56000,2.44000
-0.00366200000,2.56000,2.44000
-0.00366000000,2.48000,2.32000
-0.00365800000,2.56000,2.44000
-0.00365600000,2.60000,2.44000
-0.00365400000,2.56000,2.44000
-0.00365200000,2.56000,2.44000
-0.00365000000,2.60000,2.48000
-0.00364800000,2.56000,2.44000
-0.00364600000,2.56000,2.44000
-0.00364400000,2.56000,2.44000
-0.00364200000,2.56000,2.44000
-0.00364000000,2.56000,2.44000
-0.00363800000,2.52000,2.44000
-0.00363600000,2.56000,2.44000
-0.00363400000,2.56000,2.44000
-0.00363200000,2.48000,2.36000
-0.00363000000,2.56000,2.44000
-0.00362800000,2.56000,2.48000
-0.00362600000,2.60000,2.48000
-0.00362400000,2.56000,2.44000
-0.00362200000,2.60000,2.44000
-0.00362000000,2.60000,2.48000
-0.00361800000,2.56000,2.44000
-0.00361600000,2.56000,2.44000
-0.00361400000,2.56000,2.44000
-0.00361200000,2.56000,2.44000
-0.00361000000,2.64000,2.48000
-0.00360800000,2.60000,2.44000
-0.00360600000,2.60000,2.44000
-0.00360400000,2.56000,2.44000
-0.00360200000,2.60000,2.44000
-0.00360000000,2.56000,2.44000
-0.00359800000,2.52000,2.44000
-0.00359600000,2.56000,2.44000
-0.00359400000,2.60000,2.48000
-0.00359200000,2.60000,2.44000
-0.00359000000,2.60000,2.44000
-0.00358800000,2.56000,2.44000
-0.00358600000,2.56000,2.48000
-0.00358400000,2.56000,2.44000
-0.00358200000,2.60000,2.44000
-0.00358000000,2.56000,2.44000
-0.00357800000,2.56000,2.44000
-0.00357600000,2.60000,2.44000
-0.00357400000,2.56000,2.44000
-0.00357200000,2.56000,2.44000
-0.00357000000,2.64000,2.44000
-0.00356800000,2.60000,2.44000
-0.00356600000,2.56000,2.44000
-0.00356400000,2.60000,2.44000
-0.00356200000,2.52000,2.44000
-0.00356000000,2.60000,2.44000
-0.00355800000,2.56000,2.44000
-0.00355600000,2.52000,2.36000
-0.00355400000,2.56000,2.44000
-0.00355200000,2.64000,2.52000
-0.00355000000,2.56000,2.36000
-0.00354800000,2.60000,2.48000
-0.00354600000,2.56000,2.44000
-0.00354400000,2.56000,2.44000
-0.00354200000,2.60000,2.48000
-0.00354000000,2.52000,2.36000
-0.00353800000,2.60000,2.44000
-0.00353600000,2.60000,2.48000
-0.00353400000,2.56000,2.44000
-0.00353200000,2.60000,2.44000
-0.00353000000,2.56000,2.44000
-0.00352800000,2.56000,2.44000
-0.00352600000,2.60000,2.48000
-0.00352400000,2.56000,2.44000
-0.00352200000,2.56000,2.44000
-0.00352000000,2.56000,2.44000
-0.00351800000,2.56000,2.44000
-0.00351600000,2.56000,2.44000
-0.00351400000,2.56000,2.44000
-0.00351200000,2.56000,2.44000
-0.00351000000,2.56000,2.44000
-0.00350800000,2.56000,2.44000
-0.00350600000,2.56000,2.44000
-0.00350400000,2.56000,2.44000
-0.00350200000,2.60000,2.48000
-0.00350000000,2.52000,2.44000
-0.00349800000,2.56000,2.44000
-0.00349600000,2.56000,2.44000
-0.00349400000,2.60000,2.48000
-0.00349200000,2.56000,2.44000
-0.00349000000,2.52000,2.44000
-0.00348800000,2.60000,2.44000
-0.00348600000,2.56000,2.44000
-0.00348400000,2.44000,2.32000
-0.00348200000,2.56000,2.44000
-0.00348000000,2.56000,2.44000
-0.00347800000,2.56000,2.44000
-0.00347600000,2.56000,2.44000
-0.00347400000,2.56000,2.44000
-0.00347200000,2.56000,2.48000
-0.00347000000,2.60000,2.48000
-0.00346800000,2.56000,2.44000
-0.00346600000,2.56000,2.44000
-0.00346400000,2.60000,2.44000
-0.00346200000,2.56000,2.36000
-0.00346000000,2.60000,2.52000
-0.00345800000,2.56000,2.44000
-0.00345600000,2.56000,2.44000
-0.00345400000,2.60000,2.44000
-0.00345200000,2.60000,2.44000
-0.00345000000,2.60000,2.48000
-0.00344800000,2.56000,2.44000
-0.00344600000,2.56000,2.44000
-0.00344400000,2.56000,2.44000
-0.00344200000,2.60000,2.44000
-0.00344000000,2.60000,2.48000
-0.00343800000,2.64000,2.48000
-0.00343600000,2.60000,2.48000
-0.00343400000,2.56000,2.44000
-0.00343200000,2.56000,2.40000
-0.00343000000,2.56000,2.44000
-0.00342800000,2.56000,2.44000
-0.00342600000,2.60000,2.48000
-0.00342400000,2.56000,2.44000
-0.00342200000,2.60000,2.48000
-0.00342000000,2.52000,2.44000
-0.00341800000,2.60000,2.44000
-0.00341600000,2.72000,2.56000
-0.00341400000,2.52000,2.44000
-0.00341200000,2.56000,2.44000
-0.00341000000,2.60000,2.48000
-0.00340800000,2.56000,2.36000
-0.00340600000,2.56000,2.44000
-0.00340400000,2.56000,2.44000
-0.00340200000,2.56000,2.44000
-0.00340000000,2.56000,2.44000
-0.00339800000,2.56000,2.40000
-0.00339600000,2.60000,2.44000
-0.00339400000,2.56000,2.44000
-0.00339200000,2.60000,2.44000
-0.00339000000,2.60000,2.44000
-0.00338800000,2.56000,2.44000
-0.00338600000,2.60000,2.48000
-0.00338400000,2.60000,2.48000
-0.00338200000,2.64000,2.48000
-0.00338000000,2.56000,2.44000
-0.00337800000,2.60000,2.44000
-0.00337600000,2.60000,2.44000
-0.00337400000,2.52000,2.44000
-0.00337200000,2.60000,2.44000
-0.00337000000,2.60000,2.44000
-0.00336800000,2.56000,2.40000
-0.00336600000,2.56000,2.44000
-0.00336400000,2.60000,2.48000
-0.00336200000,2.56000,2.44000
-0.00336000000,2.60000,2.48000
-0.00335800000,2.56000,2.48000
-0.00335600000,2.60000,2.44000
-0.00335400000,2.56000,2.44000
-0.00335200000,2.56000,2.44000
-0.00335000000,2.56000,2.44000
-0.00334800000,2.56000,2.48000
-0.00334600000,2.56000,2.44000
-0.00334400000,2.64000,2.48000
-0.00334200000,2.60000,2.44000
-0.00334000000,2.56000,2.44000
-0.00333800000,2.56000,2.44000
-0.00333600000,2.56000,2.44000
-0.00333400000,2.56000,2.44000
-0.00333200000,2.60000,2.48000
-0.00333000000,2.56000,2.44000
-0.00332800000,2.60000,2.48000
-0.00332600000,2.56000,2.44000
-0.00332400000,2.60000,2.44000
-0.00332200000,2.60000,2.44000
-0.00332000000,2.60000,2.44000
-0.00331800000,2.60000,2.44000
-0.00331600000,2.52000,2.40000
-0.00331400000,2.56000,2.44000
-0.00331200000,2.56000,2.44000
-0.00331000000,2.56000,2.44000
-0.00330800000,2.56000,2.44000
-0.00330600000,2.60000,2.48000
-0.00330400000,2.56000,2.44000
-0.00330200000,2.56000,2.44000
-0.00330000000,2.56000,2.44000
-0.00329800000,2.56000,2.44000
-0.00329600000,2.56000,2.44000
-0.00329400000,2.56000,2.44000
-0.00329200000,2.56000,2.44000
-0.00329000000,2.56000,2.44000
-0.00328800000,2.52000,2.40000
-0.00328600000,2.56000,2.44000
-0.00328400000,2.60000,2.44000
-0.00328200000,2.60000,2.44000
-0.00328000000,2.56000,2.44000
-0.00327800000,2.56000,2.44000
-0.00327600000,2.56000,2.44000
-0.00327400000,2.56000,2.44000
-0.00327200000,2.56000,2.44000
-0.00327000000,2.60000,2.44000
-0.00326800000,2.60000,2.44000
-0.00326600000,2.56000,2.44000
-0.00326400000,2.56000,2.44000
-0.00326200000,2.56000,2.44000
-0.00326000000,2.60000,2.44000
-0.00325800000,2.64000,2.52000
-0.00325600000,2.60000,2.44000
-0.00325400000,2.56000,2.44000
-0.00325200000,2.60000,2.44000
-0.00325000000,2.56000,2.44000
-0.00324800000,2.56000,2.44000
-0.00324600000,2.60000,2.44000
-0.00324400000,2.56000,2.44000
-0.00324200000,2.60000,2.44000
-0.00324000000,2.60000,2.44000
-0.00323800000,2.56000,2.44000
-0.00323600000,2.56000,2.48000
-0.00323400000,2.56000,2.40000
-0.00323200000,2.56000,2.40000
-0.00323000000,2.60000,2.44000
-0.00322800000,2.56000,2.44000
-0.00322600000,2.60000,2.44000
-0.00322400000,2.56000,2.44000
-0.00322200000,2.56000,2.44000
-0.00322000000,2.60000,2.44000
-0.00321800000,2.60000,2.44000
-0.00321600000,2.56000,2.44000
-0.00321400000,2.48000,2.32000
-0.00321200000,2.56000,2.44000
-0.00321000000,2.56000,2.44000
-0.00320800000,2.60000,2.48000
-0.00320600000,2.56000,2.48000
-0.00320400000,2.56000,2.44000
-0.00320200000,2.56000,2.44000
-0.00320000000,2.56000,2.44000
-0.00319800000,2.56000,2.44000
-0.00319600000,2.56000,2.44000
-0.00319400000,2.56000,2.44000
-0.00319200000,2.64000,2.52000
-0.00319000000,2.56000,2.44000
-0.00318800000,2.56000,2.44000
-0.00318600000,2.56000,2.44000
-0.00318400000,2.56000,2.44000
-0.00318200000,2.64000,2.48000
-0.00318000000,2.56000,2.48000
-0.00317800000,2.60000,2.44000
-0.00317600000,2.60000,2.44000
-0.00317400000,2.60000,2.44000
-0.00317200000,2.64000,2.48000
-0.00317000000,2.56000,2.44000
-0.00316800000,2.56000,2.44000
-0.00316600000,2.56000,2.44000
-0.00316400000,2.60000,2.44000
-0.00316200000,2.56000,2.40000
-0.00316000000,2.64000,2.48000
-0.00315800000,2.56000,2.44000
-0.00315600000,2.60000,2.44000
-0.00315400000,2.56000,2.44000
-0.00315200000,2.56000,2.44000
-0.00315000000,2.60000,2.44000
-0.00314800000,2.56000,2.44000
-0.00314600000,2.60000,2.44000
-0.00314400000,2.56000,2.44000
-0.00314200000,2.60000,2.44000
-0.00314000000,2.56000,2.44000
-0.00313800000,2.56000,2.44000
-0.00313600000,2.64000,2.48000
-0.00313400000,2.60000,2.48000
-0.00313200000,2.56000,2.48000
-0.00313000000,2.60000,2.48000
-0.00312800000,2.56000,2.44000
-0.00312600000,2.56000,2.44000
-0.00312400000,2.56000,2.44000
-0.00312200000,2.64000,2.48000
-0.00312000000,2.56000,2.44000
-0.00311800000,2.56000,2.44000
-0.00311600000,2.56000,2.44000
-0.00311400000,2.60000,2.44000
-0.00311200000,2.64000,2.48000
-0.00311000000,2.56000,2.44000
-0.00310800000,2.60000,2.48000
-0.00310600000,2.56000,2.44000
-0.00310400000,2.56000,2.44000
-0.00310200000,2.56000,2.44000
-0.00310000000,2.56000,2.44000
-0.00309800000,2.60000,2.48000
-0.00309600000,2.56000,2.44000
-0.00309400000,2.56000,2.44000
-0.00309200000,2.56000,2.40000
-0.00309000000,2.60000,2.48000
-0.00308800000,2.60000,2.44000
-0.00308600000,2.60000,2.44000
-0.00308400000,2.60000,2.48000
-0.00308200000,2.60000,2.48000
-0.00308000000,2.56000,2.44000
-0.00307800000,2.60000,2.44000
-0.00307600000,2.60000,2.48000
-0.00307400000,2.56000,2.48000
-0.00307200000,2.56000,2.44000
-0.00307000000,2.64000,2.48000
-0.00306800000,2.60000,2.44000
-0.00306600000,2.60000,2.44000
-0.00306400000,2.56000,2.44000
-0.00306200000,2.56000,2.48000
-0.00306000000,2.56000,2.44000
-0.00305800000,2.56000,2.44000
-0.00305600000,2.60000,2.48000
-0.00305400000,2.56000,2.44000
-0.00305200000,2.56000,2.44000
-0.00305000000,2.56000,2.44000
-0.00304800000,2.56000,2.44000
-0.00304600000,2.56000,2.48000
-0.00304400000,2.56000,2.44000
-0.00304200000,2.56000,2.44000
-0.00304000000,2.56000,2.44000
-0.00303800000,2.56000,2.44000
-0.00303600000,2.56000,2.44000
-0.00303400000,2.56000,2.44000
-0.00303200000,2.56000,2.44000
-0.00303000000,2.56000,2.44000
-0.00302800000,2.56000,2.44000
-0.00302600000,2.60000,2.48000
-0.00302400000,2.60000,2.44000
-0.00302200000,2.56000,2.44000
-0.00302000000,2.52000,2.40000
-0.00301800000,2.56000,2.48000
-0.00301600000,2.56000,2.44000
-0.00301400000,2.60000,2.44000
-0.00301200000,2.56000,2.44000
-0.00301000000,2.68000,2.48000
-0.00300800000,2.56000,2.44000
-0.00300600000,2.56000,2.44000
-0.00300400000,2.56000,2.44000
-0.00300200000,2.60000,2.44000
-0.00300000000,2.60000,2.44000
-0.00299800000,2.56000,2.44000
-0.00299600000,2.60000,2.44000
-0.00299400000,2.52000,2.44000
-0.00299200000,2.56000,2.44000
-0.00299000000,2.56000,2.44000
-0.00298800000,2.56000,2.44000
-0.00298600000,2.56000,2.44000
-0.00298400000,2.40000,2.24000
-0.00298200000,2.60000,2.44000
-0.00298000000,2.56000,2.44000
-0.00297800000,2.56000,2.44000
-0.00297600000,2.60000,2.44000
-0.00297400000,2.56000,2.44000
-0.00297200000,2.60000,2.44000
-0.00297000000,2.56000,2.44000
-0.00296800000,2.56000,2.44000
-0.00296600000,2.60000,2.44000
-0.00296400000,2.56000,2.44000
-0.00296200000,2.56000,2.44000
-0.00296000000,2.56000,2.44000
-0.00295800000,2.60000,2.44000
-0.00295600000,2.60000,2.48000
-0.00295400000,2.60000,2.48000
-0.00295200000,2.60000,2.44000
-0.00295000000,2.60000,2.44000
-0.00294800000,2.56000,2.44000
-0.00294600000,2.60000,2.48000
-0.00294400000,2.56000,2.44000
-0.00294200000,2.56000,2.44000
-0.00294000000,2.56000,2.44000
-0.00293800000,2.56000,2.44000
-0.00293600000,2.56000,2.44000
-0.00293400000,2.60000,2.44000
-0.00293200000,2.60000,2.44000
-0.00293000000,2.52000,2.40000
-0.00292800000,2.60000,2.48000
-0.00292600000,2.60000,2.44000
-0.00292400000,2.60000,2.44000
-0.00292200000,2.60000,2.44000
-0.00292000000,2.64000,2.52000
-0.00291800000,2.60000,2.48000
-0.00291600000,2.56000,2.44000
-0.00291400000,2.56000,2.44000
-0.00291200000,2.56000,2.44000
-0.00291000000,2.52000,2.44000
-0.00290800000,2.56000,2.44000
-0.00290600000,2.56000,2.44000
-0.00290400000,2.60000,2.48000
-0.00290200000,2.56000,2.44000
-0.00290000000,2.56000,2.44000
-0.00289800000,2.52000,2.44000
-0.00289600000,2.56000,2.44000
-0.00289400000,2.60000,2.44000
-0.00289200000,2.56000,2.44000
-0.00289000000,2.60000,2.44000
-0.00288800000,2.56000,2.44000
-0.00288600000,2.56000,2.44000
-0.00288400000,2.56000,2.40000
-0.00288200000,2.56000,2.44000
-0.00288000000,2.60000,2.44000
-0.00287800000,2.56000,2.44000
-0.00287600000,2.60000,2.44000
-0.00287400000,2.56000,2.44000
-0.00287200000,2.60000,2.44000
-0.00287000000,2.56000,2.44000
-0.00286800000,2.56000,2.44000
-0.00286600000,2.56000,2.44000
-0.00286400000,2.60000,2.48000
-0.00286200000,2.60000,2.44000
-0.00286000000,2.56000,2.44000
-0.00285800000,2.60000,2.44000
-0.00285600000,2.60000,2.48000
-0.00285400000,2.56000,2.44000
-0.00285200000,2.60000,2.44000
-0.00285000000,2.56000,2.44000
-0.00284800000,2.56000,2.44000
-0.00284600000,2.56000,2.44000
-0.00284400000,2.56000,2.44000
-0.00284200000,2.56000,2.40000
-0.00284000000,2.60000,2.44000
-0.00283800000,2.52000,2.44000
-0.00283600000,2.56000,2.40000
-0.00283400000,2.60000,2.48000
-0.00283200000,2.56000,2.32000
-0.00283000000,2.56000,2.44000
-0.00282800000,2.56000,2.44000
-0.00282600000,2.56000,2.44000
-0.00282400000,2.56000,2.44000
-0.00282200000,2.56000,2.44000
-0.00282000000,2.56000,2.44000
-0.00281800000,2.60000,2.44000
-0.00281600000,2.52000,2.40000
-0.00281400000,2.60000,2.44000
-0.00281200000,2.56000,2.44000
-0.00281000000,2.56000,2.44000
-0.00280800000,2.56000,2.44000
-0.00280600000,2.52000,2.40000
-0.00280400000,2.56000,2.44000
-0.00280200000,2.56000,2.44000
-0.00280000000,2.60000,2.44000
-0.00279800000,2.60000,2.48000
-0.00279600000,2.60000,2.44000
-0.00279400000,2.56000,2.44000
-0.00279200000,2.60000,2.44000
-0.00279000000,2.60000,2.44000
-0.00278800000,2.60000,2.44000
-0.00278600000,2.60000,2.48000
-0.00278400000,2.56000,2.44000
-0.00278200000,2.60000,2.44000
-0.00278000000,2.60000,2.48000
-0.00277800000,2.56000,2.44000
-0.00277600000,2.60000,2.44000
-0.00277400000,2.56000,2.44000
-0.00277200000,2.56000,2.44000
-0.00277000000,2.56000,2.44000
-0.00276800000,2.56000,2.44000
-0.00276600000,2.60000,2.44000
-0.00276400000,2.60000,2.44000
-0.00276200000,2.56000,2.44000
-0.00276000000,2.60000,2.48000
-0.00275800000,2.56000,2.44000
-0.00275600000,2.60000,2.44000
-0.00275400000,2.60000,2.44000
-0.00275200000,2.52000,2.32000
-0.00275000000,2.68000,2.52000
-0.00274800000,2.56000,2.48000
-0.00274600000,2.56000,2.44000
-0.00274400000,2.56000,2.44000
-0.00274200000,2.56000,2.44000
-0.00274000000,2.56000,2.44000
-0.00273800000,2.60000,2.44000
-0.00273600000,2.60000,2.44000
-0.00273400000,2.56000,2.44000
-0.00273200000,2.56000,2.44000
-0.00273000000,2.60000,2.44000
-0.00272800000,2.56000,2.44000
-0.00272600000,2.56000,2.44000
-0.00272400000,2.60000,2.44000
-0.00272200000,2.56000,2.44000
-0.00272000000,2.56000,2.44000
-0.00271800000,2.60000,2.44000
-0.00271600000,2.56000,2.44000
-0.00271400000,2.56000,2.44000
-0.00271200000,2.60000,2.44000
-0.00271000000,2.56000,2.44000
-0.00270800000,2.60000,2.44000
-0.00270600000,2.60000,2.36000
-0.00270400000,2.60000,2.44000
-0.00270200000,2.64000,2.48000
-0.00270000000,2.56000,2.44000
-0.00269800000,2.56000,2.44000
-0.00269600000,2.60000,2.44000
-0.00269400000,2.56000,2.44000
-0.00269200000,2.56000,2.44000
-0.00269000000,2.60000,2.44000
-0.00268800000,2.56000,2.44000
-0.00268600000,2.56000,2.44000
-0.00268400000,2.56000,2.44000
-0.00268200000,2.56000,2.44000
-0.00268000000,2.60000,2.48000
-0.00267800000,2.56000,2.44000
-0.00267600000,2.56000,2.44000
-0.00267400000,2.56000,2.44000
-0.00267200000,2.56000,2.44000
-0.00267000000,2.56000,2.44000
-0.00266800000,2.60000,2.48000
-0.00266600000,2.60000,2.44000
-0.00266400000,2.60000,2.44000
-0.00266200000,2.60000,2.44000
-0.00266000000,2.64000,2.48000
-0.00265800000,2.56000,2.44000
-0.00265600000,2.56000,2.44000
-0.00265400000,2.56000,2.44000
-0.00265200000,2.60000,2.44000
-0.00265000000,2.56000,2.44000
-0.00264800000,2.56000,2.44000
-0.00264600000,2.56000,2.44000
-0.00264400000,2.60000,2.48000
-0.00264200000,2.56000,2.44000
-0.00264000000,2.56000,2.44000
-0.00263800000,2.60000,2.48000
-0.00263600000,2.56000,2.48000
-0.00263400000,2.56000,2.44000
-0.00263200000,2.56000,2.44000
-0.00263000000,2.60000,2.44000
-0.00262800000,2.60000,2.44000
-0.00262600000,2.60000,2.44000
-0.00262400000,2.64000,2.52000
-0.00262200000,2.60000,2.44000
-0.00262000000,2.56000,2.44000
-0.00261799984,2.60000,2.48000
-0.00261599984,2.56000,2.44000
-0.00261399984,2.56000,2.44000
-0.00261200016,2.68000,2.52000
-0.00261000016,2.56000,2.44000
-0.00260800000,2.56000,2.44000
-0.00260600000,2.52000,2.32000
-0.00260400000,2.60000,2.44000
-0.00260200000,2.68000,2.52000
-0.00260000000,2.64000,2.48000
-0.00259800000,2.56000,2.44000
-0.00259600000,2.68000,2.48000
-0.00259400000,2.56000,2.44000
-0.00259200000,2.60000,2.44000
-0.00259000000,2.60000,2.44000
-0.00258799984,2.52000,2.40000
-0.00258599984,2.60000,2.44000
-0.00258399984,2.56000,2.48000
-0.00258200016,2.56000,2.48000
-0.00258000016,2.56000,2.44000
-0.00257800000,2.56000,2.44000
-0.00257600000,2.56000,2.44000
-0.00257400000,2.64000,2.48000
-0.00257200000,2.56000,2.44000
-0.00257000000,2.60000,2.48000
-0.00256800000,2.60000,2.48000
-0.00256600000,2.56000,2.44000
-0.00256400000,2.60000,2.48000
-0.00256200000,2.56000,2.44000
-0.00256000000,2.56000,2.44000
-0.00255799984,2.60000,2.44000
-0.00255599984,2.56000,2.44000
-0.00255399984,2.60000,2.48000
-0.00255200016,2.56000,2.44000
-0.00255000016,2.52000,2.40000
-0.00254800000,2.56000,2.44000
-0.00254600000,2.56000,2.44000
-0.00254400000,2.56000,2.44000
-0.00254200000,2.56000,2.44000
-0.00254000000,2.56000,2.44000
-0.00253800000,2.56000,2.44000
-0.00253600000,2.56000,2.44000
-0.00253400000,2.56000,2.44000
-0.00253200000,2.60000,2.44000
-0.00253000000,2.56000,2.44000
-0.00252800000,2.56000,2.44000
-0.00252599984,2.60000,2.44000
-0.00252399984,2.56000,2.44000
-0.00252199984,2.56000,2.44000
-0.00252000016,2.56000,2.44000
-0.00251800016,2.56000,2.44000
-0.00251600000,2.60000,2.48000
-0.00251400000,2.56000,2.44000
-0.00251200000,2.56000,2.48000
-0.00251000000,2.60000,2.48000
-0.00250800000,2.56000,2.44000
-0.00250600000,2.56000,2.44000
-0.00250400000,2.56000,2.44000
-0.00250200000,2.56000,2.44000
-0.00250000000,2.56000,2.44000
-0.00249800000,2.56000,2.44000
-0.00249599984,2.56000,2.44000
-0.00249399984,2.60000,2.44000
-0.00249199984,2.60000,2.44000
-0.00249000016,2.56000,2.44000
-0.00248800016,2.56000,2.44000
-0.00248600000,2.56000,2.44000
-0.00248400000,2.56000,2.44000
-0.00248200000,2.56000,2.44000
-0.00248000000,2.56000,2.44000
-0.00247800000,2.60000,2.44000
-0.00247600000,2.60000,2.44000
-0.00247400000,2.56000,2.44000
-0.00247200000,2.56000,2.40000
-0.00247000000,2.60000,2.44000
-0.00246800000,2.56000,2.44000
-0.00246599984,2.56000,2.48000
-0.00246399984,2.56000,2.40000
-0.00246199984,2.56000,2.44000
-0.00246000016,2.60000,2.48000
-0.00245800016,2.56000,2.44000
-0.00245600000,2.56000,2.44000
-0.00245400000,2.64000,2.48000
-0.00245200000,2.60000,2.48000
-0.00245000000,2.56000,2.44000
-0.00244800000,2.56000,2.44000
-0.00244600000,2.56000,2.44000
-0.00244400000,2.52000,2.40000
-0.00244200000,2.56000,2.44000
-0.00244000000,2.60000,2.44000
-0.00243800000,2.56000,2.44000
-0.00243600000,2.56000,2.44000
-0.00243399984,2.60000,2.44000
-0.00243199984,2.60000,2.44000
-0.00243000016,2.60000,2.48000
-0.00242800016,2.56000,2.44000
-0.00242600016,2.64000,2.48000
-0.00242400000,2.56000,2.44000
-0.00242200000,2.60000,2.44000
-0.00242000000,2.60000,2.48000
-0.00241800000,2.60000,2.48000
-0.00241600000,2.60000,2.44000
-0.00241400000,2.56000,2.44000
-0.00241200000,2.56000,2.44000
-0.00241000000,2.56000,2.44000
-0.00240800000,2.60000,2.44000
-0.00240600000,2.60000,2.44000
-0.00240399984,2.56000,2.44000
-0.00240199984,2.56000,2.44000
-0.00239999984,2.56000,2.44000
-0.00239800016,2.56000,2.44000
-0.00239600016,2.56000,2.44000
-0.00239400000,2.60000,2.48000
-0.00239200000,2.60000,2.44000
-0.00239000000,2.56000,2.44000
-0.00238800000,2.56000,2.44000
-0.00238600000,2.56000,2.44000
-0.00238400000,2.56000,2.44000
-0.00238200000,2.56000,2.44000
-0.00238000000,2.52000,2.36000
-0.00237800000,2.56000,2.48000
-0.00237600000,2.56000,2.44000
-0.00237399984,2.56000,2.44000
-0.00237199984,2.52000,2.40000
-0.00236999984,2.56000,2.44000
-0.00236800016,2.60000,2.48000
-0.00236600016,2.56000,2.44000
-0.00236400000,2.60000,2.44000
-0.00236200000,2.60000,2.48000
-0.00236000000,2.52000,2.32000
-0.00235800000,2.56000,2.44000
-0.00235600000,2.56000,2.40000
-0.00235400000,2.60000,2.44000
-0.00235200000,2.56000,2.44000
-0.00235000000,2.60000,2.48000
-0.00234800000,2.56000,2.44000
-0.00234600000,2.60000,2.44000
-0.00234399984,2.60000,2.44000
-0.00234199984,2.60000,2.44000
-0.00233999984,2.56000,2.44000
-0.00233800016,2.56000,2.48000
-0.00233600016,2.56000,2.44000
-0.00233400000,2.60000,2.44000
-0.00233200000,2.56000,2.44000
-0.00233000000,2.60000,2.44000
-0.00232800000,2.56000,2.44000
-0.00232600000,2.52000,2.40000
-0.00232400000,2.56000,2.44000
-0.00232200000,2.56000,2.44000
-0.00232000000,2.48000,2.32000
-0.00231800000,2.56000,2.44000
-0.00231600000,2.60000,2.44000
-0.00231400000,2.56000,2.48000
-0.00231199984,2.56000,2.44000
-0.00230999984,2.52000,2.40000
-0.00230799984,2.56000,2.44000
-0.00230600016,2.60000,2.44000
-0.00230400016,2.56000,2.44000
-0.00230200000,2.56000,2.44000
-0.00230000000,2.56000,2.44000
-0.00229800000,2.60000,2.44000
-0.00229600000,2.56000,2.44000
-0.00229400000,2.52000,2.44000
-0.00229200000,2.60000,2.44000
-0.00229000000,2.56000,2.44000
-0.00228800000,2.56000,2.44000
-0.00228600000,2.56000,2.44000
-0.00228400000,2.60000,2.44000
-0.00228199984,2.56000,2.44000
-0.00227999984,2.52000,2.36000
-0.00227799984,2.60000,2.44000
-0.00227600016,2.56000,2.44000
-0.00227400016,2.60000,2.44000
-0.00227200000,2.60000,2.44000
-0.00227000000,2.52000,2.44000
-0.00226800000,2.60000,2.44000
-0.00226600000,2.56000,2.44000
-0.00226400000,2.56000,2.44000
-0.00226200000,2.56000,2.44000
-0.00226000000,2.60000,2.44000
-0.00225800000,2.56000,2.44000
-0.00225600000,2.52000,2.44000
-0.00225400000,2.56000,2.44000
-0.00225199984,2.60000,2.44000
-0.00224999984,2.56000,2.44000
-0.00224799984,2.56000,2.48000
-0.00224600016,2.60000,2.44000
-0.00224400016,2.56000,2.44000
-0.00224200000,2.52000,2.44000
-0.00224000000,2.60000,2.44000
-0.00223800000,2.60000,2.44000
-0.00223600000,2.56000,2.44000
-0.00223400000,2.60000,2.48000
-0.00223200000,2.60000,2.44000
-0.00223000000,2.64000,2.48000
-0.00222800000,2.72000,2.52000
-0.00222600000,2.60000,2.48000
-0.00222400000,2.56000,2.44000
-0.00222200000,2.56000,2.44000
-0.00221999984,2.60000,2.44000
-0.00221799984,2.48000,2.44000
-0.00221600016,2.56000,2.44000
-0.00221400016,2.56000,2.48000
-0.00221200016,2.56000,2.44000
-0.00221000000,2.56000,2.44000
-0.00220800000,2.60000,2.44000
-0.00220600000,2.56000,2.44000
-0.00220400000,2.56000,2.44000
-0.00220200000,2.56000,2.48000
-0.00220000000,2.60000,2.44000
-0.00219800000,2.56000,2.44000
-0.00219600000,2.52000,2.36000
-0.00219400000,2.60000,2.48000
-0.00219200000,2.56000,2.44000
-0.00218999984,2.56000,2.44000
-0.00218799984,2.56000,2.44000
-0.00218599984,2.56000,2.48000
-0.00218400016,2.56000,2.44000
-0.00218200016,2.56000,2.44000
-0.00218000000,2.56000,2.44000
-0.00217800000,2.64000,2.48000
-0.00217600000,2.48000,2.32000
-0.00217400000,2.56000,2.44000
-0.00217200000,2.56000,2.44000
-0.00217000000,2.60000,2.48000
-0.00216800000,2.56000,2.48000
-0.00216600000,2.60000,2.44000
-0.00216400000,2.56000,2.44000
-0.00216200000,2.56000,2.44000
-0.00215999984,2.56000,2.44000
-0.00215799984,2.60000,2.44000
-0.00215599984,2.56000,2.44000
-0.00215400016,2.56000,2.44000
-0.00215200016,2.60000,2.48000
-0.00215000000,2.52000,2.40000
-0.00214800000,2.56000,2.44000
-0.00214600000,2.60000,2.48000
-0.00214400000,2.60000,2.48000
-0.00214200000,2.52000,2.32000
-0.00214000000,2.56000,2.44000
-0.00213800000,2.56000,2.44000
-0.00213600000,2.64000,2.48000
-0.00213400000,2.60000,2.44000
-0.00213200000,2.56000,2.44000
-0.00212999984,2.64000,2.52000
-0.00212799984,2.60000,2.44000
-0.00212599984,2.60000,2.48000
-0.00212400016,2.60000,2.48000
-0.00212200016,2.60000,2.44000
-0.00212000000,2.56000,2.44000
-0.00211800000,2.60000,2.48000
-0.00211600000,2.56000,2.44000
-0.00211400000,2.60000,2.44000
-0.00211200000,2.56000,2.48000
-0.00211000000,2.56000,2.44000
-0.00210800000,2.56000,2.44000
-0.00210600000,2.56000,2.44000
-0.00210400000,2.56000,2.44000
-0.00210200000,2.60000,2.44000
-0.00210000000,2.56000,2.40000
-0.00209799984,2.56000,2.48000
-0.00209599984,2.56000,2.44000
-0.00209399984,2.56000,2.44000
-0.00209200016,2.56000,2.44000
-0.00209000016,2.60000,2.44000
-0.00208800000,2.56000,2.44000
-0.00208600000,2.56000,2.44000
-0.00208400000,2.56000,2.44000
-0.00208200000,2.64000,2.48000
-0.00208000000,2.60000,2.44000
-0.00207800000,2.56000,2.44000
-0.00207600000,2.56000,2.44000
-0.00207400000,2.60000,2.48000
-0.00207200000,2.56000,2.44000
-0.00207000000,2.64000,2.44000
-0.00206799984,2.56000,2.44000
-0.00206599984,2.44000,2.32000
-0.00206399984,2.56000,2.48000
-0.00206200016,2.60000,2.44000
-0.00206000016,2.56000,2.40000
-0.00205800000,2.56000,2.44000
-0.00205600000,2.56000,2.44000
-0.00205400000,2.56000,2.44000
-0.00205200000,2.56000,2.44000
-0.00205000000,2.64000,2.48000
-0.00204800000,2.60000,2.44000
-0.00204600000,2.60000,2.44000
-0.00204400000,2.64000,2.56000
-0.00204200000,2.60000,2.48000
-0.00204000000,2.52000,2.48000
-0.00203799984,2.56000,2.44000
-0.00203599984,2.64000,2.48000
-0.00203399984,2.64000,2.48000
-0.00203200016,2.56000,2.44000
-0.00203000016,2.56000,2.44000
-0.00202800000,2.56000,2.44000
-0.00202600000,2.60000,2.44000
-0.00202400000,2.44000,2.32000
-0.00202200000,2.56000,2.44000
-0.00202000000,2.52000,2.40000
-0.00201800000,2.60000,2.44000
-0.00201600000,2.60000,2.44000
-0.00201400000,2.64000,2.48000
-0.00201200000,2.56000,2.44000
-0.00201000000,2.60000,2.44000
-0.00200800000,2.56000,2.32000
-0.00200599984,2.56000,2.44000
-0.00200399984,2.64000,2.48000
-0.00200200016,2.56000,2.44000
-0.00200000016,2.60000,2.44000
-0.00199800016,2.56000,2.44000
-0.00199600000,2.60000,2.44000
-0.00199400000,2.56000,2.44000
-0.00199200000,2.60000,2.48000
-0.00199000000,2.56000,2.44000
-0.00198800000,2.56000,2.44000
-0.00198600000,2.52000,2.36000
-0.00198400000,2.60000,2.48000
-0.00198200000,2.56000,2.44000
-0.00198000000,2.56000,2.44000
-0.00197800000,2.60000,2.44000
-0.00197599984,2.64000,2.48000
-0.00197399984,2.56000,2.44000
-0.00197199984,2.56000,2.44000
-0.00197000016,2.60000,2.48000
-0.00196800016,2.56000,2.44000
-0.00196600000,2.60000,2.44000
-0.00196400000,2.56000,2.44000
-0.00196200000,2.64000,2.48000
-0.00196000000,2.56000,2.44000
-0.00195800000,2.60000,2.44000
-0.00195600000,2.56000,2.44000
-0.00195400000,2.56000,2.44000
-0.00195200000,2.56000,2.44000
-0.00195000000,2.64000,2.56000
-0.00194800000,2.64000,2.48000
-0.00194600000,2.56000,2.44000
-0.00194400000,2.56000,2.44000
-0.00194200000,2.60000,2.48000
-0.00194000000,2.56000,2.44000
-0.00193800000,2.56000,2.40000
-0.00193600000,2.60000,2.44000
-0.00193400000,2.52000,2.40000
-0.00193200000,2.56000,2.44000
-0.00193000000,2.56000,2.44000
-0.00192800000,2.60000,2.48000
-0.00192600000,2.56000,2.44000
-0.00192400000,2.60000,2.48000
-0.00192200000,2.60000,2.44000
-0.00192000000,2.56000,2.44000
-0.00191800000,2.56000,2.44000
-0.00191600000,2.60000,2.44000
-0.00191400000,2.60000,2.44000
-0.00191200000,2.56000,2.44000
-0.00191000000,2.56000,2.48000
-0.00190800000,2.52000,2.44000
-0.00190600000,2.68000,2.56000
-0.00190400000,2.56000,2.48000
-0.00190200000,2.60000,2.44000
-0.00190000000,2.56000,2.44000
-0.00189800000,2.60000,2.44000
-0.00189600000,2.56000,2.44000
-0.00189400000,2.56000,2.44000
-0.00189200000,2.48000,2.44000
-0.00189000000,2.56000,2.44000
-0.00188800000,2.56000,2.44000
-0.00188600000,2.60000,2.44000
-0.00188400000,2.60000,2.44000
-0.00188200000,2.56000,2.44000
-0.00188000000,2.60000,2.44000
-0.00187800000,2.56000,2.44000
-0.00187600000,2.64000,2.44000
-0.00187400000,2.60000,2.44000
-0.00187200000,2.56000,2.44000
-0.00187000000,2.60000,2.44000
-0.00186800000,2.60000,2.48000
-0.00186600000,2.56000,2.44000
-0.00186400000,2.60000,2.44000
-0.00186200000,2.60000,2.44000
-0.00186000000,2.56000,2.44000
-0.00185800000,2.60000,2.48000
-0.00185600000,2.56000,2.44000
-0.00185400000,2.56000,2.44000
-0.00185200000,2.56000,2.40000
-0.00185000000,2.56000,2.44000
-0.00184800000,2.60000,2.48000
-0.00184600000,2.56000,2.44000
-0.00184400000,2.56000,2.44000
-0.00184200000,2.52000,2.44000
-0.00184000000,2.56000,2.44000
-0.00183800000,2.56000,2.48000
-0.00183600000,2.60000,2.44000
-0.00183400000,2.56000,2.40000
-0.00183200000,2.56000,2.44000
-0.00183000000,2.56000,2.48000
-0.00182800000,2.56000,2.44000
-0.00182600000,2.52000,2.44000
-0.00182400000,2.60000,2.44000
-0.00182200000,2.56000,2.44000
-0.00182000000,2.52000,2.36000
-0.00181800000,2.64000,2.52000
-0.00181600000,2.60000,2.44000
-0.00181400000,2.56000,2.44000
-0.00181200000,2.56000,2.44000
-0.00181000000,2.56000,2.44000
-0.00180800000,2.56000,2.44000
-0.00180600000,2.56000,2.40000
-0.00180400000,2.56000,2.44000
-0.00180200000,2.60000,2.44000
-0.00180000000,2.56000,2.44000
-0.00179800000,2.56000,2.44000
-0.00179600000,2.48000,2.32000
-0.00179400000,2.56000,2.44000
-0.00179200000,2.60000,2.48000
-0.00179000000,2.60000,2.48000
-0.00178800000,2.60000,2.44000
-0.00178600000,2.56000,2.44000
-0.00178400000,2.60000,2.48000
-0.00178200000,2.64000,2.48000
-0.00178000000,2.56000,2.44000
-0.00177800000,2.60000,2.48000
-0.00177600000,2.64000,2.48000
-0.00177400000,2.64000,2.48000
-0.00177200000,2.56000,2.44000
-0.00177000000,2.56000,2.44000
-0.00176800000,2.56000,2.44000
-0.00176600000,2.56000,2.44000
-0.00176400000,2.56000,2.44000
-0.00176200000,2.56000,2.44000
-0.00176000000,2.52000,2.40000
-0.00175800000,2.56000,2.44000
-0.00175600000,2.52000,2.40000
-0.00175400000,2.56000,2.44000
-0.00175200000,2.64000,2.48000
-0.00175000000,2.60000,2.48000
-0.00174800000,2.56000,2.44000
-0.00174600000,2.56000,2.44000
-0.00174400000,2.56000,2.44000
-0.00174200000,2.56000,2.44000
-0.00174000000,2.56000,2.44000
-0.00173800000,2.56000,2.44000
-0.00173600000,2.60000,2.48000
-0.00173400000,2.56000,2.44000
-0.00173200000,2.60000,2.44000
-0.00173000000,2.56000,2.44000
-0.00172800000,2.60000,2.44000
-0.00172600000,2.56000,2.44000
-0.00172400000,2.52000,2.44000
-0.00172200000,2.56000,2.44000
-0.00172000000,2.60000,2.44000
-0.00171800000,2.52000,2.44000
-0.00171600000,2.60000,2.48000
-0.00171400000,2.60000,2.44000
-0.00171200000,2.56000,2.44000
-0.00171000000,2.56000,2.44000
-0.00170800000,2.48000,2.36000
-0.00170600000,2.56000,2.44000
-0.00170400000,2.56000,2.44000
-0.00170200000,2.60000,2.44000
-0.00170000000,2.56000,2.44000
-0.00169800000,2.56000,2.44000
-0.00169600000,2.56000,2.44000
-0.00169400000,2.60000,2.44000
-0.00169200000,2.56000,2.44000
-0.00169000000,2.60000,2.44000
-0.00168800000,2.52000,2.40000
-0.00168600000,2.68000,2.52000
-0.00168400000,2.56000,2.44000
-0.00168200000,2.60000,2.44000
-0.00168000000,2.60000,2.44000
-0.00167800000,2.52000,2.44000
-0.00167600000,2.60000,2.44000
-0.00167400000,2.56000,2.48000
-0.00167200000,2.60000,2.44000
-0.00167000000,2.56000,2.44000
-0.00166800000,2.56000,2.48000
-0.00166600000,2.52000,2.40000
-0.00166400000,2.64000,2.48000
-0.00166200000,2.60000,2.44000
-0.00166000000,2.64000,2.48000
-0.00165800000,2.56000,2.44000
-0.00165600000,2.60000,2.48000
-0.00165400000,2.56000,2.44000
-0.00165200000,2.56000,2.44000
-0.00165000000,2.56000,2.44000
-0.00164800000,2.60000,2.44000
-0.00164600000,2.56000,2.44000
-0.00164400000,2.56000,2.44000
-0.00164200000,2.60000,2.44000
-0.00164000000,2.60000,2.44000
-0.00163800000,2.56000,2.44000
-0.00163600000,2.60000,2.44000
-0.00163400000,2.56000,2.44000
-0.00163200000,2.64000,2.48000
-0.00163000000,2.60000,2.48000
-0.00162800000,2.56000,2.44000
-0.00162600000,2.60000,2.44000
-0.00162400000,2.76000,2.60000
-0.00162200000,2.56000,2.44000
-0.00162000000,2.64000,2.48000
-0.00161800000,2.60000,2.44000
-0.00161600000,2.72000,2.56000
-0.00161400000,2.56000,2.44000
-0.00161200000,2.56000,2.44000
-0.00161000000,2.56000,2.44000
-0.00160800000,2.68000,2.60000
-0.00160600000,2.56000,2.44000
-0.00160400000,2.56000,2.44000
-0.00160200000,2.60000,2.48000
-0.00160000000,2.56000,2.48000
-0.00159800000,2.56000,2.44000
-0.00159600000,2.64000,2.44000
-0.00159400000,2.56000,2.44000
-0.00159200000,2.44000,2.40000
-0.00159000000,2.60000,2.44000
-0.00158800000,2.56000,2.44000
-0.00158600000,2.56000,2.44000
-0.00158400000,2.56000,2.44000
-0.00158200000,2.56000,2.44000
-0.00158000000,2.56000,2.40000
-0.00157800000,2.56000,2.44000
-0.00157600000,2.60000,2.44000
-0.00157400000,2.56000,2.44000
-0.00157200000,2.56000,2.44000
-0.00157000000,2.56000,2.44000
-0.00156800000,2.56000,2.44000
-0.00156600000,2.60000,2.44000
-0.00156400000,2.56000,2.44000
-0.00156200000,2.64000,2.48000
-0.00156000000,2.56000,2.44000
-0.00155800000,2.56000,2.44000
-0.00155600000,2.56000,2.44000
-0.00155400000,2.60000,2.44000
-0.00155200000,2.56000,2.40000
-0.00155000000,2.52000,2.32000
-0.00154800000,2.56000,2.44000
-0.00154600000,2.56000,2.48000
-0.00154400000,2.56000,2.44000
-0.00154200000,2.52000,2.44000
-0.00154000000,2.60000,2.44000
-0.00153800000,2.60000,2.44000
-0.00153600000,2.56000,2.44000
-0.00153400000,2.56000,2.48000
-0.00153200000,2.60000,2.44000
-0.00153000000,2.56000,2.44000
-0.00152800000,2.56000,2.44000
-0.00152600000,2.56000,2.44000
-0.00152400000,2.56000,2.44000
-0.00152200000,2.60000,2.44000
-0.00152000000,2.56000,2.44000
-0.00151800000,2.56000,2.44000
-0.00151600000,2.56000,2.44000
-0.00151400000,2.56000,2.44000
-0.00151200000,2.56000,2.44000
-0.00151000000,2.60000,2.48000
-0.00150800000,2.56000,2.44000
-0.00150600000,2.56000,2.44000
-0.00150400000,2.56000,2.44000
-0.00150200000,2.60000,2.48000
-0.00150000000,2.56000,2.44000
-0.00149800000,2.52000,2.44000
-0.00149600000,2.56000,2.44000
-0.00149400000,2.52000,2.44000
-0.00149200000,2.56000,2.44000
-0.00149000000,2.56000,2.44000
-0.00148800000,2.56000,2.44000
-0.00148600000,2.56000,2.44000
-0.00148400000,2.56000,2.44000
-0.00148200000,2.52000,2.40000
-0.00148000000,2.56000,2.44000
-0.00147800000,2.56000,2.44000
-0.00147600000,2.56000,2.44000
-0.00147400000,2.52000,2.40000
-0.00147200000,2.56000,2.44000
-0.00147000000,2.56000,2.36000
-0.00146800000,2.56000,2.44000
-0.00146600000,2.60000,2.44000
-0.00146400000,2.56000,2.44000
-0.00146200000,2.76000,2.72000
-0.00146000000,2.60000,2.44000
-0.00145800000,2.56000,2.40000
-0.00145600000,2.56000,2.44000
-0.00145400000,2.72000,2.48000
-0.00145200000,2.56000,2.44000
-0.00145000000,2.60000,2.44000
-0.00144800000,2.56000,2.44000
-0.00144600000,2.52000,2.48000
-0.00144400000,2.56000,2.44000
-0.00144200000,2.60000,2.48000
-0.00144000000,2.56000,2.48000
-0.00143800000,2.60000,2.44000
-0.00143600000,2.60000,2.48000
-0.00143400000,2.56000,2.44000
-0.00143200000,2.56000,2.44000
-0.00143000000,2.56000,2.40000
-0.00142800000,2.56000,2.44000
-0.00142600000,2.56000,2.44000
-0.00142400000,2.60000,2.48000
-0.00142200000,2.56000,2.44000
-0.00142000000,2.56000,2.44000
-0.00141800000,2.60000,2.44000
-0.00141600000,2.56000,2.44000
-0.00141400000,2.56000,2.44000
-0.00141200000,2.56000,2.44000
-0.00141000000,2.56000,2.44000
-0.00140800000,2.56000,2.44000
-0.00140600000,2.64000,2.44000
-0.00140400000,2.60000,2.48000
-0.00140200000,2.60000,2.44000
-0.00140000000,2.56000,2.44000
-0.00139800000,2.60000,2.44000
-0.00139600000,2.60000,2.44000
-0.00139400000,2.52000,2.44000
-0.00139200000,2.56000,2.44000
-0.00139000000,2.56000,2.44000
-0.00138800000,2.56000,2.44000
-0.00138600000,2.60000,2.48000
-0.00138400000,2.56000,2.40000
-0.00138200000,2.56000,2.44000
-0.00138000000,2.56000,2.44000
-0.00137800000,2.60000,2.44000
-0.00137600000,2.56000,2.44000
-0.00137400000,2.56000,2.44000
-0.00137200000,2.56000,2.44000
-0.00137000000,2.56000,2.44000
-0.00136800000,2.60000,2.44000
-0.00136600000,2.56000,2.44000
-0.00136400000,2.56000,2.44000
-0.00136200000,2.56000,2.48000
-0.00136000000,2.64000,2.48000
-0.00135800000,2.60000,2.44000
-0.00135600000,2.56000,2.44000
-0.00135400000,2.56000,2.44000
-0.00135200000,2.60000,2.44000
-0.00135000000,2.56000,2.44000
-0.00134800000,2.64000,2.48000
-0.00134600000,2.56000,2.44000
-0.00134400000,2.56000,2.44000
-0.00134200000,2.60000,2.48000
-0.00134000000,2.48000,2.32000
-0.00133800000,2.60000,2.44000
-0.00133600000,2.56000,2.44000
-0.00133400000,2.56000,2.44000
-0.00133200000,2.28000,2.20000
-0.00133000000,2.56000,2.44000
-0.00132800000,2.56000,2.44000
-0.00132600000,2.60000,2.48000
-0.00132400000,2.56000,2.44000
-0.00132200000,2.64000,2.48000
-0.00132000000,2.60000,2.44000
-0.00131800000,2.60000,2.44000
-0.00131600000,2.56000,2.48000
-0.00131400000,2.60000,2.44000
-0.00131200000,2.56000,2.44000
-0.00131000000,2.64000,2.48000
-0.00130800000,2.52000,2.40000
-0.00130600000,2.56000,2.44000
-0.00130400000,2.56000,2.44000
-0.00130200000,2.56000,2.44000
-0.00130000000,2.56000,2.44000
-0.00129800000,2.56000,2.44000
-0.00129600000,2.60000,2.48000
-0.00129400000,2.56000,2.48000
-0.00129200000,2.56000,2.44000
-0.00129000000,2.56000,2.44000
-0.00128800000,2.56000,2.44000
-0.00128600000,2.56000,2.44000
-0.00128400000,2.56000,2.44000
-0.00128200000,2.56000,2.44000
-0.00128000000,2.60000,2.44000
-0.00127800000,2.56000,2.44000
-0.00127600000,2.56000,2.44000
-0.00127400000,2.56000,2.44000
-0.00127200000,2.60000,2.48000
-0.00127000000,2.60000,2.48000
-0.00126800000,2.56000,2.44000
-0.00126600000,2.56000,2.44000
-0.00126400000,2.56000,2.44000
-0.00126200000,2.56000,2.36000
-0.00126000000,2.60000,2.44000
-0.00125800000,2.56000,2.44000
-0.00125600000,2.60000,2.44000
-0.00125400000,2.52000,2.36000
-0.00125200000,2.60000,2.44000
-0.00125000000,2.60000,2.48000
-0.00124800000,2.56000,2.44000
-0.00124600000,2.56000,2.44000
-0.00124400000,2.56000,2.44000
-0.00124200000,2.32000,2.20000
-0.00124000000,2.60000,2.44000
-0.00123800000,2.60000,2.48000
-0.00123600000,2.60000,2.44000
-0.00123400000,2.52000,2.32000
-0.00123200000,2.56000,2.44000
-0.00123000000,2.60000,2.44000
-0.00122800000,2.56000,2.44000
-0.00122600000,2.52000,2.32000
-0.00122400000,2.56000,2.44000
-0.00122200000,2.56000,2.40000
-0.00122000000,2.56000,2.44000
-0.00121800000,2.56000,2.44000
-0.00121600000,2.60000,2.44000
-0.00121400000,2.56000,2.44000
-0.00121200000,2.56000,2.40000
-0.00121000000,2.56000,2.44000
-0.00120800000,2.56000,2.44000
-0.00120600000,2.60000,2.44000
-0.00120400000,2.56000,2.44000
-0.00120200000,2.56000,2.44000
-0.00120000000,2.60000,2.48000
-0.00119800000,2.56000,2.44000
-0.00119600000,2.60000,2.44000
-0.00119400000,2.60000,2.48000
-0.00119200000,2.56000,2.44000
-0.00119000000,2.60000,2.44000
-0.00118800000,2.56000,2.40000
-0.00118600000,2.60000,2.44000
-0.00118400000,2.60000,2.48000
-0.00118200000,2.60000,2.44000
-0.00118000000,2.56000,2.44000
-0.00117800000,2.56000,2.44000
-0.00117600000,2.52000,2.44000
-0.00117400000,2.60000,2.44000
-0.00117200000,2.60000,2.48000
-0.00117000000,2.60000,2.44000
-0.00116800000,2.56000,2.44000
-0.00116600000,2.60000,2.44000
-0.00116400000,2.56000,2.44000
-0.00116200000,2.56000,2.44000
-0.00116000000,2.56000,2.44000
-0.00115800000,2.60000,2.44000
-0.00115600000,2.60000,2.44000
-0.00115400000,2.56000,2.44000
-0.00115200000,2.48000,2.44000
-0.00115000000,2.56000,2.40000
-0.00114800000,2.64000,2.48000
-0.00114600000,2.56000,2.44000
-0.00114400000,2.72000,2.48000
-0.00114200000,2.56000,2.44000
-0.00114000000,2.60000,2.44000
-0.00113800000,2.56000,2.44000
-0.00113600000,2.56000,2.48000
-0.00113400000,2.60000,2.48000
-0.00113200000,2.56000,2.44000
-0.00113000000,2.56000,2.44000
-0.00112800000,2.60000,2.48000
-0.00112600000,2.56000,2.44000
-0.00112400000,2.52000,2.48000
-0.00112200000,2.56000,2.44000
-0.00112000000,2.64000,2.48000
-0.00111800000,2.60000,2.44000
-0.00111600000,2.56000,2.44000
-0.00111400000,2.56000,2.48000
-0.00111200000,2.52000,2.36000
-0.00111000000,2.56000,2.44000
-0.00110800000,2.56000,2.48000
-0.00110600000,2.64000,2.48000
-0.00110400000,2.56000,2.44000
-0.00110200000,2.60000,2.44000
-0.00110000000,2.56000,2.44000
-0.00109800000,2.56000,2.44000
-0.00109600000,2.56000,2.44000
-0.00109400000,2.56000,2.44000
-0.00109200000,2.56000,2.44000
-0.00109000000,2.60000,2.44000
-0.00108800000,2.56000,2.44000
-0.00108600000,2.56000,2.44000
-0.00108400000,2.60000,2.44000
-0.00108200000,2.56000,2.44000
-0.00108000000,2.60000,2.48000
-0.00107800000,2.56000,2.44000
-0.00107600000,2.60000,2.44000
-0.00107400000,2.60000,2.44000
-0.00107200000,2.60000,2.48000
-0.00107000000,2.64000,2.60000
-0.00106800000,2.56000,2.44000
-0.00106600000,2.68000,2.52000
-0.00106400000,2.60000,2.48000
-0.00106200000,2.72000,2.60000
-0.00106000000,2.60000,2.44000
-0.00105800000,2.60000,2.44000
-0.00105600000,2.56000,2.44000
-0.00105400000,2.56000,2.44000
-0.00105200000,2.56000,2.40000
-0.00105000000,2.60000,2.44000
-0.00104799994,2.56000,2.44000
-0.00104600006,2.56000,2.44000
-0.00104400006,2.60000,2.44000
-0.00104200000,2.56000,2.44000
-0.00104000000,2.60000,2.44000
-0.00103800000,2.56000,2.44000
-0.00103600000,2.56000,2.44000
-0.00103399994,2.56000,2.44000
-0.00103199994,2.56000,2.44000
-0.00103000006,2.56000,2.44000
-0.00102800000,2.56000,2.44000
-0.00102600000,2.60000,2.48000
-0.00102400000,2.64000,2.48000
-0.00102200000,2.64000,2.48000
-0.00101999994,2.56000,2.44000
-0.00101799994,2.68000,2.48000
-0.00101600006,2.56000,2.44000
-0.00101400006,2.56000,2.44000
-0.00101200000,2.60000,2.48000
-0.00101000000,2.60000,2.48000
-0.00100800000,2.52000,2.36000
-0.00100600000,2.56000,2.48000
-0.00100399994,2.64000,2.48000
-0.00100199994,2.56000,2.44000
-0.00100000006,2.56000,2.44000
-0.00099800006,2.60000,2.48000
-0.00099600000,2.72000,2.56000
-0.00099400000,2.56000,2.44000
-0.00099200000,2.56000,2.44000
-0.00099000000,2.56000,2.44000
-0.00098799994,2.68000,2.44000
-0.00098599994,2.56000,2.44000
-0.00098400006,2.52000,2.44000
-0.00098200000,2.56000,2.44000
-0.00098000000,2.56000,2.44000
-0.00097800000,2.56000,2.48000
-0.00097600000,2.60000,2.44000
-0.00097400000,2.56000,2.44000
-0.00097200000,2.56000,2.44000
-0.00097000000,2.60000,2.48000
-0.00096800000,2.52000,2.40000
-0.00096600000,2.56000,2.48000
-0.00096400000,2.60000,2.44000
-0.00096200000,2.60000,2.44000
-0.00096000000,2.60000,2.48000
-0.00095800000,2.60000,2.44000
-0.00095600000,2.56000,2.36000
-0.00095400000,2.48000,2.36000
-0.00095200000,2.56000,2.48000
-0.00095000000,2.60000,2.48000
-0.00094800000,2.56000,2.44000
-0.00094600000,2.56000,2.44000
-0.00094400000,2.60000,2.44000
-0.00094200000,2.56000,2.44000
-0.00094000000,2.56000,2.44000
-0.00093800000,2.56000,2.44000
-0.00093600000,2.56000,2.44000
-0.00093400000,2.56000,2.44000
-0.00093200000,2.56000,2.44000
-0.00093000000,2.64000,2.48000
-0.00092800000,2.60000,2.44000
-0.00092600000,2.56000,2.44000
-0.00092400000,2.56000,2.44000
-0.00092200000,2.72000,2.72000
-0.00092000000,2.56000,2.44000
-0.00091800000,2.56000,2.44000
-0.00091600000,2.56000,2.44000
-0.00091400000,2.60000,2.56000
-0.00091200000,2.56000,2.44000
-0.00091000000,2.56000,2.40000
-0.00090800000,2.56000,2.44000
-0.00090600000,2.56000,2.44000
-0.00090400000,2.60000,2.44000
-0.00090200000,2.56000,2.44000
-0.00090000000,2.56000,2.44000
-0.00089800000,2.56000,2.40000
-0.00089600000,2.56000,2.44000
-0.00089400000,2.56000,2.44000
-0.00089200000,2.60000,2.48000
-0.00089000000,2.60000,2.44000
-0.00088800000,2.56000,2.44000
-0.00088600000,2.60000,2.44000
-0.00088400000,2.56000,2.44000
-0.00088200000,2.56000,2.44000
-0.00088000000,2.56000,2.44000
-0.00087800000,2.56000,2.44000
-0.00087600000,2.56000,2.44000
-0.00087400000,2.60000,2.44000
-0.00087200000,2.52000,2.36000
-0.00087000000,2.56000,2.44000
-0.00086800000,2.56000,2.44000
-0.00086600000,2.56000,2.44000
-0.00086400000,2.64000,2.48000
-0.00086200000,2.56000,2.48000
-0.00086000000,2.56000,2.40000
-0.00085800000,2.56000,2.40000
-0.00085600000,2.68000,2.60000
-0.00085400000,2.56000,2.44000
-0.00085200000,2.64000,2.48000
-0.00085000000,2.60000,2.44000
-0.00084800000,2.40000,2.28000
-0.00084600000,2.60000,2.44000
-0.00084400000,2.56000,2.44000
-0.00084200000,2.56000,2.44000
-0.00084000000,2.64000,2.48000
-0.00083800000,2.56000,2.44000
-0.00083600000,2.56000,2.44000
-0.00083400000,2.56000,2.44000
-0.00083200000,2.56000,2.44000
-0.00083000000,2.56000,2.44000
-0.00082800000,2.60000,2.44000
-0.00082600000,2.56000,2.44000
-0.00082400000,2.56000,2.44000
-0.00082200000,2.56000,2.48000
-0.00082000000,2.56000,2.44000
-0.00081800000,2.56000,2.44000
-0.00081600000,2.56000,2.44000
-0.00081400000,2.56000,2.44000
-0.00081200000,2.60000,2.44000
-0.00081000000,2.56000,2.44000
-0.00080800000,2.56000,2.44000
-0.00080600000,2.56000,2.44000
-0.00080400000,2.56000,2.44000
-0.00080200000,2.56000,2.44000
-0.00080000000,2.60000,2.48000
-0.00079800000,2.44000,2.28000
-0.00079600000,2.60000,2.44000
-0.00079400000,2.56000,2.44000
-0.00079200000,2.56000,2.48000
-0.00079000000,2.76000,2.68000
-0.00078800000,2.56000,2.44000
-0.00078600000,2.56000,2.44000
-0.00078400000,2.56000,2.44000
-0.00078200000,2.52000,2.44000
-0.00078000000,2.56000,2.44000
-0.00077800000,2.64000,2.48000
-0.00077600000,2.60000,2.44000
-0.00077400000,2.56000,2.44000
-0.00077200000,2.56000,2.44000
-0.00077000000,2.56000,2.44000
-0.00076800000,2.52000,2.36000
-0.00076600000,2.64000,2.48000
-0.00076400000,2.56000,2.44000
-0.00076200000,2.56000,2.44000
-0.00076000000,2.56000,2.44000
-0.00075800000,2.56000,2.44000
-0.00075600000,2.56000,2.44000
-0.00075400000,2.56000,2.44000
-0.00075200000,2.56000,2.44000
-0.00075000000,2.60000,2.44000
-0.00074800000,2.56000,2.44000
-0.00074600000,2.56000,2.44000
-0.00074400000,2.56000,2.44000
-0.00074200000,2.56000,2.44000
-0.00074000000,2.56000,2.44000
-0.00073800000,2.56000,2.44000
-0.00073600000,2.56000,2.44000
-0.00073400000,2.60000,2.44000
-0.00073200000,2.48000,2.36000
-0.00073000000,2.56000,2.44000
-0.00072800000,2.60000,2.44000
-0.00072600000,2.56000,2.44000
-0.00072400000,2.56000,2.40000
-0.00072200000,2.60000,2.44000
-0.00072000000,2.52000,2.44000
-0.00071800000,2.60000,2.48000
-0.00071600000,2.56000,2.44000
-0.00071400000,2.60000,2.44000
-0.00071200000,2.56000,2.40000
-0.00071000000,2.56000,2.44000
-0.00070800000,2.52000,2.36000
-0.00070600000,2.56000,2.44000
-0.00070400000,2.56000,2.44000
-0.00070200000,2.60000,2.44000
-0.00070000000,2.60000,2.44000
-0.00069800000,2.56000,2.44000
-0.00069600000,2.60000,2.44000
-0.00069400000,2.60000,2.44000
-0.00069200000,2.56000,2.44000
-0.00069000000,2.60000,2.44000
-0.00068800000,2.60000,2.44000
-0.00068600000,2.56000,2.44000
-0.00068400000,2.64000,2.48000
-0.00068200000,2.44000,2.32000
-0.00068000000,2.56000,2.44000
-0.00067800000,2.56000,2.44000
-0.00067600000,2.56000,2.44000
-0.00067400000,2.60000,2.52000
-0.00067200000,2.56000,2.44000
-0.00067000000,2.60000,2.44000
-0.00066800000,2.56000,2.44000
-0.00066600000,2.52000,2.44000
-0.00066400000,2.56000,2.44000
-0.00066200000,2.60000,2.48000
-0.00066000000,2.52000,2.44000
-0.00065800000,2.56000,2.44000
-0.00065600000,2.56000,2.40000
-0.00065400000,2.56000,2.44000
-0.00065200000,2.60000,2.48000
-0.00065000000,2.60000,2.44000
-0.00064800000,2.64000,2.48000
-0.00064600000,2.60000,2.44000
-0.00064400000,2.60000,2.48000
-0.00064200000,2.60000,2.44000
-0.00064000000,2.60000,2.48000
-0.00063800000,2.56000,2.44000
-0.00063600000,2.56000,2.44000
-0.00063400000,2.60000,2.48000
-0.00063200000,2.68000,2.56000
-0.00063000000,2.56000,2.44000
-0.00062800000,2.56000,2.44000
-0.00062600000,2.56000,2.44000
-0.00062400000,2.80000,2.72000
-0.00062200000,2.56000,2.44000
-0.00062000000,2.56000,2.40000
-0.00061800000,2.60000,2.44000
-0.00061600000,2.60000,2.44000
-0.00061400000,2.60000,2.48000
-0.00061200000,2.56000,2.44000
-0.00061000000,2.64000,2.48000
-0.00060800000,2.56000,2.44000
-0.00060600000,2.56000,2.44000
-0.00060400000,2.56000,2.44000
-0.00060200000,2.56000,2.44000
-0.00060000000,2.60000,2.44000
-0.00059800000,2.60000,2.48000
-0.00059600000,2.56000,2.44000
-0.00059400000,2.60000,2.44000
-0.00059200000,2.56000,2.44000
-0.00059000000,2.56000,2.44000
-0.00058800000,2.56000,2.44000
-0.00058600000,2.56000,2.44000
-0.00058400000,2.60000,2.44000
-0.00058200000,2.52000,2.44000
-0.00058000000,2.56000,2.44000
-0.00057800000,2.56000,2.44000
-0.00057600000,2.56000,2.44000
-0.00057400000,2.76000,2.64000
-0.00057200000,2.56000,2.44000
-0.00057000000,2.56000,2.44000
-0.00056800000,2.64000,2.48000
-0.00056600000,2.80000,2.76000
-0.00056400000,2.56000,2.44000
-0.00056200000,2.56000,2.48000
-0.00056000000,2.56000,2.44000
-0.00055800000,2.56000,2.48000
-0.00055600000,2.56000,2.40000
-0.00055400000,2.60000,2.44000
-0.00055200000,2.56000,2.40000
-0.00055000000,2.56000,2.44000
-0.00054800000,2.60000,2.44000
-0.00054600000,2.60000,2.48000
-0.00054400000,2.56000,2.48000
-0.00054200000,2.56000,2.44000
-0.00054000000,2.52000,2.44000
-0.00053800000,2.56000,2.44000
-0.00053600000,2.56000,2.44000
-0.00053400000,2.60000,2.44000
-0.00053200000,2.56000,2.44000
-0.00053000000,2.64000,2.48000
-0.00052800000,2.60000,2.44000
-0.00052600000,2.60000,2.44000
-0.00052399997,2.64000,2.44000
-0.00052200003,2.56000,2.44000
-0.00052000000,2.56000,2.44000
-0.00051800000,2.60000,2.44000
-0.00051599997,2.88000,2.76000
-0.00051400000,2.56000,2.44000
-0.00051200000,2.60000,2.44000
-0.00050999997,2.56000,2.48000
-0.00050800003,2.56000,2.44000
-0.00050600000,2.56000,2.44000
-0.00050400000,2.56000,2.44000
-0.00050199997,2.60000,2.44000
-0.00050000003,2.64000,2.48000
-0.00049800000,2.60000,2.48000
-0.00049600000,2.60000,2.44000
-0.00049399997,2.60000,2.44000
-0.00049200003,2.56000,2.44000
-0.00049000000,2.56000,2.44000
-0.00048800000,2.60000,2.48000
-0.00048600000,2.60000,2.44000
-0.00048400000,2.56000,2.44000
-0.00048200000,2.60000,2.44000
-0.00048000000,2.56000,2.44000
-0.00047800000,2.60000,2.48000
-0.00047600000,2.64000,2.48000
-0.00047400000,2.32000,2.20000
-0.00047200000,2.56000,2.44000
-0.00047000000,2.56000,2.44000
-0.00046800000,2.56000,2.48000
-0.00046600000,2.56000,2.36000
-0.00046400000,2.56000,2.44000
-0.00046200000,2.56000,2.44000
-0.00046000000,2.60000,2.44000
-0.00045800000,2.56000,2.44000
-0.00045600000,2.56000,2.44000
-0.00045400000,2.64000,2.48000
-0.00045200000,2.56000,2.40000
-0.00045000000,2.56000,2.44000
-0.00044800000,2.56000,2.44000
-0.00044600000,2.56000,2.44000
-0.00044400000,2.56000,2.44000
-0.00044200000,2.64000,2.48000
-0.00044000000,2.44000,2.32000
-0.00043800000,2.56000,2.44000
-0.00043600000,2.56000,2.44000
-0.00043400000,2.56000,2.44000
-0.00043200000,2.52000,2.40000
-0.00043000000,2.60000,2.48000
-0.00042800000,2.56000,2.44000
-0.00042600000,2.56000,2.44000
-0.00042400000,2.52000,2.40000
-0.00042200000,2.56000,2.44000
-0.00042000000,2.60000,2.44000
-0.00041800000,2.56000,2.44000
-0.00041600000,2.56000,2.44000
-0.00041400000,2.56000,2.44000
-0.00041200000,2.60000,2.44000
-0.00041000000,2.56000,2.44000
-0.00040800000,2.56000,2.44000
-0.00040600000,2.52000,2.44000
-0.00040400000,2.56000,2.44000
-0.00040200000,2.60000,2.44000
-0.00040000000,2.56000,2.44000
-0.00039800000,2.60000,2.44000
-0.00039600000,2.56000,2.44000
-0.00039400000,2.64000,2.48000
-0.00039200000,2.56000,2.44000
-0.00039000000,2.56000,2.44000
-0.00038800000,2.56000,2.44000
-0.00038600000,2.60000,2.44000
-0.00038400000,2.56000,2.44000
-0.00038200000,2.76000,2.72000
-0.00038000000,2.56000,2.44000
-0.00037800000,2.60000,2.44000
-0.00037600000,2.60000,2.48000
-0.00037400000,2.44000,2.28000
-0.00037200000,2.56000,2.44000
-0.00037000000,2.56000,2.44000
-0.00036800000,2.56000,2.44000
-0.00036600000,2.64000,2.48000
-0.00036400000,2.56000,2.44000
-0.00036200000,2.56000,2.44000
-0.00036000000,2.60000,2.48000
-0.00035800000,2.56000,2.44000
-0.00035600000,2.56000,2.48000
-0.00035400000,2.56000,2.44000
-0.00035200000,2.60000,2.44000
-0.00035000000,2.56000,2.44000
-0.00034800000,2.60000,2.48000
-0.00034600000,2.56000,2.44000
-0.00034400000,2.64000,2.48000
-0.00034200000,2.56000,2.44000
-0.00034000000,2.60000,2.48000
-0.00033800000,2.60000,2.44000
-0.00033600000,2.60000,2.44000
-0.00033400000,2.64000,2.48000
-0.00033200000,2.52000,2.48000
-0.00033000000,2.52000,2.40000
-0.00032800000,2.56000,2.44000
-0.00032600000,2.60000,2.44000
-0.00032400000,2.60000,2.44000
-0.00032200000,2.60000,2.48000
-0.00032000000,2.56000,2.44000
-0.00031800000,2.56000,2.44000
-0.00031600000,2.56000,2.44000
-0.00031400000,2.56000,2.44000
-0.00031200000,2.64000,2.48000
-0.00031000000,2.56000,2.44000
-0.00030800000,2.56000,2.44000
-0.00030600000,2.56000,2.44000
-0.00030400000,2.56000,2.44000
-0.00030200000,2.56000,2.44000
-0.00030000000,2.56000,2.44000
-0.00029800000,2.52000,2.44000
-0.00029600000,2.60000,2.44000
-0.00029400000,2.56000,2.44000
-0.00029200000,2.56000,2.44000
-0.00029000000,2.52000,2.36000
-0.00028800000,2.56000,2.48000
-0.00028600000,2.56000,2.44000
-0.00028400000,2.60000,2.44000
-0.00028200000,2.60000,2.44000
-0.00028000000,2.52000,2.44000
-0.00027800000,2.56000,2.44000
-0.00027600000,2.56000,2.44000
-0.00027400000,2.60000,2.44000
-0.00027200000,2.48000,2.36000
-0.00027000000,2.56000,2.44000
-0.00026800000,2.60000,2.48000
-0.00026600000,2.60000,2.48000
-0.00026400000,2.56000,2.44000
-0.00026199998,2.60000,2.44000
-0.00026000000,2.60000,2.44000
-0.00025799998,2.56000,2.44000
-0.00025600000,2.64000,2.52000
-0.00025400002,2.56000,2.44000
-0.00025200000,2.56000,2.44000
-0.00025000002,2.56000,2.40000
-0.00024800000,2.52000,2.36000
-0.00024600002,2.56000,2.44000
-0.00024400000,2.60000,2.48000
-0.00024200000,2.56000,2.44000
-0.00024000000,2.56000,2.48000
-0.00023800000,2.56000,2.48000
-0.00023600000,2.60000,2.44000
-0.00023400000,2.56000,2.44000
-0.00023200000,2.56000,2.44000
-0.00023000000,2.60000,2.44000
-0.00022800000,2.56000,2.44000
-0.00022600000,2.60000,2.48000
-0.00022400000,2.60000,2.44000
-0.00022200000,2.60000,2.48000
-0.00022000000,2.56000,2.40000
-0.00021800000,2.56000,2.44000
-0.00021600000,2.56000,2.44000
-0.00021400000,2.52000,2.40000
-0.00021200000,2.56000,2.44000
-0.00021000000,2.56000,2.44000
-0.00020800000,2.56000,2.44000
-0.00020600000,2.72000,2.64000
-0.00020400000,2.64000,2.48000
-0.00020200000,2.60000,2.44000
-0.00020000000,2.56000,2.44000
-0.00019800000,2.56000,2.44000
-0.00019600000,2.60000,2.44000
-0.00019400000,2.60000,2.48000
-0.00019200000,2.56000,2.44000
-0.00019000000,2.56000,2.44000
-0.00018800000,2.56000,2.44000
-0.00018600000,2.56000,2.44000
-0.00018400000,2.56000,2.44000
-0.00018200000,2.56000,2.44000
-0.00018000000,2.56000,2.44000
-0.00017800000,2.56000,2.44000
-0.00017600000,2.56000,2.44000
-0.00017400000,2.64000,2.48000
-0.00017200000,2.56000,2.44000
-0.00017000000,2.56000,2.44000
-0.00016800000,2.56000,2.40000
-0.00016600000,2.56000,2.44000
-0.00016400000,2.88000,2.80000
-0.00016200000,2.56000,2.44000
-0.00016000000,2.56000,2.44000
-0.00015800000,2.56000,2.44000
-0.00015600000,2.56000,2.44000
-0.00015400000,2.56000,2.44000
-0.00015200000,2.56000,2.40000
-0.00015000000,2.56000,2.44000
-0.00014800000,2.56000,2.44000
-0.00014600000,2.56000,2.44000
-0.00014400000,2.60000,2.44000
-0.00014200000,2.60000,2.44000
-0.00014000000,2.60000,2.44000
-0.00013800000,2.60000,2.44000
-0.00013600000,2.56000,2.44000
-0.00013400000,2.56000,2.44000
-0.00013200000,2.60000,2.48000
-0.00013000000,2.32000,2.20000
-0.00012800000,2.64000,2.48000
-0.00012600000,2.60000,2.44000
-0.00012400000,2.56000,2.44000
-0.00012200000,2.56000,2.44000
-0.00012000000,2.56000,2.44000
-0.00011800000,2.56000,2.48000
-0.00011600000,2.56000,2.44000
-0.00011400000,2.56000,2.44000
-0.00011200000,2.60000,2.44000
-0.00011000000,2.60000,2.44000
-0.00010800000,2.56000,2.44000
-0.00010600000,2.56000,2.44000
-0.00010400000,2.56000,2.44000
-0.00010200000,2.56000,2.44000
-0.00010000000,2.60000,2.48000
-0.00009799999,2.60000,2.48000
-0.00009600001,2.60000,2.48000
-0.00009400000,2.60000,2.44000
-0.00009200000,2.56000,2.44000
-0.00009000000,2.56000,2.44000
-0.00008800000,2.72000,2.60000
-0.00008600000,2.60000,2.48000
-0.00008400000,2.56000,2.44000
-0.00008200000,2.52000,2.44000
-0.00008000000,2.56000,2.44000
-0.00007800000,2.60000,2.48000
-0.00007599999,2.60000,2.44000
-0.00007400001,2.56000,2.44000
-0.00007200000,2.60000,2.44000
-0.00007000000,2.56000,2.44000
-0.00006800000,2.64000,2.48000
-0.00006600000,2.56000,2.44000
-0.00006400000,2.60000,2.44000
-0.00006200000,2.56000,2.44000
-0.00006000000,2.56000,2.44000
-0.00005800000,2.56000,2.44000
-0.00005600000,2.56000,2.44000
-0.00005400000,2.72000,2.64000
-0.00005200000,2.56000,2.44000
-0.00005000000,2.60000,2.44000
-0.00004800000,2.60000,2.44000
-0.00004600000,2.56000,2.44000
-0.00004400000,2.68000,2.56000
-0.00004200000,2.64000,2.48000
-0.00004000000,2.60000,2.48000
-0.00003800000,2.56000,2.44000
-0.00003600000,2.56000,2.44000
-0.00003400000,2.56000,2.44000
-0.00003200000,2.56000,2.44000
-0.00003000000,2.64000,2.48000
-0.00002800000,2.56000,2.44000
-0.00002600000,2.56000,2.44000
-0.00002400000,2.56000,2.44000
-0.00002200000,2.56000,2.44000
-0.00002000000,2.52000,2.32000
-0.00001800000,2.56000,2.44000
-0.00001600000,2.56000,2.44000
-0.00001400000,2.56000,2.44000
-0.00001200000,2.44000,2.20000
-0.00001000000,2.56000,2.44000
-0.00000800000,2.60000,2.44000
-0.00000600000,2.56000,2.44000
-0.00000400000,2.56000,2.44000
-0.00000200000,2.52000,2.40000
 0.00000000000,2.60000,2.44000
 0.00000200000,2.56000,2.44000
 0.00000400000,2.56000,2.44000
 0.00000600000,2.60000,2.44000
 0.00000800000,2.56000,2.44000
 0.00001000000,2.52000,2.40000
 0.00001200000,2.60000,2.44000
 0.00001400000,2.52000,2.36000
 0.00001600000,2.56000,2.44000
 0.00001800000,2.56000,2.44000
 0.00002000000,2.52000,2.44000
 0.00002200000,2.52000,2.40000
 0.00002400000,2.56000,2.44000
 0.00002600000,2.56000,2.44000
 0.00002800000,2.56000,2.44000
 0.00003000000,2.56000,2.44000
 0.00003200000,2.56000,2.40000
 0.00003400000,2.60000,2.48000
 0.00003600000,2.60000,2.44000
 0.00003800000,3.52000,1.36000
 0.00004000000,3.48000,1.28000
 0.00004200000,3.52000,1.32000
 0.00004400000,3.56000,1.32000
 0.00004600000,3.52000,1.32000
 0.00004800000,3.48000,1.32000
 0.00005000000,3.48000,1.32000
 0.00005200000,3.52000,1.28000
 0.00005400000,3.52000,1.32000
 0.00005600000,3.44000,1.16000
 0.00005800000,3.52000,1.36000
 0.00006000000,3.48000,1.32000
 0.00006200000,3.48000,1.28000
 0.00006400000,3.52000,1.32000
 0.00006600000,3.52000,1.32000
 0.00006800000,3.52000,1.36000
 0.00007000000,3.48000,1.32000
 0.00007200000,3.48000,1.32000
 0.00007400001,3.48000,1.32000
 0.00007599999,3.52000,1.32000
 0.00007800000,3.48000,1.32000
 0.00008000000,3.48000,1.32000
 0.00008200000,3.52000,1.36000
 0.00008400000,3.48000,1.28000
 0.00008600000,3.48000,1.28000
 0.00008800000,3.48000,1.32000
 0.00009000000,2.56000,2.44000
 0.00009200000,2.44000,2.32000
 0.00009400000,2.48000,2.36000
 0.00009600001,2.48000,2.36000
 0.00009799999,2.48000,2.32000
 0.00010000000,2.52000,2.36000
 0.00010200000,2.40000,2.32000
 0.00010400000,2.52000,2.40000
 0.00010600000,2.56000,2.44000
 0.00010800000,2.52000,2.44000
 0.00011000000,2.52000,2.40000
 0.00011200000,2.56000,2.44000
 0.00011400000,2.52000,2.44000
 0.00011600000,3.44000,1.32000
 0.00011800000,3.48000,1.32000
 0.00012000000,3.48000,1.32000
 0.00012200000,3.48000,1.32000
 0.00012400000,3.48000,1.28000
 0.00012600000,3.48000,1.32000
 0.00012800000,3.48000,1.32000
 0.00013000000,3.48000,1.32000
 0.00013200000,3.48000,1.32000
 0.00013400000,3.44000,1.28000
 0.00013600000,3.48000,1.28000
 0.00013800000,3.48000,1.32000
 0.00014000000,3.48000,1.28000
 0.00014200000,2.64000,2.28000
 0.00014400000,2.48000,2.32000
 0.00014600000,2.44000,2.32000
 0.00014800000,2.44000,2.32000
 0.00015000000,2.52000,2.36000
 0.00015200000,2.48000,2.36000
 0.00015400000,2.56000,2.40000
 0.00015600000,2.52000,2.36000
 0.00015800000,2.68000,2.52000
 0.00016000000,2.44000,2.36000
 0.00016200000,2.52000,2.40000
 0.00016400000,2.56000,2.44000
 0.00016600000,2.56000,2.40000
 0.00016800000,3.56000,1.36000
 0.00017000000,3.48000,1.32000
 0.00017200000,3.48000,1.28000
 0.00017400000,3.44000,1.28000
 0.00017600000,3.48000,1.36000
 0.00017800000,3.48000,1.32000
 0.00018000000,3.48000,1.36000
 0.00018200000,3.48000,1.28000
 0.00018400000,3.52000,1.36000
 0.00018600000,3.48000,1.28000
 0.00018800000,3.44000,1.28000
 0.00019000000,3.48000,1.32000
 0.00019200000,3.20000,1.12000
 0.00019400000,3.48000,1.32000
 0.00019600000,3.48000,1.32000
 0.00019800000,3.48000,1.32000
 0.00020000000,3.44000,1.28000
 0.00020200000,3.44000,1.28000
 0.00020400000,3.48000,1.32000
 0.00020600000,3.48000,1.36000
 0.00020800000,3.48000,1.28000
 0.00021000000,3.44000,1.32000
 0.00021200000,3.44000,1.28000
 0.00021400000,3.48000,1.32000
 0.00021600000,3.44000,1.32000
 0.00021800000,3.48000,1.28000
 0.00022000000,3.28000,1.64000
 0.00022200000,2.44000,2.32000
 0.00022400000,2.44000,2.32000
 0.00022600000,2.44000,2.36000
 0.00022800000,2.44000,2.32000
 0.00023000000,2.52000,2.36000
 0.00023200000,2.52000,2.36000
 0.00023400000,2.48000,2.36000
 0.00023600000,2.52000,2.40000
 0.00023800000,2.52000,2.44000
 0.00024000000,2.52000,2.40000
 0.00024200000,2.52000,2.44000
 0.00024400000,2.56000,2.44000
 0.00024600002,2.56000,2.44000
 0.00024800000,2.52000,2.40000
 0.00025000002,2.56000,2.44000
 0.00025200000,2.52000,2.36000
 0.00025400002,2.52000,2.44000
 0.00025600000,2.56000,2.44000
 0.00025799998,2.60000,2.44000
 0.00026000000,2.72000,2.64000
 0.00026199998,2.56000,2.44000
 0.00026400000,2.56000,2.44000
 0.00026600000,2.56000,2.44000
 0.00026800000,2.56000,2.44000
 0.00027000000,2.64000,2.48000
 0.00027200000,2.56000,2.44000
 0.00027400000,3.48000,1.28000
 0.00027600000,3.48000,1.32000
 0.00027800000,3.48000,1.32000
 0.00028000000,3.48000,1.28000
 0.00028200000,3.48000,1.36000
 0.00028400000,3.48000,1.32000
 0.00028600000,3.48000,1.28000
 0.00028800000,3.48000,1.32000
 0.00029000000,3.48000,1.32000
 0.00029200000,3.48000,1.28000
 0.00029400000,3.40000,1.24000
 0.00029600000,3.44000,1.32000
 0.00029800000,3.48000,1.32000
 0.00030000000,2.44000,2.32000
 0.00030200000,2.44000,2.32000
 0.00030400000,2.48000,2.32000
 0.00030600000,2.48000,2.36000
 0.00030800000,2.48000,2.36000
 0.00031000000,2.52000,2.36000
 0.00031200000,2.52000,2.36000
 0.00031400000,2.52000,2.40000
 0.00031600000,2.56000,2.44000
 0.00031800000,2.56000,2.44000
 0.00032000000,2.72000,2.64000
 0.00032200000,2.52000,2.44000
 0.00032400000,2.56000,2.44000
 0.00032600000,2.52000,2.44000
 0.00032800000,2.60000,2.48000
 0.00033000000,2.56000,2.44000
 0.00033200000,2.56000,2.44000
 0.00033400000,2.56000,2.44000
 0.00033600000,2.56000,2.44000
 0.00033800000,2.56000,2.40000
 0.00034000000,2.56000,2.44000
 0.00034200000,2.56000,2.44000
 0.00034400000,2.56000,2.44000
 0.00034600000,2.56000,2.44000
 0.00034800000,2.56000,2.44000
 0.00035000000,2.56000,2.44000
 0.00035200000,2.56000,2.44000
 0.00035400000,2.68000,2.44000
 0.00035600000,2.56000,2.44000
 0.00035800000,2.56000,2.44000
 0.00036000000,2.56000,2.48000
 0.00036200000,2.56000,2.44000
 0.00036400000,2.56000,2.44000
 0.00036600000,2.56000,2.44000
 0.00036800000,2.56000,2.44000
 0.00037000000,2.56000,2.44000
 0.00037200000,2.56000,2.44000
 0.00037400000,2.56000,2.48000
 0.00037600000,2.56000,2.44000
 0.00037800000,2.56000,2.44000
 0.00038000000,2.56000,2.44000
 0.00038200000,3.56000,1.28000
 0.00038400000,3.56000,1.28000
 0.00038600000,3.56000,1.28000
 0.00038800000,3.60000,1.32000
 0.00039000000,3.60000,1.36000
 0.00039200000,3.60000,1.28000
 0.00039400000,3.56000,1.28000
 0.00039600000,3.60000,1.36000
 0.00039800000,3.60000,1.32000
 0.00040000000,3.60000,1.32000
 0.00040200000,3.64000,1.36000
 0.00040400000,3.60000,1.32000
 0.00040600000,3.64000,1.32000
 0.00040800000,2.52000,2.40000
 0.00041000000,2.48000,2.32000
 0.00041200000,2.52000,2.40000
 0.00041400000,2.48000,2.36000
 0.00041600000,2.52000,2.44000
 0.00041800000,2.52000,2.44000
 0.00042000000,2.52000,2.40000
 0.00042200000,2.52000,2.44000
 0.00042400000,2.56000,2.44000
 0.00042600000,2.56000,2.40000
 0.00042800000,2.56000,2.44000
 0.00043000000,2.56000,2.44000
 0.00043200000,2.52000,2.36000
 0.00043400000,2.56000,2.44000
 0.00043600000,2.56000,2.44000
 0.00043800000,2.56000,2.44000
 0.00044000000,2.52000,2.40000
 0.00044200000,2.56000,2.44000
 0.00044400000,2.48000,2.36000
 0.00044600000,2.56000,2.44000
 0.00044800000,2.60000,2.48000
 0.00045000000,2.56000,2.44000
 0.00045200000,2.56000,2.48000
 0.00045400000,2.56000,2.48000
 0.00045600000,2.56000,2.44000
 0.00045800000,2.56000,2.44000
 0.00046000000,3.60000,1.36000
 0.00046200000,3.60000,1.28000
 0.00046400000,3.60000,1.28000
 0.00046600000,3.56000,1.28000
 0.00046800000,3.56000,1.28000
 0.00047000000,3.60000,1.32000
 0.00047200000,3.60000,1.32000
 0.00047400000,3.64000,1.44000
 0.00047600000,3.60000,1.32000
 0.00047800000,3.60000,1.36000
 0.00048000000,3.60000,1.28000
 0.00048200000,3.60000,1.28000
 0.00048400000,3.56000,1.28000
 0.00048600000,2.48000,2.40000
 0.00048800000,2.52000,2.40000
 0.00049000000,2.52000,2.32000
 0.00049200003,2.52000,2.44000
 0.00049399997,2.56000,2.44000
 0.00049600000,2.56000,2.40000
 0.00049800000,2.56000,2.44000
 0.00050000003,2.64000,2.64000
 0.00050199997,2.48000,2.32000
 0.00050400000,2.56000,2.44000
 0.00050600000,2.56000,2.44000
 0.00050800003,2.56000,2.44000
 0.00050999997,2.56000,2.44000
 0.00051200000,3.56000,1.28000
 0.00051400000,3.60000,1.32000
 0.00051599997,3.56000,1.28000
 0.00051800000,3.56000,1.28000
 0.00052000000,3.60000,1.32000
 0.00052200003,3.60000,1.32000
 0.00052399997,3.60000,1.28000
 0.00052600000,3.60000,1.24000
 0.00052800000,3.60000,1.32000
 0.00053000000,3.60000,1.28000
 0.00053200000,3.60000,1.32000
 0.00053400000,3.60000,1.28000
 0.00053600000,3.60000,1.32000
 0.00053800000,2.48000,2.36000
 0.00054000000,2.52000,2.44000
 0.00054200000,2.56000,2.36000
 0.00054400000,2.56000,2.44000
 0.00054600000,2.52000,2.40000
 0.00054800000,2.60000,2.44000
 0.00055000000,2.56000,2.44000
 0.00055200000,2.56000,2.44000
 0.00055400000,2.56000,2.40000
 0.00055600000,2.56000,2.40000
 0.00055800000,2.56000,2.44000
 0.00056000000,2.56000,2.44000
 0.00056200000,2.56000,2.44000
 0.00056400000,2.64000,2.48000
 0.00056600000,2.60000,2.44000
 0.00056800000,2.56000,2.44000
 0.00057000000,2.52000,2.40000
 0.00057200000,2.56000,2.44000
 0.00057400000,2.56000,2.44000
 0.00057600000,2.60000,2.44000
 0.00057800000,2.64000,2.48000
 0.00058000000,2.56000,2.44000
 0.00058200000,2.60000,2.44000
 0.00058400000,2.56000,2.44000
 0.00058600000,2.68000,2.64000
 0.00058800000,2.56000,2.44000
 0.00059000000,3.60000,1.32000
 0.00059200000,3.60000,1.32000
 0.00059400000,3.60000,1.32000
 0.00059600000,3.60000,1.32000
 0.00059800000,3.60000,1.28000
 0.00060000000,3.56000,1.32000
 0.00060200000,3.60000,1.28000
 0.00060400000,3.60000,1.32000
 0.00060600000,3.60000,1.28000
 0.00060800000,3.60000,1.28000
 0.00061000000,3.60000,1.32000
 0.00061200000,3.68000,1.44000
 0.00061400000,3.60000,1.32000
 0.00061600000,2.48000,2.36000
 0.00061800000,2.52000,2.36000
 0.00062000000,2.52000,2.40000
 0.00062200000,2.52000,2.40000
 0.00062400000,2.56000,2.40000
 0.00062600000,2.56000,2.44000
 0.00062800000,2.60000,2.48000
 0.00063000000,2.56000,2.44000
 0.00063200000,2.52000,2.44000
 0.00063400000,2.56000,2.44000
 0.00063600000,2.56000,2.44000
 0.00063800000,2.56000,2.44000
 0.00064000000,2.56000,2.44000
 0.00064200000,2.56000,2.44000
 0.00064400000,2.56000,2.44000
 0.00064600000,2.60000,2.44000
 0.00064800000,2.56000,2.44000
 0.00065000000,2.56000,2.44000
 0.00065200000,2.60000,2.44000
 0.00065400000,2.56000,2.44000
 0.00065600000,2.56000,2.48000
 0.00065800000,2.60000,2.48000
 0.00066000000,2.56000,2.44000
 0.00066200000,2.56000,2.44000
 0.00066400000,2.48000,2.36000
 0.00066600000,2.56000,2.44000
 0.00066800000,2.56000,2.44000
 0.00067000000,2.60000,2.48000
 0.00067200000,2.56000,2.44000
 0.00067400000,2.60000,2.44000
 0.00067600000,2.60000,2.44000
 0.00067800000,2.56000,2.48000
 0.00068000000,2.56000,2.44000
 0.00068200000,2.56000,2.44000
 0.00068400000,2.56000,2.44000
 0.00068600000,2.60000,2.48000
 0.00068800000,2.56000,2.44000
 0.00069000000,2.60000,2.48000
 0.00069200000,2.60000,2.44000
 0.00069400000,3.56000,1.24000
 0.00069600000,3.60000,1.28000
 0.00069800000,3.60000,1.28000
 0.00070000000,3.60000,1.28000
 0.00070200000,3.60000,1.28000
 0.00070400000,3.60000,1.32000
 0.00070600000,3.60000,1.36000
 0.00070800000,3.60000,1.28000
 0.00071000000,3.60000,1.28000
 0.00071200000,3.60000,1.28000
 0.00071400000,3.60000,1.32000
 0.00071600000,3.64000,1.28000
 0.00071800000,3.60000,1.32000
 0.00072000000,2.52000,2.36000
 0.00072200000,2.52000,2.40000
 0.00072400000,2.36000,2.28000
 0.00072600000,2.48000,2.36000
 0.00072800000,2.64000,2.44000
 0.00073000000,2.56000,2.44000
 0.00073200000,2.52000,2.40000
 0.00073400000,2.56000,2.44000
 0.00073600000,2.56000,2.44000
 0.00073800000,2.56000,2.44000
 0.00074000000,2.56000,2.44000
 0.00074200000,2.52000,2.36000
 0.00074400000,2.60000,2.48000
 0.00074600000,3.56000,1.44000
 0.00074800000,3.60000,1.28000
 0.00075000000,3.56000,1.32000
 0.00075200000,3.60000,1.32000
 0.00075400000,3.56000,1.28000
 0.00075600000,3.56000,1.28000
 0.00075800000,3.60000,1.32000
 0.00076000000,3.60000,1.32000
 0.00076200000,3.60000,1.28000
 0.00076400000,3.60000,1.32000
 0.00076600000,3.60000,1.32000
 0.00076800000,3.60000,1.28000
 0.00077000000,3.64000,1.32000
 0.00077200000,3.60000,1.28000
 0.00077400000,3.60000,1.32000
 0.00077600000,3.44000,1.16000
 0.00077800000,3.60000,1.28000
 0.00078000000,3.52000,1.24000
 0.00078200000,3.60000,1.28000
 0.00078400000,3.60000,1.32000
 0.00078600000,3.60000,1.32000
 0.00078800000,3.60000,1.32000
 0.00079000000,3.60000,1.32000
 0.00079200000,3.60000,1.32000
 0.00079400000,3.68000,1.40000
 0.00079600000,3.60000,1.28000
 0.00079800000,3.60000,1.32000
 0.00080000000,3.60000,1.28000
 0.00080200000,3.64000,1.36000
 0.00080400000,3.60000,1.32000
 0.00080600000,3.60000,1.32000
 0.00080800000,3.60000,1.32000
 0.00081000000,3.60000,1.32000
 0.00081200000,3.60000,1.28000
 0.00081400000,3.56000,1.28000
 0.00081600000,3.60000,1.32000
 0.00081800000,3.60000,1.32000
 0.00082000000,3.60000,1.44000
 0.00082200000,3.60000,1.32000
 0.00082400000,3.56000,1.28000
 0.00082600000,3.60000,1.28000
 0.00082800000,3.60000,1.32000
 0.00083000000,3.60000,1.32000
 0.00083200000,3.68000,1.44000
 0.00083400000,3.60000,1.32000
 0.00083600000,3.60000,1.32000
 0.00083800000,3.60000,1.32000
 0.00084000000,3.60000,1.32000
 0.00084200000,3.60000,1.32000
 0.00084400000,3.56000,1.28000
 0.00084600000,3.68000,1.44000
 0.00084800000,3.60000,1.32000
 0.00085000000,3.60000,1.32000
 0.00085200000,3.60000,1.32000
 0.00085400000,3.60000,1.32000
 0.00085600000,3.60000,1.32000
 0.00085800000,3.60000,1.32000
 0.00086000000,3.60000,1.32000
 0.00086200000,3.60000,1.28000
 0.00086400000,3.64000,1.36000
 0.00086600000,3.60000,1.32000
 0.00086800000,3.60000,1.28000
 0.00087000000,3.60000,1.32000
 0.00087200000,3.52000,1.28000
 0.00087400000,3.60000,1.32000
 0.00087600000,3.64000,1.32000
 0.00087800000,3.64000,1.32000
 0.00088000000,3.60000,1.28000
 0.00088200000,3.64000,1.36000
 0.00088400000,3.64000,1.36000
 0.00088600000,3.60000,1.32000
 0.00088800000,3.60000,1.32000
 0.00089000000,3.60000,1.32000
 0.00089200000,3.60000,1.28000
 0.00089400000,3.60000,1.40000
 0.00089600000,3.60000,1.32000
 0.00089800000,3.76000,1.44000
 0.00090000000,3.60000,1.28000
 0.00090200000,3.60000,1.32000
 0.00090400000,3.60000,1.32000
 0.00090600000,3.56000,1.32000
 0.00090800000,3.60000,1.36000
 0.00091000000,3.60000,1.28000
 0.00091200000,3.60000,1.36000
 0.00091400000,3.60000,1.28000
 0.00091600000,3.64000,1.40000
 0.00091800000,3.64000,1.36000
 0.00092000000,3.60000,1.32000
 0.00092200000,3.60000,1.32000
 0.00092400000,3.60000,1.28000
 0.00092600000,3.60000,1.32000
 0.00092800000,3.60000,1.32000
 0.00093000000,2.48000,2.40000
 0.00093200000,2.52000,2.40000
 0.00093400000,2.52000,2.44000
 0.00093600000,2.52000,2.40000
 0.00093800000,2.52000,2.44000
 0.00094000000,2.52000,2.44000
 0.00094200000,2.52000,2.44000
 0.00094400000,2.52000,2.44000
 0.00094600000,2.52000,2.44000
 0.00094800000,2.56000,2.44000
 0.00095000000,2.48000,2.32000
 0.00095200000,2.56000,2.44000
 0.00095400000,2.52000,2.44000
 0.00095600000,2.56000,2.48000
 0.00095800000,2.56000,2.40000
 0.00096000000,2.52000,2.44000
 0.00096200000,2.56000,2.44000
 0.00096400000,2.52000,2.44000
 0.00096600000,2.56000,2.44000
 0.00096800000,2.56000,2.40000
 0.00097000000,2.56000,2.44000
 0.00097200000,2.56000,2.44000
 0.00097400000,2.56000,2.44000
 0.00097600000,2.56000,2.44000
 0.00097800000,2.56000,2.44000
 0.00098000000,2.56000,2.44000
 0.00098200000,2.56000,2.44000
 0.00098400006,2.56000,2.48000
 0.00098599994,2.56000,2.48000
 0.00098799994,2.56000,2.44000
 0.00099000000,2.56000,2.44000
 0.00099200000,2.56000,2.44000
 0.00099400000,2.36000,2.32000
 0.00099600000,2.56000,2.44000
 0.00099800006,2.52000,2.44000
 0.00100000006,2.56000,2.48000
 0.00100199994,2.56000,2.44000
 0.00100399994,2.56000,2.44000
 0.00100600000,2.56000,2.48000
 0.00100800000,3.56000,1.28000
 0.00101000000,3.60000,1.28000
 0.00101200000,3.60000,1.36000
 0.00101400006,3.56000,1.28000
 0.00101600006,3.60000,1.32000
 0.00101799994,3.60000,1.28000
 0.00101999994,3.44000,1.24000
 0.00102200000,3.60000,1.32000
 0.00102400000,3.60000,1.32000
 0.00102600000,3.60000,1.32000
 0.00102800000,3.60000,1.32000
 0.00103000006,3.64000,1.36000
 0.00103199994,3.60000,1.32000
 0.00103399994,3.60000,1.32000
 0.00103600000,3.60000,1.32000
 0.00103800000,3.68000,1.40000
 0.00104000000,3.60000,1.32000
 0.00104200000,3.60000,1.32000
 0.00104400006,3.56000,1.28000
 0.00104600006,3.60000,1.32000
 0.00104799994,3.56000,1.32000
 0.00105000000,3.64000,1.40000
 0.00105200000,3.60000,1.32000
 0.00105400000,3.60000,1.32000
 0.00105600000,3.64000,1.36000
 0.00105800000,3.60000,1.28000
 0.00106000000,3.56000,1.28000
 0.00106200000,3.60000,1.28000
 0.00106400000,3.48000,1.28000
 0.00106600000,3.60000,1.32000
 0.00106800000,3.60000,1.36000
 0.00107000000,3.60000,1.32000
 0.00107200000,3.60000,1.32000
 0.00107400000,3.60000,1.32000
 0.00107600000,3.60000,1.32000
 0.00107800000,3.60000,1.28000
 0.00108000000,3.60000,1.32000
 0.00108200000,3.60000,1.28000
 0.00108400000,3.56000,1.32000
 0.00108600000,3.60000,1.32000
 0.00108800000,3.60000,1.32000
 0.00109000000,3.92000,1.56000
 0.00109200000,3.60000,1.32000
 0.00109400000,3.60000,1.32000
 0.00109600000,3.60000,1.28000
 0.00109800000,3.60000,1.32000
 0.00110000000,3.60000,1.28000
 0.00110200000,3.68000,1.44000
 0.00110400000,3.60000,1.32000
 0.00110600000,3.60000,1.32000
 0.00110800000,3.72000,1.44000
 0.00111000000,3.60000,1.32000
 0.00111200000,2.52000,2.36000
 0.00111400000,2.52000,2.40000
 0.00111600000,2.52000,2.40000
 0.00111800000,2.56000,2.44000
 0.00112000000,2.56000,2.44000
 0.00112200000,2.52000,2.44000
 0.00112400000,2.52000,2.40000
 0.00112600000,2.56000,2.44000
 0.00112800000,2.56000,2.44000
 0.00113000000,2.56000,2.44000
 0.00113200000,2.56000,2.44000
 0.00113400000,2.48000,2.36000
 0.00113600000,2.56000,2.44000
 0.00113800000,3.60000,1.28000
 0.00114000000,3.60000,1.32000
 0.00114200000,3.60000,1.28000
 0.00114400000,3.60000,1.32000
 0.00114600000,3.56000,1.28000
 0.00114800000,3.60000,1.28000
 0.00115000000,3.60000,1.32000
 0.00115200000,3.64000,1.36000
 0.00115400000,3.60000,1.28000
 0.00115600000,3.60000,1.32000
 0.00115800000,3.60000,1.32000
 0.00116000000,3.60000,1.28000
 0.00116200000,3.60000,1.28000
 0.00116400000,3.60000,1.32000
 0.00116600000,3.60000,1.32000
 0.00116800000,3.60000,1.36000
 0.00117000000,3.52000,1.24000
 0.00117200000,3.60000,1.32000
 0.00117400000,3.60000,1.32000
 0.00117600000,3.60000,1.28000
 0.00117800000,3.68000,1.52000
 0.00118000000,3.60000,1.32000
 0.00118200000,3.60000,1.32000
 0.00118400000,3.60000,1.32000
 0.00118600000,3.60000,1.32000
 0.00118800000,3.60000,1.36000
 0.00119000000,2.48000,2.36000
 0.00119200000,2.52000,2.40000
 0.00119400000,2.52000,2.44000
 0.00119600000,2.48000,2.36000
 0.00119800000,2.48000,2.40000
 0.00120000000,2.52000,2.44000
 0.00120200000,2.56000,2.44000
 0.00120400000,2.56000,2.44000
 0.00120600000,2.52000,2.40000
 0.00120800000,2.56000,2.44000
 0.00121000000,2.56000,2.44000
 0.00121200000,2.52000,2.44000
 0.00121400000,2.56000,2.48000
 0.00121600000,3.60000,1.32000
 0.00121800000,3.56000,1.28000
 0.00122000000,3.60000,1.28000
 0.00122200000,3.84000,1.64000
 0.00122400000,3.60000,1.32000
 0.00122600000,3.60000,1.28000
 0.00122800000,3.60000,1.36000
 0.00123000000,3.60000,1.32000
 0.00123200000,3.60000,1.32000
 0.00123400000,3.60000,1.32000
 0.00123600000,3.60000,1.32000
 0.00123800000,3.60000,1.32000
 0.00124000000,3.60000,1.36000
 0.00124200000,3.60000,1.36000
 0.00124400000,3.60000,1.28000
 0.00124600000,3.60000,1.32000
 0.00124800000,3.60000,1.32000
 0.00125000000,3.60000,1.32000
 0.00125200000,3.60000,1.32000
 0.00125400000,3.60000,1.32000
 0.00125600000,3.60000,1.28000
 0.00125800000,3.52000,1.24000
 0.00126000000,3.60000,1.32000
 0.00126200000,3.64000,1.36000
 0.00126400000,3.60000,1.28000
 0.00126600000,3.52000,1.20000
 0.00126800000,2.52000,2.36000
 0.00127000000,2.44000,2.40000
 0.00127200000,2.52000,2.36000
 0.00127400000,2.56000,2.44000
 0.00127600000,2.56000,2.44000
 0.00127800000,2.56000,2.44000
 0.00128000000,2.56000,2.44000
 0.00128200000,2.56000,2.44000
 0.00128400000,2.52000,2.44000
 0.00128600000,2.56000,2.48000
 0.00128800000,2.52000,2.40000
 0.00129000000,2.56000,2.44000
 0.00129200000,2.56000,2.44000
 0.00129400000,2.56000,2.44000
 0.00129600000,2.56000,2.44000
 0.00129800000,2.56000,2.44000
 0.00130000000,2.56000,2.44000
 0.00130200000,2.52000,2.40000
 0.00130400000,2.56000,2.44000
 0.00130600000,2.56000,2.44000
 0.00130800000,2.56000,2.44000
 0.00131000000,2.28000,2.20000
 0.00131200000,2.56000,2.44000
 0.00131400000,2.56000,2.44000
 0.00131600000,2.56000,2.40000
 0.00131800000,2.60000,2.44000
 0.00132000000,3.60000,1.28000
 0.00132200000,3.56000,1.28000
 0.00132400000,3.60000,1.28000
 0.00132600000,3.56000,1.32000
 0.00132800000,3.48000,1.24000
 0.00133000000,3.60000,1.32000
 0.00133200000,3.60000,1.36000
 0.00133400000,3.60000,1.32000
 0.00133600000,3.60000,1.32000
 0.00133800000,3.60000,1.28000
 0.00134000000,3.64000,1.36000
 0.00134200000,3.60000,1.32000
 0.00134400000,3.60000,1.32000
 0.00134600000,2.52000,2.40000
 0.00134800000,2.52000,2.40000
 0.00135000000,2.52000,2.40000
 0.00135200000,2.52000,2.40000
 0.00135400000,2.52000,2.44000
 0.00135600000,2.56000,2.44000
 0.00135800000,2.48000,2.36000
 0.00136000000,2.56000,2.44000
 0.00136200000,2.56000,2.44000
 0.00136400000,2.52000,2.44000
 0.00136600000,2.56000,2.44000
 0.00136800000,2.52000,2.40000
 0.00137000000,2.56000,2.44000
 0.00137200000,3.60000,1.32000
 0.00137400000,3.56000,1.28000
 0.00137600000,3.60000,1.32000
 0.00137800000,3.60000,1.32000
 0.00138000000,3.60000,1.28000
 0.00138200000,3.60000,1.32000
 0.00138400000,3.60000,1.32000
 0.00138600000,3.60000,1.28000
 0.00138800000,3.60000,1.32000
 0.00139000000,3.48000,1.28000
 0.00139200000,3.60000,1.28000
 0.00139400000,3.56000,1.28000
 0.00139600000,3.60000,1.32000
 0.00139800000,3.64000,1.32000
 0.00140000000,3.60000,1.32000
 0.00140200000,3.56000,1.28000
 0.00140400000,3.60000,1.32000
 0.00140600000,3.60000,1.32000
 0.00140800000,3.64000,1.32000
 0.00141000000,3.60000,1.32000
 0.00141200000,3.60000,1.32000
 0.00141400000,3.60000,1.32000
 0.00141600000,3.60000,1.28000
 0.00141800000,3.60000,1.32000
 0.00142000000,3.60000,1.28000
 0.00142200000,3.60000,1.32000
 0.00142400000,3.56000,1.28000
 0.00142600000,3.64000,1.32000
 0.00142800000,3.60000,1.32000
 0.00143000000,3.60000,1.28000
 0.00143200000,3.60000,1.28000
 0.00143400000,3.56000,1.28000
 0.00143600000,3.60000,1.28000
 0.00143800000,3.60000,1.28000
 0.00144000000,3.60000,1.32000
 0.00144200000,3.60000,1.28000
 0.00144400000,3.68000,1.36000
 0.00144600000,3.60000,1.32000
 0.00144800000,3.60000,1.32000
 0.00145000000,2.48000,2.32000
 0.00145200000,2.36000,2.28000
 0.00145400000,2.48000,2.40000
 0.00145600000,2.52000,2.36000
 0.00145800000,2.56000,2.44000
 0.00146000000,2.52000,2.36000
 0.00146200000,2.52000,2.44000
 0.00146400000,2.56000,2.44000
 0.00146600000,2.56000,2.40000
 0.00146800000,2.56000,2.44000
 0.00147000000,2.56000,2.44000
 0.00147200000,2.56000,2.44000
 0.00147400000,2.56000,2.44000
 0.00147600000,3.60000,1.28000
 0.00147800000,3.60000,1.32000
 0.00148000000,3.56000,1.32000
 0.00148200000,3.60000,1.28000
 0.00148400000,3.64000,1.40000
 0.00148600000,3.56000,1.28000
 0.00148800000,3.60000,1.32000
 0.00149000000,3.60000,1.36000
 0.00149200000,3.60000,1.32000
 0.00149400000,3.60000,1.32000
 0.00149600000,3.48000,1.24000
 0.00149800000,3.60000,1.32000
 0.00150000000,3.60000,1.28000
 0.00150200000,3.60000,1.40000
 0.00150400000,3.60000,1.32000
 0.00150600000,3.68000,1.40000
 0.00150800000,3.60000,1.32000
 0.00151000000,3.60000,1.32000
 0.00151200000,3.60000,1.32000
 0.00151400000,3.56000,1.24000
 0.00151600000,3.60000,1.36000
 0.00151800000,3.60000,1.36000
 0.00152000000,3.60000,1.32000
 0.00152200000,3.60000,1.32000
 0.00152400000,3.60000,1.32000
 0.00152600000,3.60000,1.28000
 0.00152800000,3.60000,1.32000
 0.00153000000,3.60000,1.32000
 0.00153200000,3.60000,1.32000
 0.00153400000,3.60000,1.32000
 0.00153600000,3.60000,1.32000
 0.00153800000,3.60000,1.32000
 0.00154000000,3.60000,1.36000
 0.00154200000,3.52000,1.28000
 0.00154400000,3.60000,1.32000
 0.00154600000,3.60000,1.32000
 0.00154800000,3.56000,1.28000
 0.00155000000,3.64000,1.36000
 0.00155200000,3.60000,1.32000
 0.00155400000,3.56000,1.28000
 0.00155600000,3.60000,1.28000
 0.00155800000,3.60000,1.32000
 0.00156000000,3.64000,1.36000
 0.00156200000,3.60000,1.32000
 0.00156400000,3.60000,1.32000
 0.00156600000,3.60000,1.32000
 0.00156800000,3.56000,1.28000
 0.00157000000,3.60000,1.36000
 0.00157200000,3.60000,1.32000
 0.00157400000,3.60000,1.32000
 0.00157600000,3.60000,1.28000
 0.00157800000,3.60000,1.32000
 0.00158000000,2.48000,2.36000
 0.00158200000,2.52000,2.40000
 0.00158400000,2.52000,2.40000
 0.00158600000,2.56000,2.44000
 0.00158800000,2.52000,2.40000
 0.00159000000,2.56000,2.44000
 0.00159200000,2.56000,2.40000
 0.00159400000,2.84000,2.72000
 0.00159600000,2.56000,2.44000
 0.00159800000,2.56000,2.44000
 0.00160000000,2.60000,2.48000
 0.00160200000,2.60000,2.44000
 0.00160400000,2.56000,2.44000
 0.00160600000,2.56000,2.44000
 0.00160800000,2.56000,2.44000
 0.00161000000,2.56000,2.44000
 0.00161200000,2.52000,2.44000
 0.00161400000,2.56000,2.44000
 0.00161600000,2.56000,2.44000
 0.00161800000,2.56000,2.44000
 0.00162000000,2.56000,2.44000
 0.00162200000,2.56000,2.44000
 0.00162400000,2.56000,2.44000
 0.00162600000,2.56000,2.44000
 0.00162800000,2.60000,2.48000
 0.00163000000,2.72000,2.64000
 0.00163200000,3.60000,1.32000
 0.00163400000,3.60000,1.32000
 0.00163600000,3.60000,1.28000
 0.00163800000,3.60000,1.28000
 0.00164000000,3.56000,1.32000
 0.00164200000,3.60000,1.32000
 0.00164400000,3.56000,1.28000
 0.00164600000,3.60000,1.32000
 0.00164800000,3.52000,1.24000
 0.00165000000,3.64000,1.40000
 0.00165200000,3.60000,1.28000
 0.00165400000,3.60000,1.32000
 0.00165600000,3.60000,1.32000
 0.00165800000,3.56000,1.24000
 0.00166000000,3.64000,1.32000
 0.00166200000,3.60000,1.32000
 0.00166400000,3.60000,1.32000
 0.00166600000,3.64000,1.40000
 0.00166800000,3.60000,1.28000
 0.00167000000,3.64000,1.44000
 0.00167200000,3.60000,1.32000
 0.00167400000,3.60000,1.28000
 0.00167600000,3.60000,1.32000
 0.00167800000,3.60000,1.32000
 0.00168000000,3.60000,1.32000
 0.00168200000,3.60000,1.28000
 0.00168400000,3.60000,1.32000
 0.00168600000,3.60000,1.28000
 0.00168800000,3.60000,1.32000
 0.00169000000,3.60000,1.36000
 0.00169200000,3.56000,1.32000
 0.00169400000,3.60000,1.32000
 0.00169600000,3.60000,1.28000
 0.00169800000,3.60000,1.32000
 0.00170000000,3.60000,1.32000
 0.00170200000,3.56000,1.28000
 0.00170400000,3.60000,1.32000
 0.00170600000,3.60000,1.28000
 0.00170800000,3.60000,1.32000
 0.00171000000,3.56000,1.28000
 0.00171200000,3.60000,1.32000
 0.00171400000,3.64000,1.36000
 0.00171600000,3.56000,1.28000
 0.00171800000,3.60000,1.32000
 0.00172000000,3.64000,1.36000
 0.00172200000,3.52000,1.28000
 0.00172400000,3.60000,1.32000
 0.00172600000,3.60000,1.32000
 0.00172800000,3.60000,1.28000
 0.00173000000,3.60000,1.28000
 0.00173200000,3.60000,1.28000
 0.00173400000,3.60000,1.32000
 0.00173600000,3.60000,1.32000
 0.00173800000,3.60000,1.32000
 0.00174000000,3.60000,1.32000
 0.00174200000,3.60000,1.28000
 0.00174400000,3.60000,1.32000
 0.00174600000,3.44000,1.24000
 0.00174800000,3.60000,1.32000
 0.00175000000,3.56000,1.28000
 0.00175200000,3.64000,1.36000
 0.00175400000,3.60000,1.32000
 0.00175600000,3.60000,1.28000
 0.00175800000,3.60000,1.36000
 0.00176000000,3.60000,1.36000
 0.00176200000,2.52000,2.40000
 0.00176400000,2.68000,2.44000
 0.00176600000,2.52000,2.40000
 0.00176800000,2.48000,2.36000
 0.00177000000,2.52000,2.40000
 0.00177200000,2.56000,2.44000
 0.00177400000,2.56000,2.44000
 0.00177600000,2.56000,2.44000
 0.00177800000,2.56000,2.44000
 0.00178000000,2.48000,2.36000
 0.00178200000,2.40000,2.32000
 0.00178400000,2.56000,2.48000
 0.00178600000,2.56000,2.48000
 0.00178800000,2.56000,2.44000
 0.00179000000,2.60000,2.48000
 0.00179200000,2.56000,2.48000
 0.00179400000,2.56000,2.44000
 0.00179600000,2.52000,2.44000
 0.00179800000,2.56000,2.44000
 0.00180000000,2.72000,2.68000
 0.00180200000,2.56000,2.44000
 0.00180400000,2.60000,2.48000
 0.00180600000,2.56000,2.44000
 0.00180800000,2.56000,2.44000
 0.00181000000,2.56000,2.44000
 0.00181200000,2.56000,2.44000
 0.00181400000,2.56000,2.44000
 0.00181600000,2.56000,2.44000
 0.00181800000,2.72000,2.48000
 0.00182000000,2.52000,2.44000
 0.00182200000,2.56000,2.44000
 0.00182400000,2.56000,2.44000
 0.00182600000,2.60000,2.48000
 0.00182800000,2.56000,2.40000
 0.00183000000,2.60000,2.48000
 0.00183200000,2.64000,2.44000
 0.00183400000,2.56000,2.44000
 0.00183600000,2.60000,2.44000
 0.00183800000,2.56000,2.44000
 0.00184000000,3.60000,1.32000
 0.00184200000,3.60000,1.28000
 0.00184400000,3.60000,1.32000
 0.00184600000,3.56000,1.28000
 0.00184800000,3.60000,1.36000
 0.00185000000,3.60000,1.28000
 0.00185200000,3.64000,1.32000
 0.00185400000,3.64000,1.32000
 0.00185600000,3.60000,1.32000
 0.00185800000,3.60000,1.32000
 0.00186000000,3.60000,1.32000
 0.00186200000,3.60000,1.32000
 0.00186400000,3.60000,1.28000
 0.00186600000,2.48000,2.32000
 0.00186800000,2.52000,2.40000
 0.00187000000,2.52000,2.36000
 0.00187200000,2.68000,2.56000
 0.00187400000,2.52000,2.40000
 0.00187600000,2.56000,2.44000
 0.00187800000,2.56000,2.44000
 0.00188000000,2.56000,2.44000
 0.00188200000,2.56000,2.44000
 0.00188400000,2.48000,2.32000
 0.00188600000,2.56000,2.44000
 0.00188800000,2.52000,2.40000
 0.00189000000,2.40000,2.32000
 0.00189200000,2.56000,2.44000
 0.00189400000,2.56000,2.44000
 0.00189600000,2.60000,2.44000
 0.00189800000,2.56000,2.48000
 0.00190000000,2.64000,2.52000
 0.00190200000,2.56000,2.44000
 0.00190400000,2.56000,2.44000
 0.00190600000,2.56000,2.44000
 0.00190800000,2.68000,2.48000
 0.00191000000,2.56000,2.44000
 0.00191200000,2.56000,2.44000
 0.00191400000,2.56000,2.48000
 0.00191600000,2.56000,2.44000
 0.00191800000,2.56000,2.40000
 0.00192000000,2.56000,2.44000
 0.00192200000,2.56000,2.44000
 0.00192400000,2.56000,2.44000
 0.00192600000,2.44000,2.32000
 0.00192800000,2.56000,2.44000
 0.00193000000,2.64000,2.48000
 0.00193200000,2.56000,2.44000
 0.00193400000,2.60000,2.48000
 0.00193600000,2.60000,2.44000
 0.00193800000,2.60000,2.44000
 0.00194000000,2.56000,2.44000
 0.00194200000,2.56000,2.44000
 0.00194400000,2.60000,2.44000
 0.00194600000,2.56000,2.44000
 0.00194800000,2.56000,2.44000
 0.00195000000,2.56000,2.44000
 0.00195200000,2.60000,2.48000
 0.00195400000,2.56000,2.40000
 0.00195600000,2.56000,2.44000
 0.00195800000,2.56000,2.44000
 0.00196000000,2.56000,2.44000
 0.00196200000,2.56000,2.44000
 0.00196400000,2.52000,2.44000
 0.00196600000,2.60000,2.44000
 0.00196800016,2.60000,2.44000
 0.00197000016,2.56000,2.44000
 0.00197199984,2.56000,2.48000
 0.00197399984,2.64000,2.48000
 0.00197599984,2.68000,2.48000
 0.00197800000,2.60000,2.44000
 0.00198000000,2.60000,2.44000
 0.00198200000,2.60000,2.44000
 0.00198400000,2.60000,2.44000
 0.00198600000,2.52000,2.40000
 0.00198800000,2.60000,2.44000
 0.00199000000,2.64000,2.44000
 0.00199200000,2.56000,2.44000
 0.00199400000,2.56000,2.44000
 0.00199600000,2.56000,2.44000
 0.00199800016,2.64000,2.48000
 0.00200000016,2.56000,2.44000
 0.00200200016,2.60000,2.44000
 0.00200399984,2.60000,2.44000
 0.00200599984,2.60000,2.44000
 0.00200800000,2.64000,2.48000
 0.00201000000,2.64000,2.48000
 0.00201200000,2.56000,2.44000
 0.00201400000,2.56000,2.44000
 0.00201600000,2.56000,2.40000
 0.00201800000,2.60000,2.44000
 0.00202000000,2.60000,2.48000
 0.00202200000,2.56000,2.44000
 0.00202400000,2.60000,2.44000
 0.00202600000,2.68000,2.52000
 0.00202800000,2.60000,2.44000
 0.00203000016,2.56000,2.44000
 0.00203200016,2.56000,2.44000
 0.00203399984,2.60000,2.44000
 0.00203599984,2.60000,2.44000
 0.00203799984,2.60000,2.48000
 0.00204000000,2.60000,2.44000
 0.00204200000,2.60000,2.44000
 0.00204400000,2.76000,2.64000
 0.00204600000,2.56000,2.44000
 0.00204800000,2.60000,2.44000
 0.00205000000,2.64000,2.48000
 0.00205200000,2.56000,2.44000
 0.00205400000,2.56000,2.44000
 0.00205600000,2.60000,2.44000
 0.00205800000,2.56000,2.44000
 0.00206000016,2.60000,2.48000
 0.00206200016,2.52000,2.36000
 0.00206399984,2.60000,2.44000
 0.00206599984,2.60000,2.48000
 0.00206799984,2.60000,2.48000
 0.00207000000,2.56000,2.44000
 0.00207200000,2.60000,2.44000
 0.00207400000,2.56000,2.44000
 0.00207600000,2.56000,2.44000
 0.00207800000,2.60000,2.44000
 0.00208000000,2.72000,2.52000
 0.00208200000,2.56000,2.44000
 0.00208400000,2.60000,2.44000
 0.00208600000,2.56000,2.44000
 0.00208800000,2.60000,2.44000
 0.00209000016,2.52000,2.44000
 0.00209200016,2.56000,2.44000
 0.00209399984,2.60000,2.48000
 0.00209599984,2.56000,2.44000
 0.00209799984,2.56000,2.44000
 0.00210000000,2.56000,2.44000
 0.00210200000,2.60000,2.52000
 0.00210400000,2.64000,2.48000
 0.00210600000,2.60000,2.48000
 0.00210800000,2.56000,2.44000
 0.00211000000,2.60000,2.48000
 0.00211200000,2.56000,2.44000
 0.00211400000,2.56000,2.44000
 0.00211600000,2.60000,2.44000
 0.00211800000,2.56000,2.44000
 0.00212000000,2.60000,2.48000
 0.00212200016,2.60000,2.44000
 0.00212400016,2.56000,2.44000
 0.00212599984,2.68000,2.48000
 0.00212799984,2.60000,2.48000
 0.00212999984,2.56000,2.44000
 0.00213200000,2.56000,2.44000
 0.00213400000,2.60000,2.44000
 0.00213600000,2.60000,2.44000
 0.00213800000,2.56000,2.44000
 0.00214000000,2.60000,2.44000
 0.00214200000,2.52000,2.36000
 0.00214400000,2.48000,2.28000
 0.00214600000,2.56000,2.44000
 0.00214800000,2.56000,2.44000
 0.00215000000,2.60000,2.44000
 0.00215200016,2.60000,2.44000
 0.00215400016,2.56000,2.48000
 0.00215599984,2.56000,2.44000
 0.00215799984,2.56000,2.40000
 0.00215999984,2.56000,2.44000
 0.00216200000,2.48000,2.36000
 0.00216400000,2.56000,2.48000
 0.00216600000,2.56000,2.44000
 0.00216800000,2.60000,2.44000
 0.00217000000,2.64000,2.44000
 0.00217200000,2.60000,2.44000
 0.00217400000,2.56000,2.44000
 0.00217600000,2.60000,2.44000
 0.00217800000,2.56000,2.44000
 0.00218000000,2.56000,2.48000
 0.00218200016,2.56000,2.48000
 0.00218400016,2.56000,2.44000
 0.00218599984,2.60000,2.44000
 0.00218799984,2.60000,2.48000
 0.00218999984,2.60000,2.44000
 0.00219200000,2.60000,2.44000
 0.00219400000,2.60000,2.48000
 0.00219600000,2.56000,2.44000
 0.00219800000,2.56000,2.44000
 0.00220000000,2.60000,2.44000
 0.00220200000,2.56000,2.44000
 0.00220400000,2.56000,2.44000
 0.00220600000,2.60000,2.44000
 0.00220800000,2.64000,2.52000
 0.00221000000,2.56000,2.44000
 0.00221200016,2.56000,2.44000
 0.00221400016,2.56000,2.44000
 0.00221600016,2.60000,2.44000
 0.00221799984,2.60000,2.48000
 0.00221999984,2.56000,2.44000
 0.00222200000,2.56000,2.44000
 0.00222400000,2.60000,2.44000
 0.00222600000,2.32000,2.20000
 0.00222800000,2.56000,2.44000
 0.00223000000,2.56000,2.44000
 0.00223200000,2.60000,2.44000
 0.00223400000,2.56000,2.44000
 0.00223600000,2.60000,2.48000
 0.00223800000,2.56000,2.44000
 0.00224000000,2.56000,2.44000
 0.00224200000,2.56000,2.44000
 0.00224400016,2.80000,2.60000
 0.00224600016,2.56000,2.44000
 0.00224799984,2.56000,2.44000
 0.00224999984,2.60000,2.44000
 0.00225199984,2.56000,2.44000
 0.00225400000,2.52000,2.40000
 0.00225600000,2.60000,2.44000
 0.00225800000,2.60000,2.44000
 0.00226000000,2.60000,2.44000
 0.00226200000,2.60000,2.48000
 0.00226400000,2.56000,2.44000
 0.00226600000,2.60000,2.44000
 0.00226800000,2.64000,2.48000
 0.00227000000,2.56000,2.44000
 0.00227200000,2.60000,2.48000
 0.00227400016,2.60000,2.44000
 0.00227600016,2.60000,2.44000
 0.00227799984,2.60000,2.44000
 0.00227999984,2.56000,2.44000
 0.00228199984,2.64000,2.48000
 0.00228400000,2.52000,2.36000
 0.00228600000,2.56000,2.44000
 0.00228800000,2.60000,2.44000
 0.00229000000,2.36000,2.20000
 0.00229200000,2.56000,2.44000
 0.00229400000,2.60000,2.44000
 0.00229600000,2.60000,2.44000
 0.00229800000,2.60000,2.44000
 0.00230000000,2.52000,2.40000
 0.00230200000,2.56000,2.44000
 0.00230400016,2.60000,2.44000
 0.00230600016,2.56000,2.44000
 0.00230799984,2.44000,2.28000
 0.00230999984,2.56000,2.44000
 0.00231199984,2.56000,2.44000
 0.00231400000,2.56000,2.44000
 0.00231600000,2.56000,2.44000
 0.00231800000,2.60000,2.44000
 0.00232000000,2.56000,2.44000
 0.00232200000,2.60000,2.44000
 0.00232400000,2.60000,2.44000
 0.00232600000,2.56000,2.44000
 0.00232800000,2.60000,2.44000
 0.00233000000,2.56000,2.44000
 0.00233200000,2.64000,2.44000
 0.00233400000,2.56000,2.44000
 0.00233600016,2.64000,2.48000
 0.00233800016,2.60000,2.44000
 0.00233999984,2.56000,2.44000
 0.00234199984,2.56000,2.44000
 0.00234399984,2.60000,2.44000
 0.00234600000,2.60000,2.44000
 0.00234800000,2.56000,2.44000
 0.00235000000,2.56000,2.44000
 0.00235200000,2.60000,2.48000
 0.00235400000,2.72000,2.48000
 0.00235600000,2.60000,2.44000
 0.00235800000,2.56000,2.44000
 0.00236000000,2.60000,2.44000
 0.00236200000,2.56000,2.44000
 0.00236400000,2.60000,2.44000
 0.00236600016,2.56000,2.44000
 0.00236800016,2.60000,2.44000
 0.00236999984,2.56000,2.44000
 0.00237199984,2.60000,2.48000
 0.00237399984,2.56000,2.40000
 0.00237600000,2.60000,2.44000
 0.00237800000,2.56000,2.44000
 0.00238000000,2.60000,2.44000
 0.00238200000,2.68000,2.56000
 0.00238400000,2.60000,2.44000
 0.00238600000,2.60000,2.44000
 0.00238800000,2.60000,2.44000
 0.00239000000,2.60000,2.44000
 0.00239200000,2.60000,2.44000
 0.00239400000,2.56000,2.44000
 0.00239600016,2.56000,2.44000
 0.00239800016,2.56000,2.44000
 0.00239999984,2.52000,2.40000
 0.00240199984,2.56000,2.44000
 0.00240399984,2.56000,2.44000
 0.00240600000,2.60000,2.44000
 0.00240800000,2.56000,2.44000
 0.00241000000,2.56000,2.44000
 0.00241200000,2.60000,2.44000
 0.00241400000,2.56000,2.44000
 0.00241600000,2.60000,2.44000
 0.00241800000,2.56000,2.44000
 0.00242000000,2.60000,2.44000
 0.00242200000,2.60000,2.44000
 0.00242400000,2.56000,2.44000
 0.00242600016,2.56000,2.44000
 0.00242800016,2.72000,2.56000
 0.00243000016,2.56000,2.44000
 0.00243199984,2.56000,2.44000
 0.00243399984,2.64000,2.48000
 0.00243600000,2.56000,2.44000
 0.00243800000,2.60000,2.44000
 0.00244000000,2.60000,2.44000
 0.00244200000,2.56000,2.44000
 0.00244400000,2.64000,2.48000
 0.00244600000,2.52000,2.36000
 0.00244800000,2.56000,2.44000
 0.00245000000,2.56000,2.44000
 0.00245200000,2.56000,2.44000
 0.00245400000,2.56000,2.44000
 0.00245600000,2.56000,2.44000
 0.00245800016,2.60000,2.44000
 0.00246000016,2.56000,2.44000
 0.00246199984,2.56000,2.44000
 0.00246399984,2.56000,2.44000
 0.00246599984,2.56000,2.44000
 0.00246800000,2.56000,2.44000
 0.00247000000,2.56000,2.44000
 0.00247200000,2.56000,2.48000
 0.00247400000,2.60000,2.48000
 0.00247600000,2.60000,2.44000
 0.00247800000,2.56000,2.44000
 0.00248000000,2.56000,2.44000
 0.00248200000,2.56000,2.44000
 0.00248400000,2.60000,2.44000
 0.00248600000,2.56000,2.44000
 0.00248800016,2.56000,2.44000
 0.00249000016,2.56000,2.44000
 0.00249199984,2.40000,2.20000
 0.00249399984,2.60000,2.44000
 0.00249599984,2.56000,2.44000
 0.00249800000,2.64000,2.48000
 0.00250000000,2.60000,2.44000
 0.00250200000,2.60000,2.48000
 0.00250400000,2.60000,2.44000
 0.00250600000,2.56000,2.44000
 0.00250800000,2.56000,2.44000
 0.00251000000,2.56000,2.44000
 0.00251200000,2.56000,2.44000
 0.00251400000,2.56000,2.48000
 0.00251600000,2.56000,2.44000
 0.00251800016,2.56000,2.44000
 0.00252000016,2.72000,2.56000
 0.00252199984,2.56000,2.44000
 0.00252399984,2.56000,2.44000
 0.00252599984,2.56000,2.44000
 0.00252800000,2.56000,2.44000
 0.00253000000,2.60000,2.44000
 0.00253200000,2.56000,2.44000
 0.00253400000,2.60000,2.44000
 0.00253600000,2.60000,2.44000
 0.00253800000,2.56000,2.44000
 0.00254000000,2.56000,2.44000
 0.00254200000,2.56000,2.44000
 0.00254400000,2.56000,2.44000
 0.00254600000,2.56000,2.44000
 0.00254800000,2.52000,2.40000
 0.00255000016,2.64000,2.44000
 0.00255200016,2.60000,2.44000
 0.00255399984,2.60000,2.44000
 0.00255599984,2.60000,2.44000
 0.00255799984,2.60000,2.44000
 0.00256000000,2.56000,2.44000
 0.00256200000,2.56000,2.44000
 0.00256400000,2.56000,2.44000
 0.00256600000,2.72000,2.64000
 0.00256800000,2.56000,2.44000
 0.00257000000,2.56000,2.44000
 0.00257200000,2.60000,2.44000
 0.00257400000,2.56000,2.44000
 0.00257600000,2.60000,2.48000
 0.00257800000,2.60000,2.44000
 0.00258000016,2.60000,2.44000
 0.00258200016,2.56000,2.44000
 0.00258399984,2.56000,2.44000
 0.00258599984,2.56000,2.44000
 0.00258799984,2.56000,2.44000
 0.00259000000,2.60000,2.44000
 0.00259200000,2.56000,2.44000
 0.00259400000,2.72000,2.68000
 0.00259600000,2.60000,2.44000
 0.00259800000,2.56000,2.44000
 0.00260000000,2.56000,2.44000
 0.00260200000,2.56000,2.44000
 0.00260400000,2.64000,2.48000
 0.00260600000,2.64000,2.44000
 0.00260800000,2.56000,2.44000
 0.00261000016,2.56000,2.44000
 0.00261200016,2.60000,2.44000
 0.00261399984,2.56000,2.44000
 0.00261599984,2.60000,2.44000
 0.00261799984,2.56000,2.44000
 0.00262000000,2.56000,2.44000
 0.00262200000,2.56000,2.40000
 0.00262400000,2.56000,2.44000
 0.00262600000,2.60000,2.44000
 0.00262800000,2.56000,2.44000
 0.00263000000,2.56000,2.44000
 0.00263200000,2.56000,2.44000
 0.00263400000,2.60000,2.44000
 0.00263600000,2.56000,2.44000
 0.00263800000,2.56000,2.44000
 0.00264000000,2.60000,2.44000
 0.00264200000,2.56000,2.44000
 0.00264400000,2.52000,2.40000
 0.00264600000,2.60000,2.44000
 0.00264800000,2.52000,2.36000
 0.00265000000,2.52000,2.40000
 0.00265200000,2.56000,2.44000
 0.00265400000,2.60000,2.44000
 0.00265600000,2.60000,2.44000
 0.00265800000,2.64000,2.48000
 0.00266000000,2.56000,2.44000
 0.00266200000,2.56000,2.44000
 0.00266400000,2.56000,2.44000
 0.00266600000,2.56000,2.44000
 0.00266800000,2.40000,2.32000
 0.00267000000,2.56000,2.44000
 0.00267200000,2.56000,2.44000
 0.00267400000,2.56000,2.44000
 0.00267600000,2.56000,2.44000
 0.00267800000,2.56000,2.44000
 0.00268000000,2.56000,2.48000
 0.00268200000,2.60000,2.44000
 0.00268400000,2.56000,2.44000
 0.00268600000,2.56000,2.44000
 0.00268800000,2.56000,2.44000
 0.00269000000,2.56000,2.44000
 0.00269200000,2.60000,2.48000
 0.00269400000,2.60000,2.44000
 0.00269600000,2.52000,2.40000
 0.00269800000,2.60000,2.44000
 0.00270000000,2.56000,2.44000
 0.00270200000,2.60000,2.48000
 0.00270400000,2.64000,2.48000
 0.00270600000,2.56000,2.44000
 0.00270800000,2.56000,2.44000
 0.00271000000,2.56000,2.44000
 0.00271200000,2.56000,2.44000
 0.00271400000,2.60000,2.44000
 0.00271600000,2.56000,2.44000
 0.00271800000,2.56000,2.44000
 0.00272000000,2.60000,2.44000
 0.00272200000,2.60000,2.44000
 0.00272400000,2.76000,2.72000
 0.00272600000,2.60000,2.48000
 0.00272800000,2.56000,2.44000
 0.00273000000,2.56000,2.44000
 0.00273200000,2.56000,2.44000
 0.00273400000,2.60000,2.48000
 0.00273600000,2.56000,2.44000
 0.00273800000,2.56000,2.48000
 0.00274000000,2.60000,2.44000
 0.00274200000,2.56000,2.44000
 0.00274400000,2.56000,2.44000
 0.00274600000,2.60000,2.44000
 0.00274800000,2.60000,2.44000
 0.00275000000,2.56000,2.44000
 0.00275200000,2.60000,2.40000
 0.00275400000,2.56000,2.44000
 0.00275600000,2.56000,2.44000
 0.00275800000,2.60000,2.48000
 0.00276000000,2.56000,2.44000
 0.00276200000,2.60000,2.48000
 0.00276400000,2.56000,2.44000
 0.00276600000,2.56000,2.44000
 0.00276800000,2.60000,2.48000
 0.00277000000,2.60000,2.44000
 0.00277200000,2.56000,2.44000
 0.00277400000,2.56000,2.44000
 0.00277600000,2.56000,2.44000
 0.00277800000,2.56000,2.44000
 0.00278000000,2.56000,2.36000
 0.00278200000,2.56000,2.44000
 0.00278400000,2.56000,2.44000
 0.00278600000,2.56000,2.44000
 0.00278800000,2.64000,2.48000
 0.00279000000,2.64000,2.48000
 0.00279200000,2.60000,2.44000
 0.00279400000,2.56000,2.44000
 0.00279600000,2.56000,2.44000
 0.00279800000,2.60000,2.44000
 0.00280000000,2.56000,2.44000
 0.00280200000,2.60000,2.44000
 0.00280400000,2.56000,2.44000
 0.00280600000,2.60000,2.44000
 0.00280800000,2.80000,2.72000
 0.00281000000,2.60000,2.44000
 0.00281200000,2.56000,2.44000
 0.00281400000,2.56000,2.44000
 0.00281600000,2.56000,2.44000
 0.00281800000,2.56000,2.40000
 0.00282000000,2.60000,2.44000
 0.00282200000,2.56000,2.44000
 0.00282400000,2.60000,2.44000
 0.00282600000,2.56000,2.44000
 0.00282800000,2.56000,2.48000
 0.00283000000,2.52000,2.40000
 0.00283200000,2.60000,2.48000
 0.00283400000,2.56000,2.44000
 0.00283600000,2.56000,2.40000
 0.00283800000,2.60000,2.44000
 0.00284000000,2.60000,2.44000
 0.00284200000,2.56000,2.44000
 0.00284400000,2.56000,2.44000
 0.00284600000,2.60000,2.44000
 0.00284800000,2.60000,2.44000
 0.00285000000,2.56000,2.44000
 0.00285200000,2.56000,2.44000
 0.00285400000,2.56000,2.44000
 0.00285600000,2.64000,2.48000
 0.00285800000,2.56000,2.44000
 0.00286000000,2.56000,2.44000
 0.00286200000,2.60000,2.44000
 0.00286400000,2.48000,2.40000
 0.00286600000,2.60000,2.44000
 0.00286800000,2.60000,2.44000
 0.00287000000,2.56000,2.44000
 0.00287200000,2.60000,2.44000
 0.00287400000,2.60000,2.48000
 0.00287600000,2.56000,2.44000
 0.00287800000,2.60000,2.44000
 0.00288000000,2.56000,2.44000
 0.00288200000,2.56000,2.44000
 0.00288400000,2.60000,2.44000
 0.00288600000,2.56000,2.44000
 0.00288800000,2.56000,2.44000
 0.00289000000,2.56000,2.44000
 0.00289200000,2.60000,2.40000
 0.00289400000,2.56000,2.40000
 0.00289600000,2.56000,2.44000
 0.00289800000,2.60000,2.44000
 0.00290000000,2.60000,2.44000
 0.00290200000,2.72000,2.56000
 0.00290400000,2.56000,2.44000
 0.00290600000,2.60000,2.48000
 0.00290800000,2.56000,2.44000
 0.00291000000,2.56000,2.44000
 0.00291200000,2.60000,2.44000
 0.00291400000,2.56000,2.44000
 0.00291600000,2.60000,2.44000
 0.00291800000,2.60000,2.44000
 0.00292000000,2.56000,2.44000
 0.00292200000,2.52000,2.44000
 0.00292400000,2.56000,2.44000
 0.00292600000,2.56000,2.44000
 0.00292800000,2.56000,2.44000
 0.00293000000,2.52000,2.36000
 0.00293200000,2.56000,2.44000
 0.00293400000,2.56000,2.44000
 0.00293600000,2.56000,2.44000
 0.00293800000,2.56000,2.44000
 0.00294000000,2.56000,2.44000
 0.00294200000,2.56000,2.44000
 0.00294400000,2.60000,2.44000
 0.00294600000,2.60000,2.44000
 0.00294800000,2.56000,2.44000
 0.00295000000,2.56000,2.44000
 0.00295200000,2.56000,2.44000
 0.00295400000,2.56000,2.44000
 0.00295600000,2.56000,2.40000
 0.00295800000,2.40000,2.28000
 0.00296000000,2.60000,2.44000
 0.00296200000,2.60000,2.48000
 0.00296400000,2.60000,2.44000
 0.00296600000,2.56000,2.44000
 0.00296800000,3.56000,1.32000
 0.00297000000,3.52000,1.32000
 0.00297200000,3.56000,1.28000
 0.00297400000,3.52000,1.32000
 0.00297600000,3.52000,1.32000
 0.00297800000,3.52000,1.36000
 0.00298000000,3.52000,1.36000
 0.00298200000,3.52000,1.32000
 0.00298400000,3.52000,1.32000
 0.00298600000,3.40000,1.20000
 0.00298800000,3.52000,1.32000
 0.00299000000,3.48000,1.32000
 0.00299200000,3.52000,1.32000
 0.00299400000,3.52000,1.32000
 0.00299600000,3.52000,1.40000
 0.00299800000,3.48000,1.32000
 0.00300000000,3.52000,1.32000
 0.00300200000,3.48000,1.32000
 0.00300400000,3.52000,1.36000
 0.00300600000,3.48000,1.32000
 0.00300800000,3.48000,1.32000
 0.00301000000,3.48000,1.28000
 0.00301200000,3.48000,1.28000
 0.00301400000,3.48000,1.28000
 0.00301600000,3.48000,1.36000
 0.00301800000,3.48000,1.32000
 0.00302000000,2.44000,2.28000
 0.00302200000,2.44000,2.32000
 0.00302400000,2.68000,2.48000
 0.00302600000,2.52000,2.36000
 0.00302800000,2.52000,2.32000
 0.00303000000,2.52000,2.36000
 0.00303200000,2.52000,2.40000
 0.00303400000,2.56000,2.44000
 0.00303600000,2.56000,2.44000
 0.00303800000,2.52000,2.40000
 0.00304000000,2.52000,2.40000
 0.00304200000,2.56000,2.44000
 0.00304400000,2.56000,2.44000
 0.00304600000,2.56000,2.44000
 0.00304800000,2.56000,2.40000
 0.00305000000,2.56000,2.44000
 0.00305200000,2.56000,2.44000
 0.00305400000,2.56000,2.44000
 0.00305600000,2.56000,2.44000
 0.00305800000,2.56000,2.44000
 0.00306000000,2.56000,2.44000
 0.00306200000,2.68000,2.48000
 0.00306400000,2.56000,2.44000
 0.00306600000,2.60000,2.48000
 0.00306800000,2.56000,2.44000
 0.00307000000,2.56000,2.44000
 0.00307200000,3.48000,1.32000
 0.00307400000,3.48000,1.32000
 0.00307600000,3.48000,1.32000
 0.00307800000,3.52000,1.32000
 0.00308000000,3.48000,1.32000
 0.00308200000,3.48000,1.28000
 0.00308400000,3.48000,1.32000
 0.00308600000,3.48000,1.32000
 0.00308800000,3.48000,1.32000
 0.00309000000,3.48000,1.24000
 0.00309200000,3.48000,1.32000
 0.00309400000,3.44000,1.28000
 0.00309600000,3.48000,1.32000
 0.00309800000,3.48000,1.28000
 0.00310000000,3.44000,1.28000
 0.00310200000,3.52000,1.32000
 0.00310400000,3.48000,1.32000
 0.00310600000,3.48000,1.28000
 0.00310800000,3.48000,1.32000
 0.00311000000,3.48000,1.32000
 0.00311200000,3.48000,1.32000
 0.00311400000,3.48000,1.32000
 0.00311600000,3.48000,1.32000
 0.00311800000,3.48000,1.32000
 0.00312000000,3.44000,1.32000
 0.00312200000,3.48000,1.32000
 0.00312400000,2.40000,2.28000
 0.00312600000,2.48000,2.36000
 0.00312800000,2.72000,2.60000
 0.00313000000,2.48000,2.36000
 0.00313200000,2.48000,2.36000
 0.00313400000,2.48000,2.36000
 0.00313600000,2.52000,2.36000
 0.00313800000,2.52000,2.40000
 0.00314000000,2.52000,2.36000
 0.00314200000,2.52000,2.36000
 0.00314400000,2.44000,2.32000
 0.00314600000,2.52000,2.40000
 0.00314800000,2.52000,2.44000
 0.00315000000,2.52000,2.40000
 0.00315200000,2.56000,2.44000
 0.00315400000,2.52000,2.40000
 0.00315600000,2.48000,2.36000
 0.00315800000,2.56000,2.44000
 0.00316000000,2.56000,2.44000
 0.00316200000,2.56000,2.44000
 0.00316400000,2.56000,2.44000
 0.00316600000,2.52000,2.48000
 0.00316800000,2.56000,2.44000
 0.00317000000,2.56000,2.44000
 0.00317200000,2.56000,2.48000
 0.00317400000,2.56000,2.44000
 0.00317600000,2.56000,2.44000
 0.00317800000,2.52000,2.40000
 0.00318000000,2.56000,2.44000
 0.00318200000,2.56000,2.44000
 0.00318400000,2.52000,2.44000
 0.00318600000,2.60000,2.48000
 0.00318800000,2.56000,2.44000
 0.00319000000,2.56000,2.44000
 0.00319200000,2.56000,2.44000
 0.00319400000,2.56000,2.48000
 0.00319600000,2.48000,2.40000
 0.00319800000,2.56000,2.44000
 0.00320000000,2.60000,2.44000
 0.00320200000,2.56000,2.44000
 0.00320400000,2.56000,2.52000
 0.00320600000,2.60000,2.44000
 0.00320800000,2.56000,2.44000
 0.00321000000,2.56000,2.44000
 0.00321200000,2.56000,2.44000
 0.00321400000,2.60000,2.48000
 0.00321600000,2.64000,2.48000
 0.00321800000,2.56000,2.44000
 0.00322000000,2.56000,2.44000
 0.00322200000,2.56000,2.44000
 0.00322400000,2.64000,2.48000
 0.00322600000,2.52000,2.40000
 0.00322800000,2.56000,2.44000
 0.00323000000,2.60000,2.44000
 0.00323200000,2.56000,2.44000
 0.00323400000,2.60000,2.44000
 0.00323600000,2.64000,2.56000
 0.00323800000,2.56000,2.44000
 0.00324000000,2.56000,2.44000
 0.00324200000,2.80000,2.64000
 0.00324400000,2.60000,2.48000
 0.00324600000,2.56000,2.44000
 0.00324800000,2.56000,2.44000
 0.00325000000,2.56000,2.44000
 0.00325200000,2.56000,2.44000
 0.00325400000,2.56000,2.44000
 0.00325600000,2.56000,2.44000
 0.00325800000,2.60000,2.48000
 0.00326000000,2.60000,2.44000
 0.00326200000,2.56000,2.44000
 0.00326400000,2.56000,2.44000
 0.00326600000,2.56000,2.44000
 0.00326800000,2.60000,2.48000
 0.00327000000,2.56000,2.44000
 0.00327200000,2.56000,2.48000
 0.00327400000,2.56000,2.44000
 0.00327600000,2.52000,2.40000
 0.00327800000,2.60000,2.44000
 0.00328000000,2.48000,2.36000
 0.00328200000,2.60000,2.44000
 0.00328400000,2.60000,2.44000
 0.00328600000,3.60000,1.28000
 0.00328800000,3.64000,1.36000
 0.00329000000,3.64000,1.40000
 0.00329200000,3.64000,1.40000
 0.00329400000,3.56000,1.32000
 0.00329600000,3.60000,1.32000
 0.00329800000,3.60000,1.36000
 0.00330000000,3.60000,1.32000
 0.00330200000,3.56000,1.28000
 0.00330400000,3.64000,1.36000
 0.00330600000,3.60000,1.32000
 0.00330800000,3.60000,1.32000
 0.00331000000,3.60000,1.32000
 0.00331200000,2.52000,2.36000
 0.00331400000,2.52000,2.40000
 0.00331600000,2.52000,2.40000
 0.00331800000,2.52000,2.40000
 0.00332000000,2.56000,2.44000
 0.00332200000,2.52000,2.44000
 0.00332400000,2.56000,2.40000
 0.00332600000,2.56000,2.44000
 0.00332800000,2.40000,2.28000
 0.00333000000,2.56000,2.44000
 0.00333200000,2.56000,2.44000
 0.00333400000,2.52000,2.36000
 0.00333600000,2.56000,2.44000
 0.00333800000,3.60000,1.36000
 0.00334000000,3.60000,1.32000
 0.00334200000,3.60000,1.32000
 0.00334400000,3.56000,1.32000
 0.00334600000,3.60000,1.28000
 0.00334800000,3.56000,1.32000
 0.00335000000,3.56000,1.32000
 0.00335200000,3.60000,1.36000
 0.00335400000,3.60000,1.36000
 0.00335600000,3.56000,1.32000
 0.00335800000,3.56000,1.32000
 0.00336000000,3.56000,1.28000
 0.00336200000,3.56000,1.28000
 0.00336400000,2.48000,2.36000
 0.00336600000,2.64000,2.56000
 0.00336800000,2.56000,2.44000
 0.00337000000,2.52000,2.40000
 0.00337200000,2.56000,2.44000
 0.00337400000,2.56000,2.44000
 0.00337600000,2.40000,2.28000
 0.00337800000,2.52000,2.44000
 0.00338000000,2.56000,2.44000
 0.00338200000,2.56000,2.44000
 0.00338400000,2.56000,2.44000
 0.00338600000,2.64000,2.48000
 0.00338800000,2.56000,2.44000
 0.00339000000,3.60000,1.36000
 0.00339200000,3.60000,1.40000
 0.00339400000,3.64000,1.40000
 0.00339600000,3.60000,1.32000
 0.00339800000,3.60000,1.40000
 0.00340000000,3.56000,1.28000
 0.00340200000,3.56000,1.28000
 0.00340400000,3.60000,1.40000
 0.00340600000,3.56000,1.28000
 0.00340800000,3.60000,1.36000
 0.00341000000,3.56000,1.32000
 0.00341200000,3.60000,1.32000
 0.00341400000,3.56000,1.28000
 0.00341600000,2.52000,2.40000
 0.00341800000,2.52000,2.36000
 0.00342000000,2.56000,2.44000
 0.00342200000,2.52000,2.40000
 0.00342400000,2.64000,2.52000
 0.00342600000,2.52000,2.44000
 0.00342800000,2.52000,2.36000
 0.00343000000,2.52000,2.44000
 0.00343200000,2.52000,2.44000
 0.00343400000,2.56000,2.44000
 0.00343600000,2.56000,2.44000
 0.00343800000,2.56000,2.44000
 0.00344000000,2.56000,2.44000
 0.00344200000,2.56000,2.44000
 0.00344400000,2.52000,2.44000
 0.00344600000,2.56000,2.44000
 0.00344800000,2.56000,2.44000
 0.00345000000,2.52000,2.40000
 0.00345200000,2.56000,2.44000
 0.00345400000,2.56000,2.44000
 0.00345600000,2.52000,2.44000
 0.00345800000,2.56000,2.44000
 0.00346000000,2.56000,2.44000
 0.00346200000,2.56000,2.32000
 0.00346400000,2.56000,2.44000
 0.00346600000,2.56000,2.44000
 0.00346800000,3.60000,1.32000
 0.00347000000,3.60000,1.32000
 0.00347200000,3.64000,1.32000
 0.00347400000,3.60000,1.36000
 0.00347600000,3.60000,1.32000
 0.00347800000,3.60000,1.36000
 0.00348000000,3.60000,1.36000
 0.00348200000,3.60000,1.36000
 0.00348400000,3.60000,1.32000
 0.00348600000,3.60000,1.32000
 0.00348800000,3.56000,1.28000
 0.00349000000,3.56000,1.28000
 0.00349200000,3.56000,1.28000
 0.00349400000,3.60000,1.36000
 0.00349600000,3.60000,1.36000
 0.00349800000,3.60000,1.32000
 0.00350000000,3.56000,1.32000
 0.00350200000,3.60000,1.32000
 0.00350400000,3.56000,1.32000
 0.00350600000,3.56000,1.36000
 0.00350800000,3.60000,1.36000
 0.00351000000,3.44000,1.24000
 0.00351200000,3.60000,1.36000
 0.00351400000,3.60000,1.28000
 0.00351600000,3.56000,1.32000
 0.00351800000,3.56000,1.32000
 0.00352000000,3.72000,1.56000
 0.00352200000,3.60000,1.40000
 0.00352400000,3.52000,1.28000
 0.00352600000,3.60000,1.36000
 0.00352800000,3.56000,1.32000
 0.00353000000,3.56000,1.36000
 0.00353200000,3.56000,1.32000
 0.00353400000,3.60000,1.32000
 0.00353600000,3.56000,1.32000
 0.00353800000,3.56000,1.32000
 0.00354000000,3.56000,1.32000
 0.00354200000,3.56000,1.32000
 0.00354400000,3.56000,1.32000
 0.00354600000,2.48000,2.36000
 0.00354800000,2.52000,2.40000
 0.00355000000,2.52000,2.40000
 0.00355200000,2.52000,2.40000
 0.00355400000,2.52000,2.44000
 0.00355600000,2.56000,2.44000
 0.00355800000,2.52000,2.44000
 0.00356000000,2.60000,2.48000
 0.00356200000,2.56000,2.44000
 0.00356400000,2.52000,2.44000
 0.00356600000,2.52000,2.44000
 0.00356800000,2.32000,2.20000
 0.00357000000,2.52000,2.44000
 0.00357200000,2.60000,2.52000
 0.00357400000,2.56000,2.44000
 0.00357600000,2.52000,2.40000
 0.00357800000,2.44000,2.32000
 0.00358000000,2.56000,2.44000
 0.00358200000,2.56000,2.44000
 0.00358400000,2.60000,2.44000
 0.00358600000,2.56000,2.44000
 0.00358800000,2.56000,2.48000
 0.00359000000,2.56000,2.44000
 0.00359200000,2.56000,2.44000
 0.00359400000,2.56000,2.44000
 0.00359600000,2.60000,2.48000
 0.00359800000,2.56000,2.44000
 0.00360000000,2.60000,2.48000
 0.00360200000,2.56000,2.44000
 0.00360400000,2.56000,2.44000
 0.00360600000,2.56000,2.44000
 0.00360800000,2.56000,2.44000
 0.00361000000,2.56000,2.44000
 0.00361200000,2.56000,2.48000
 0.00361400000,2.56000,2.48000
 0.00361600000,2.56000,2.44000
 0.00361800000,2.56000,2.48000
 0.00362000000,2.56000,2.44000
 0.00362200000,2.56000,2.40000
 0.00362400000,2.52000,2.44000
 0.00362600000,2.48000,2.40000
 0.00362800000,2.60000,2.44000
 0.00363000000,3.64000,1.32000
 0.00363200000,3.60000,1.32000
 0.00363400000,3.64000,1.36000
 0.00363600000,3.36000,1.12000
 0.00363800000,3.60000,1.32000
 0.00364000000,3.60000,1.32000
 0.00364200000,3.56000,1.32000
 0.00364400000,3.60000,1.32000
 0.00364600000,3.64000,1.40000
 0.00364800000,3.60000,1.40000
 0.00365000000,3.56000,1.32000
 0.00365200000,3.56000,1.32000
 0.00365400000,3.60000,1.36000
 0.00365600000,3.52000,1.28000
 0.00365800000,3.56000,1.32000
 0.00366000000,3.56000,1.32000
 0.00366200000,3.56000,1.32000
 0.00366400000,3.56000,1.32000
 0.00366600000,3.64000,1.40000
 0.00366800000,3.56000,1.32000
 0.00367000000,3.60000,1.32000
 0.00367200000,3.60000,1.36000
 0.00367400000,3.60000,1.32000
 0.00367600000,3.60000,1.32000
 0.00367800000,3.56000,1.32000
 0.00368000000,3.56000,1.36000
 0.00368200000,3.56000,1.32000
 0.00368400000,3.56000,1.36000
 0.00368600000,3.60000,1.36000
 0.00368800000,3.56000,1.28000
 0.00369000000,3.56000,1.32000
 0.00369200000,3.56000,1.28000
 0.00369400000,3.76000,1.48000
 0.00369600000,3.56000,1.36000
 0.00369800000,3.60000,1.36000
 0.00370000000,3.56000,1.32000
 0.00370200000,3.60000,1.36000
 0.00370400000,3.32000,1.16000
 0.00370600000,3.52000,1.32000
 0.00370800000,3.56000,1.36000
 0.00371000000,3.56000,1.32000
 0.00371200000,3.60000,1.36000
 0.00371400000,3.64000,1.44000
 0.00371600000,3.56000,1.32000
 0.00371800000,3.60000,1.36000
 0.00372000000,3.56000,1.36000
 0.00372200000,3.60000,1.36000
 0.00372400000,3.60000,1.40000
 0.00372600000,3.56000,1.32000
 0.00372800000,3.64000,1.40000
 0.00373000000,3.56000,1.32000
 0.00373200000,3.56000,1.36000
 0.00373400000,3.56000,1.32000
 0.00373600000,3.56000,1.32000
 0.00373800000,3.56000,1.32000
 0.00374000000,3.60000,1.36000
 0.00374200000,3.56000,1.32000
 0.00374400000,3.52000,1.28000
 0.00374600000,3.52000,1.36000
 0.00374800000,3.60000,1.36000
 0.00375000000,3.56000,1.28000
 0.00375200000,3.56000,1.32000
 0.00375400000,3.60000,1.36000
 0.00375600000,3.56000,1.28000
 0.00375800000,3.60000,1.36000
 0.00376000000,3.56000,1.32000
 0.00376200000,3.60000,1.40000
 0.00376400000,3.60000,1.32000
 0.00376600000,3.56000,1.32000
 0.00376800000,3.56000,1.32000
 0.00377000000,3.56000,1.32000
 0.00377200000,3.68000,1.40000
 0.00377400000,3.56000,1.28000
 0.00377600000,3.56000,1.32000
 0.00377800000,3.56000,1.28000
 0.00378000000,3.60000,1.36000
 0.00378200000,3.64000,1.36000
 0.00378400000,3.56000,1.32000
 0.00378600000,3.56000,1.36000
 0.00378800000,3.56000,1.36000
 0.00379000000,3.60000,1.36000
 0.00379200000,3.52000,1.28000
 0.00379400000,3.48000,1.28000
 0.00379600000,3.56000,1.36000
 0.00379800000,3.52000,1.28000
 0.00380000000,3.56000,1.36000
 0.00380200000,3.60000,1.40000
 0.00380400000,3.48000,1.24000
 0.00380600000,3.56000,1.36000
 0.00380800000,3.64000,1.40000
 0.00381000000,3.56000,1.32000
 0.00381200000,3.60000,1.40000
 0.00381400000,3.56000,1.32000
 0.00381600000,3.60000,1.36000
 0.00381800000,3.60000,1.36000
 0.00382000000,3.56000,1.32000
 0.00382200000,3.56000,1.32000
 0.00382400000,3.56000,1.32000
 0.00382600000,3.56000,1.32000
 0.00382800000,3.56000,1.32000
 0.00383000000,3.60000,1.36000
 0.00383200000,3.56000,1.32000
 0.00383400000,3.56000,1.32000
 0.00383600000,3.56000,1.32000
 0.00383800000,3.56000,1.36000
 0.00384000000,3.56000,1.36000
 0.00384200000,3.56000,1.36000
 0.00384400000,3.60000,1.36000
 0.00384600000,3.56000,1.32000
 0.00384800000,3.60000,1.36000
 0.00385000000,3.60000,1.36000
 0.00385200000,3.56000,1.32000
 0.00385400000,3.56000,1.32000
 0.00385600000,3.60000,1.28000
 0.00385800000,3.56000,1.32000
 0.00386000000,3.72000,1.56000
 0.00386200000,3.48000,1.28000
 0.00386400000,3.56000,1.32000
 0.00386600000,3.56000,1.32000
 0.00386800000,3.56000,1.32000
 0.00387000000,3.32000,1.16000
 0.00387200000,3.48000,1.28000
 0.00387400000,3.56000,1.32000
 0.00387600000,3.60000,1.36000
 0.00387800000,3.56000,1.32000
 0.00388000000,3.60000,1.32000
 0.00388200000,3.60000,1.36000
 0.00388400000,3.52000,1.28000
 0.00388600000,3.60000,1.32000
 0.00388800000,3.56000,1.32000
 0.00389000000,2.44000,2.36000
 0.00389200000,2.52000,2.40000
 0.00389400000,2.52000,2.44000
 0.00389600000,2.52000,2.44000
 0.00389800000,2.52000,2.40000
 0.00390000000,2.52000,2.40000
 0.00390200000,2.56000,2.48000
 0.00390400000,2.52000,2.44000
 0.00390600000,2.52000,2.44000
 0.00390800000,2.56000,2.44000
 0.00391000000,2.56000,2.44000
 0.00391200000,2.56000,2.44000
 0.00391400000,2.48000,2.44000
 0.00391600000,2.56000,2.48000
 0.00391800000,2.56000,2.48000
 0.00392000000,2.56000,2.44000
 0.00392200000,2.56000,2.40000
 0.00392400000,2.56000,2.48000
 0.00392600000,2.56000,2.44000
 0.00392800000,2.60000,2.48000
 0.00393000000,2.64000,2.52000
 0.00393200000,2.56000,2.48000
 0.00393400000,2.56000,2.44000
 0.00393600031,2.56000,2.44000
 0.00393800031,2.56000,2.44000
 0.00394000031,2.60000,2.44000
 0.00394200031,2.56000,2.44000
 0.00394399969,2.56000,2.48000
 0.00394599969,2.56000,2.44000
 0.00394799969,2.56000,2.44000
 0.00394999969,2.56000,2.44000
 0.00395199969,2.56000,2.44000
 0.00395399969,2.52000,2.44000
 0.00395600000,2.52000,2.44000
 0.00395800000,2.60000,2.44000
 0.00396000000,2.60000,2.44000
 0.00396200000,2.56000,2.44000
 0.00396400000,2.56000,2.44000
 0.00396600000,2.60000,2.44000
 0.00396800000,2.72000,2.60000
 0.00397000000,2.56000,2.44000
 0.00397200000,2.68000,2.56000
 0.00397400000,2.56000,2.44000
 0.00397600000,3.60000,1.40000
 0.00397800000,3.60000,1.28000
 0.00398000000,3.56000,1.32000
 0.00398200000,3.56000,1.32000
 0.00398400000,3.60000,1.36000
 0.00398600000,3.60000,1.36000
 0.00398800000,3.60000,1.44000
 0.00399000000,3.60000,1.32000
 0.00399200000,3.60000,1.36000
 0.00399400000,3.60000,1.36000
 0.00399600031,3.60000,1.36000
 0.00399800031,3.56000,1.32000
 0.00400000031,3.60000,1.36000
 0.00400200031,3.64000,1.40000
 0.00400400031,3.60000,1.36000
 0.00400599969,3.60000,1.36000
 0.00400799969,3.68000,1.44000
 0.00400999969,3.60000,1.36000
 0.00401199969,3.56000,1.32000
 0.00401399969,3.60000,1.36000
 0.00401600000,3.56000,1.32000
 0.00401800000,3.60000,1.36000
 0.00402000000,3.60000,1.32000
 0.00402200000,3.60000,1.32000
 0.00402400000,3.48000,1.28000
 0.00402600000,3.52000,1.28000
 0.00402800000,3.60000,1.36000
 0.00403000000,3.60000,1.32000
 0.00403200000,3.60000,1.32000
 0.00403400000,3.56000,1.36000
 0.00403600000,3.60000,1.32000
 0.00403800000,3.60000,1.40000
 0.00404000000,3.60000,1.36000
 0.00404200000,3.60000,1.36000
 0.00404400000,3.60000,1.36000
 0.00404600000,3.56000,1.32000
 0.00404800000,3.60000,1.36000
 0.00405000000,3.60000,1.36000
 0.00405200000,3.56000,1.28000
 0.00405400000,2.48000,2.36000
 0.00405600000,2.52000,2.40000
 0.00405800031,2.52000,2.40000
 0.00406000031,2.52000,2.40000
 0.00406200031,2.52000,2.40000
 0.00406400031,2.56000,2.44000
 0.00406599969,2.56000,2.44000
 0.00406799969,2.56000,2.44000
 0.00406999969,2.56000,2.48000
 0.00407199969,2.56000,2.44000
 0.00407399969,2.56000,2.44000
 0.00407599969,2.56000,2.44000
 0.00407800000,2.56000,2.48000
 0.00408000000,3.64000,1.40000
 0.00408200000,3.52000,1.32000
 0.00408400000,3.60000,1.32000
 0.00408600000,3.60000,1.36000
 0.00408800000,3.56000,1.36000
 0.00409000000,3.60000,1.36000
 0.00409200000,3.60000,1.32000
 0.00409400000,3.60000,1.36000
 0.00409600000,3.60000,1.32000
 0.00409800000,3.52000,1.28000
 0.00410000000,3.60000,1.36000
 0.00410200000,3.64000,1.40000
 0.00410400000,3.60000,1.32000
 0.00410600000,3.56000,1.32000
 0.00410800000,3.56000,1.32000
 0.00411000000,3.60000,1.36000
 0.00411200000,3.60000,1.36000
 0.00411400000,3.60000,1.36000
 0.00411600000,3.60000,1.36000
 0.00411800031,3.60000,1.36000
 0.00412000031,3.60000,1.32000
 0.00412200031,3.52000,1.28000
 0.00412400031,3.60000,1.36000
 0.00412600031,3.60000,1.36000
 0.00412799969,3.60000,1.36000
 0.00412999969,3.60000,1.32000
 0.00413199969,2.52000,2.40000
 0.00413399969,2.64000,2.48000
 0.00413599969,2.52000,2.44000
 0.00413800000,2.48000,2.36000
 0.00414000000,2.52000,2.44000
 0.00414200000,2.52000,2.44000
 0.00414400000,2.52000,2.44000
 0.00414600000,2.56000,2.44000
 0.00414800000,2.60000,2.48000
 0.00415000000,2.56000,2.48000
 0.00415200000,2.56000,2.44000
 0.00415400000,2.56000,2.44000
 0.00415600000,2.60000,2.56000
 0.00415800000,2.56000,2.44000
 0.00416000000,2.56000,2.44000
 0.00416200000,2.56000,2.44000
 0.00416400000,2.56000,2.44000
 0.00416600000,2.40000,2.20000
 0.00416800000,2.56000,2.44000
 0.00417000000,2.56000,2.44000
 0.00417200000,2.56000,2.44000
 0.00417400000,2.52000,2.40000
 0.00417600000,2.68000,2.64000
 0.00417800000,2.56000,2.44000
 0.00418000031,2.60000,2.48000
 0.00418200031,2.56000,2.44000
 0.00418400031,2.56000,2.44000
 0.00418600031,2.52000,2.48000
 0.00418799969,2.56000,2.48000
 0.00418999969,2.56000,2.44000
 0.00419199969,2.60000,2.48000
 0.00419399969,2.60000,2.48000
 0.00419599969,2.56000,2.44000
 0.00419799969,2.56000,2.44000
 0.00420000000,2.56000,2.44000
 0.00420200000,2.56000,2.40000
 0.00420400000,2.56000,2.44000
 0.00420600000,2.44000,2.36000
 0.00420800000,2.56000,2.44000
 0.00421000000,3.60000,1.32000
 0.00421200000,3.68000,1.40000
 0.00421400000,3.60000,1.32000
 0.00421600000,3.92000,1.68000
 0.00421800000,3.56000,1.32000
 0.00422000000,3.60000,1.32000
 0.00422200000,3.60000,1.28000
 0.00422400000,3.60000,1.36000
 0.00422600000,3.76000,1.44000
 0.00422800000,3.60000,1.32000
 0.00423000000,3.60000,1.32000
 0.00423200000,3.56000,1.36000
 0.00423400000,3.60000,1.36000
 0.00423600000,2.32000,2.20000
 0.00423800000,2.52000,2.40000
 0.00424000000,2.52000,2.40000
 0.00424200031,2.52000,2.44000
 0.00424400031,2.56000,2.44000
 0.00424600031,2.28000,2.20000
 0.00424800031,2.52000,2.36000
 0.00424999969,2.56000,2.44000
 0.00425199969,2.56000,2.44000
 0.00425399969,2.52000,2.44000
 0.00425599969,2.36000,2.32000
 0.00425799969,2.56000,2.44000
 0.00425999969,2.56000,2.44000
 0.00426200000,2.56000,2.44000
 0.00426400000,2.56000,2.44000
 0.00426600000,2.40000,2.36000
 0.00426800000,2.56000,2.40000
 0.00427000000,2.56000,2.48000
 0.00427200000,2.56000,2.44000
 0.00427400000,2.56000,2.44000
 0.00427600000,2.44000,2.44000
 0.00427800000,2.64000,2.48000
 0.00428000000,2.56000,2.44000
 0.00428200000,2.60000,2.48000
 0.00428400000,2.56000,2.44000
 0.00428600000,2.40000,2.32000
 0.00428800000,2.56000,2.44000
 0.00429000000,2.56000,2.44000
 0.00429200000,2.56000,2.44000
 0.00429400000,2.56000,2.44000
 0.00429600000,2.32000,2.20000
 0.00429800000,2.52000,2.44000
 0.00430000000,2.60000,2.48000
 0.00430200031,2.56000,2.48000
 0.00430400031,2.56000,2.44000
 0.00430600031,2.52000,2.28000
 0.00430800031,2.56000,2.44000
 0.00430999969,2.60000,2.44000
 0.00431199969,2.64000,2.48000
 0.00431399969,2.56000,2.44000
 0.00431599969,2.80000,2.64000
 0.00431799969,2.56000,2.44000
 0.00431999969,2.56000,2.44000
 0.00432200000,2.60000,2.44000
 0.00432400000,2.56000,2.44000
 0.00432600000,2.72000,2.68000
 0.00432800000,2.56000,2.44000
 0.00433000000,2.56000,2.44000
 0.00433200000,2.56000,2.44000
 0.00433400000,2.52000,2.36000
 0.00433600000,2.44000,2.28000
 0.00433800000,2.56000,2.44000
 0.00434000000,2.56000,2.44000
 0.00434200000,2.60000,2.48000
 0.00434400000,2.56000,2.44000
 0.00434600000,2.56000,2.44000
 0.00434800000,2.56000,2.44000
 0.00435000000,2.64000,2.48000
 0.00435200000,2.56000,2.40000
 0.00435400000,2.60000,2.48000
 0.00435600000,2.72000,2.56000
 0.00435800000,2.60000,2.48000
 0.00436000000,2.56000,2.44000
 0.00436200000,2.56000,2.44000
 0.00436400031,2.60000,2.48000
 0.00436600031,2.36000,2.28000
 0.00436800031,2.56000,2.44000
 0.00437000031,2.60000,2.48000
 0.00437199969,2.56000,2.44000
 0.00437399969,2.60000,2.48000
 0.00437599969,2.80000,2.72000
 0.00437799969,2.60000,2.44000
 0.00437999969,2.56000,2.44000
 0.00438199969,2.60000,2.44000
 0.00438400000,2.60000,2.44000
 0.00438600000,2.56000,2.36000
 0.00438800000,2.56000,2.44000
 0.00439000000,2.56000,2.48000
 0.00439200000,2.52000,2.44000
 0.00439400000,2.52000,2.36000
 0.00439600000,2.60000,2.44000
 0.00439800000,2.56000,2.44000
 0.00440000000,2.56000,2.44000
 0.00440200000,2.56000,2.44000
 0.00440400000,2.48000,2.32000
 0.00440600000,2.56000,2.48000
 0.00440800000,2.56000,2.44000
 0.00441000000,2.60000,2.44000
 0.00441200000,2.52000,2.44000
 0.00441400000,2.56000,2.44000
 0.00441600000,2.56000,2.48000
 0.00441800000,2.56000,2.44000
 0.00442000000,2.64000,2.52000
 0.00442200000,2.56000,2.44000
 0.00442400031,2.56000,2.44000
 0.00442600031,2.60000,2.44000
 0.00442800031,2.60000,2.44000
 0.00443000031,2.56000,2.44000
 0.00443200031,2.56000,2.44000
 0.00443399969,2.56000,2.44000
 0.00443599969,2.60000,2.44000
 0.00443799969,2.52000,2.40000
 0.00443999969,2.60000,2.44000
 0.00444199969,2.56000,2.48000
 0.00444400000,2.60000,2.48000
 0.00444600000,2.56000,2.44000
 0.00444800000,2.56000,2.44000
 0.00445000000,2.56000,2.44000
 0.00445200000,2.56000,2.44000
 0.00445400000,2.60000,2.44000
 0.00445600000,2.52000,2.44000
 0.00445800000,2.60000,2.48000
 0.00446000000,2.60000,2.48000
 0.00446200000,2.60000,2.48000
 0.00446400000,2.56000,2.44000
 0.00446600000,2.68000,2.52000
 0.00446800000,2.60000,2.48000
 0.00447000000,2.56000,2.44000
 0.00447200000,2.52000,2.44000
 0.00447400000,2.60000,2.48000
 0.00447600000,2.56000,2.44000
 0.00447800000,2.56000,2.44000
 0.00448000000,2.60000,2.44000
 0.00448200000,2.64000,2.48000
 0.00448400000,2.56000,2.44000
 0.00448600031,2.56000,2.44000
 0.00448800031,2.60000,2.48000
 0.00449000031,2.60000,2.44000
 0.00449200031,2.60000,2.44000
 0.00449399969,2.60000,2.44000
 0.00449599969,2.60000,2.48000
 0.00449799969,2.56000,2.44000
 0.00449999969,2.56000,2.44000
 0.00450199969,2.56000,2.44000
 0.00450399969,2.60000,2.44000
 0.00450600000,2.60000,2.44000
 0.00450800000,2.64000,2.48000
 0.00451000000,2.60000,2.44000
 0.00451200000,2.60000,2.48000
 0.00451400000,2.52000,2.44000
 0.00451600000,2.56000,2.44000
 0.00451800000,2.60000,2.48000
 0.00452000000,2.60000,2.44000
 0.00452200000,2.56000,2.44000
 0.00452400000,2.64000,2.48000
 0.00452600000,2.56000,2.44000
 0.00452800000,2.64000,2.44000
 0.00453000000,2.56000,2.44000
 0.00453200000,2.56000,2.44000
 0.00453400000,2.60000,2.48000
 0.00453600000,2.56000,2.44000
 0.00453800000,2.56000,2.44000
 0.00454000000,2.60000,2.44000
 0.00454200000,2.60000,2.44000
 0.00454400000,2.60000,2.44000
 0.00454600031,2.52000,2.40000
 0.00454800031,2.40000,2.36000
 0.00455000031,2.60000,2.44000
 0.00455200031,2.64000,2.48000
 0.00455400031,2.56000,2.40000
 0.00455599969,2.60000,2.44000
 0.00455799969,2.56000,2.44000
 0.00455999969,2.60000,2.44000
 0.00456199969,2.56000,2.44000
 0.00456399969,2.60000,2.48000
 0.00456599969,2.52000,2.36000
 0.00456800000,2.72000,2.72000
 0.00457000000,2.64000,2.48000
 0.00457200000,2.60000,2.44000
 0.00457400000,2.60000,2.44000
 0.00457600000,2.56000,2.44000
 0.00457800000,2.56000,2.44000
 0.00458000000,2.56000,2.44000
 0.00458200000,2.56000,2.44000
 0.00458400000,2.56000,2.48000
 0.00458600000,2.56000,2.48000
 0.00458800000,2.64000,2.48000
 0.00459000000,2.60000,2.44000
 0.00459200000,2.60000,2.44000
 0.00459400000,2.60000,2.44000
 0.00459600000,2.60000,2.44000
 0.00459800000,2.60000,2.44000
 0.00460000000,2.60000,2.44000
 0.00460200000,2.60000,2.44000
 0.00460400000,2.56000,2.44000
 0.00460600000,2.56000,2.44000
 0.00460800031,2.56000,2.44000
 0.00461000031,2.56000,2.44000
 0.00461200031,2.60000,2.44000
 0.00461400031,2.56000,2.44000
 0.00461599969,2.60000,2.48000
 0.00461799969,2.60000,2.48000
 0.00461999969,2.56000,2.44000
 0.00462199969,2.56000,2.44000
 0.00462399969,2.64000,2.44000
 0.00462599969,2.56000,2.44000
 0.00462800000,2.56000,2.44000
 0.00463000000,2.56000,2.44000
 0.00463200000,2.56000,2.44000
 0.00463400000,2.56000,2.44000
 0.00463600000,2.56000,2.44000
 0.00463800000,2.56000,2.44000
 0.00464000000,2.52000,2.44000
 0.00464200000,2.56000,2.44000
 0.00464400000,2.64000,2.52000
 0.00464600000,2.56000,2.44000
 0.00464800000,2.56000,2.44000
 0.00465000000,2.72000,2.56000
 0.00465200000,2.56000,2.40000
 0.00465400000,2.56000,2.44000
 0.00465600000,2.56000,2.44000
 0.00465800000,2.60000,2.48000
 0.00466000000,2.60000,2.44000
 0.00466200000,2.56000,2.44000
 0.00466400000,2.60000,2.44000
 0.00466600000,2.56000,2.44000
 0.00466800000,2.56000,2.44000
 0.00467000031,2.52000,2.44000
 0.00467200031,2.60000,2.44000
 0.00467400031,2.56000,2.44000
 0.00467600031,2.56000,2.44000
 0.00467799969,2.56000,2.44000
 0.00467999969,2.60000,2.44000
 0.00468199969,2.52000,2.44000
 0.00468399969,2.60000,2.44000
 0.00468599969,2.60000,2.48000
 0.00468799969,2.60000,2.44000
 0.00469000000,2.60000,2.48000
 0.00469200000,2.60000,2.44000
 0.00469400000,2.56000,2.44000
 0.00469600000,2.56000,2.44000
 0.00469800000,2.64000,2.48000
 0.00470000000,2.56000,2.48000
 0.00470200000,2.56000,2.48000
 0.00470400000,2.56000,2.44000
 0.00470600000,2.56000,2.44000
 0.00470800000,2.56000,2.44000
 0.00471000000,2.60000,2.44000
 0.00471200000,2.60000,2.48000
 0.00471400000,2.56000,2.44000
 0.00471600000,2.52000,2.44000
 0.00471800000,2.60000,2.44000
 0.00472000000,2.56000,2.44000
 0.00472200000,2.52000,2.44000
 0.00472400000,2.56000,2.44000
 0.00472600000,2.60000,2.44000
 0.00472800000,2.56000,2.40000
 0.00473000031,2.56000,2.48000
 0.00473200031,2.56000,2.44000
 0.00473400031,2.56000,2.44000
 0.00473600031,2.56000,2.44000
 0.00473799969,2.68000,2.48000
 0.00473999969,2.48000,2.32000
 0.00474199969,2.48000,2.32000
 0.00474399969,2.56000,2.48000
 0.00474599969,2.60000,2.44000
 0.00474799969,2.56000,2.44000
 0.00475000000,2.60000,2.48000
 0.00475200000,2.72000,2.56000
 0.00475400000,2.60000,2.44000
 0.00475600000,2.60000,2.48000
 0.00475800000,2.60000,2.48000
 0.00476000000,2.56000,2.44000
 0.00476200000,2.72000,2.64000
 0.00476400000,2.60000,2.48000
 0.00476600000,2.60000,2.44000
 0.00476800000,2.56000,2.48000
 0.00477000000,2.60000,2.48000
 0.00477200000,2.56000,2.48000
 0.00477400000,2.56000,2.44000
 0.00477600000,2.60000,2.44000
 0.00477800000,2.56000,2.44000
 0.00478000000,2.56000,2.44000
 0.00478200000,2.60000,2.44000
 0.00478400000,2.56000,2.44000
 0.00478600000,2.56000,2.48000
 0.00478800000,2.56000,2.44000
 0.00479000000,2.56000,2.44000
 0.00479200031,2.56000,2.44000
 0.00479400031,2.60000,2.44000
 0.00479600031,2.56000,2.44000
 0.00479800031,2.72000,2.56000
 0.00479999969,2.60000,2.48000
 0.00480199969,2.56000,2.48000
 0.00480399969,2.56000,2.44000
 0.00480599969,2.56000,2.44000
 0.00480799969,2.56000,2.44000
 0.00480999969,2.56000,2.44000
 0.00481200000,2.60000,2.44000
 0.00481400000,2.52000,2.36000
 0.00481600000,2.60000,2.44000
 0.00481800000,2.60000,2.48000
 0.00482000000,2.56000,2.44000
 0.00482200000,2.56000,2.44000
 0.00482400000,2.40000,2.36000
 0.00482600000,2.56000,2.44000
 0.00482800000,2.60000,2.48000
 0.00483000000,2.56000,2.44000
 0.00483200000,2.56000,2.44000
 0.00483400000,2.72000,2.68000
 0.00483600000,2.60000,2.48000
 0.00483800000,2.64000,2.48000
 0.00484000000,2.56000,2.44000
 0.00484200000,2.56000,2.48000
 0.00484400000,2.56000,2.44000
 0.00484600000,2.56000,2.44000
 0.00484800000,2.60000,2.48000
 0.00485000000,2.64000,2.48000
 0.00485200031,2.56000,2.44000
 0.00485400031,2.56000,2.44000
 0.00485600031,2.56000,2.48000
 0.00485800031,2.56000,2.44000
 0.00486000031,2.60000,2.44000
 0.00486199969,2.56000,2.48000
 0.00486399969,2.60000,2.44000
 0.00486599969,2.60000,2.44000
 0.00486799969,2.60000,2.44000
 0.00486999969,2.60000,2.48000
 0.00487200000,2.60000,2.48000
 0.00487400000,2.60000,2.48000
 0.00487600000,2.60000,2.44000
 0.00487800000,2.56000,2.48000
 0.00488000000,2.56000,2.44000
 0.00488200000,2.56000,2.44000
 0.00488400000,2.52000,2.44000
 0.00488600000,2.48000,2.36000
 0.00488800000,2.56000,2.44000
 0.00489000000,2.64000,2.48000
 0.00489200000,2.56000,2.44000
 0.00489400000,2.56000,2.44000
 0.00489600000,2.36000,2.20000
 0.00489800000,2.56000,2.44000
 0.00490000000,2.60000,2.48000
 0.00490200000,2.56000,2.44000
 0.00490400000,2.56000,2.44000
 0.00490600000,2.56000,2.44000
 0.00490800000,2.56000,2.44000
 0.00491000000,2.60000,2.48000
 0.00491200000,2.56000,2.44000
 0.00491400031,2.56000,2.48000
 0.00491600031,2.56000,2.44000
 0.00491800031,2.56000,2.44000
 0.00492000031,2.56000,2.44000
 0.00492199969,2.56000,2.44000
 0.00492399969,2.52000,2.44000
 0.00492599969,2.56000,2.40000
 0.00492799969,2.56000,2.44000
 0.00492999969,2.56000,2.44000
 0.00493199969,2.56000,2.44000
 0.00493400000,2.64000,2.48000
 0.00493600000,2.60000,2.44000
 0.00493800000,2.56000,2.44000
 0.00494000000,2.56000,2.48000
 0.00494200000,2.56000,2.44000
 0.00494400000,2.56000,2.44000
 0.00494600000,2.56000,2.44000
 0.00494800000,2.56000,2.36000
 0.00495000000,2.56000,2.44000
 0.00495200000,2.60000,2.44000
 0.00495400000,2.56000,2.48000
 0.00495600000,2.60000,2.48000
 0.00495800000,2.56000,2.44000
 0.00496000000,2.56000,2.44000
 0.00496200000,2.56000,2.44000
 0.00496400000,2.56000,2.44000
 0.00496600000,2.48000,2.40000
 0.00496800000,2.56000,2.44000
 0.00497000000,2.64000,2.48000
 0.00497200000,2.60000,2.48000
 0.00497400000,2.56000,2.48000
 0.00497600031,2.56000,2.44000
 0.00497800031,2.56000,2.44000
 0.00498000031,2.64000,2.48000
 0.00498200031,2.64000,2.48000
 0.00498399969,2.60000,2.44000
 0.00498599969,2.56000,2.44000
 0.00498799969,2.60000,2.48000
 0.00498999969,2.60000,2.44000
 0.00499199969,2.56000,2.44000
 0.00499399969,2.56000,2.44000
 0.00499600000,2.60000,2.44000
 0.00499800000,2.60000,2.48000
 0.00500000000,2.72000,2.60000
 0.00500200000,2.56000,2.44000
 0.00500400000,2.60000,2.48000
 0.00500600000,2.56000,2.40000
 0.00500800000,2.56000,2.44000
 0.00501000000,2.56000,2.44000
 0.00501200000,2.64000,2.48000
 0.00501400000,2.56000,2.44000
 0.00501600000,2.56000,2.44000
 0.00501800000,2.60000,2.44000
 0.00502000000,2.60000,2.48000
 0.00502200000,2.56000,2.44000
 0.00502400000,2.64000,2.48000
 0.00502600000,2.60000,2.44000
 0.00502800000,2.60000,2.44000
 0.00503000000,2.56000,2.44000
 0.00503200000,2.64000,2.48000
 0.00503400000,2.60000,2.44000
 0.00503600031,2.56000,2.48000
 0.00503800031,2.56000,2.48000
 0.00504000031,2.64000,2.48000
 0.00504200031,2.56000,2.44000
 0.00504399969,2.56000,2.44000
 0.00504599969,2.60000,2.48000
 0.00504799969,2.56000,2.44000
 0.00504999969,2.60000,2.48000
 0.00505199969,2.64000,2.56000
 0.00505399969,2.60000,2.44000
 0.00505600000,2.56000,2.44000
 0.00505800000,2.56000,2.44000
 0.00506000000,2.56000,2.44000
 0.00506200000,2.60000,2.48000
 0.00506400000,2.56000,2.44000
 0.00506600000,2.56000,2.44000
 0.00506800000,2.56000,2.44000
 0.00507000000,2.56000,2.48000
 0.00507200000,2.60000,2.44000
 0.00507400000,2.56000,2.44000
 0.00507600000,2.52000,2.48000
 0.00507800000,2.64000,2.48000
 0.00508000000,2.60000,2.44000
 0.00508200000,2.60000,2.44000
 0.00508400000,2.64000,2.48000
 0.00508600000,2.48000,2.40000
 0.00508800000,2.60000,2.48000
 0.00509000000,2.60000,2.44000
 0.00509200000,2.56000,2.44000
 0.00509400000,2.56000,2.44000
 0.00509600000,2.60000,2.44000
 0.00509800031,2.60000,2.44000
 0.00510000031,2.56000,2.48000
 0.00510200031,2.56000,2.44000
 0.00510400031,2.52000,2.48000
 0.00510599969,2.60000,2.48000
 0.00510799969,2.56000,2.44000
 0.00510999969,2.60000,2.48000
 0.00511199969,2.56000,2.44000
 0.00511399969,2.60000,2.48000
 0.00511599969,2.56000,2.40000
 0.00511800000,2.56000,2.44000
 0.00512000000,2.56000,2.44000
 0.00512200000,2.56000,2.44000
 0.00512400000,2.60000,2.48000
 0.00512600000,2.60000,2.44000
 0.00512800000,2.48000,2.36000
 0.00513000000,2.60000,2.48000
 0.00513200000,2.64000,2.48000
 0.00513400000,2.60000,2.44000
 0.00513600000,2.68000,2.52000
 0.00513800000,2.60000,2.48000
 0.00514000000,2.60000,2.44000
 0.00514200000,2.56000,2.44000
 0.00514400000,2.56000,2.44000
 0.00514600000,2.40000,2.32000
 0.00514800000,2.56000,2.44000
 0.00515000000,2.56000,2.48000
 0.00515200000,2.56000,2.44000
 0.00515400000,2.56000,2.44000
 0.00515600000,2.60000,2.44000
 0.00515800031,2.56000,2.44000
 0.00516000031,2.60000,2.44000
 0.00516200031,2.56000,2.44000
 0.00516400031,2.60000,2.48000
 0.00516599969,2.56000,2.44000
 0.00516799969,2.60000,2.44000
 0.00516999969,2.60000,2.44000
 0.00517199969,2.56000,2.44000
 0.00517399969,2.64000,2.52000
 0.00517599969,2.60000,2.44000
 0.00517800000,2.72000,2.56000
 0.00518000000,2.60000,2.44000
 0.00518200000,2.64000,2.48000
 0.00518400000,2.56000,2.44000
 0.00518600000,2.64000,2.48000
 0.00518800000,2.36000,2.20000
 0.00519000000,2.60000,2.48000
 0.00519200000,2.60000,2.48000
 0.00519400000,2.56000,2.44000
 0.00519600000,2.56000,2.40000
 0.00519800000,2.56000,2.44000
 0.00520000000,2.56000,2.44000
 0.00520200000,2.56000,2.48000
 0.00520400000,2.52000,2.40000
 0.00520600000,2.64000,2.48000
 0.00520800000,2.60000,2.48000
 0.00521000000,2.56000,2.44000
 0.00521200000,2.56000,2.44000
 0.00521400000,2.56000,2.40000
 0.00521600000,2.60000,2.44000
 0.00521800000,2.60000,2.48000
 0.00522000031,2.72000,2.56000
 0.00522200031,2.60000,2.44000
 0.00522400031,2.56000,2.48000
 0.00522600031,2.60000,2.44000
 0.00522799969,2.60000,2.48000
 0.00522999969,2.64000,2.48000
 0.00523199969,2.56000,2.40000
 0.00523399969,2.56000,2.44000
 0.00523599969,2.56000,2.40000
 0.00523799969,2.60000,2.44000
 0.00524000000,2.64000,2.48000
 0.00524200000,2.56000,2.44000
 0.00524400000,2.56000,2.44000
 0.00524600000,2.56000,2.44000
 0.00524800000,2.56000,2.44000
 0.00525000000,2.56000,2.44000
 0.00525200000,2.60000,2.48000
 0.00525400000,2.64000,2.48000
 0.00525600000,2.56000,2.44000
 0.00525800000,2.60000,2.44000
 0.00526000000,2.60000,2.48000
 0.00526200000,2.56000,2.36000
 0.00526400000,2.56000,2.44000
 0.00526600000,2.48000,2.32000
 0.00526800000,2.56000,2.44000
 0.00527000000,2.64000,2.48000
 0.00527200000,2.60000,2.44000
 0.00527400000,2.56000,2.44000
 0.00527600000,2.68000,2.52000
 0.00527800000,2.56000,2.44000
 0.00528000000,2.60000,2.44000
 0.00528200000,2.56000,2.44000
 0.00528400000,2.56000,2.44000
 0.00528600000,2.56000,2.44000
 0.00528800000,2.56000,2.48000
 0.00529000000,2.60000,2.44000
 0.00529200000,2.56000,2.44000
 0.00529400000,2.68000,2.56000
 0.00529600000,2.56000,2.44000
 0.00529800000,2.60000,2.44000
 0.00530000000,2.64000,2.48000
 0.00530200000,2.56000,2.44000
 0.00530400000,2.44000,2.32000
 0.00530600000,2.60000,2.44000
 0.00530800000,2.60000,2.44000
 0.00531000000,2.64000,2.48000
 0.00531200000,2.56000,2.44000
 0.00531400000,2.56000,2.44000
 0.00531600000,2.56000,2.44000
 0.00531800000,2.56000,2.44000
 0.00532000000,2.60000,2.44000
 0.00532200000,2.60000,2.44000
 0.00532400000,3.48000,1.32000
 0.00532600000,3.48000,1.28000
 0.00532800000,3.52000,1.32000
 0.00533000000,3.56000,1.36000
 0.00533200000,3.52000,1.36000
 0.00533400000,3.48000,1.28000
 0.00533600000,3.48000,1.28000
 0.00533800000,3.52000,1.32000
 0.00534000000,3.48000,1.32000
 0.00534200000,3.52000,1.32000
 0.00534400000,3.52000,1.32000
 0.00534600000,3.44000,1.24000
 0.00534800000,3.52000,1.32000
 0.00535000000,2.52000,2.32000
 0.00535200000,2.44000,2.32000
 0.00535400000,2.52000,2.36000
 0.00535600000,2.52000,2.36000
 0.00535800000,2.52000,2.36000
 0.00536000000,2.52000,2.36000
 0.00536200000,2.52000,2.44000
 0.00536400000,2.52000,2.40000
 0.00536600000,2.56000,2.44000
 0.00536800000,2.40000,2.36000
 0.00537000000,2.56000,2.44000
 0.00537200000,2.52000,2.40000
 0.00537400000,2.56000,2.44000
 0.00537600000,3.48000,1.32000
 0.00537800000,3.52000,1.32000
 0.00538000000,3.48000,1.28000
 0.00538200000,3.52000,1.32000
 0.00538400000,3.48000,1.32000
 0.00538600000,3.52000,1.32000
 0.00538800000,3.48000,1.32000
 0.00539000000,3.48000,1.28000
 0.00539200000,3.52000,1.32000
 0.00539400000,3.48000,1.28000
 0.00539600000,3.44000,1.28000
 0.00539800000,3.44000,1.28000
 0.00540000000,3.44000,1.24000
 0.00540200000,2.40000,2.28000
 0.00540400000,2.48000,2.36000
 0.00540600000,2.48000,2.36000
 0.00540800000,2.52000,2.40000
 0.00541000000,2.48000,2.36000
 0.00541200000,2.52000,2.36000
 0.00541400000,2.52000,2.40000
 0.00541600000,2.52000,2.40000
 0.00541800000,2.52000,2.44000
 0.00542000000,2.56000,2.40000
 0.00542200000,2.56000,2.44000
 0.00542400000,2.56000,2.44000
 0.00542600000,2.52000,2.44000
 0.00542800000,3.48000,1.36000
 0.00543000000,3.48000,1.32000
 0.00543200000,3.44000,1.28000
 0.00543400000,3.52000,1.32000
 0.00543600000,3.48000,1.36000
 0.00543800000,3.44000,1.32000
 0.00544000000,3.48000,1.32000
 0.00544200000,3.48000,1.32000
 0.00544400000,3.48000,1.32000
 0.00544600000,3.48000,1.32000
 0.00544800000,3.48000,1.32000
 0.00545000000,3.44000,1.40000
 0.00545200000,3.48000,1.32000
 0.00545400000,3.56000,1.40000
 0.00545600000,3.48000,1.32000
 0.00545800000,3.48000,1.32000
 0.00546000000,3.48000,1.32000
 0.00546200000,3.48000,1.32000
 0.00546400000,3.52000,1.40000
 0.00546600000,3.56000,1.40000
 0.00546800000,3.44000,1.28000
 0.00547000000,3.48000,1.36000
 0.00547200000,3.44000,1.32000
 0.00547400000,3.44000,1.32000
 0.00547600000,3.48000,1.32000
 0.00547800000,3.48000,1.32000
 0.00548000000,2.48000,2.20000
 0.00548200000,2.44000,2.32000
 0.00548400000,2.48000,2.32000
 0.00548600000,2.52000,2.32000
 0.00548800000,2.48000,2.36000
 0.00549000000,2.48000,2.32000
 0.00549200000,2.52000,2.40000
 0.00549400000,2.52000,2.44000
 0.00549600000,2.68000,2.56000
 0.00549800000,2.52000,2.40000
 0.00550000000,2.52000,2.44000
 0.00550200000,2.52000,2.40000
 0.00550400000,2.56000,2.44000
 0.00550600000,2.56000,2.44000
 0.00550800000,2.68000,2.48000
 0.00551000000,2.56000,2.44000
 0.00551200000,2.52000,2.40000
 0.00551400000,2.56000,2.44000
 0.00551600000,2.56000,2.44000
 0.00551800000,2.56000,2.48000
 0.00552000000,2.56000,2.44000
 0.00552200000,2.56000,2.44000
 0.00552400000,2.56000,2.44000
 0.00552600000,2.52000,2.40000
 0.00552800000,2.40000,2.32000
 0.00553000000,2.56000,2.44000
 0.00553200000,2.56000,2.44000
 0.00553400000,2.56000,2.44000
 0.00553600000,2.60000,2.48000
 0.00553800000,2.56000,2.44000
 0.00554000000,2.56000,2.44000
 0.00554200000,2.60000,2.44000
 0.00554400000,2.52000,2.40000
 0.00554600000,2.56000,2.44000
 0.00554800000,2.60000,2.48000
 0.00555000000,2.56000,2.48000
 0.00555200000,2.56000,2.44000
 0.00555400000,2.56000,2.44000
 0.00555600000,2.56000,2.44000
 0.00555800000,2.56000,2.44000
 0.00556000000,2.60000,2.52000
 0.00556200000,2.56000,2.48000
 0.00556400000,2.60000,2.44000
 0.00556600000,2.52000,2.36000
 0.00556800000,2.56000,2.48000
 0.00557000000,2.60000,2.48000
 0.00557200000,2.60000,2.48000
 0.00557400000,2.56000,2.48000
 0.00557600000,2.56000,2.44000
 0.00557800000,2.56000,2.44000
 0.00558000000,2.60000,2.44000
 0.00558200000,2.40000,2.32000
 0.00558400000,2.56000,2.44000
 0.00558600000,2.56000,2.48000
 0.00558800000,2.60000,2.44000
 0.00559000000,2.56000,2.44000
 0.00559200000,2.56000,2.44000
 0.00559400000,2.56000,2.44000
 0.00559600000,2.52000,2.40000
 0.00559800000,2.60000,2.44000
 0.00560000000,2.52000,2.44000
 0.00560200000,2.60000,2.48000
 0.00560400000,2.56000,2.40000
 0.00560600000,2.60000,2.48000
 0.00560800000,2.60000,2.44000
 0.00561000000,2.56000,2.44000
 0.00561200000,2.60000,2.44000
 0.00561400000,2.52000,2.32000
 0.00561600000,2.64000,2.48000
 0.00561800000,2.52000,2.36000
 0.00562000000,2.56000,2.44000
 0.00562200000,2.56000,2.44000
 0.00562400000,2.60000,2.44000
 0.00562600000,2.60000,2.44000
 0.00562800000,2.56000,2.44000
 0.00563000000,2.56000,2.44000
 0.00563200000,2.64000,2.48000
 0.00563400000,2.56000,2.44000
 0.00563600000,2.72000,2.56000
 0.00563800000,2.56000,2.44000
 0.00564000000,2.64000,2.52000
 0.00564200000,3.60000,1.32000
 0.00564400000,3.64000,1.36000
 0.00564600000,3.60000,1.32000
 0.00564800000,3.60000,1.32000
 0.00565000000,3.60000,1.36000
 0.00565200000,3.60000,1.28000
 0.00565400000,3.60000,1.32000
 0.00565600000,3.60000,1.36000
 0.00565800000,3.60000,1.32000
 0.00566000000,3.60000,1.36000
 0.00566200000,3.68000,1.44000
 0.00566400000,3.64000,1.36000
 0.00566600000,3.60000,1.32000
 0.00566800000,2.52000,2.40000
 0.00567000000,2.52000,2.40000
 0.00567200000,2.52000,2.36000
 0.00567400000,2.52000,2.44000
 0.00567600000,2.56000,2.36000
 0.00567800000,2.56000,2.44000
 0.00568000000,2.52000,2.44000
 0.00568200000,2.52000,2.44000
 0.00568400000,2.56000,2.44000
 0.00568600000,2.56000,2.44000
 0.00568800000,2.56000,2.44000
 0.00569000000,2.56000,2.36000
 0.00569200000,2.52000,2.40000
 0.00569400000,3.60000,1.28000
 0.00569600000,3.60000,1.36000
 0.00569800000,3.56000,1.32000
 0.00570000000,3.60000,1.32000
 0.00570200000,3.60000,1.36000
 0.00570400000,3.56000,1.28000
 0.00570600000,3.56000,1.28000
 0.00570800000,3.60000,1.36000
 0.00571000000,3.56000,1.36000
 0.00571200000,3.60000,1.32000
 0.00571400000,3.56000,1.32000
 0.00571600000,3.64000,1.36000
 0.00571800000,3.56000,1.32000
 0.00572000000,3.56000,1.32000
 0.00572200000,3.60000,1.40000
 0.00572400000,3.56000,1.28000
 0.00572600000,3.52000,1.28000
 0.00572800000,3.60000,1.36000
 0.00573000000,3.56000,1.32000
 0.00573200000,3.56000,1.32000
 0.00573400000,3.64000,1.36000
 0.00573600000,3.56000,1.32000
 0.00573800000,3.56000,1.28000
 0.00574000000,3.52000,1.32000
 0.00574200000,3.56000,1.32000
 0.00574400000,3.56000,1.36000
 0.00574600000,2.48000,2.36000
 0.00574800000,2.44000,2.36000
 0.00575000000,2.52000,2.40000
 0.00575200000,2.52000,2.40000
 0.00575400000,2.56000,2.44000
 0.00575600000,2.52000,2.40000
 0.00575800000,2.52000,2.44000
 0.00576000000,2.56000,2.44000
 0.00576200000,2.60000,2.44000
 0.00576400000,2.56000,2.44000
 0.00576600000,2.44000,2.40000
 0.00576800000,2.56000,2.44000
 0.00577000000,2.60000,2.48000
 0.00577200000,2.52000,2.44000
 0.00577400000,2.60000,2.44000
 0.00577600000,2.56000,2.44000
 0.00577800000,2.64000,2.52000
 0.00578000000,2.64000,2.52000
 0.00578200000,2.56000,2.44000
 0.00578400000,2.56000,2.44000
 0.00578600000,2.60000,2.48000
 0.00578800000,2.64000,2.44000
 0.00579000000,2.56000,2.44000
 0.00579200000,2.60000,2.52000
 0.00579400000,2.56000,2.44000
 0.00579600000,2.56000,2.40000
 0.00579800000,2.56000,2.44000
 0.00580000000,2.56000,2.44000
 0.00580200000,2.56000,2.44000
 0.00580400000,2.60000,2.44000
 0.00580600000,2.56000,2.44000
 0.00580800000,2.64000,2.44000
 0.00581000000,2.60000,2.44000
 0.00581200000,2.56000,2.44000
 0.00581400000,2.56000,2.44000
 0.00581600000,2.56000,2.44000
 0.00581800000,2.56000,2.44000
 0.00582000000,2.56000,2.44000
 0.00582200000,2.56000,2.44000
 0.00582400000,2.56000,2.44000
 0.00582600000,2.64000,2.52000
 0.00582800000,2.56000,2.44000
 0.00583000000,2.56000,2.44000
 0.00583200000,2.56000,2.48000
 0.00583400000,2.56000,2.44000
 0.00583600000,2.56000,2.44000
 0.00583800000,2.52000,2.44000
 0.00584000000,2.60000,2.48000
 0.00584200000,2.56000,2.44000
 0.00584400000,2.52000,2.44000
 0.00584600000,2.60000,2.44000
 0.00584800000,2.56000,2.44000
 0.00585000000,3.52000,1.32000
 0.00585200000,3.56000,1.28000
 0.00585400000,3.60000,1.36000
 0.00585600000,3.56000,1.32000
 0.00585800000,3.56000,1.32000
 0.00586000000,3.60000,1.36000
 0.00586200000,3.60000,1.36000
 0.00586400000,3.60000,1.32000
 0.00586600000,3.64000,1.36000
 0.00586800000,3.60000,1.32000
 0.00587000000,3.56000,1.32000
 0.00587200000,3.64000,1.40000
 0.00587400000,3.60000,1.36000
 0.00587600000,2.52000,2.40000
 0.00587800000,2.52000,2.40000
 0.00588000000,2.52000,2.40000
 0.00588200000,2.48000,2.36000
 0.00588400000,2.52000,2.40000
 0.00588600000,2.52000,2.44000
 0.00588800000,2.72000,2.52000
 0.00589000000,2.60000,2.48000
 0.00589200000,2.60000,2.48000
 0.00589400000,2.56000,2.44000
 0.00589600000,2.48000,2.32000
 0.00589800000,2.56000,2.44000
 0.00590000000,2.56000,2.44000
 0.00590200000,2.56000,2.44000
 0.00590400000,2.56000,2.44000
 0.00590600000,2.60000,2.48000
 0.00590800000,2.52000,2.36000
 0.00591000000,2.56000,2.44000
 0.00591200000,2.56000,2.44000
 0.00591400000,2.56000,2.44000
 0.00591600000,2.56000,2.44000
 0.00591800000,2.56000,2.44000
 0.00592000000,2.60000,2.48000
 0.00592200000,2.56000,2.44000
 0.00592400000,2.52000,2.44000
 0.00592600000,2.56000,2.44000
 0.00592800000,2.52000,2.44000
 0.00593000000,2.56000,2.44000
 0.00593200000,2.56000,2.44000
 0.00593400000,2.60000,2.44000
 0.00593600000,2.60000,2.44000
 0.00593800000,2.56000,2.44000
 0.00594000000,2.60000,2.48000
 0.00594200000,2.60000,2.44000
 0.00594400000,2.56000,2.48000
 0.00594600000,2.56000,2.44000
 0.00594800000,2.64000,2.48000
 0.00595000000,2.56000,2.44000
 0.00595200000,2.56000,2.44000
 0.00595400000,2.60000,2.48000
 0.00595600000,2.52000,2.40000
 0.00595800000,2.56000,2.44000
 0.00596000000,2.60000,2.48000
 0.00596200000,2.56000,2.44000
 0.00596400000,2.56000,2.44000
 0.00596600000,2.56000,2.52000
 0.00596800000,2.60000,2.48000
 0.00597000000,2.56000,2.44000
 0.00597200000,2.56000,2.44000
 0.00597400000,2.60000,2.44000
 0.00597600000,2.56000,2.44000
 0.00597800000,2.60000,2.48000
 0.00598000000,2.56000,2.44000
 0.00598200000,2.60000,2.48000
 0.00598400000,2.60000,2.44000
 0.00598600000,3.60000,1.28000
 0.00598800000,3.60000,1.36000
 0.00599000000,3.60000,1.36000
 0.00599200000,3.60000,1.32000
 0.00599400000,3.44000,1.24000
 0.00599600000,3.60000,1.32000
 0.00599800000,3.60000,1.32000
 0.00600000000,3.56000,1.28000
 0.00600200000,3.60000,1.32000
 0.00600400000,3.56000,1.32000
 0.00600600000,3.56000,1.32000
 0.00600800000,3.64000,1.40000
 0.00601000000,3.60000,1.32000
 0.00601200000,3.56000,1.28000
 0.00601400000,3.56000,1.32000
 0.00601600000,3.60000,1.36000
 0.00601800000,3.56000,1.32000
 0.00602000000,3.56000,1.32000
 0.00602200000,3.60000,1.40000
 0.00602400000,3.56000,1.28000
 0.00602600000,3.60000,1.36000
 0.00602800000,3.60000,1.36000
 0.00603000000,3.64000,1.40000
 0.00603200000,3.60000,1.36000
 0.00603400000,3.64000,1.36000
 0.00603600000,3.60000,1.32000
 0.00603800000,3.60000,1.36000
 0.00604000000,3.56000,1.36000
 0.00604200000,3.60000,1.32000
 0.00604400000,3.60000,1.32000
 0.00604600000,3.56000,1.32000
 0.00604800000,3.60000,1.36000
 0.00605000000,3.56000,1.36000
 0.00605200000,3.56000,1.32000
 0.00605400000,3.56000,1.32000
 0.00605600000,3.60000,1.36000
 0.00605800000,3.56000,1.32000
 0.00606000000,3.56000,1.32000
 0.00606200000,3.60000,1.36000
 0.00606400000,3.48000,1.28000
 0.00606600000,3.56000,1.32000
 0.00606800000,3.60000,1.36000
 0.00607000000,3.60000,1.36000
 0.00607200000,3.56000,1.28000
 0.00607400000,3.60000,1.36000
 0.00607600000,3.60000,1.32000
 0.00607800000,3.56000,1.36000
 0.00608000000,3.56000,1.28000
 0.00608200000,3.56000,1.32000
 0.00608400000,3.60000,1.36000
 0.00608600000,3.60000,1.36000
 0.00608800000,3.56000,1.32000
 0.00609000000,3.56000,1.32000
 0.00609200000,3.52000,1.28000
 0.00609400000,3.56000,1.36000
 0.00609600000,3.60000,1.36000
 0.00609800000,3.56000,1.32000
 0.00610000000,3.60000,1.36000
 0.00610200000,3.60000,1.36000
 0.00610400000,3.56000,1.32000
 0.00610600000,3.56000,1.32000
 0.00610800000,3.52000,1.28000
 0.00611000000,3.60000,1.36000
 0.00611200000,3.56000,1.32000
 0.00611400000,3.56000,1.32000
 0.00611600000,3.60000,1.32000
 0.00611800000,3.60000,1.32000
 0.00612000000,3.56000,1.32000
 0.00612200000,3.48000,1.28000
 0.00612400000,3.60000,1.40000
 0.00612600000,3.56000,1.32000
 0.00612800000,3.56000,1.32000
 0.00613000000,3.60000,1.36000
 0.00613200000,3.56000,1.28000
 0.00613400000,3.52000,1.36000
 0.00613600000,3.56000,1.36000
 0.00613800000,3.56000,1.32000
 0.00614000000,3.48000,1.28000
 0.00614200000,3.56000,1.32000
 0.00614400000,3.60000,1.40000
 0.00614600000,3.56000,1.36000
 0.00614800000,3.52000,1.32000
 0.00615000000,3.60000,1.40000
 0.00615200000,3.56000,1.36000
 0.00615400000,3.56000,1.36000
 0.00615600000,3.52000,1.28000
 0.00615800000,3.60000,1.36000
 0.00616000000,3.56000,1.32000
 0.00616200000,3.56000,1.32000
 0.00616400000,3.60000,1.40000
 0.00616600000,3.60000,1.36000
 0.00616800000,3.56000,1.28000
 0.00617000000,3.56000,1.36000
 0.00617200000,3.56000,1.32000
 0.00617400000,3.56000,1.32000
 0.00617600000,3.56000,1.32000
 0.00617800000,3.60000,1.36000
 0.00618000000,3.60000,1.40000
 0.00618200000,3.60000,1.36000
 0.00618400000,3.56000,1.32000
 0.00618600000,3.60000,1.36000
 0.00618800000,3.60000,1.36000
 0.00619000000,3.56000,1.32000
 0.00619200000,3.72000,1.48000
 0.00619400000,3.60000,1.36000
 0.00619600000,3.52000,1.28000
 0.00619800000,3.56000,1.32000
 0.00620000000,3.56000,1.28000
 0.00620200000,3.56000,1.32000
 0.00620400000,3.56000,1.32000
 0.00620600000,3.52000,1.28000
 0.00620800000,3.64000,1.36000
 0.00621000000,3.56000,1.28000
 0.00621200000,3.60000,1.36000
 0.00621400000,3.60000,1.32000
 0.00621600000,3.56000,1.32000
 0.00621800000,3.60000,1.36000
 0.00622000000,3.56000,1.36000
 0.00622200000,3.56000,1.36000
 0.00622400000,3.56000,1.32000
 0.00622600000,3.60000,1.40000
 0.00622800000,3.56000,1.36000
 0.00623000000,3.60000,1.36000
 0.00623200000,3.56000,1.36000
 0.00623400000,3.72000,1.48000
 0.00623600000,3.60000,1.40000
 0.00623800000,3.52000,1.28000
 0.00624000000,3.48000,1.24000
 0.00624200000,3.56000,1.36000
 0.00624400000,3.52000,1.32000
 0.00624600000,2.48000,2.36000
 0.00624800000,2.48000,2.40000
 0.00625000000,2.52000,2.36000
 0.00625200000,2.52000,2.40000
 0.00625400000,2.52000,2.44000
 0.00625600000,2.56000,2.44000
 0.00625800000,2.52000,2.44000
 0.00626000000,2.52000,2.40000
 0.00626200000,2.52000,2.44000
 0.00626400000,2.52000,2.44000
 0.00626600000,2.56000,2.44000
 0.00626800000,2.56000,2.44000
 0.00627000000,2.56000,2.48000
 0.00627200000,2.56000,2.44000
 0.00627400000,2.56000,2.44000
 0.00627600000,2.56000,2.44000
 0.00627800000,2.64000,2.48000
 0.00628000000,2.56000,2.44000
 0.00628200000,2.56000,2.44000
 0.00628400000,2.56000,2.44000
 0.00628600000,2.60000,2.48000
 0.00628800000,2.56000,2.44000
 0.00629000000,2.56000,2.48000
 0.00629200000,2.56000,2.44000
 0.00629400000,2.56000,2.48000
 0.00629600000,2.56000,2.44000
 0.00629800000,2.56000,2.44000
 0.00630000000,2.56000,2.44000
 0.00630200000,2.52000,2.44000
 0.00630400000,2.56000,2.44000
 0.00630600000,2.60000,2.48000
 0.00630800000,2.60000,2.44000
 0.00631000000,2.56000,2.44000
 0.00631200000,2.56000,2.48000
 0.00631400000,2.56000,2.44000
 0.00631600000,2.56000,2.44000
 0.00631800000,2.56000,2.48000
 0.00632000000,2.64000,2.48000
 0.00632200000,2.56000,2.48000
 0.00632400000,2.56000,2.44000
 0.00632600000,2.56000,2.48000
 0.00632800000,2.56000,2.44000
 0.00633000000,2.56000,2.44000
 0.00633200000,3.64000,1.32000
 0.00633400000,3.60000,1.36000
 0.00633600000,3.60000,1.36000
 0.00633800000,3.60000,1.32000
 0.00634000000,3.56000,1.32000
 0.00634200000,3.64000,1.40000
 0.00634400000,3.56000,1.32000
 0.00634600000,3.60000,1.32000
 0.00634800000,3.56000,1.32000
 0.00635000000,3.60000,1.36000
 0.00635200000,3.60000,1.32000
 0.00635400000,3.56000,1.32000
 0.00635600000,3.56000,1.28000
 0.00635800000,2.48000,2.36000
 0.00636000000,2.52000,2.40000
 0.00636200000,2.44000,2.32000
 0.00636400000,2.48000,2.36000
 0.00636600000,2.52000,2.40000
 0.00636800000,2.56000,2.44000
 0.00637000000,2.56000,2.44000
 0.00637200000,2.56000,2.44000
 0.00637400000,2.52000,2.44000
 0.00637600000,2.56000,2.40000
 0.00637800000,2.56000,2.44000
 0.00638000000,2.60000,2.44000
 0.00638200000,2.56000,2.44000
 0.00638400000,3.60000,1.28000
 0.00638600000,3.56000,1.32000
 0.00638800000,3.60000,1.32000
 0.00639000000,3.64000,1.40000
 0.00639200000,3.60000,1.36000
 0.00639400000,3.60000,1.40000
 0.00639600000,3.60000,1.36000
 0.00639800000,3.60000,1.32000
 0.00640000000,3.56000,1.28000
 0.00640200000,3.60000,1.32000
 0.00640400000,3.56000,1.28000
 0.00640600000,3.56000,1.28000
 0.00640800000,3.60000,1.32000
 0.00641000000,3.56000,1.28000
 0.00641200000,3.56000,1.32000
 0.00641400000,3.60000,1.32000
 0.00641600000,3.60000,1.32000
 0.00641800000,3.60000,1.36000
 0.00642000000,3.56000,1.36000
 0.00642200000,3.60000,1.36000
 0.00642400000,3.60000,1.36000
 0.00642600000,3.56000,1.32000
 0.00642800000,3.56000,1.28000
 0.00643000000,3.60000,1.36000
 0.00643200000,3.60000,1.32000
 0.00643400000,3.52000,1.28000
 0.00643600000,3.56000,1.32000
 0.00643800000,3.60000,1.36000
 0.00644000000,3.60000,1.32000
 0.00644200000,3.60000,1.32000
 0.00644400000,3.60000,1.36000
 0.00644600000,3.64000,1.44000
 0.00644800000,3.60000,1.36000
 0.00645000000,3.64000,1.40000
 0.00645200000,3.56000,1.32000
 0.00645400000,3.60000,1.32000
 0.00645600000,3.64000,1.44000
 0.00645800000,3.68000,1.44000
 0.00646000000,3.56000,1.32000
 0.00646200000,3.60000,1.36000
 0.00646400000,3.56000,1.32000
 0.00646600000,3.60000,1.36000
 0.00646800000,3.52000,1.32000
 0.00647000000,3.52000,1.28000
 0.00647200000,3.60000,1.36000
 0.00647400000,3.60000,1.40000
 0.00647600000,3.60000,1.36000
 0.00647800000,3.60000,1.32000
 0.00648000000,3.60000,1.32000
 0.00648200000,3.60000,1.36000
 0.00648400000,3.56000,1.36000
 0.00648600000,3.60000,1.36000
 0.00648800000,2.48000,2.36000
 0.00649000000,2.48000,2.36000
 0.00649200000,2.48000,2.32000
 0.00649400000,2.52000,2.40000
 0.00649600000,2.52000,2.36000
 0.00649800000,2.48000,2.36000
 0.00650000000,2.52000,2.44000
 0.00650200000,2.52000,2.44000
 0.00650400000,2.48000,2.44000
 0.00650600000,2.56000,2.40000
 0.00650800000,2.56000,2.44000
 0.00651000000,2.52000,2.40000
 0.00651200000,2.56000,2.44000
 0.00651400000,3.60000,1.32000
 0.00651600000,3.60000,1.32000
 0.00651800000,3.60000,1.36000
 0.00652000000,3.56000,1.32000
 0.00652200000,3.60000,1.32000
 0.00652400000,3.60000,1.36000
 0.00652600000,3.56000,1.32000
 0.00652800000,3.60000,1.36000
 0.00653000000,3.60000,1.32000
 0.00653200000,3.60000,1.36000
 0.00653400000,3.60000,1.32000
 0.00653600000,3.60000,1.36000
 0.00653800000,3.60000,1.40000
 0.00654000000,2.48000,2.32000
 0.00654200000,2.48000,2.40000
 0.00654400000,2.48000,2.32000
 0.00654600000,2.52000,2.40000
 0.00654800000,2.52000,2.36000
 0.00655000000,2.56000,2.44000
 0.00655200000,2.56000,2.44000
 0.00655400000,2.52000,2.44000
 0.00655600000,2.56000,2.44000
 0.00655800000,2.52000,2.44000
 0.00656000000,2.52000,2.44000
 0.00656200000,2.52000,2.40000
 0.00656400000,2.56000,2.44000
 0.00656600000,2.56000,2.48000
 0.00656800000,2.56000,2.44000
 0.00657000000,2.56000,2.44000
 0.00657200000,2.60000,2.48000
 0.00657400000,2.52000,2.40000
 0.00657600000,2.60000,2.44000
 0.00657800000,2.60000,2.48000
 0.00658000000,2.60000,2.44000
 0.00658200000,2.60000,2.48000
 0.00658400000,2.60000,2.48000
 0.00658600000,2.56000,2.44000
 0.00658800000,2.60000,2.48000
 0.00659000000,2.56000,2.48000
 0.00659200000,2.56000,2.44000
 0.00659400000,2.60000,2.48000
 0.00659600000,2.60000,2.44000
 0.00659800000,2.56000,2.44000
 0.00660000000,2.52000,2.44000
 0.00660200000,2.60000,2.44000
 0.00660400000,2.56000,2.44000
 0.00660600000,2.60000,2.48000
 0.00660800000,2.56000,2.44000
 0.00661000000,2.56000,2.48000
 0.00661200000,2.60000,2.48000
 0.00661400000,2.56000,2.44000
 0.00661600000,2.56000,2.44000
 0.00661800000,2.60000,2.52000
 0.00662000000,2.56000,2.44000
 0.00662200000,2.72000,2.60000
 0.00662400000,2.60000,2.48000
 0.00662600000,2.56000,2.44000
 0.00662800000,2.60000,2.44000
 0.00663000000,2.60000,2.44000
 0.00663200000,2.56000,2.44000
 0.00663400000,2.60000,2.44000
 0.00663600000,2.56000,2.44000
 0.00663800000,2.56000,2.48000
 0.00664000000,2.52000,2.48000
 0.00664200000,2.64000,2.48000
 0.00664400000,2.64000,2.48000
 0.00664600000,2.56000,2.48000
 0.00664800000,2.56000,2.44000
 0.00665000000,2.60000,2.44000
 0.00665200000,2.56000,2.44000
 0.00665400000,2.56000,2.44000
 0.00665600000,2.56000,2.44000
 0.00665800000,2.56000,2.44000
 0.00666000000,2.56000,2.44000
 0.00666200000,2.60000,2.48000
 0.00666400000,2.60000,2.48000
 0.00666600000,2.56000,2.48000
 0.00666800000,2.56000,2.44000
 0.00667000000,2.60000,2.48000
 0.00667200000,2.60000,2.48000
 0.00667400000,2.56000,2.44000
 0.00667600000,2.56000,2.36000
 0.00667800000,2.56000,2.48000
 0.00668000000,2.52000,2.44000
 0.00668200000,2.60000,2.44000
 0.00668400000,2.60000,2.44000
 0.00668600000,2.56000,2.44000
 0.00668800000,2.56000,2.48000
 0.00669000000,2.56000,2.44000
 0.00669200000,2.60000,2.44000
 0.00669400000,2.56000,2.44000
 0.00669600000,2.56000,2.44000
 0.00669800000,2.60000,2.44000
 0.00670000000,2.64000,2.48000
 0.00670200000,2.60000,2.48000
 0.00670400000,2.60000,2.48000
 0.00670600000,2.60000,2.48000
 0.00670800000,2.60000,2.44000
 0.00671000000,2.56000,2.44000
 0.00671200000,2.60000,2.44000
 0.00671400000,2.60000,2.44000
 0.00671600000,2.52000,2.40000
 0.00671800000,2.56000,2.44000
 0.00672000000,2.56000,2.44000
 0.00672200000,2.64000,2.48000
 0.00672400000,2.60000,2.44000
 0.00672600000,2.60000,2.48000
 0.00672800000,2.68000,2.52000
 0.00673000000,2.56000,2.44000
 0.00673200000,2.56000,2.44000
 0.00673400000,2.56000,2.44000
 0.00673600000,2.60000,2.44000
 0.00673800000,2.56000,2.44000
 0.00674000000,2.60000,2.44000
 0.00674200000,2.60000,2.48000
 0.00674400000,2.56000,2.44000
 0.00674600000,2.56000,2.44000
 0.00674800000,2.60000,2.44000
 0.00675000000,2.56000,2.44000
 0.00675200000,2.64000,2.48000
 0.00675400000,2.52000,2.40000
 0.00675600000,2.60000,2.44000
 0.00675800000,2.56000,2.44000
 0.00676000000,2.56000,2.44000
 0.00676200000,2.64000,2.48000
 0.00676400000,2.56000,2.44000
 0.00676600000,2.52000,2.40000
 0.00676800000,2.56000,2.44000
 0.00677000000,2.60000,2.44000
 0.00677200000,2.56000,2.44000
 0.00677400000,2.48000,2.40000
 0.00677600000,2.60000,2.44000
 0.00677800000,2.60000,2.44000
 0.00678000000,2.56000,2.44000
 0.00678200000,2.60000,2.48000
 0.00678400000,2.56000,2.40000
 0.00678600000,2.48000,2.40000
 0.00678800000,2.56000,2.44000
 0.00679000000,2.60000,2.48000
 0.00679200000,2.60000,2.44000
 0.00679400000,2.60000,2.44000
 0.00679600000,2.60000,2.44000
 0.00679800000,2.56000,2.44000
 0.00680000000,2.60000,2.48000
 0.00680200000,2.64000,2.48000
 0.00680400000,2.60000,2.48000
 0.00680600000,2.56000,2.44000
 0.00680800000,2.60000,2.44000
 0.00681000000,2.64000,2.48000
 0.00681200000,2.64000,2.48000
 0.00681400000,2.56000,2.44000
 0.00681600000,2.60000,2.48000
 0.00681800000,2.56000,2.44000
 0.00682000000,2.56000,2.44000
 0.00682200000,2.56000,2.44000
 0.00682400000,2.56000,2.44000
 0.00682600000,2.64000,2.48000
 0.00682800000,2.56000,2.44000
 0.00683000000,2.60000,2.44000
 0.00683200000,2.64000,2.44000
 0.00683400000,2.60000,2.44000
 0.00683600000,2.60000,2.48000
 0.00683800000,2.56000,2.44000
 0.00684000000,2.56000,2.44000
 0.00684200000,2.60000,2.48000
 0.00684400000,2.68000,2.48000
 0.00684600000,2.60000,2.48000
 0.00684800000,2.56000,2.44000
 0.00685000000,2.64000,2.48000
 0.00685200000,2.60000,2.44000
 0.00685400000,2.52000,2.40000
 0.00685600000,2.60000,2.44000
 0.00685800000,2.56000,2.44000
 0.00686000000,2.56000,2.48000
 0.00686200000,2.60000,2.44000
 0.00686400000,2.56000,2.44000
 0.00686600000,2.60000,2.44000
 0.00686800000,2.56000,2.44000
 0.00687000000,2.56000,2.44000
 0.00687200000,2.60000,2.44000
 0.00687400000,2.60000,2.48000
 0.00687600000,2.56000,2.44000
 0.00687800000,2.60000,2.44000
 0.00688000000,2.56000,2.44000
 0.00688200000,2.60000,2.44000
 0.00688400000,2.60000,2.44000
 0.00688600000,2.60000,2.44000
 0.00688800000,2.56000,2.48000
 0.00689000000,2.64000,2.48000
 0.00689200000,2.56000,2.44000
 0.00689400000,2.56000,2.44000
 0.00689600000,2.60000,2.44000
 0.00689800000,2.60000,2.44000
 0.00690000000,2.56000,2.48000
 0.00690200000,2.68000,2.56000
 0.00690400000,2.56000,2.44000
 0.00690600000,2.56000,2.44000
 0.00690800000,2.56000,2.44000
 0.00691000000,2.56000,2.44000
 0.00691200000,2.56000,2.44000
 0.00691400000,2.56000,2.44000
 0.00691600000,2.60000,2.44000
 0.00691800000,2.56000,2.44000
 0.00692000000,2.60000,2.48000
 0.00692200000,2.52000,2.40000
 0.00692400000,2.64000,2.48000
 0.00692600000,2.56000,2.44000
 0.00692800000,2.60000,2.44000
 0.00693000000,2.60000,2.44000
 0.00693200000,2.64000,2.48000
 0.00693400000,2.56000,2.44000
 0.00693600000,2.56000,2.44000
 0.00693800000,2.56000,2.44000
 0.00694000000,2.60000,2.48000
 0.00694200000,2.64000,2.48000
 0.00694400000,2.60000,2.44000
 0.00694600000,2.56000,2.44000
 0.00694800000,2.68000,2.56000
 0.00695000000,2.56000,2.44000
 0.00695200000,2.56000,2.44000
 0.00695400000,2.64000,2.48000
 0.00695600000,2.56000,2.44000
 0.00695800000,2.56000,2.44000
 0.00696000000,2.72000,2.56000
 0.00696200000,2.60000,2.48000
 0.00696400000,2.60000,2.48000
 0.00696600000,2.60000,2.48000
 0.00696800000,2.52000,2.40000
 0.00697000000,2.60000,2.44000
 0.00697200000,2.60000,2.44000
 0.00697400000,2.60000,2.44000
 0.00697600000,2.64000,2.44000
 0.00697800000,2.60000,2.48000
 0.00698000000,2.56000,2.44000
 0.00698200000,2.60000,2.44000
 0.00698400000,2.60000,2.44000
 0.00698600000,2.56000,2.44000
 0.00698800000,2.56000,2.48000
 0.00699000000,2.56000,2.44000
 0.00699200000,2.60000,2.44000
 0.00699400000,2.60000,2.44000
 0.00699600000,2.60000,2.48000
 0.00699800000,2.60000,2.48000
 0.00700000000,2.52000,2.40000
 0.00700200000,2.56000,2.44000
 0.00700400000,2.68000,2.52000
 0.00700600000,2.56000,2.44000
 0.00700800000,2.56000,2.48000
 0.00701000000,2.60000,2.44000
 0.00701200000,2.52000,2.36000
 0.00701400000,2.64000,2.48000
 0.00701600000,2.60000,2.48000
 0.00701800000,2.56000,2.40000
 0.00702000000,2.56000,2.44000
 0.00702200000,2.56000,2.44000
 0.00702400000,2.60000,2.44000
 0.00702600000,2.60000,2.44000
 0.00702800000,2.52000,2.44000
 0.00703000000,2.60000,2.44000
 0.00703200000,2.56000,2.44000
 0.00703400000,2.56000,2.44000
 0.00703600000,2.60000,2.48000
 0.00703800000,2.64000,2.48000
 0.00704000000,2.60000,2.48000
 0.00704200000,2.56000,2.44000
 0.00704400000,2.56000,2.44000
 0.00704600000,2.56000,2.44000
 0.00704800000,2.56000,2.44000
 0.00705000000,2.60000,2.44000
 0.00705200000,2.60000,2.44000
 0.00705400000,2.72000,2.64000
 0.00705600000,2.56000,2.44000
 0.00705800000,2.60000,2.44000
 0.00706000000,2.56000,2.44000
 0.00706200000,2.56000,2.44000
 0.00706400000,2.60000,2.48000
 0.00706600000,2.60000,2.44000
 0.00706800000,2.56000,2.44000
 0.00707000000,2.68000,2.52000
 0.00707200000,2.56000,2.44000
 0.00707400000,2.56000,2.44000
 0.00707600000,2.56000,2.48000
 0.00707800000,2.60000,2.44000
 0.00708000000,2.60000,2.44000
 0.00708200000,2.56000,2.44000
 0.00708400000,2.56000,2.44000
 0.00708600000,2.64000,2.44000
 0.00708800000,2.60000,2.44000
 0.00709000000,2.56000,2.44000
 0.00709200000,2.60000,2.44000
 0.00709400000,2.60000,2.48000
 0.00709600000,2.60000,2.44000
 0.00709800000,2.56000,2.44000
 0.00710000000,2.56000,2.44000
 0.00710200000,2.56000,2.44000
 0.00710400000,2.56000,2.44000
 0.00710600000,2.56000,2.48000
 0.00710800000,2.56000,2.44000
 0.00711000000,2.60000,2.44000
 0.00711200000,2.56000,2.44000
 0.00711400000,2.56000,2.44000
 0.00711600000,2.52000,2.40000
 0.00711800000,2.56000,2.44000
 0.00712000000,2.60000,2.44000
 0.00712200000,2.60000,2.48000
 0.00712400000,2.56000,2.44000
 0.00712600000,2.64000,2.48000
 0.00712800000,2.52000,2.32000
 0.00713000000,2.56000,2.40000
 0.00713200000,2.56000,2.44000
 0.00713400000,2.64000,2.48000
 0.00713600000,2.60000,2.48000
 0.00713800000,2.56000,2.44000
 0.00714000000,2.60000,2.44000
 0.00714200000,2.68000,2.52000
 0.00714400000,2.52000,2.36000
 0.00714600000,2.56000,2.44000
 0.00714800000,2.60000,2.44000
 0.00715000000,2.56000,2.44000
 0.00715200000,2.60000,2.48000
 0.00715400000,2.60000,2.44000
 0.00715600000,2.60000,2.44000
 0.00715800000,2.56000,2.44000
 0.00716000000,2.56000,2.44000
 0.00716200000,2.60000,2.44000
 0.00716400000,2.56000,2.44000
 0.00716600000,2.56000,2.44000
 0.00716800000,2.64000,2.44000
 0.00717000000,2.60000,2.44000
 0.00717200000,2.56000,2.44000
 0.00717400000,2.56000,2.48000
 0.00717600000,2.60000,2.48000
 0.00717800000,2.56000,2.44000
 0.00718000000,2.56000,2.44000
 0.00718200000,2.60000,2.48000
 0.00718400000,2.60000,2.44000
 0.00718600000,2.64000,2.56000
 0.00718800000,2.60000,2.44000
 0.00719000000,2.60000,2.44000
 0.00719200000,2.64000,2.48000
 0.00719400000,2.60000,2.44000
 0.00719600000,2.56000,2.36000
 0.00719800000,2.60000,2.44000
 0.00720000000,2.56000,2.44000
 0.00720200000,2.68000,2.52000
 0.00720400000,2.56000,2.44000
 0.00720600000,2.56000,2.44000
 0.00720800000,2.52000,2.36000
 0.00721000000,2.64000,2.44000
 0.00721200000,2.56000,2.44000
 0.00721400000,2.56000,2.44000
 0.00721600000,2.60000,2.44000
 0.00721800000,2.60000,2.44000
 0.00722000000,2.56000,2.44000
 0.00722200000,2.60000,2.44000
 0.00722400000,2.56000,2.44000
 0.00722600000,2.52000,2.44000
 0.00722800000,2.56000,2.44000
 0.00723000000,2.72000,2.56000
 0.00723200000,2.72000,2.56000
 0.00723400000,2.60000,2.48000
 0.00723600000,2.60000,2.44000
 0.00723800000,2.52000,2.32000
 0.00724000000,2.56000,2.44000
 0.00724200000,2.60000,2.48000
 0.00724400000,2.60000,2.44000
 0.00724600000,2.60000,2.44000
 0.00724800000,2.60000,2.48000
 0.00725000000,2.60000,2.48000
 0.00725200000,2.56000,2.44000
 0.00725400000,2.60000,2.48000
 0.00725600000,2.56000,2.48000
 0.00725800000,2.56000,2.44000
 0.00726000000,2.56000,2.44000
 0.00726200000,2.60000,2.44000
 0.00726400000,2.60000,2.48000
 0.00726600000,2.56000,2.44000
 0.00726800000,2.56000,2.44000
 0.00727000000,2.56000,2.44000
 0.00727200000,2.56000,2.44000
 0.00727400000,2.56000,2.44000
 0.00727600000,2.60000,2.44000
 0.00727800000,2.56000,2.44000
 0.00728000000,2.56000,2.44000
 0.00728200000,2.56000,2.44000
 0.00728400000,2.64000,2.48000
 0.00728600000,2.60000,2.48000
 0.00728800000,2.56000,2.44000
 0.00729000000,2.52000,2.36000
 0.00729200000,2.60000,2.48000
 0.00729400000,2.56000,2.40000
 0.00729600000,2.52000,2.44000
 0.00729800000,2.64000,2.48000
 0.00730000000,2.60000,2.48000
 0.00730200000,2.60000,2.44000
 0.00730400000,2.56000,2.44000
 0.00730600000,2.60000,2.48000
 0.00730800000,2.52000,2.40000
 0.00731000000,2.56000,2.44000
 0.00731200000,2.60000,2.48000
 0.00731400000,2.60000,2.44000
 0.00731600000,2.56000,2.44000
 0.00731800000,2.60000,2.44000
 0.00732000000,2.60000,2.44000
 0.00732200000,2.56000,2.44000
 0.00732400000,2.56000,2.44000
 0.00732600000,2.56000,2.44000
 0.00732800000,2.56000,2.44000
 0.00733000000,2.60000,2.40000
 0.00733200000,2.60000,2.48000
 0.00733400000,2.56000,2.44000
 0.00733600000,2.56000,2.36000
 0.00733800000,2.60000,2.44000
 0.00734000000,2.56000,2.44000
 0.00734200000,2.60000,2.44000
 0.00734400000,2.60000,2.48000
 0.00734600000,2.64000,2.48000
 0.00734800000,2.64000,2.44000
 0.00735000000,2.52000,2.36000
 0.00735200000,2.60000,2.48000
 0.00735400000,2.64000,2.52000
 0.00735600000,2.48000,2.36000
 0.00735800000,2.60000,2.44000
 0.00736000000,2.56000,2.44000
 0.00736200000,2.56000,2.44000
 0.00736400000,2.56000,2.44000
 0.00736600000,2.56000,2.44000
 0.00736800000,2.56000,2.44000
 0.00737000000,2.64000,2.52000
 0.00737200000,2.56000,2.44000
 0.00737400000,2.56000,2.44000
 0.00737600000,2.56000,2.48000
 0.00737800000,2.56000,2.44000
 0.00738000000,2.56000,2.44000
 0.00738200000,2.56000,2.44000
 0.00738400000,2.60000,2.44000
 0.00738600000,2.60000,2.44000
 0.00738800000,2.56000,2.44000
 0.00739000000,2.60000,2.44000
 0.00739200000,2.52000,2.44000
 0.00739400000,2.56000,2.48000
 0.00739600000,2.56000,2.44000
 0.00739800000,2.56000,2.44000
 0.00740000000,2.56000,2.40000
 0.00740200000,2.56000,2.44000
 0.00740400000,2.60000,2.44000
 0.00740600000,2.48000,2.40000
 0.00740800000,2.56000,2.44000
 0.00741000000,2.56000,2.44000
 0.00741200000,2.56000,2.44000
 0.00741400000,2.60000,2.44000
 0.00741600000,2.56000,2.44000
 0.00741800000,2.52000,2.44000
 0.00742000000,2.56000,2.44000
 0.00742200000,2.64000,2.44000
 0.00742400000,2.60000,2.48000
 0.00742600000,2.60000,2.44000
 0.00742800000,2.60000,2.36000
 0.00743000000,2.56000,2.44000
 0.00743200000,2.56000,2.44000
 0.00743400000,2.60000,2.44000
 0.00743600000,2.56000,2.44000
 0.00743800000,2.56000,2.44000
 0.00744000000,2.60000,2.48000
 0.00744200000,2.56000,2.44000
 0.00744400000,2.56000,2.44000
 0.00744600000,2.56000,2.44000
 0.00744800000,2.56000,2.40000
 0.00745000000,2.60000,2.48000
 0.00745200000,2.60000,2.44000
 0.00745400000,2.56000,2.44000
 0.00745600000,2.52000,2.40000
 0.00745800000,2.64000,2.52000
 0.00746000000,2.60000,2.44000
 0.00746200000,2.56000,2.44000
 0.00746400000,2.60000,2.48000
 0.00746600000,2.60000,2.44000
 0.00746800000,2.64000,2.48000
 0.00747000000,2.60000,2.44000
 0.00747200000,2.60000,2.44000
 0.00747400000,2.56000,2.44000
 0.00747600000,2.60000,2.44000
 0.00747800000,2.56000,2.44000
 0.00748000000,2.56000,2.44000
 0.00748200000,2.56000,2.44000
 0.00748400000,2.56000,2.44000
 0.00748600000,2.56000,2.44000
 0.00748800000,2.68000,2.56000
 0.00749000000,2.60000,2.48000
 0.00749200000,2.52000,2.44000
 0.00749400000,2.60000,2.48000
 0.00749600000,2.56000,2.44000
 0.00749800000,2.60000,2.44000
 0.00750000000,2.56000,2.44000
 0.00750200000,2.56000,2.48000
 0.00750400000,2.68000,2.56000
 0.00750600000,2.56000,2.44000
 0.00750800000,2.60000,2.44000
 0.00751000000,2.56000,2.44000
 0.00751200000,2.60000,2.44000
 0.00751400000,2.56000,2.44000
 0.00751600000,2.60000,2.44000
 0.00751800000,2.56000,2.44000
 0.00752000000,2.60000,2.44000
 0.00752200000,2.60000,2.44000
 0.00752400000,2.56000,2.44000
 0.00752600000,2.64000,2.48000
 0.00752800000,2.60000,2.48000
 0.00753000000,2.60000,2.44000
 0.00753200000,2.56000,2.44000
 0.00753400000,2.60000,2.44000
 0.00753600000,2.60000,2.44000
 0.00753800000,2.64000,2.52000
 0.00754000000,2.60000,2.48000
 0.00754200000,2.56000,2.48000
 0.00754400000,2.56000,2.44000
 0.00754600000,2.60000,2.44000
 0.00754800000,2.56000,2.44000
 0.00755000000,2.52000,2.36000
 0.00755200000,2.56000,2.44000
 0.00755400000,2.56000,2.44000
 0.00755600000,2.56000,2.44000
 0.00755800000,2.60000,2.44000
 0.00756000000,2.60000,2.48000
 0.00756200000,2.60000,2.44000
 0.00756400000,2.60000,2.48000
 0.00756600000,2.64000,2.48000
 0.00756800000,2.52000,2.40000
 0.00757000000,2.56000,2.44000
 0.00757200000,2.60000,2.48000
 0.00757400000,2.56000,2.44000
 0.00757600000,2.60000,2.48000
 0.00757800000,2.56000,2.44000
 0.00758000000,2.60000,2.48000
 0.00758200000,2.60000,2.48000
 0.00758400000,2.52000,2.44000
 0.00758600000,2.56000,2.48000
 0.00758800000,2.60000,2.48000
 0.00759000000,2.48000,2.32000
 0.00759200000,2.60000,2.44000
 0.00759400000,2.56000,2.44000
 0.00759600000,2.56000,2.44000
 0.00759800000,2.52000,2.40000
 0.00760000000,2.56000,2.44000
 0.00760200000,2.60000,2.48000
 0.00760400000,2.56000,2.44000
 0.00760600000,2.56000,2.48000
 0.00760800000,2.56000,2.48000
 0.00761000000,2.60000,2.48000
 0.00761200000,2.60000,2.48000
 0.00761400000,2.56000,2.44000
 0.00761600000,2.56000,2.48000
 0.00761800000,2.60000,2.48000
 0.00762000000,2.56000,2.44000
 0.00762200000,2.56000,2.44000
 0.00762400000,2.60000,2.44000
 0.00762600000,2.56000,2.44000
 0.00762800000,2.60000,2.48000
 0.00763000000,2.56000,2.44000
 0.00763200000,2.56000,2.44000
 0.00763400000,2.60000,2.48000
 0.00763600000,2.60000,2.44000
 0.00763800000,2.60000,2.44000
 0.00764000000,2.56000,2.44000
 0.00764200000,2.56000,2.44000
 0.00764400000,2.56000,2.44000
 0.00764600000,2.60000,2.48000
 0.00764800000,2.60000,2.44000
 0.00765000000,2.56000,2.44000
 0.00765200000,2.52000,2.40000
 0.00765400000,2.56000,2.44000
 0.00765600000,2.56000,2.44000
 0.00765800000,2.56000,2.44000
 0.00766000000,2.56000,2.40000
 0.00766200000,2.60000,2.48000
 0.00766400000,2.60000,2.48000
 0.00766600000,2.56000,2.48000
 0.00766800000,2.60000,2.44000
 0.00767000000,2.56000,2.48000
 0.00767200000,2.56000,2.44000
 0.00767400000,2.56000,2.44000
 0.00767600000,2.60000,2.48000
 0.00767800000,2.60000,2.48000
 0.00768000000,2.56000,2.44000
 0.00768200000,3.56000,1.36000
 0.00768400000,3.52000,1.32000
 0.00768600000,3.52000,1.32000
 0.00768800000,3.48000,1.28000
 0.00769000000,3.52000,1.36000
 0.00769200000,3.52000,1.32000
 0.00769400000,3.48000,1.32000
 0.00769600000,3.48000,1.28000
 0.00769800000,3.52000,1.32000
 0.00770000000,3.56000,1.36000
 0.00770200000,3.52000,1.32000
 0.00770400000,3.52000,1.36000
 0.00770600000,3.44000,1.28000
 0.00770800000,3.52000,1.32000
 0.00771000000,3.48000,1.32000
 0.00771200000,3.48000,1.32000
 0.00771400000,3.52000,1.32000
 0.00771600000,3.48000,1.28000
 0.00771800000,3.48000,1.32000
 0.00772000000,3.60000,1.44000
 0.00772200000,3.48000,1.32000
 0.00772400000,3.48000,1.36000
 0.00772600000,3.52000,1.32000
 0.00772800000,3.48000,1.32000
 0.00773000000,3.52000,1.32000
 0.00773200000,3.48000,1.32000
 0.00773400000,3.52000,1.36000
 0.00773600000,3.44000,1.28000
 0.00773800000,3.48000,1.32000
 0.00774000000,3.48000,1.32000
 0.00774200000,3.48000,1.32000
 0.00774400000,3.48000,1.28000
 0.00774600000,3.48000,1.32000
 0.00774800000,3.48000,1.32000
 0.00775000000,3.44000,1.28000
 0.00775200000,3.48000,1.32000
 0.00775400000,3.48000,1.32000
 0.00775600000,3.44000,1.32000
 0.00775800000,3.52000,1.40000
 0.00776000000,3.48000,1.32000
 0.00776200000,3.44000,1.28000
 0.00776400000,3.44000,1.32000
 0.00776600000,3.44000,1.32000
 0.00776800000,3.56000,1.40000
 0.00777000000,3.44000,1.32000
 0.00777200000,3.48000,1.32000
 0.00777400000,3.44000,1.28000
 0.00777600000,3.48000,1.32000
 0.00777800000,3.48000,1.32000
 0.00778000000,3.44000,1.32000
 0.00778200000,3.44000,1.28000
 0.00778400000,3.48000,1.32000
 0.00778600000,2.40000,2.28000
 0.00778800000,2.48000,2.32000
 0.00779000000,2.44000,2.32000
 0.00779200000,2.44000,2.32000
 0.00779400000,2.48000,2.40000
 0.00779600000,2.48000,2.36000
 0.00779800000,2.52000,2.36000
 0.00780000000,2.52000,2.44000
 0.00780200000,2.48000,2.40000
 0.00780400000,2.56000,2.44000
 0.00780600000,2.52000,2.44000
 0.00780800000,2.52000,2.40000
 0.00781000000,2.56000,2.44000
 0.00781200000,3.48000,1.32000
 0.00781400063,3.44000,1.28000
 0.00781600000,3.48000,1.32000
 0.00781800063,3.48000,1.32000
 0.00782000000,3.44000,1.32000
 0.00782200063,3.48000,1.32000
 0.00782400000,3.48000,1.36000
 0.00782599938,3.48000,1.32000
 0.00782800000,3.48000,1.32000
 0.00782999938,3.44000,1.28000
 0.00783200000,3.44000,1.28000
 0.00783399938,3.44000,1.32000
 0.00783600000,3.48000,1.36000
 0.00783799938,2.44000,2.32000
 0.00784000000,2.48000,2.36000
 0.00784199938,2.48000,2.32000
 0.00784400000,2.44000,2.32000
 0.00784599938,2.52000,2.36000
 0.00784800000,2.48000,2.32000
 0.00785000000,2.52000,2.40000
 0.00785200000,2.52000,2.40000
 0.00785400000,2.52000,2.44000
 0.00785600000,2.52000,2.44000
 0.00785800000,2.52000,2.44000
 0.00786000000,2.56000,2.44000
 0.00786200000,2.56000,2.44000
 0.00786400000,2.56000,2.44000
 0.00786600000,2.56000,2.44000
 0.00786800000,2.52000,2.44000
 0.00787000000,2.56000,2.44000
 0.00787200063,2.52000,2.44000
 0.00787400000,2.56000,2.44000
 0.00787600063,2.56000,2.44000
 0.00787800000,2.56000,2.44000
 0.00788000063,2.56000,2.48000
 0.00788200000,2.56000,2.44000
 0.00788400063,2.60000,2.48000
 0.00788600000,2.56000,2.44000
 0.00788799938,2.60000,2.44000
 0.00789000000,2.60000,2.48000
 0.00789199938,2.56000,2.44000
 0.00789400000,2.64000,2.52000
 0.00789599938,2.56000,2.48000
 0.00789800000,2.56000,2.44000
 0.00789999938,2.56000,2.44000
 0.00790200000,2.56000,2.48000
 0.00790399938,2.56000,2.44000
 0.00790600000,2.56000,2.44000
 0.00790799938,2.52000,2.44000
 0.00791000000,2.56000,2.48000
 0.00791200000,2.56000,2.44000
 0.00791400000,2.60000,2.48000
 0.00791600000,3.52000,1.32000
 0.00791800000,3.48000,1.28000
 0.00792000000,3.52000,1.32000
 0.00792200000,3.52000,1.36000
 0.00792400000,3.60000,1.40000
 0.00792600000,3.48000,1.32000
 0.00792800000,3.52000,1.36000
 0.00793000063,3.52000,1.36000
 0.00793200000,3.52000,1.32000
 0.00793400063,3.48000,1.36000
 0.00793600000,3.48000,1.32000
 0.00793800063,3.48000,1.28000
 0.00794000000,3.48000,1.32000
 0.00794200063,2.48000,2.36000
 0.00794400000,2.48000,2.36000
 0.00794600063,2.44000,2.32000
 0.00794800000,2.48000,2.32000
 0.00794999938,2.52000,2.36000
 0.00795200000,2.52000,2.44000
 0.00795399938,2.48000,2.36000
 0.00795600000,2.52000,2.40000
 0.00795799938,2.52000,2.44000
 0.00796000000,2.52000,2.40000
 0.00796199938,2.52000,2.44000
 0.00796400000,2.52000,2.44000
 0.00796599938,2.60000,2.44000
 0.00796800000,2.56000,2.44000
 0.00796999938,2.56000,2.44000
 0.00797200000,2.56000,2.44000
 0.00797400000,2.52000,2.44000
 0.00797600000,2.56000,2.44000
 0.00797800000,2.56000,2.44000
 0.00798000000,2.56000,2.44000
 0.00798200000,2.64000,2.48000
 0.00798400000,2.56000,2.44000
 0.00798600000,2.56000,2.44000
 0.00798800000,2.52000,2.40000
 0.00799000000,2.56000,2.44000
 0.00799200063,2.56000,2.48000
 0.00799400000,2.56000,2.44000
 0.00799600063,2.56000,2.44000
 0.00799800000,2.56000,2.44000
 0.00800000063,2.56000,2.44000
 0.00800200000,2.56000,2.44000
 0.00800400063,2.60000,2.48000
 0.00800600000,3.60000,1.32000
 0.00800800063,3.56000,1.32000
 0.00801000000,3.60000,1.32000
 0.00801199938,3.56000,1.32000
 0.00801400000,3.60000,1.36000
 0.00801599938,3.60000,1.32000
 0.00801800000,3.56000,1.28000
 0.00801999938,3.60000,1.32000
 0.00802200000,3.56000,1.36000
 0.00802399938,3.60000,1.36000
 0.00802600000,3.56000,1.28000
 0.00802799938,3.60000,1.36000
 0.00803000000,3.72000,1.44000
 0.00803200000,2.48000,2.32000
 0.00803400000,2.48000,2.36000
 0.00803600000,2.56000,2.40000
 0.00803800000,2.56000,2.40000
 0.00804000000,2.56000,2.44000
 0.00804200000,2.56000,2.44000
 0.00804400000,2.56000,2.44000
 0.00804600000,2.56000,2.44000
 0.00804800000,2.52000,2.44000
 0.00805000000,2.56000,2.44000
 0.00805200000,2.60000,2.44000
 0.00805400063,2.52000,2.44000
 0.00805600000,2.60000,2.44000
 0.00805800063,2.56000,2.44000
 0.00806000000,2.56000,2.44000
 0.00806200063,2.56000,2.44000
 0.00806400000,2.56000,2.44000
 0.00806600063,2.56000,2.48000
 0.00806800000,2.56000,2.44000
 0.00806999938,2.52000,2.44000
 0.00807200000,2.56000,2.44000
 0.00807399938,2.56000,2.44000
 0.00807600000,2.56000,2.44000
 0.00807799938,2.48000,2.40000
 0.00808000000,2.60000,2.48000
 0.00808199938,2.56000,2.44000
 0.00808400000,3.60000,1.32000
 0.00808599938,3.60000,1.32000
 0.00808800000,3.48000,1.24000
 0.00808999938,3.56000,1.28000
 0.00809200000,3.56000,1.32000
 0.00809400000,3.56000,1.28000
 0.00809600000,3.60000,1.36000
 0.00809800000,3.60000,1.32000
 0.00810000000,3.56000,1.28000
 0.00810200000,3.56000,1.28000
 0.00810400000,3.56000,1.32000
 0.00810600000,3.60000,1.32000
 0.00810800000,3.56000,1.28000
 0.00811000000,3.60000,1.36000
 0.00811200000,3.60000,1.36000
 0.00811400000,3.56000,1.32000
 0.00811600063,3.60000,1.32000
 0.00811800000,3.60000,1.36000
 0.00812000063,3.60000,1.36000
 0.00812200000,3.56000,1.32000
 0.00812400063,3.56000,1.36000
 0.00812600000,3.56000,1.36000
 0.00812800063,3.56000,1.36000
 0.00813000000,3.56000,1.28000
 0.00813199938,3.60000,1.36000
 0.00813400000,3.56000,1.32000
 0.00813599938,2.40000,2.32000
 0.00813800000,2.52000,2.36000
 0.00813999938,2.48000,2.40000
 0.00814200000,2.52000,2.40000
 0.00814399938,2.52000,2.44000
 0.00814600000,2.52000,2.40000
 0.00814799938,2.56000,2.44000
 0.00815000000,2.56000,2.44000
 0.00815199938,2.52000,2.44000
 0.00815400000,2.52000,2.40000
 0.00815600000,2.56000,2.44000
 0.00815800000,2.52000,2.44000
 0.00816000000,2.56000,2.44000
 0.00816200000,2.52000,2.44000
 0.00816400000,2.56000,2.44000
 0.00816600000,2.56000,2.44000
 0.00816800000,2.56000,2.44000
 0.00817000000,2.52000,2.40000
 0.00817200000,2.56000,2.44000
 0.00817400000,2.56000,2.44000
 0.00817600000,2.60000,2.44000
 0.00817800063,2.56000,2.48000
 0.00818000000,2.56000,2.44000
 0.00818200063,2.56000,2.44000
 0.00818400000,2.64000,2.52000
 0.00818600063,2.56000,2.44000
 0.00818800000,3.60000,1.36000
 0.00819000063,3.60000,1.32000
 0.00819200000,3.60000,1.32000
 0.00819399938,3.60000,1.36000
 0.00819600000,3.56000,1.36000
 0.00819799938,3.56000,1.32000
 0.00820000000,3.60000,1.36000
 0.00820199938,3.56000,1.32000
 0.00820400000,3.60000,1.28000
 0.00820599938,3.64000,1.40000
 0.00820800000,3.56000,1.32000
 0.00820999938,3.56000,1.32000
 0.00821200000,3.56000,1.32000
 0.00821399938,2.52000,2.40000
 0.00821600000,2.48000,2.32000
 0.00821800000,2.52000,2.36000
 0.00822000000,2.52000,2.40000
 0.00822200000,2.56000,2.44000
 0.00822400000,2.52000,2.36000
 0.00822600000,2.64000,2.48000
 0.00822800000,2.56000,2.44000
 0.00823000000,2.52000,2.40000
 0.00823200000,2.56000,2.44000
 0.00823400000,2.56000,2.44000
 0.00823600063,2.56000,2.40000
 0.00823800000,2.56000,2.44000
 0.00824000063,2.56000,2.44000
 0.00824200000,2.56000,2.48000
 0.00824400063,2.56000,2.44000
 0.00824600000,2.56000,2.44000
 0.00824800063,2.56000,2.44000
 0.00825000000,2.56000,2.44000
 0.00825200063,2.60000,2.44000
 0.00825400000,2.60000,2.44000
 0.00825599938,2.56000,2.44000
 0.00825800000,2.56000,2.48000
 0.00825999938,2.56000,2.44000
 0.00826200000,2.56000,2.44000
 0.00826399938,2.56000,2.44000
 0.00826600000,2.56000,2.44000
 0.00826799938,2.60000,2.48000
 0.00827000000,2.56000,2.48000
 0.00827199938,2.52000,2.44000
 0.00827400000,2.56000,2.48000
 0.00827600000,2.60000,2.44000
 0.00827800000,2.56000,2.44000
 0.00828000000,2.60000,2.44000
 0.00828200000,2.56000,2.44000
 0.00828400000,2.60000,2.44000
 0.00828600000,2.56000,2.44000
 0.00828800000,2.60000,2.44000
 0.00829000000,2.60000,2.44000
 0.00829200000,2.56000,2.48000
 0.00829400000,2.56000,2.48000
 0.00829600000,2.56000,2.44000
 0.00829800063,2.52000,2.40000
 0.00830000000,2.56000,2.48000
 0.00830200063,2.56000,2.44000
 0.00830400000,2.60000,2.44000
 0.00830600063,2.56000,2.44000
 0.00830800000,2.56000,2.44000
 0.00831000063,2.56000,2.44000
 0.00831200000,2.56000,2.48000
 0.00831400063,2.56000,2.44000
 0.00831600000,2.60000,2.44000
 0.00831799938,2.56000,2.44000
 0.00832000000,2.56000,2.44000
 0.00832199938,2.60000,2.44000
 0.00832400000,2.56000,2.44000
 0.00832599938,2.56000,2.44000
 0.00832800000,2.60000,2.48000
 0.00832999938,2.60000,2.44000
 0.00833200000,2.60000,2.44000
 0.00833399938,2.56000,2.44000
 0.00833600000,2.60000,2.44000
 0.00833800000,2.56000,2.48000
 0.00834000000,2.56000,2.44000
 0.00834200000,2.56000,2.44000
 0.00834400000,2.56000,2.44000
 0.00834600000,2.56000,2.44000
 0.00834800000,2.56000,2.44000
 0.00835000000,2.60000,2.44000
 0.00835200000,3.64000,1.36000
 0.00835400000,3.60000,1.32000
 0.00835600000,3.56000,1.28000
 0.00835800000,3.56000,1.32000
 0.00836000063,3.60000,1.32000
 0.00836200000,3.64000,1.36000
 0.00836400063,3.56000,1.32000
 0.00836600000,3.56000,1.32000
 0.00836800063,3.60000,1.32000
 0.00837000000,3.56000,1.32000
 0.00837200063,3.56000,1.32000
 0.00837400000,3.64000,1.40000
 0.00837599938,3.64000,1.40000
 0.00837800000,2.52000,2.36000
 0.00837999938,2.52000,2.40000
 0.00838200000,2.56000,2.48000
 0.00838399938,2.52000,2.36000
 0.00838600000,2.56000,2.40000
 0.00838799938,2.56000,2.44000
 0.00839000000,2.60000,2.44000
 0.00839199938,2.56000,2.44000
 0.00839400000,2.56000,2.44000
 0.00839599938,2.56000,2.44000
 0.00839800000,2.72000,2.60000
 0.00840000000,2.56000,2.44000
 0.00840200000,2.56000,2.44000
 0.00840400000,3.60000,1.32000
 0.00840600000,3.48000,1.24000
 0.00840800000,3.56000,1.28000
 0.00841000000,3.60000,1.32000
 0.00841200000,3.56000,1.32000
 0.00841400000,3.60000,1.24000
 0.00841600000,3.60000,1.32000
 0.00841800000,3.60000,1.36000
 0.00842000000,3.60000,1.32000
 0.00842200063,3.60000,1.36000
 0.00842400000,3.56000,1.28000
 0.00842600063,3.60000,1.36000
 0.00842800000,3.60000,1.36000
 0.00843000063,3.60000,1.32000
 0.00843200000,3.60000,1.36000
 0.00843400063,3.60000,1.32000
 0.00843600000,3.56000,1.32000
 0.00843799938,3.56000,1.32000
 0.00844000000,3.60000,1.32000
 0.00844199938,3.60000,1.36000
 0.00844400000,3.56000,1.32000
 0.00844599938,3.60000,1.32000
 0.00844800000,3.56000,1.32000
 0.00844999938,3.60000,1.32000
 0.00845200000,3.60000,1.36000
 0.00845399938,3.56000,1.36000
 0.00845600000,2.44000,2.32000
 0.00845799938,2.52000,2.40000
 0.00846000000,2.56000,2.44000
 0.00846200000,2.52000,2.40000
 0.00846400000,2.56000,2.44000
 0.00846600000,2.52000,2.40000
 0.00846800000,2.56000,2.44000
 0.00847000000,2.52000,2.44000
 0.00847200000,2.56000,2.40000
 0.00847400000,2.56000,2.44000
 0.00847600000,2.56000,2.44000
 0.00847800000,2.56000,2.44000
 0.00848000000,2.56000,2.44000
 0.00848200000,3.60000,1.32000
 0.00848400063,3.60000,1.36000
 0.00848600000,3.60000,1.32000
 0.00848800063,3.60000,1.28000
 0.00849000000,3.56000,1.32000
 0.00849200063,3.60000,1.32000
 0.00849400000,3.56000,1.32000
 0.00849600063,3.60000,1.36000
 0.00849800000,3.56000,1.32000
 0.00849999938,3.60000,1.36000
 0.00850200000,3.60000,1.32000
 0.00850399938,3.56000,1.32000
 0.00850600000,3.56000,1.32000
 0.00850799938,3.56000,1.32000
 0.00851000000,3.60000,1.32000
 0.00851199938,3.60000,1.36000
 0.00851400000,3.60000,1.36000
 0.00851599938,3.60000,1.32000
 0.00851800000,3.60000,1.36000
 0.00851999938,3.60000,1.40000
 0.00852200000,3.56000,1.32000
 0.00852400000,3.56000,1.36000
 0.00852600000,3.52000,1.24000
 0.00852800000,3.72000,1.48000
 0.00853000000,3.56000,1.32000
 0.00853200000,3.56000,1.36000
 0.00853400000,3.56000,1.36000
 0.00853600000,3.48000,1.28000
 0.00853800000,3.56000,1.32000
 0.00854000000,3.60000,1.36000
 0.00854200063,3.56000,1.32000
 0.00854400000,3.40000,1.24000
 0.00854600063,3.56000,1.36000
 0.00854800000,3.56000,1.32000
 0.00855000063,3.56000,1.32000
 0.00855200000,3.60000,1.36000
 0.00855400063,3.56000,1.32000
 0.00855600000,3.56000,1.32000
 0.00855800063,3.56000,1.32000
 0.00856000000,3.60000,1.32000
 0.00856199938,3.56000,1.36000
 0.00856400000,3.60000,1.36000
 0.00856599938,3.56000,1.32000
 0.00856800000,3.56000,1.32000
 0.00856999938,3.60000,1.32000
 0.00857200000,3.56000,1.32000
 0.00857399938,3.56000,1.32000
 0.00857600000,3.52000,1.28000
 0.00857799938,3.56000,1.32000
 0.00858000000,3.56000,1.32000
 0.00858200000,3.60000,1.32000
 0.00858400000,3.56000,1.28000
 0.00858600000,3.60000,1.32000
 0.00858800000,3.60000,1.36000
 0.00859000000,3.56000,1.36000
 0.00859200000,3.56000,1.32000
 0.00859400000,3.56000,1.32000
 0.00859600000,3.56000,1.32000
 0.00859800000,3.56000,1.32000
 0.00860000000,3.56000,1.32000
 0.00860200000,3.60000,1.40000
 0.00860400063,3.56000,1.36000
 0.00860600000,3.56000,1.32000
 0.00860800063,3.56000,1.36000
 0.00861000000,3.56000,1.32000
 0.00861200063,2.52000,2.40000
 0.00861400000,2.48000,2.40000
 0.00861600063,2.52000,2.40000
 0.00861800000,2.52000,2.44000
 0.00861999938,2.52000,2.40000
 0.00862200000,2.52000,2.40000
 0.00862399938,2.52000,2.40000
 0.00862600000,2.52000,2.40000
 0.00862799938,2.52000,2.44000
 0.00863000000,2.56000,2.44000
 0.00863199938,2.56000,2.44000
 0.00863400000,2.60000,2.48000
 0.00863599938,2.60000,2.44000
 0.00863800000,2.52000,2.44000
 0.00863999938,2.56000,2.48000
 0.00864200000,2.56000,2.48000
 0.00864400000,2.56000,2.44000
 0.00864600000,2.56000,2.44000
 0.00864800000,2.52000,2.36000
 0.00865000000,2.48000,2.36000
 0.00865200000,2.56000,2.44000
 0.00865400000,2.56000,2.44000
 0.00865600000,2.56000,2.44000
 0.00865800000,2.64000,2.60000
 0.00866000000,2.52000,2.44000
 0.00866200000,2.56000,2.44000
 0.00866400000,2.56000,2.44000
 0.00866600063,2.60000,2.44000
 0.00866800000,2.56000,2.44000
 0.00867000063,2.60000,2.48000
 0.00867200000,2.48000,2.36000
 0.00867400063,2.56000,2.44000
 0.00867600000,2.56000,2.48000
 0.00867800063,2.56000,2.44000
 0.00868000000,2.56000,2.44000
 0.00868199938,2.52000,2.44000
 0.00868400000,2.60000,2.48000
 0.00868599938,2.56000,2.44000
 0.00868800000,2.56000,2.44000
 0.00868999938,2.56000,2.44000
 0.00869200000,2.60000,2.48000
 0.00869399938,2.56000,2.44000
 0.00869600000,3.60000,1.32000
 0.00869799938,3.56000,1.28000
 0.00870000000,3.60000,1.36000
 0.00870199938,3.60000,1.32000
 0.00870400000,3.56000,1.32000
 0.00870600000,3.60000,1.32000
 0.00870800000,3.60000,1.36000
 0.00871000000,3.56000,1.32000
 0.00871200000,3.60000,1.44000
 0.00871400000,3.56000,1.32000
 0.00871600000,3.60000,1.36000
 0.00871800000,3.56000,1.32000
 0.00872000000,3.52000,1.28000
 0.00872200000,3.60000,1.36000
 0.00872400000,3.60000,1.28000
 0.00872600000,3.60000,1.32000
 0.00872800063,3.60000,1.36000
 0.00873000000,3.60000,1.32000
 0.00873200063,3.60000,1.40000
 0.00873400000,3.60000,1.36000
 0.00873600063,3.52000,1.28000
 0.00873800000,3.56000,1.32000
 0.00874000063,3.44000,1.12000
 0.00874200000,3.56000,1.32000
 0.00874399938,3.60000,1.32000
 0.00874600000,3.64000,1.40000
 0.00874799938,2.68000,2.60000
 0.00875000000,2.48000,2.36000
 0.00875199938,2.52000,2.40000
 0.00875400000,2.52000,2.40000
 0.00875599938,2.52000,2.40000
 0.00875800000,2.48000,2.44000
 0.00875999938,2.56000,2.40000
 0.00876200000,2.52000,2.44000
 0.00876399938,2.56000,2.44000
 0.00876600000,2.52000,2.40000
 0.00876800000,2.52000,2.40000
 0.00877000000,2.56000,2.44000
 0.00877200000,2.52000,2.44000
 0.00877400000,3.60000,1.32000
 0.00877600000,3.60000,1.32000
 0.00877800000,3.60000,1.32000
 0.00878000000,3.60000,1.32000
 0.00878200000,3.64000,1.36000
 0.00878400000,3.52000,1.28000
 0.00878600000,3.56000,1.28000
 0.00878800000,3.60000,1.36000
 0.00879000063,3.56000,1.32000
 0.00879200000,3.60000,1.32000
 0.00879400063,3.56000,1.32000
 0.00879600000,3.60000,1.32000
 0.00879800063,3.60000,1.40000
 0.00880000000,2.52000,2.36000
 0.00880200063,2.52000,2.44000
 0.00880400000,2.56000,2.44000
 0.00880599938,2.52000,2.44000
 0.00880800000,2.56000,2.44000
 0.00880999938,2.48000,2.36000
 0.00881200000,2.56000,2.44000
 0.00881399938,2.64000,2.48000
 0.00881600000,2.56000,2.44000
 0.00881799938,2.56000,2.44000
 0.00882000000,2.56000,2.44000
 0.00882199938,2.48000,2.32000
 0.00882400000,2.56000,2.44000
 0.00882599938,2.52000,2.40000
 0.00882800000,2.56000,2.44000
 0.00883000000,2.56000,2.44000
 0.00883200000,2.56000,2.48000
 0.00883400000,2.56000,2.44000
 0.00883600000,2.56000,2.44000
 0.00883800000,2.44000,2.32000
 0.00884000000,2.56000,2.44000
 0.00884200000,2.56000,2.44000
 0.00884400000,2.56000,2.44000
 0.00884600000,2.56000,2.44000
 0.00884800063,2.56000,2.44000
 0.00885000000,2.60000,2.48000
 0.00885200063,2.56000,2.48000
 0.00885400000,2.56000,2.44000
 0.00885600063,2.64000,2.48000
 0.00885800000,2.56000,2.48000
 0.00886000063,2.56000,2.44000
 0.00886200000,2.56000,2.44000
 0.00886400063,2.60000,2.44000
 0.00886600000,2.56000,2.44000
 0.00886799938,2.48000,2.44000
 0.00887000000,2.56000,2.44000
 0.00887199938,2.56000,2.48000
 0.00887400000,2.60000,2.44000
 0.00887599938,2.60000,2.48000
 0.00887800000,3.60000,1.32000
 0.00887999938,3.60000,1.32000
 0.00888200000,3.60000,1.32000
 0.00888399938,3.60000,1.36000
 0.00888600000,3.60000,1.32000
 0.00888800000,3.60000,1.32000
 0.00889000000,3.60000,1.32000
 0.00889200000,3.60000,1.36000
 0.00889400000,3.60000,1.28000
 0.00889600000,3.56000,1.28000
 0.00889800000,3.60000,1.36000
 0.00890000000,3.60000,1.32000
 0.00890200000,3.60000,1.32000
 0.00890400000,3.32000,1.12000
 0.00890600000,3.60000,1.32000
 0.00890800000,3.60000,1.32000
 0.00891000063,3.60000,1.36000
 0.00891200000,3.44000,1.24000
 0.00891400063,3.60000,1.40000
 0.00891600000,3.60000,1.28000
 0.00891800063,3.60000,1.32000
 0.00892000000,3.64000,1.36000
 0.00892200063,3.60000,1.32000
 0.00892400000,3.60000,1.32000
 0.00892599938,3.56000,1.28000
 0.00892800000,3.60000,1.36000
 0.00892999938,3.56000,1.32000
 0.00893200000,3.60000,1.36000
 0.00893399938,3.60000,1.32000
 0.00893600000,3.56000,1.36000
 0.00893799938,3.64000,1.36000
 0.00894000000,3.56000,1.32000
 0.00894199938,3.56000,1.28000
 0.00894400000,3.60000,1.36000
 0.00894599938,3.60000,1.32000
 0.00894800000,3.56000,1.32000
 0.00895000000,3.56000,1.32000
 0.00895200000,3.56000,1.32000
 0.00895400000,3.60000,1.32000
 0.00895600000,2.52000,2.40000
 0.00895800000,2.48000,2.40000
 0.00896000000,2.52000,2.40000
 0.00896200000,2.52000,2.40000
 0.00896400000,2.52000,2.44000
 0.00896600000,2.56000,2.44000
 0.00896800000,2.52000,2.44000
 0.00897000000,2.52000,2.44000
 0.00897200063,2.60000,2.48000
 0.00897400000,2.56000,2.44000
 0.00897600063,2.56000,2.44000
 0.00897800000,2.68000,2.48000
 0.00898000063,2.56000,2.44000
 0.00898200000,2.56000,2.44000
 0.00898400063,2.52000,2.36000
 0.00898600000,2.72000,2.48000
 0.00898799938,2.60000,2.44000
 0.00899000000,2.56000,2.48000
 0.00899199938,2.56000,2.44000
 0.00899400000,2.56000,2.44000
 0.00899599938,2.56000,2.44000
 0.00899800000,2.56000,2.44000
 0.00899999938,2.56000,2.44000
 0.00900200000,2.56000,2.44000
 0.00900399938,2.60000,2.48000
 0.00900600000,2.56000,2.44000
 0.00900799938,2.56000,2.44000
 0.00901000000,2.56000,2.44000
 0.00901200000,2.56000,2.44000
 0.00901400000,2.60000,2.48000
 0.00901600000,2.56000,2.44000
 0.00901800000,2.56000,2.44000
 0.00902000000,2.60000,2.48000
 0.00902200000,2.56000,2.44000
 0.00902400000,2.60000,2.48000
 0.00902600000,2.56000,2.48000
 0.00902800000,2.56000,2.48000
 0.00903000000,2.56000,2.44000
 0.00903200000,2.56000,2.48000
 0.00903400063,2.56000,2.44000
 0.00903600000,2.64000,2.52000
 0.00903800063,2.56000,2.44000
 0.00904000000,3.32000,1.64000
 0.00904200063,3.60000,1.28000
 0.00904400000,3.68000,1.52000
 0.00904600063,3.64000,1.36000
 0.00904800000,3.60000,1.36000
 0.00904999938,3.60000,1.32000
 0.00905200000,3.40000,1.16000
 0.00905399938,3.60000,1.36000
 0.00905600000,3.60000,1.32000
 0.00905799938,3.60000,1.36000
 0.00906000000,3.60000,1.32000
 0.00906199938,3.60000,1.36000
 0.00906400000,3.60000,1.32000
 0.00906599938,3.60000,1.32000
 0.00906800000,3.60000,1.32000
 0.00906999938,3.60000,1.32000
 0.00907200000,3.60000,1.28000
 0.00907400000,3.60000,1.32000
 0.00907600000,3.56000,1.36000
 0.00907800000,3.64000,1.36000
 0.00908000000,3.60000,1.32000
 0.00908200000,3.56000,1.28000
 0.00908400000,3.56000,1.32000
 0.00908600000,3.60000,1.36000
 0.00908800000,3.52000,1.28000
 0.00909000000,3.60000,1.32000
 0.00909200063,3.60000,1.36000
 0.00909400000,3.64000,1.36000
 0.00909600063,3.60000,1.32000
 0.00909800000,3.60000,1.36000
 0.00910000063,3.64000,1.36000
 0.00910200000,3.52000,1.24000
 0.00910400063,3.60000,1.36000
 0.00910600000,3.56000,1.32000
 0.00910800063,3.60000,1.32000
 0.00911000000,3.76000,1.44000
 0.00911199938,3.60000,1.28000
 0.00911400000,3.60000,1.32000
 0.00911599938,3.56000,1.28000
 0.00911800000,3.76000,1.60000
 0.00911999938,3.60000,1.32000
 0.00912200000,3.60000,1.32000
 0.00912399938,3.60000,1.36000
 0.00912600000,3.60000,1.32000
 0.00912799938,3.56000,1.32000
 0.00913000000,3.60000,1.36000
 0.00913199938,3.60000,1.36000
 0.00913400000,3.60000,1.32000
 0.00913600000,3.56000,1.32000
 0.00913800000,3.56000,1.32000
 0.00914000000,3.64000,1.40000
 0.00914200000,3.60000,1.36000
 0.00914400000,3.56000,1.32000
 0.00914600000,3.60000,1.40000
 0.00914800000,3.60000,1.32000
 0.00915000000,3.56000,1.28000
 0.00915200000,3.64000,1.36000
 0.00915400063,3.56000,1.32000
 0.00915600000,3.56000,1.36000
 0.00915800063,3.60000,1.36000
 0.00916000000,3.56000,1.28000
 0.00916200063,3.56000,1.36000
 0.00916400000,3.60000,1.36000
 0.00916600063,3.56000,1.32000
 0.00916800000,3.56000,1.28000
 0.00917000063,3.56000,1.32000
 0.00917200000,3.60000,1.32000
 0.00917399938,3.60000,1.32000
 0.00917600000,3.60000,1.44000
 0.00917799938,3.56000,1.32000
 0.00918000000,3.56000,1.32000
 0.00918199938,3.60000,1.32000
 0.00918400000,3.60000,1.36000
 0.00918599938,3.56000,1.36000
 0.00918800000,3.60000,1.36000
 0.00918999938,3.60000,1.36000
 0.00919200000,3.60000,1.36000
 0.00919400000,3.56000,1.36000
 0.00919600000,3.56000,1.32000
 0.00919800000,3.60000,1.40000
 0.00920000000,3.56000,1.32000
 0.00920200000,3.56000,1.32000
 0.00920400000,3.60000,1.32000
 0.00920600000,3.56000,1.32000
 0.00920800000,3.56000,1.32000
 0.00921000000,3.64000,1.40000
 0.00921200000,3.60000,1.32000
 0.00921400000,3.56000,1.28000
 0.00921600063,3.56000,1.36000
 0.00921800000,3.48000,1.28000
 0.00922000063,3.56000,1.28000
 0.00922200000,3.60000,1.32000
 0.00922400063,3.60000,1.36000
 0.00922600000,3.48000,1.24000
 0.00922800063,3.56000,1.36000
 0.00923000000,3.56000,1.32000
 0.00923199938,3.56000,1.32000
 0.00923400000,3.40000,1.24000
 0.00923599938,3.56000,1.32000
 0.00923800000,3.60000,1.36000
 0.00923999938,3.56000,1.32000
 0.00924200000,3.60000,1.32000
 0.00924399938,3.60000,1.36000
 0.00924600000,3.60000,1.32000
 0.00924799938,3.56000,1.32000
 0.00925000000,3.56000,1.36000
 0.00925199938,3.52000,1.28000
 0.00925400000,3.56000,1.32000
 0.00925600000,3.52000,1.32000
 0.00925800000,3.60000,1.32000
 0.00926000000,3.56000,1.36000
 0.00926200000,3.64000,1.40000
 0.00926400000,3.56000,1.36000
 0.00926600000,3.56000,1.32000
 0.00926800000,3.56000,1.36000
 0.00927000000,3.56000,1.36000
 0.00927200000,3.60000,1.40000
 0.00927400000,3.56000,1.32000
 0.00927600000,3.60000,1.36000
 0.00927800063,3.60000,1.32000
 0.00928000000,3.60000,1.36000
 0.00928200063,3.56000,1.36000
 0.00928400000,3.56000,1.20000
 0.00928600063,3.56000,1.32000
 0.00928800000,3.56000,1.28000
 0.00929000063,3.60000,1.36000
 0.00929200000,3.40000,1.16000
 0.00929399938,3.56000,1.36000
 0.00929600000,3.52000,1.32000
 0.00929799938,3.56000,1.28000
 0.00930000000,3.56000,1.32000
 0.00930199938,2.52000,2.44000
 0.00930400000,2.52000,2.44000
 0.00930599938,2.52000,2.44000
 0.00930800000,2.52000,2.32000
 0.00930999938,2.56000,2.44000
 0.00931200000,2.52000,2.44000
 0.00931399938,2.56000,2.40000
 0.00931600000,2.52000,2.44000
 0.00931800000,2.52000,2.44000
 0.00932000000,2.52000,2.44000
 0.00932200000,2.56000,2.44000
 0.00932400000,2.52000,2.44000
 0.00932600000,2.64000,2.48000
 0.00932800000,2.56000,2.44000
 0.00933000000,2.52000,2.44000
 0.00933200000,2.52000,2.44000
 0.00933400000,2.44000,2.36000
 0.00933600000,2.56000,2.44000
 0.00933800000,2.56000,2.48000
 0.00934000063,2.56000,2.44000
 0.00934200000,2.36000,2.28000
 0.00934400063,2.56000,2.44000
 0.00934600000,2.56000,2.44000
 0.00934800063,2.56000,2.44000
 0.00935000000,2.56000,2.44000
 0.00935200063,2.56000,2.48000
 0.00935400000,2.56000,2.44000
 0.00935599938,2.60000,2.44000
 0.00935800000,2.56000,2.44000
 0.00935999938,2.60000,2.48000
 0.00936200000,2.56000,2.44000
 0.00936399938,2.56000,2.44000
 0.00936600000,2.56000,2.48000
 0.00936799938,2.56000,2.44000
 0.00937000000,2.56000,2.44000
 0.00937199938,2.56000,2.44000
 0.00937400000,2.60000,2.48000
 0.00937599938,2.56000,2.44000
 0.00937800000,2.60000,2.48000
 0.00938000000,2.56000,2.44000
 0.00938200000,2.56000,2.44000
 0.00938400000,2.72000,2.56000
 0.00938600000,3.60000,1.32000
 0.00938800000,3.64000,1.36000
 0.00939000000,3.56000,1.28000
 0.00939200000,3.60000,1.28000
 0.00939400000,3.60000,1.32000
 0.00939600000,3.60000,1.32000
 0.00939800063,3.60000,1.36000
 0.00940000000,3.60000,1.40000
 0.00940200063,3.60000,1.32000
 0.00940400000,3.60000,1.36000
 0.00940600063,3.60000,1.32000
 0.00940800000,3.60000,1.32000
 0.00941000063,3.60000,1.32000
 0.00941200000,2.48000,2.40000
 0.00941400063,2.52000,2.36000
 0.00941600000,2.52000,2.40000
 0.00941799938,2.48000,2.36000
 0.00942000000,2.56000,2.44000
 0.00942199938,2.56000,2.40000
 0.00942400000,2.52000,2.36000
 0.00942599938,2.56000,2.44000
 0.00942800000,2.56000,2.44000
 0.00942999938,2.56000,2.44000
 0.00943200000,2.56000,2.44000
 0.00943399938,2.56000,2.44000
 0.00943600000,2.52000,2.40000
 0.00943800000,2.56000,2.44000
 0.00944000000,2.56000,2.44000
 0.00944200000,2.76000,2.72000
 0.00944400000,2.56000,2.44000
 0.00944600000,2.56000,2.44000
 0.00944800000,2.56000,2.44000
 0.00945000000,2.56000,2.48000
 0.00945200000,2.56000,2.44000
 0.00945400000,2.56000,2.44000
 0.00945600000,2.56000,2.44000
 0.00945800000,2.56000,2.44000
 0.00946000063,2.60000,2.44000
 0.00946200000,2.56000,2.44000
 0.00946400063,3.64000,1.28000
 0.00946600000,3.60000,1.32000
 0.00946800063,3.60000,1.32000
 0.00947000000,3.60000,1.32000
 0.00947200063,3.60000,1.32000
 0.00947400000,3.60000,1.32000
 0.00947599938,3.60000,1.32000
 0.00947800000,3.64000,1.36000
 0.00947999938,3.60000,1.36000
 0.00948200000,3.64000,1.36000
 0.00948399938,3.64000,1.32000
 0.00948600000,3.60000,1.36000
 0.00948799938,3.56000,1.28000
 0.00949000000,3.60000,1.32000
 0.00949199938,3.88000,1.68000
 0.00949400000,3.64000,1.40000
 0.00949599938,3.60000,1.32000
 0.00949800000,3.60000,1.32000
 0.00950000000,3.60000,1.32000
 0.00950200000,3.60000,1.36000
 0.00950400000,3.60000,1.36000
 0.00950600000,3.60000,1.32000
 0.00950800000,3.60000,1.36000
 0.00951000000,3.60000,1.32000
 0.00951200000,3.60000,1.32000
 0.00951400000,3.60000,1.32000
 0.00951600000,2.52000,2.40000
 0.00951800000,2.52000,2.44000
 0.00952000000,2.52000,2.44000
 0.00952200063,2.56000,2.44000
 0.00952400000,2.56000,2.44000
 0.00952600063,2.64000,2.52000
 0.00952800000,2.56000,2.44000
 0.00953000063,2.56000,2.44000
 0.00953200000,2.56000,2.44000
 0.00953400063,2.48000,2.32000
 0.00953600000,2.56000,2.44000
 0.00953799938,2.56000,2.44000
 0.00954000000,2.52000,2.44000
 0.00954199938,2.56000,2.44000
 0.00954400000,2.56000,2.44000
 0.00954599938,2.56000,2.44000
 0.00954800000,2.56000,2.44000
 0.00954999938,2.56000,2.44000
 0.00955200000,2.52000,2.32000
 0.00955399938,2.60000,2.44000
 0.00955600000,2.60000,2.44000
 0.00955799938,2.56000,2.44000
 0.00956000000,2.60000,2.48000
 0.00956200000,2.56000,2.44000
 0.00956400000,2.56000,2.44000
 0.00956600000,2.60000,2.44000
 0.00956800000,3.56000,1.32000
 0.00957000000,3.60000,1.36000
 0.00957200000,3.60000,1.32000
 0.00957400000,3.60000,1.32000
 0.00957600000,3.80000,1.52000
 0.00957800000,3.60000,1.32000
 0.00958000000,3.64000,1.36000
 0.00958200000,3.64000,1.36000
 0.00958400063,3.44000,1.20000
 0.00958600000,3.60000,1.36000
 0.00958800063,3.56000,1.32000
 0.00959000000,3.60000,1.36000
 0.00959200063,3.60000,1.36000
 0.00959400000,2.52000,2.44000
 0.00959600063,2.52000,2.40000
 0.00959800000,2.52000,2.44000
 0.00959999938,2.56000,2.44000
 0.00960200000,2.56000,2.44000
 0.00960399938,2.56000,2.44000
 0.00960600000,2.52000,2.44000
 0.00960799938,2.52000,2.44000
 0.00961000000,2.52000,2.44000
 0.00961199938,2.56000,2.44000
 0.00961400000,2.56000,2.44000
 0.00961599938,2.56000,2.44000
 0.00961800000,2.56000,2.44000
 0.00961999938,2.60000,2.44000
 0.00962200000,2.56000,2.44000
 0.00962400000,2.56000,2.44000
 0.00962600000,2.32000,2.20000
 0.00962800000,2.52000,2.44000
 0.00963000000,2.56000,2.48000
 0.00963200000,2.60000,2.44000
 0.00963400000,2.56000,2.44000
 0.00963600000,2.56000,2.44000
 0.00963800000,2.56000,2.44000
 0.00964000000,2.60000,2.44000
 0.00964200000,2.56000,2.44000
 0.00964400000,2.56000,2.44000
 0.00964600063,2.56000,2.44000
 0.00964800000,2.56000,2.44000
 0.00965000063,2.60000,2.44000
 0.00965200000,2.56000,2.44000
 0.00965400063,2.56000,2.44000
 0.00965600000,2.56000,2.48000
 0.00965800063,2.60000,2.44000
 0.00966000000,2.60000,2.44000
 0.00966199938,2.52000,2.36000
 0.00966400000,2.60000,2.44000
 0.00966599938,2.60000,2.44000
 0.00966800000,2.72000,2.72000
 0.00966999938,2.60000,2.44000
 0.00967200000,2.60000,2.48000
 0.00967399938,2.56000,2.44000
 0.00967600000,2.60000,2.44000
 0.00967799938,2.56000,2.44000
 0.00968000000,2.60000,2.44000
 0.00968199938,2.56000,2.44000
 0.00968400000,2.56000,2.44000
 0.00968600000,2.60000,2.48000
 0.00968800000,2.56000,2.44000
 0.00969000000,2.60000,2.44000
 0.00969200000,2.56000,2.44000
 0.00969400000,2.52000,2.40000
 0.00969600000,2.56000,2.44000
 0.00969800000,2.56000,2.44000
 0.00970000000,2.56000,2.44000
 0.00970200000,2.64000,2.48000
 0.00970400063,2.56000,2.44000
 0.00970600000,2.56000,2.44000
 0.00970800063,2.64000,2.48000
 0.00971000000,2.44000,2.32000
 0.00971200063,2.56000,2.44000
 0.00971400000,2.56000,2.48000
 0.00971600063,2.60000,2.48000
 0.00971800000,2.56000,2.44000
 0.00972000063,2.64000,2.48000
 0.00972200000,2.60000,2.44000
 0.00972399938,2.56000,2.44000
 0.00972600000,2.56000,2.44000
 0.00972799938,2.56000,2.44000
 0.00973000000,3.72000,1.36000
 0.00973199938,3.60000,1.32000
 0.00973400000,3.64000,1.32000
 0.00973599938,3.68000,1.36000
 0.00973800000,3.60000,1.32000
 0.00973999938,3.60000,1.32000
 0.00974200000,3.60000,1.36000
 0.00974400000,3.52000,1.24000
 0.00974600000,3.60000,1.32000
 0.00974800000,3.60000,1.32000
 0.00975000000,3.60000,1.36000
 0.00975200000,3.84000,1.64000
 0.00975400000,3.60000,1.32000
 0.00975600000,2.72000,2.20000
 0.00975800000,2.52000,2.36000
 0.00976000000,2.52000,2.32000
 0.00976200000,2.52000,2.44000
 0.00976400000,2.56000,2.44000
 0.00976600063,2.56000,2.36000
 0.00976800000,2.56000,2.40000
 0.00977000063,2.52000,2.40000
 0.00977200000,2.56000,2.40000
 0.00977400063,2.56000,2.44000
 0.00977600000,2.56000,2.44000
 0.00977800063,2.68000,2.48000
 0.00978000000,2.56000,2.44000
 0.00978199938,2.56000,2.44000
 0.00978400000,2.60000,2.48000
 0.00978599938,2.44000,2.36000
 0.00978800000,2.56000,2.44000
 0.00978999938,2.56000,2.44000
 0.00979200000,2.60000,2.48000
 0.00979399938,2.60000,2.44000
 0.00979600000,2.60000,2.44000
 0.00979799938,2.60000,2.44000
 0.00980000000,2.56000,2.44000
 0.00980199938,2.56000,2.44000
 0.00980400000,2.60000,2.44000
 0.00980600000,2.56000,2.44000
 0.00980800000,2.56000,2.44000
 0.00981000000,2.56000,2.44000
 0.00981200000,2.56000,2.44000
 0.00981400000,2.60000,2.44000
 0.00981600000,2.56000,2.44000
 0.00981800000,2.60000,2.48000
 0.00982000000,2.68000,2.56000
 0.00982200000,2.52000,2.44000
 0.00982400000,2.60000,2.44000
 0.00982600000,2.64000,2.48000
 0.00982800063,2.52000,2.36000
 0.00983000000,2.56000,2.40000
 0.00983200063,2.56000,2.44000
 0.00983400000,2.56000,2.44000
 0.00983600063,2.60000,2.44000
 0.00983800000,2.56000,2.44000
 0.00984000063,2.56000,2.44000
 0.00984200000,2.60000,2.44000
 0.00984399938,2.56000,2.44000
 0.00984600000,2.56000,2.44000
 0.00984799938,2.60000,2.44000
 0.00985000000,2.56000,2.44000
 0.00985199938,2.56000,2.44000
 0.00985400000,2.56000,2.44000
 0.00985599938,2.56000,2.44000
 0.00985800000,2.56000,2.44000
 0.00985999938,2.60000,2.44000
 0.00986200000,2.48000,2.32000
 0.00986399938,2.56000,2.44000
 0.00986600000,2.60000,2.48000
 0.00986800000,2.60000,2.44000
 0.00987000000,2.56000,2.44000
 0.00987200000,2.56000,2.44000
 0.00987400000,2.56000,2.40000
 0.00987600000,2.56000,2.48000
 0.00987800000,2.56000,2.44000
 0.00988000000,2.56000,2.44000
 0.00988200000,2.60000,2.48000
 0.00988400000,2.60000,2.44000
 0.00988600000,2.60000,2.44000
 0.00988800000,2.56000,2.40000
 0.00989000063,2.60000,2.44000
 0.00989200000,2.56000,2.44000
 0.00989400063,2.60000,2.48000
 0.00989600000,2.68000,2.56000
 0.00989800063,2.56000,2.40000
 0.00990000000,2.60000,2.48000
 0.00990200063,2.60000,2.44000
 0.00990400000,2.72000,2.64000
 0.00990599938,2.60000,2.44000
 0.00990800000,2.60000,2.44000
 0.00990999938,2.56000,2.44000
 0.00991200000,2.64000,2.48000
 0.00991399938,2.56000,2.48000
 0.00991600000,2.60000,2.48000
 0.00991799938,2.60000,2.48000
 0.00992000000,2.56000,2.44000
 0.00992199938,2.60000,2.44000
 0.00992400000,2.60000,2.44000
 0.00992599938,2.56000,2.44000
 0.00992800000,2.56000,2.44000
 0.00993000000,2.56000,2.44000
 0.00993200000,2.56000,2.48000
 0.00993400000,2.60000,2.40000
 0.00993600000,2.60000,2.44000
 0.00993800000,2.72000,2.56000
 0.00994000000,2.60000,2.44000
 0.00994200000,2.56000,2.44000
 0.00994400000,2.60000,2.44000
 0.00994600000,2.60000,2.48000
 0.00994800000,2.56000,2.44000
 0.00995000000,2.60000,2.48000
 0.00995200063,2.60000,2.44000
 0.00995400000,2.60000,2.48000
 0.00995600063,2.56000,2.44000
 0.00995800000,2.60000,2.44000
 0.00996000063,2.56000,2.44000
 0.00996200000,2.56000,2.44000
 0.00996400063,2.60000,2.44000
 0.00996600000,3.60000,1.32000
 0.00996799938,3.60000,1.32000
 0.00997000000,3.60000,1.32000
 0.00997199938,3.52000,1.24000
 0.00997400000,3.68000,1.44000
 0.00997599938,3.64000,1.36000
 0.00997800000,3.56000,1.32000
 0.00997999938,3.60000,1.32000
 0.00998200000,3.64000,1.36000
 0.00998399938,3.60000,1.32000
 0.00998600000,3.60000,1.28000
 0.00998799938,3.60000,1.36000
 0.00999000000,3.64000,1.36000
 0.00999200000,2.52000,2.40000
 0.00999400000,2.52000,2.40000
 0.00999600000,2.60000,2.44000
 0.00999800000,2.56000,2.44000
 0.01000000000,2.56000,2.40000
 0.01000200000,2.52000,2.40000
 0.01000400000,2.56000,2.44000
 0.01000600000,2.60000,2.48000
 0.01000800000,2.56000,2.44000
 0.01001000063,2.56000,2.44000
 0.01001200000,2.52000,2.40000
 0.01001400063,2.44000,2.32000
 0.01001600000,2.56000,2.44000
 0.01001800063,2.56000,2.44000
 0.01002000000,2.64000,2.48000
 0.01002200063,2.56000,2.44000
 0.01002400000,2.56000,2.44000
 0.01002600063,2.56000,2.44000
 0.01002800000,2.56000,2.44000
 0.01002999938,2.56000,2.44000
 0.01003200000,2.56000,2.44000
 0.01003399938,2.56000,2.44000
 0.01003600000,2.60000,2.44000
 0.01003799938,2.56000,2.44000
 0.01004000000,2.56000,2.40000
 0.01004199938,2.64000,2.52000
 0.01004400000,2.60000,2.48000
 0.01004599938,2.60000,2.44000
 0.01004800000,2.84000,2.76000
 0.01005000000,2.60000,2.44000
 0.01005200000,2.56000,2.44000
 0.01005400000,2.60000,2.44000
 0.01005600000,2.60000,2.44000
 0.01005800000,2.56000,2.44000
 0.01006000000,2.56000,2.44000
 0.01006200000,2.56000,2.44000
 0.01006400000,2.56000,2.48000
 0.01006600000,2.56000,2.44000
 0.01006800000,2.60000,2.48000
 0.01007000000,2.60000,2.48000
 0.01007200063,2.68000,2.48000
 0.01007400000,2.52000,2.36000
 0.01007600063,2.60000,2.44000
 0.01007800000,2.60000,2.44000
 0.01008000063,2.56000,2.44000
 0.01008200000,3.96000,1.68000
 0.01008400063,3.60000,1.32000
 0.01008600000,3.60000,1.32000
 0.01008799938,3.60000,1.36000
 0.01009000000,3.64000,1.40000
 0.01009199938,3.60000,1.28000
 0.01009400000,3.64000,1.36000
 0.01009599938,3.60000,1.32000
 0.01009800000,3.60000,1.36000
 0.01009999938,3.64000,1.36000
 0.01010200000,3.60000,1.32000
 0.01010399938,3.64000,1.32000
 0.01010600000,3.60000,1.32000
 0.01010799938,3.68000,1.44000
 0.01011000000,3.60000,1.32000
 0.01011200000,3.68000,1.40000
 0.01011400000,3.60000,1.32000
 0.01011600000,3.44000,1.20000
 0.01011800000,3.60000,1.32000
 0.01012000000,3.60000,1.32000
 0.01012200000,3.60000,1.32000
 0.01012400000,3.56000,1.32000
 0.01012600000,3.60000,1.36000
 0.01012800000,3.60000,1.32000
 0.01013000000,3.60000,1.32000
 0.01013200000,3.60000,1.36000
 0.01013400063,3.60000,1.36000
 0.01013600000,3.56000,1.32000
 0.01013800063,3.60000,1.32000
 0.01014000000,3.60000,1.36000
 0.01014200063,3.48000,1.24000
 0.01014400000,3.56000,1.32000
 0.01014600063,3.60000,1.36000
 0.01014800000,3.56000,1.28000
 0.01014999938,3.60000,1.32000
 0.01015200000,3.64000,1.40000
 0.01015399938,3.60000,1.32000
 0.01015600000,3.60000,1.32000
 0.01015799938,3.60000,1.32000
 0.01016000000,3.60000,1.32000
 0.01016199938,3.56000,1.36000
 0.01016400000,3.56000,1.28000
 0.01016599938,3.56000,1.36000
 0.01016800000,3.52000,1.28000
 0.01016999938,3.56000,1.36000
 0.01017200000,3.56000,1.32000
 0.01017400000,3.60000,1.32000
 0.01017600000,3.72000,1.56000
 0.01017800000,3.60000,1.32000
 0.01018000000,3.56000,1.36000
 0.01018200000,3.56000,1.32000
 0.01018400000,3.56000,1.32000
 0.01018600000,3.56000,1.28000
 0.01018800000,3.60000,1.36000
 0.01019000000,3.60000,1.36000
 0.01019200000,3.56000,1.28000
 0.01019400000,3.56000,1.32000
 0.01019600063,3.60000,1.36000
 0.01019800000,3.60000,1.36000
 0.01020000063,3.56000,1.32000
 0.01020200000,3.56000,1.32000
 0.01020400063,3.64000,1.44000
 0.01020600000,3.56000,1.32000
 0.01020800063,3.56000,1.32000
 0.01021000000,3.36000,1.12000
 0.01021199938,3.56000,1.32000
 0.01021400000,3.60000,1.32000
 0.01021599938,3.56000,1.32000
 0.01021800000,3.56000,1.36000
 0.01021999938,3.56000,1.32000
 0.01022200000,3.56000,1.32000
 0.01022399938,3.60000,1.32000
 0.01022600000,3.56000,1.32000
 0.01022799938,3.56000,1.32000
 0.01023000000,3.56000,1.32000
 0.01023199938,3.56000,1.32000
 0.01023400000,3.56000,1.32000
 0.01023600000,3.64000,1.44000
 0.01023800000,3.60000,1.32000
 0.01024000000,3.56000,1.28000
 0.01024200000,3.56000,1.36000
 0.01024400000,3.68000,1.36000
 0.01024600000,3.56000,1.32000
 0.01024800000,3.60000,1.36000
 0.01025000000,3.56000,1.28000
 0.01025200000,3.60000,1.36000
 0.01025400063,3.56000,1.32000
 0.01025600000,3.56000,1.32000
 0.01025800063,3.56000,1.32000
 0.01026000000,3.56000,1.36000
 0.01026200063,3.68000,1.40000
 0.01026400000,3.56000,1.36000
 0.01026600063,3.52000,1.32000
 0.01026800000,3.56000,1.36000
 0.01027000063,3.48000,1.24000
 0.01027200000,3.56000,1.36000
 0.01027399938,3.56000,1.36000
 0.01027600000,3.56000,1.32000
 0.01027799938,3.52000,1.32000
 0.01028000000,3.56000,1.32000
 0.01028199938,3.56000,1.36000
 0.01028400000,3.60000,1.36000
 0.01028599938,3.56000,1.32000
 0.01028800000,3.60000,1.36000
 0.01028999938,3.56000,1.36000
 0.01029200000,3.56000,1.36000
 0.01029399938,3.56000,1.32000
 0.01029600000,3.60000,1.40000
 0.01029800000,3.56000,1.32000
 0.01030000000,3.56000,1.36000
 0.01030200000,3.60000,1.36000
 0.01030400000,3.48000,1.28000
 0.01030600000,3.56000,1.32000
 0.01030800000,3.60000,1.40000
 0.01031000000,3.56000,1.32000
 0.01031200000,3.56000,1.36000
 0.01031400000,3.60000,1.36000
 0.01031600063,3.56000,1.28000
 0.01031800000,3.56000,1.32000
 0.01032000063,3.60000,1.44000
 0.01032200000,3.60000,1.40000
 0.01032400063,3.60000,1.36000
 0.01032600000,3.56000,1.32000
 0.01032800063,3.56000,1.32000
 0.01033000000,3.56000,1.36000
 0.01033199938,3.60000,1.32000
 0.01033400000,3.56000,1.32000
 0.01033599938,3.60000,1.36000
 0.01033800000,3.56000,1.36000
 0.01033999938,3.60000,1.36000
 0.01034200000,2.52000,2.36000
 0.01034399938,2.48000,2.36000
 0.01034600000,2.48000,2.36000
 0.01034799938,2.52000,2.40000
 0.01035000000,2.52000,2.44000
 0.01035199938,2.52000,2.44000
 0.01035400000,2.52000,2.40000
 0.01035600000,2.56000,2.44000
 0.01035800000,2.52000,2.44000
 0.01036000000,2.52000,2.40000
 0.01036200000,2.52000,2.44000
 0.01036400000,2.48000,2.40000
 0.01036600000,2.56000,2.44000
 0.01036800000,2.56000,2.44000
 0.01037000000,2.56000,2.44000
 0.01037200000,2.52000,2.40000
 0.01037400000,2.56000,2.44000
 0.01037600000,2.56000,2.44000
 0.01037800063,2.56000,2.52000
 0.01038000000,2.56000,2.44000
 0.01038200063,2.52000,2.40000
 0.01038400000,2.56000,2.44000
 0.01038600063,2.56000,2.44000
 0.01038800000,2.56000,2.48000
 0.01039000063,2.52000,2.36000
 0.01039200000,2.56000,2.44000
 0.01039399938,2.56000,2.44000
 0.01039600000,2.56000,2.44000
 0.01039799938,2.56000,2.44000
 0.01040000000,2.56000,2.44000
 0.01040199938,2.56000,2.44000
 0.01040400000,2.56000,2.44000
 0.01040599938,2.60000,2.44000
 0.01040800000,2.52000,2.44000
 0.01040999938,2.56000,2.44000
 0.01041200000,2.56000,2.44000
 0.01041399938,2.56000,2.48000
 0.01041600000,2.52000,2.36000
 0.01041800000,2.60000,2.44000
 0.01042000000,2.56000,2.44000
 0.01042200000,2.56000,2.44000
 0.01042400000,2.32000,2.20000
 0.01042600000,2.56000,2.44000
 0.01042800000,3.60000,1.36000
 0.01043000000,3.60000,1.28000
 0.01043200000,3.60000,1.32000
 0.01043400000,3.60000,1.32000
 0.01043600000,3.64000,1.36000
 0.01043800000,3.60000,1.32000
 0.01044000063,3.60000,1.32000
 0.01044200000,3.64000,1.36000
 0.01044400063,3.56000,1.32000
 0.01044600000,3.60000,1.32000
 0.01044800063,3.56000,1.32000
 0.01045000000,3.84000,1.56000
 0.01045200063,3.60000,1.36000
 0.01045400000,3.60000,1.32000
 0.01045599938,3.60000,1.32000
 0.01045800000,3.60000,1.36000
 0.01045999938,3.60000,1.36000
 0.01046200000,3.60000,1.36000
 0.01046399938,3.60000,1.36000
 0.01046600000,3.60000,1.32000
 0.01046799938,3.64000,1.40000
 0.01047000000,3.64000,1.40000
 0.01047199938,3.60000,1.32000
 0.01047400000,3.56000,1.32000
 0.01047599938,3.56000,1.32000
 0.01047800000,3.60000,1.32000
 0.01048000000,3.60000,1.36000
 0.01048200000,3.56000,1.32000
 0.01048400000,3.60000,1.36000
 0.01048600000,3.56000,1.32000
 0.01048800000,3.60000,1.40000
 0.01049000000,3.56000,1.32000
 0.01049200000,3.60000,1.32000
 0.01049400000,3.60000,1.32000
 0.01049600000,3.56000,1.32000
 0.01049800000,3.60000,1.32000
 0.01050000000,3.56000,1.32000
 0.01050200000,3.60000,1.36000
 0.01050400000,3.60000,1.36000
 0.01050600000,3.60000,1.32000
 0.01050800000,3.60000,1.36000
 0.01051000000,3.72000,1.56000
 0.01051200000,3.56000,1.36000
 0.01051400000,3.56000,1.32000
 0.01051600000,3.56000,1.28000
 0.01051800000,3.60000,1.36000
 0.01052000000,3.60000,1.36000
 0.01052200000,3.52000,1.28000
 0.01052400000,3.56000,1.32000
 0.01052600000,3.56000,1.32000
 0.01052800000,3.56000,1.32000
 0.01053000000,3.56000,1.36000
 0.01053200000,3.56000,1.32000
 0.01053400000,3.56000,1.28000
 0.01053600000,3.56000,1.28000
 0.01053800000,3.60000,1.36000
 0.01054000000,3.56000,1.32000
 0.01054200000,3.56000,1.32000
 0.01054400000,3.60000,1.36000
 0.01054600000,3.56000,1.28000
 0.01054800000,3.60000,1.36000
 0.01055000000,3.56000,1.32000
 0.01055200000,3.56000,1.36000
 0.01055400000,3.56000,1.28000
 0.01055600000,3.60000,1.36000
 0.01055800000,3.56000,1.32000
 0.01056000000,3.60000,1.32000
 0.01056200000,3.80000,1.68000
 0.01056400000,3.56000,1.32000
 0.01056600000,3.56000,1.32000
 0.01056800000,3.60000,1.32000
 0.01057000000,3.60000,1.32000
 0.01057200000,3.56000,1.32000
 0.01057400000,3.56000,1.32000
 0.01057600000,3.60000,1.36000
 0.01057800000,3.56000,1.32000
 0.01058000000,3.60000,1.36000
 0.01058200000,3.56000,1.32000
 0.01058400000,3.60000,1.36000
 0.01058600000,3.56000,1.32000
 0.01058800000,3.72000,1.56000
 0.01059000000,3.60000,1.36000
 0.01059200000,3.60000,1.40000
 0.01059400000,3.60000,1.36000
 0.01059600000,3.56000,1.32000
 0.01059800000,3.60000,1.40000
 0.01060000000,3.56000,1.32000
 0.01060200000,3.56000,1.32000
 0.01060400000,3.56000,1.40000
 0.01060600000,3.60000,1.36000
 0.01060800000,3.60000,1.36000
 0.01061000000,3.56000,1.32000
 0.01061200000,3.56000,1.32000
 0.01061400000,3.48000,1.24000
 0.01061600000,3.56000,1.32000
 0.01061800000,3.56000,1.36000
 0.01062000000,3.64000,1.40000
 0.01062200000,3.56000,1.36000
 0.01062400000,3.56000,1.32000
 0.01062600000,3.60000,1.36000
 0.01062800000,3.56000,1.36000
 0.01063000000,3.60000,1.32000
 0.01063200000,3.60000,1.36000
 0.01063400000,3.56000,1.36000
 0.01063600000,3.60000,1.36000
 0.01063800000,3.60000,1.32000
 0.01064000000,3.56000,1.36000
 0.01064200000,3.56000,1.36000
 0.01064400000,3.56000,1.32000
 0.01064600000,3.56000,1.32000
 0.01064800000,3.60000,1.36000
 0.01065000000,3.56000,1.28000
 0.01065200000,3.60000,1.36000
 0.01065400000,3.56000,1.32000
 0.01065600000,3.56000,1.32000
 0.01065800000,3.56000,1.32000
 0.01066000000,3.56000,1.36000
 0.01066200000,3.56000,1.28000
 0.01066400000,3.52000,1.32000
 0.01066600000,3.68000,1.44000
 0.01066800000,3.56000,1.36000
 0.01067000000,3.60000,1.36000
 0.01067200000,3.56000,1.32000
 0.01067400000,3.56000,1.32000
 0.01067600000,3.56000,1.32000
 0.01067800000,3.60000,1.36000
 0.01068000000,3.56000,1.32000
 0.01068200000,3.56000,1.32000
 0.01068400000,3.60000,1.36000
 0.01068600000,3.56000,1.36000
 0.01068800000,2.52000,2.40000
 0.01069000000,2.48000,2.36000
 0.01069200000,2.56000,2.44000
 0.01069400000,2.56000,2.40000
 0.01069600000,2.52000,2.40000
 0.01069800000,2.52000,2.44000
 0.01070000000,2.56000,2.44000
 0.01070200000,2.52000,2.40000
 0.01070400000,2.56000,2.44000
 0.01070600000,2.56000,2.44000
 0.01070800000,2.52000,2.44000
 0.01071000000,2.56000,2.44000
 0.01071200000,2.56000,2.44000
 0.01071400000,2.52000,2.44000
 0.01071600000,2.56000,2.44000
 0.01071800000,2.64000,2.52000
 0.01072000000,2.56000,2.48000
 0.01072200000,2.56000,2.44000
 0.01072400000,2.56000,2.44000
 0.01072600000,2.56000,2.44000
 0.01072800000,2.56000,2.44000
 0.01073000000,2.56000,2.48000
 0.01073200000,2.56000,2.44000
 0.01073400000,2.56000,2.48000
 0.01073600000,2.52000,2.40000
 0.01073800000,2.56000,2.44000
 0.01074000000,2.56000,2.44000
 0.01074200000,2.56000,2.44000
 0.01074400000,2.60000,2.44000
 0.01074600000,2.56000,2.48000
 0.01074800000,2.56000,2.44000
 0.01075000000,2.56000,2.44000
 0.01075200000,2.60000,2.48000
 0.01075400000,2.52000,2.44000
 0.01075600000,2.60000,2.44000
 0.01075800000,2.56000,2.44000
 0.01076000000,2.64000,2.48000
 0.01076200000,2.60000,2.48000
 0.01076400000,2.56000,2.44000
 0.01076600000,2.56000,2.48000
 0.01076800000,2.56000,2.44000
 0.01077000000,2.48000,2.32000
 0.01077200000,3.68000,1.40000
 0.01077400000,3.60000,1.36000
 0.01077600000,3.68000,1.40000
 0.01077800000,3.60000,1.32000
 0.01078000000,3.60000,1.36000
 0.01078200000,3.60000,1.32000
 0.01078400000,3.60000,1.32000
 0.01078600000,3.64000,1.36000
 0.01078800000,3.60000,1.32000
 0.01079000000,3.60000,1.32000
 0.01079200000,3.60000,1.36000
 0.01079400000,3.60000,1.32000
 0.01079600000,3.64000,1.44000
 0.01079800000,2.48000,2.36000
 0.01080000000,2.52000,2.40000
 0.01080200000,2.52000,2.44000
 0.01080400000,2.56000,2.44000
 0.01080600000,2.52000,2.44000
 0.01080800000,2.56000,2.44000
 0.01081000000,2.56000,2.44000
 0.01081200000,2.56000,2.44000
 0.01081400000,2.56000,2.44000
 0.01081600000,2.56000,2.44000
 0.01081800000,2.52000,2.40000
 0.01082000000,2.56000,2.44000
 0.01082200000,2.48000,2.44000
 0.01082400000,3.60000,1.32000
 0.01082600000,3.60000,1.32000
 0.01082800000,3.60000,1.32000
 0.01083000000,3.56000,1.24000
 0.01083200000,3.60000,1.36000
 0.01083400000,3.56000,1.32000
 0.01083600000,3.60000,1.32000
 0.01083800000,3.60000,1.36000
 0.01084000000,3.60000,1.32000
 0.01084200000,3.60000,1.36000
 0.01084400000,3.60000,1.36000
 0.01084600000,3.56000,1.28000
 0.01084800000,3.56000,1.40000
 0.01085000000,2.52000,2.36000
 0.01085200000,2.52000,2.36000
 0.01085400000,2.52000,2.44000
 0.01085600000,2.52000,2.40000
 0.01085800000,2.56000,2.40000
 0.01086000000,2.52000,2.44000
 0.01086200000,2.56000,2.44000
 0.01086400000,2.56000,2.44000
 0.01086600000,2.52000,2.40000
 0.01086800000,2.56000,2.44000
 0.01087000000,2.56000,2.48000
 0.01087200000,2.56000,2.44000
 0.01087400000,2.56000,2.44000
 0.01087600000,2.60000,2.48000
 0.01087800000,2.56000,2.44000
 0.01088000000,2.56000,2.44000
 0.01088200000,2.64000,2.48000
 0.01088400000,2.52000,2.44000
 0.01088600000,2.56000,2.44000
 0.01088800000,2.56000,2.48000
 0.01089000000,2.56000,2.44000
 0.01089200000,2.64000,2.48000
 0.01089400000,2.56000,2.44000
 0.01089600000,2.60000,2.48000
 0.01089800000,2.60000,2.44000
 0.01090000000,2.56000,2.44000
 0.01090200000,2.60000,2.44000
 0.01090400000,2.56000,2.48000
 0.01090600000,2.64000,2.48000
 0.01090800000,2.60000,2.48000
 0.01091000000,2.56000,2.48000
 0.01091200000,2.60000,2.44000
 0.01091400000,2.60000,2.48000
 0.01091600000,2.56000,2.44000
 0.01091800000,2.36000,2.32000
 0.01092000000,2.60000,2.48000
 0.01092200000,2.56000,2.44000
 0.01092400000,2.56000,2.44000
 0.01092600000,2.56000,2.48000
 0.01092800000,2.56000,2.44000
 0.01093000000,2.56000,2.48000
 0.01093200000,2.56000,2.44000
 0.01093400000,2.56000,2.48000
 0.01093600000,2.60000,2.48000
 0.01093800000,2.60000,2.48000
 0.01094000000,2.64000,2.44000
 0.01094200000,2.60000,2.48000
 0.01094400000,2.52000,2.48000
 0.01094600000,2.56000,2.44000
 0.01094800000,2.56000,2.44000
 0.01095000000,2.56000,2.44000
 0.01095200000,2.56000,2.44000
 0.01095400000,2.60000,2.44000
 0.01095600000,2.52000,2.36000
 0.01095800000,2.56000,2.44000
 0.01096000000,2.56000,2.44000
 0.01096200000,2.60000,2.48000
 0.01096400000,2.56000,2.44000
 0.01096600000,2.56000,2.44000
 0.01096800000,2.64000,2.48000
 0.01097000000,2.56000,2.44000
 0.01097200000,2.56000,2.44000
 0.01097400000,2.60000,2.48000
 0.01097600000,2.60000,2.44000
 0.01097800000,2.60000,2.48000
 0.01098000000,2.60000,2.48000
 0.01098200000,2.56000,2.44000
 0.01098400000,2.56000,2.44000
 0.01098600000,2.60000,2.48000
 0.01098800000,2.68000,2.48000
 0.01099000000,2.60000,2.44000
 0.01099200000,2.64000,2.48000
 0.01099400000,2.60000,2.44000
 0.01099600000,2.56000,2.48000
 0.01099800000,2.52000,2.36000
 0.01100000000,2.56000,2.44000
 0.01100200000,2.60000,2.48000
 0.01100400000,2.56000,2.48000
 0.01100600000,2.64000,2.48000
 0.01100800000,2.60000,2.48000
 0.01101000000,2.60000,2.44000
 0.01101200000,2.56000,2.44000
 0.01101400000,2.52000,2.48000
 0.01101600000,2.56000,2.44000
 0.01101800000,2.60000,2.44000
 0.01102000000,2.56000,2.44000
 0.01102200000,2.60000,2.48000
 0.01102400000,2.60000,2.44000
 0.01102600000,2.60000,2.44000
 0.01102800000,2.60000,2.44000
 0.01103000000,2.56000,2.44000
 0.01103200000,2.64000,2.52000
 0.01103400000,2.60000,2.44000
 0.01103600000,2.56000,2.44000
 0.01103800000,2.60000,2.48000
 0.01104000000,2.56000,2.44000
 0.01104200000,2.56000,2.44000
 0.01104400000,2.56000,2.44000
 0.01104600000,2.56000,2.44000
 0.01104800000,2.60000,2.48000
 0.01105000000,2.64000,2.48000
 0.01105200000,2.56000,2.44000
 0.01105400000,2.60000,2.44000
 0.01105600000,2.64000,2.48000
 0.01105800000,2.84000,2.72000
 0.01106000000,2.56000,2.44000
 0.01106200000,2.60000,2.44000
 0.01106400000,2.64000,2.48000
 0.01106600000,2.60000,2.44000
 0.01106800000,2.56000,2.44000
 0.01107000000,2.60000,2.44000
 0.01107200000,2.60000,2.44000
 0.01107400000,2.60000,2.44000
 0.01107600000,2.64000,2.44000
 0.01107800000,2.56000,2.44000
 0.01108000000,2.60000,2.44000
 0.01108200000,2.56000,2.44000
 0.01108400000,2.56000,2.44000
 0.01108600000,2.64000,2.48000
 0.01108800000,2.56000,2.44000
 0.01109000000,2.64000,2.48000
 0.01109200000,2.60000,2.44000
 0.01109400000,2.60000,2.44000
 0.01109600000,2.60000,2.44000
 0.01109800000,2.60000,2.44000
 0.01110000000,2.60000,2.48000
 0.01110200000,2.76000,2.64000
 0.01110400000,2.56000,2.44000
 0.01110600000,2.60000,2.44000
 0.01110800000,2.56000,2.44000
 0.01111000000,2.56000,2.44000
 0.01111200000,2.60000,2.44000
 0.01111400000,2.56000,2.44000
 0.01111600000,2.56000,2.44000
 0.01111800000,2.52000,2.44000
 0.01112000000,2.56000,2.44000
 0.01112200000,2.56000,2.44000
 0.01112400000,3.64000,1.28000
 0.01112600000,3.64000,1.32000
 0.01112800000,3.48000,1.16000
 0.01113000000,3.64000,1.40000
 0.01113200000,3.60000,1.32000
 0.01113400000,3.60000,1.32000
 0.01113600000,3.60000,1.32000
 0.01113800000,3.64000,1.36000
 0.01114000000,3.60000,1.32000
 0.01114200000,3.60000,1.36000
 0.01114400000,3.60000,1.28000
 0.01114600000,3.56000,1.28000
 0.01114800000,3.60000,1.32000
 0.01115000000,3.60000,1.36000
 0.01115200000,3.60000,1.32000
 0.01115400000,3.56000,1.36000
 0.01115600000,3.60000,1.32000
 0.01115800000,3.60000,1.32000
 0.01116000000,3.60000,1.32000
 0.01116200000,3.60000,1.36000
 0.01116400000,3.56000,1.28000
 0.01116600000,3.60000,1.36000
 0.01116800000,3.60000,1.32000
 0.01117000000,3.60000,1.32000
 0.01117200000,3.56000,1.24000
 0.01117400000,3.60000,1.32000
 0.01117600000,3.60000,1.36000
 0.01117800000,3.60000,1.36000
 0.01118000000,3.60000,1.36000
 0.01118200000,3.60000,1.32000
 0.01118400000,3.60000,1.32000
 0.01118600000,3.60000,1.36000
 0.01118800000,3.56000,1.32000
 0.01119000000,3.72000,1.56000
 0.01119200000,3.60000,1.32000
 0.01119400000,3.60000,1.36000
 0.01119600000,3.60000,1.36000
 0.01119800000,3.60000,1.32000
 0.01120000000,3.56000,1.28000
 0.01120200000,3.64000,1.40000
 0.01120400000,3.56000,1.32000
 0.01120600000,3.60000,1.36000
 0.01120800000,3.60000,1.36000
 0.01121000000,3.60000,1.40000
 0.01121200000,3.60000,1.36000
 0.01121400000,3.60000,1.32000
 0.01121600000,3.60000,1.36000
 0.01121800000,3.60000,1.32000
 0.01122000000,3.60000,1.36000
 0.01122200000,3.60000,1.32000
 0.01122400000,3.56000,1.32000
 0.01122600000,3.60000,1.36000
 0.01122800000,3.56000,1.32000
 0.01123000000,3.60000,1.36000
 0.01123200000,3.56000,1.32000
 0.01123400000,3.60000,1.44000
 0.01123600000,3.60000,1.32000
 0.01123800000,3.60000,1.36000
 0.01124000000,3.64000,1.40000
 0.01124200000,3.56000,1.32000
 0.01124400000,3.60000,1.36000
 0.01124600000,3.60000,1.32000
 0.01124800000,3.56000,1.32000
 0.01125000000,3.60000,1.36000
 0.01125200000,3.64000,1.44000
 0.01125400000,3.60000,1.32000
 0.01125600000,3.60000,1.36000
 0.01125800000,3.60000,1.36000
 0.01126000000,3.60000,1.36000
 0.01126200000,3.56000,1.32000
 0.01126400000,3.60000,1.32000
 0.01126600000,3.64000,1.36000
 0.01126800000,3.60000,1.32000
 0.01127000000,3.52000,1.28000
 0.01127200000,3.64000,1.40000
 0.01127400000,3.64000,1.40000
 0.01127600000,3.60000,1.32000
 0.01127800000,3.36000,1.12000
 0.01128000000,3.60000,1.32000
 0.01128200000,3.60000,1.32000
 0.01128400000,3.56000,1.36000
 0.01128600000,3.56000,1.36000
 0.01128800000,3.60000,1.28000
 0.01129000000,3.48000,1.28000
 0.01129200000,3.56000,1.32000
 0.01129400000,3.56000,1.32000
 0.01129600000,3.64000,1.36000
 0.01129800000,3.56000,1.36000
 0.01130000000,3.56000,1.32000
 0.01130200000,3.56000,1.32000
 0.01130400000,3.60000,1.32000
 0.01130600000,3.56000,1.28000
 0.01130800000,3.56000,1.28000
 0.01131000000,3.56000,1.32000
 0.01131200000,3.60000,1.36000
 0.01131400000,3.52000,1.28000
 0.01131600000,3.60000,1.32000
 0.01131800000,3.60000,1.36000
 0.01132000000,3.56000,1.36000
 0.01132200000,3.56000,1.32000
 0.01132400000,3.60000,1.36000
 0.01132600000,3.60000,1.36000
 0.01132800000,3.56000,1.32000
 0.01133000000,3.56000,1.32000
 0.01133200000,3.60000,1.36000
 0.01133400000,3.56000,1.36000
 0.01133600000,3.60000,1.32000
 0.01133800000,3.56000,1.32000
 0.01134000000,3.48000,1.28000
 0.01134200000,3.56000,1.32000
 0.01134400000,3.56000,1.32000
 0.01134600000,3.60000,1.36000
 0.01134800000,3.60000,1.36000
 0.01135000000,3.60000,1.32000
 0.01135200000,3.56000,1.36000
 0.01135400000,3.60000,1.36000
 0.01135600000,3.60000,1.36000
 0.01135800000,3.60000,1.32000
 0.01136000000,3.52000,1.28000
 0.01136200000,3.60000,1.36000
 0.01136400000,3.56000,1.32000
 0.01136600000,3.60000,1.36000
 0.01136800000,3.56000,1.32000
 0.01137000000,3.56000,1.32000
 0.01137200000,3.60000,1.44000
 0.01137400000,3.56000,1.32000
 0.01137600000,3.56000,1.32000
 0.01137800000,3.56000,1.36000
 0.01138000000,3.56000,1.36000
 0.01138200000,3.52000,1.28000
 0.01138400000,2.48000,2.36000
 0.01138600000,2.48000,2.40000
 0.01138800000,2.52000,2.44000
 0.01139000000,2.52000,2.40000
 0.01139200000,2.52000,2.40000
 0.01139400000,2.52000,2.40000
 0.01139600000,2.52000,2.44000
 0.01139800000,2.52000,2.44000
 0.01140000000,2.52000,2.44000
 0.01140200000,2.72000,2.72000
 0.01140400000,2.56000,2.44000
 0.01140600000,2.56000,2.44000
 0.01140800000,2.56000,2.44000
 0.01141000000,2.56000,2.44000
 0.01141200000,2.56000,2.40000
 0.01141400000,2.56000,2.44000
 0.01141600000,2.56000,2.44000
 0.01141800000,2.56000,2.44000
 0.01142000000,2.76000,2.72000
 0.01142200000,2.52000,2.44000
 0.01142400000,2.64000,2.48000
 0.01142600000,2.56000,2.44000
 0.01142800000,2.56000,2.44000
 0.01143000000,2.56000,2.44000
 0.01143200000,2.56000,2.48000
 0.01143400000,2.56000,2.44000
 0.01143600000,2.56000,2.44000
 0.01143800000,2.60000,2.48000
 0.01144000000,2.56000,2.44000
 0.01144200000,2.60000,2.48000
 0.01144400000,2.56000,2.44000
 0.01144600000,2.56000,2.44000
 0.01144800000,2.56000,2.44000
 0.01145000000,2.56000,2.44000
 0.01145200000,2.56000,2.44000
 0.01145400000,2.56000,2.44000
 0.01145600000,2.52000,2.44000
 0.01145800000,2.56000,2.44000
 0.01146000000,2.56000,2.44000
 0.01146200000,2.56000,2.44000
 0.01146400000,2.56000,2.48000
 0.01146600000,2.56000,2.48000
 0.01146800000,3.64000,1.36000
 0.01147000000,3.64000,1.40000
 0.01147200000,3.60000,1.36000
 0.01147400000,3.56000,1.28000
 0.01147600000,3.60000,1.32000
 0.01147800000,3.60000,1.32000
 0.01148000000,3.64000,1.36000
 0.01148200000,3.44000,1.24000
 0.01148400000,3.60000,1.32000
 0.01148600000,3.60000,1.36000
 0.01148800000,3.60000,1.36000
 0.01149000000,3.60000,1.32000
 0.01149200000,3.64000,1.44000
 0.01149400000,2.56000,2.36000
 0.01149600000,2.48000,2.36000
 0.01149800000,2.48000,2.40000
 0.01150000000,2.48000,2.36000
 0.01150200000,2.56000,2.40000
 0.01150400000,2.52000,2.40000
 0.01150600000,2.56000,2.40000
 0.01150800000,2.56000,2.44000
 0.01151000000,2.52000,2.40000
 0.01151200000,2.56000,2.44000
 0.01151400000,2.56000,2.44000
 0.01151600000,2.56000,2.44000
 0.01151800000,2.72000,2.64000
 0.01152000000,3.60000,1.36000
 0.01152200000,3.60000,1.32000
 0.01152400000,3.60000,1.32000
 0.01152600000,3.64000,1.36000
 0.01152800000,3.64000,1.44000
 0.01153000000,3.60000,1.32000
 0.01153200000,3.60000,1.36000
 0.01153400000,3.60000,1.32000
 0.01153600000,3.60000,1.28000
 0.01153800000,3.60000,1.36000
 0.01154000000,3.64000,1.44000
 0.01154200000,3.60000,1.32000
 0.01154400000,3.60000,1.36000
 0.01154600000,3.60000,1.32000
 0.01154800000,3.56000,1.32000
 0.01155000000,3.56000,1.32000
 0.01155200000,3.60000,1.32000
 0.01155400000,3.56000,1.28000
 0.01155600000,3.60000,1.28000
 0.01155800000,3.60000,1.32000
 0.01156000000,3.60000,1.36000
 0.01156200000,3.60000,1.36000
 0.01156400000,3.60000,1.36000
 0.01156600000,3.60000,1.36000
 0.01156800000,3.60000,1.36000
 0.01157000000,3.60000,1.36000
 0.01157200000,2.56000,2.32000
 0.01157400000,2.48000,2.40000
 0.01157600000,2.52000,2.40000
 0.01157800000,2.56000,2.44000
 0.01158000000,2.56000,2.44000
 0.01158200000,2.56000,2.44000
 0.01158400000,2.52000,2.40000
 0.01158600000,2.52000,2.44000
 0.01158800000,2.56000,2.44000
 0.01159000000,2.56000,2.48000
 0.01159200000,2.56000,2.48000
 0.01159400000,2.56000,2.44000
 0.01159600000,2.56000,2.44000
 0.01159800000,3.72000,1.44000
 0.01160000000,3.60000,1.32000
 0.01160200000,3.60000,1.36000
 0.01160400000,3.60000,1.36000
 0.01160600000,3.60000,1.36000
 0.01160800000,3.60000,1.36000
 0.01161000000,3.60000,1.36000
 0.01161200000,3.52000,1.28000
 0.01161400000,3.64000,1.40000
 0.01161600000,3.76000,1.56000
 0.01161800000,3.56000,1.32000
 0.01162000000,3.64000,1.40000
 0.01162200000,3.56000,1.28000
 0.01162400000,2.48000,2.36000
 0.01162600000,2.52000,2.40000
 0.01162800000,2.52000,2.44000
 0.01163000000,2.52000,2.44000
 0.01163200000,2.48000,2.36000
 0.01163400000,2.40000,2.28000
 0.01163600000,2.56000,2.44000
 0.01163800000,2.56000,2.44000
 0.01164000000,2.56000,2.44000
 0.01164200000,2.56000,2.44000
 0.01164400000,2.48000,2.36000
 0.01164600000,2.56000,2.44000
 0.01164800000,2.56000,2.44000
 0.01165000000,2.56000,2.44000
 0.01165200000,2.28000,2.20000
 0.01165400000,2.60000,2.44000
 0.01165600000,2.52000,2.36000
 0.01165800000,2.56000,2.44000
 0.01166000000,2.56000,2.48000
 0.01166200000,2.56000,2.48000
 0.01166400000,2.60000,2.48000
 0.01166600000,2.60000,2.48000
 0.01166800000,2.56000,2.44000
 0.01167000000,2.52000,2.36000
 0.01167200000,2.56000,2.44000
 0.01167400000,2.60000,2.44000
 0.01167600000,3.32000,1.60000
 0.01167800000,3.60000,1.36000
 0.01168000000,3.60000,1.36000
 0.01168200000,3.60000,1.32000
 0.01168400000,3.56000,1.32000
 0.01168600000,3.60000,1.36000
 0.01168800000,3.52000,1.28000
 0.01169000000,3.56000,1.28000
 0.01169200000,3.60000,1.36000
 0.01169400000,3.60000,1.36000
 0.01169600000,3.56000,1.28000
 0.01169800000,3.60000,1.36000
 0.01170000000,3.60000,1.36000
 0.01170200000,3.60000,1.32000
 0.01170400000,3.60000,1.32000
 0.01170600000,3.72000,1.44000
 0.01170800000,3.56000,1.36000
 0.01171000000,3.60000,1.32000
 0.01171200000,3.56000,1.32000
 0.01171400000,3.60000,1.36000
 0.01171600000,3.60000,1.32000
 0.01171800000,3.56000,1.32000
 0.01172000000,3.60000,1.36000
 0.01172200000,3.60000,1.36000
 0.01172400000,3.48000,1.24000
 0.01172600000,3.60000,1.36000
 0.01172800000,2.96000,2.00000
 0.01173000000,2.52000,2.40000
 0.01173200000,2.48000,2.36000
 0.01173400000,2.52000,2.44000
 0.01173600000,2.52000,2.40000
 0.01173800000,2.56000,2.44000
 0.01174000000,2.56000,2.44000
 0.01174200000,2.56000,2.48000
 0.01174400000,2.56000,2.44000
 0.01174600000,2.56000,2.44000
 0.01174800000,2.56000,2.44000
 0.01175000000,2.56000,2.44000
 0.01175200000,2.56000,2.44000
 0.01175400000,2.60000,2.44000
 0.01175600000,2.52000,2.44000
 0.01175800000,2.56000,2.44000
 0.01176000000,2.68000,2.56000
 0.01176200000,2.56000,2.44000
 0.01176400000,2.56000,2.44000
 0.01176600000,2.60000,2.44000
 0.01176800000,2.56000,2.44000
 0.01177000000,2.56000,2.40000
 0.01177200000,2.56000,2.44000
 0.01177400000,2.56000,2.48000
 0.01177600000,2.56000,2.44000
 0.01177800000,2.68000,2.52000
 0.01178000000,2.56000,2.44000
 0.01178200000,2.56000,2.40000
 0.01178400000,2.56000,2.44000
 0.01178600000,2.56000,2.44000
 0.01178800000,2.56000,2.44000
 0.01179000000,2.60000,2.48000
 0.01179200000,2.60000,2.44000
 0.01179400000,2.56000,2.48000
 0.01179600000,2.68000,2.56000
 0.01179800000,2.60000,2.48000
 0.01180000000,2.60000,2.44000
 0.01180200000,2.60000,2.44000
 0.01180400000,2.60000,2.48000
 0.01180600000,2.60000,2.44000
 0.01180800000,2.60000,2.44000
 0.01181000000,2.56000,2.44000
 0.01181200000,2.64000,2.48000
 0.01181400000,3.52000,1.28000
 0.01181600000,3.64000,1.32000
 0.01181800000,3.60000,1.32000
 0.01182000000,3.60000,1.32000
 0.01182200000,3.60000,1.32000
 0.01182400000,3.64000,1.44000
 0.01182600000,3.60000,1.36000
 0.01182800000,3.60000,1.32000
 0.01183000000,3.60000,1.36000
 0.01183200000,3.60000,1.28000
 0.01183400000,3.60000,1.32000
 0.01183600000,3.60000,1.36000
 0.01183800000,3.60000,1.36000
 0.01184000000,3.60000,1.32000
 0.01184200000,3.56000,1.32000
 0.01184400000,3.56000,1.28000
 0.01184600000,3.64000,1.36000
 0.01184800000,3.60000,1.32000
 0.01185000000,3.60000,1.36000
 0.01185200000,3.56000,1.32000
 0.01185400000,3.60000,1.36000
 0.01185600000,3.60000,1.32000
 0.01185800000,3.60000,1.32000
 0.01186000000,3.60000,1.36000
 0.01186200000,3.60000,1.32000
 0.01186400000,3.60000,1.40000
 0.01186600000,2.52000,2.36000
 0.01186800000,2.44000,2.32000
 0.01187000000,2.48000,2.32000
 0.01187200000,2.52000,2.40000
 0.01187400000,2.52000,2.40000
 0.01187600000,2.52000,2.40000
 0.01187800000,2.52000,2.40000
 0.01188000000,2.56000,2.44000
 0.01188200000,2.48000,2.44000
 0.01188400000,2.56000,2.44000
 0.01188600000,2.72000,2.68000
 0.01188800000,2.56000,2.44000
 0.01189000000,2.56000,2.44000
 0.01189200000,3.64000,1.36000
 0.01189400000,3.56000,1.32000
 0.01189600000,3.60000,1.32000
 0.01189800000,3.56000,1.36000
 0.01190000000,3.60000,1.32000
 0.01190200000,3.60000,1.36000
 0.01190400000,3.96000,1.64000
 0.01190600000,3.60000,1.32000
 0.01190800000,3.60000,1.32000
 0.01191000000,3.56000,1.32000
 0.01191200000,3.60000,1.32000
 0.01191400000,3.60000,1.32000
 0.01191600000,3.60000,1.32000
 0.01191800000,3.60000,1.36000
 0.01192000000,3.60000,1.36000
 0.01192200000,3.56000,1.28000
 0.01192400000,3.60000,1.32000
 0.01192600000,3.56000,1.32000
 0.01192800000,3.60000,1.40000
 0.01193000000,3.56000,1.32000
 0.01193200000,3.56000,1.32000
 0.01193400000,3.60000,1.36000
 0.01193600000,3.56000,1.32000
 0.01193800000,3.56000,1.28000
 0.01194000000,3.36000,1.12000
 0.01194200000,3.56000,1.32000
 0.01194400000,3.68000,1.44000
 0.01194600000,3.60000,1.32000
 0.01194800000,3.60000,1.32000
 0.01195000000,3.56000,1.32000
 0.01195200000,3.56000,1.32000
 0.01195400000,3.60000,1.32000
 0.01195600000,3.60000,1.28000
 0.01195800000,3.60000,1.36000
 0.01196000000,3.56000,1.36000
 0.01196200000,3.60000,1.32000
 0.01196400000,3.60000,1.36000
 0.01196600000,3.60000,1.32000
 0.01196800000,3.56000,1.28000
 0.01197000000,3.56000,1.32000
 0.01197200000,3.60000,1.32000
 0.01197400000,3.60000,1.36000
 0.01197600000,3.60000,1.32000
 0.01197800000,3.60000,1.36000
 0.01198000000,3.60000,1.36000
 0.01198200000,3.56000,1.32000
 0.01198400000,3.56000,1.32000
 0.01198600000,3.60000,1.36000
 0.01198800000,3.60000,1.36000
 0.01199000000,3.56000,1.32000
 0.01199200000,3.56000,1.36000
 0.01199400000,3.56000,1.36000
 0.01199600000,3.60000,1.36000
 0.01199800000,3.52000,1.28000
 0.01200000000,3.60000,1.32000
 0.01200200000,3.60000,1.36000
 0.01200400000,3.64000,1.44000
 0.01200600000,3.60000,1.32000
 0.01200800000,3.60000,1.36000
 0.01201000000,3.56000,1.36000
 0.01201200000,3.60000,1.36000
 0.01201400000,3.56000,1.32000
 0.01201600000,3.56000,1.32000
 0.01201800000,3.56000,1.36000
 0.01202000000,3.60000,1.36000
 0.01202200000,3.48000,1.24000
 0.01202400000,3.60000,1.36000
 0.01202600000,3.56000,1.32000
 0.01202800000,3.60000,1.36000
 0.01203000000,3.60000,1.36000
 0.01203200000,3.60000,1.36000
 0.01203400000,3.60000,1.36000
 0.01203600000,3.56000,1.36000
 0.01203800000,3.56000,1.28000
 0.01204000000,3.76000,1.60000
 0.01204200000,3.56000,1.32000
 0.01204400000,3.60000,1.32000
 0.01204600000,3.60000,1.36000
 0.01204800000,2.52000,2.36000
 0.01205000000,2.44000,2.32000
 0.01205200000,2.52000,2.36000
 0.01205400000,2.52000,2.40000
 0.01205600000,2.56000,2.44000
 0.01205800000,2.52000,2.28000
 0.01206000000,2.52000,2.40000
 0.01206200000,2.52000,2.44000
 0.01206400000,2.52000,2.44000
 0.01206600000,2.52000,2.44000
 0.01206800000,2.56000,2.44000
 0.01207000000,2.56000,2.44000
 0.01207200000,2.56000,2.40000
 0.01207400000,2.56000,2.44000
 0.01207600000,2.56000,2.44000
 0.01207800000,2.56000,2.44000
 0.01208000000,2.56000,2.44000
 0.01208200000,2.56000,2.44000
 0.01208400000,2.56000,2.44000
 0.01208600000,2.56000,2.44000
 0.01208800000,2.56000,2.48000
 0.01209000000,2.56000,2.44000
 0.01209200000,2.56000,2.48000
 0.01209400000,2.60000,2.48000
 0.01209600000,2.68000,2.56000
 0.01209800000,2.60000,2.44000
 0.01210000000,2.56000,2.44000
 0.01210200000,2.56000,2.44000
 0.01210400000,2.56000,2.40000
 0.01210600000,2.60000,2.48000
 0.01210800000,2.60000,2.52000
 0.01211000000,2.60000,2.48000
 0.01211200000,2.60000,2.48000
 0.01211400000,2.56000,2.44000
 0.01211600000,2.56000,2.48000
 0.01211800000,2.60000,2.44000
 0.01212000000,2.60000,2.44000
 0.01212200000,2.56000,2.32000
 0.01212400000,2.64000,2.48000
 0.01212600000,2.56000,2.44000
 0.01212800000,2.56000,2.44000
 0.01213000000,2.60000,2.44000
 0.01213200000,2.60000,2.44000
 0.01213400000,2.56000,2.44000
 0.01213600000,2.56000,2.44000
 0.01213800000,2.56000,2.44000
 0.01214000000,2.80000,2.64000
 0.01214200000,2.60000,2.48000
 0.01214400000,2.56000,2.44000
 0.01214600000,2.56000,2.44000
 0.01214800000,2.56000,2.44000
 0.01215000000,2.52000,2.44000
 0.01215200000,2.56000,2.44000
 0.01215400000,2.60000,2.44000
 0.01215600000,2.60000,2.48000
 0.01215800000,2.56000,2.44000
 0.01216000000,2.60000,2.44000
 0.01216200000,2.60000,2.48000
 0.01216400000,2.56000,2.44000
 0.01216600000,3.80000,1.44000
 0.01216800000,3.60000,1.28000
 0.01217000000,3.60000,1.32000
 0.01217200000,3.64000,1.36000
 0.01217400000,3.60000,1.36000
 0.01217600000,3.60000,1.32000
 0.01217800000,3.60000,1.32000
 0.01218000000,3.60000,1.32000
 0.01218200000,3.64000,1.32000
 0.01218400000,3.60000,1.36000
 0.01218600000,3.64000,1.36000
 0.01218800000,3.60000,1.36000
 0.01219000000,3.60000,1.36000
 0.01219200000,2.52000,2.40000
 0.01219400000,2.52000,2.44000
 0.01219600000,2.52000,2.36000
 0.01219800000,2.52000,2.44000
 0.01220000000,2.52000,2.40000
 0.01220200000,2.52000,2.40000
 0.01220400000,2.36000,2.28000
 0.01220600000,2.56000,2.44000
 0.01220800000,2.56000,2.44000
 0.01221000000,2.56000,2.44000
 0.01221200000,2.56000,2.36000
 0.01221400000,2.56000,2.44000
 0.01221600000,2.56000,2.44000
 0.01221800000,3.60000,1.28000
 0.01222000000,3.60000,1.36000
 0.01222200000,3.60000,1.36000
 0.01222400000,3.60000,1.36000
 0.01222600000,3.60000,1.36000
 0.01222800000,3.60000,1.36000
 0.01223000000,3.60000,1.32000
 0.01223200000,3.64000,1.40000
 0.01223400000,3.60000,1.32000
 0.01223600000,3.60000,1.36000
 0.01223800000,3.64000,1.32000
 0.01224000000,3.60000,1.28000
 0.01224200000,3.60000,1.36000
 0.01224400000,3.60000,1.32000
 0.01224600000,3.60000,1.36000
 0.01224800000,3.60000,1.32000
 0.01225000000,3.64000,1.28000
 0.01225200000,3.60000,1.32000
 0.01225400000,3.56000,1.28000
 0.01225600000,3.60000,1.32000
 0.01225800000,3.56000,1.32000
 0.01226000000,3.60000,1.32000
 0.01226200000,3.64000,1.36000
 0.01226400000,3.56000,1.32000
 0.01226600000,3.60000,1.32000
 0.01226800000,3.56000,1.28000
 0.01227000000,3.56000,1.32000
 0.01227200000,3.56000,1.32000
 0.01227400000,3.60000,1.32000
 0.01227600000,3.68000,1.36000
 0.01227800000,3.56000,1.28000
 0.01228000000,3.56000,1.32000
 0.01228200000,3.56000,1.28000
 0.01228400000,3.60000,1.36000
 0.01228600000,3.60000,1.40000
 0.01228800000,3.60000,1.32000
 0.01229000000,3.60000,1.32000
 0.01229200000,3.60000,1.32000
 0.01229400000,3.60000,1.36000
 0.01229600000,3.48000,1.28000
 0.01229800000,3.60000,1.32000
 0.01230000000,3.60000,1.32000
 0.01230200000,3.56000,1.32000
 0.01230400000,3.60000,1.32000
 0.01230600000,3.60000,1.32000
 0.01230800000,3.60000,1.36000
 0.01231000000,3.56000,1.32000
 0.01231200000,3.60000,1.36000
 0.01231400000,3.92000,1.60000
 0.01231600000,3.52000,1.28000
 0.01231800000,3.60000,1.36000
 0.01232000000,3.56000,1.32000
 0.01232200000,3.60000,1.32000
 0.01232400000,3.60000,1.40000
 0.01232600000,3.56000,1.32000
 0.01232800000,3.48000,1.28000
 0.01233000000,3.56000,1.32000
 0.01233200000,3.60000,1.36000
 0.01233400000,3.60000,1.36000
 0.01233600000,3.60000,1.32000
 0.01233800000,3.60000,1.36000
 0.01234000000,3.60000,1.36000
 0.01234200000,3.52000,1.28000
 0.01234400000,3.56000,1.32000
 0.01234600000,3.60000,1.36000
 0.01234800000,2.52000,2.40000
 0.01235000000,2.52000,2.40000
 0.01235200000,2.48000,2.36000
 0.01235400000,2.52000,2.40000
 0.01235600000,2.56000,2.44000
 0.01235800000,2.56000,2.44000
 0.01236000000,2.60000,2.36000
 0.01236200000,2.52000,2.44000
 0.01236400000,2.56000,2.44000
 0.01236600000,2.56000,2.44000
 0.01236800000,2.56000,2.44000
 0.01237000000,2.60000,2.44000
 0.01237200000,2.56000,2.44000
 0.01237400000,3.60000,1.32000
 0.01237600000,3.60000,1.32000
 0.01237800000,3.60000,1.36000
 0.01238000000,3.60000,1.28000
 0.01238200000,3.60000,1.36000
 0.01238400000,3.56000,1.28000
 0.01238600000,3.60000,1.36000
 0.01238800000,3.48000,1.24000
 0.01239000000,3.56000,1.28000
 0.01239200000,3.56000,1.32000
 0.01239400000,3.60000,1.32000
 0.01239600000,3.60000,1.32000
 0.01239800000,3.60000,1.36000
 0.01240000000,3.56000,1.32000
 0.01240200000,3.60000,1.36000
 0.01240400000,3.60000,1.32000
 0.01240600000,3.44000,1.24000
 0.01240800000,3.60000,1.32000
 0.01241000000,3.60000,1.32000
 0.01241200000,3.60000,1.36000
 0.01241400000,3.64000,1.40000
 0.01241600000,3.56000,1.28000
 0.01241800000,3.60000,1.36000
 0.01242000000,3.60000,1.32000
 0.01242200000,3.56000,1.32000
 0.01242400000,3.56000,1.32000
 0.01242600000,2.56000,2.48000
 0.01242800000,2.52000,2.40000
 0.01243000000,2.52000,2.44000
 0.01243200000,2.52000,2.44000
 0.01243400000,2.24000,2.20000
 0.01243600000,2.52000,2.40000
 0.01243800000,2.52000,2.44000
 0.01244000000,2.56000,2.40000
 0.01244200000,2.56000,2.44000
 0.01244400000,2.60000,2.44000
 0.01244600000,2.56000,2.44000
 0.01244800000,2.56000,2.44000
 0.01245000000,2.56000,2.44000
 0.01245200000,2.56000,2.44000
 0.01245400000,2.56000,2.44000
 0.01245600000,2.56000,2.44000
 0.01245800000,2.56000,2.48000
 0.01246000000,2.52000,2.44000
 0.01246200000,2.64000,2.48000
 0.01246400000,2.56000,2.44000
 0.01246600000,2.56000,2.48000
 0.01246800000,2.56000,2.44000
 0.01247000000,2.56000,2.48000
 0.01247200000,2.64000,2.48000
 0.01247400000,2.60000,2.48000
 0.01247600000,2.60000,2.48000
 0.01247800000,2.56000,2.48000
 0.01248000000,2.68000,2.64000
 0.01248200000,2.56000,2.44000
 0.01248400000,2.56000,2.44000
 0.01248600000,2.56000,2.44000
 0.01248800000,2.60000,2.44000
 0.01249000000,2.64000,2.48000
 0.01249200000,2.60000,2.48000
 0.01249400000,2.56000,2.44000
 0.01249600000,2.56000,2.44000
 0.01249800000,2.56000,2.44000
 0.01250000000,2.60000,2.48000
 0.01250200000,2.56000,2.44000
 0.01250400000,2.56000,2.48000
 0.01250600000,2.64000,2.48000
 0.01250800000,2.72000,2.60000
 0.01251000000,3.60000,1.32000
 0.01251200000,3.60000,1.28000
 0.01251400000,3.60000,1.36000
 0.01251600000,3.60000,1.36000
 0.01251800000,3.60000,1.40000
 0.01252000000,3.60000,1.36000
 0.01252200000,3.64000,1.36000
 0.01252400000,3.60000,1.32000
 0.01252600000,3.60000,1.32000
 0.01252800000,3.60000,1.32000
 0.01253000000,3.60000,1.36000
 0.01253200000,3.64000,1.36000
 0.01253400000,3.60000,1.32000
 0.01253600000,3.56000,1.32000
 0.01253800000,3.60000,1.36000
 0.01254000000,3.60000,1.32000
 0.01254200000,3.60000,1.32000
 0.01254400000,3.60000,1.32000
 0.01254600000,3.56000,1.32000
 0.01254800000,3.60000,1.36000
 0.01255000000,3.60000,1.36000
 0.01255200000,3.52000,1.28000
 0.01255400000,3.72000,1.56000
 0.01255600000,3.60000,1.32000
 0.01255800000,3.60000,1.36000
 0.01256000000,3.60000,1.36000
 0.01256200000,2.48000,2.36000
 0.01256400000,2.52000,2.40000
 0.01256600000,2.52000,2.40000
 0.01256800000,2.52000,2.36000
 0.01257000000,2.52000,2.44000
 0.01257200000,2.56000,2.44000
 0.01257400000,2.56000,2.44000
 0.01257600000,2.52000,2.44000
 0.01257800000,2.56000,2.44000
 0.01258000000,2.56000,2.44000
 0.01258200000,2.52000,2.40000
 0.01258400000,2.56000,2.44000
 0.01258600000,2.52000,2.40000
 0.01258800000,2.56000,2.44000
 0.01259000000,2.56000,2.44000
 0.01259200000,2.56000,2.44000
 0.01259400000,2.56000,2.44000
 0.01259600000,2.60000,2.48000
 0.01259800000,2.56000,2.44000
 0.01260000000,2.56000,2.44000
 0.01260200000,2.56000,2.44000
 0.01260400000,2.60000,2.48000
 0.01260600000,2.60000,2.44000
 0.01260800000,2.56000,2.40000
 0.01261000000,2.44000,2.24000
 0.01261200000,2.56000,2.44000
 0.01261400000,3.56000,1.28000
 0.01261600000,3.60000,1.32000
 0.01261800000,3.60000,1.36000
 0.01262000000,3.60000,1.32000
 0.01262200000,3.60000,1.32000
 0.01262400000,3.56000,1.32000
 0.01262600000,3.60000,1.32000
 0.01262800000,3.60000,1.36000
 0.01263000000,3.60000,1.36000
 0.01263200000,3.64000,1.32000
 0.01263400000,3.60000,1.32000
 0.01263600000,3.60000,1.32000
 0.01263800000,3.60000,1.36000
 0.01264000000,3.52000,1.32000
 0.01264200000,3.60000,1.32000
 0.01264400000,3.64000,1.40000
 0.01264600000,3.60000,1.36000
 0.01264800000,3.64000,1.36000
 0.01265000000,3.56000,1.28000
 0.01265200000,3.60000,1.36000
 0.01265400000,3.56000,1.32000
 0.01265600000,3.60000,1.40000
 0.01265800000,3.60000,1.32000
 0.01266000000,3.64000,1.40000
 0.01266200000,3.56000,1.32000
 0.01266400000,3.60000,1.32000
 0.01266600000,3.52000,1.28000
 0.01266800000,3.60000,1.32000
 0.01267000000,3.60000,1.36000
 0.01267200000,3.60000,1.32000
 0.01267400000,3.60000,1.32000
 0.01267600000,3.60000,1.36000
 0.01267800000,3.60000,1.40000
 0.01268000000,3.60000,1.36000
 0.01268200000,3.60000,1.40000
 0.01268400000,3.60000,1.36000
 0.01268600000,3.60000,1.32000
 0.01268800000,3.60000,1.32000
 0.01269000000,3.56000,1.32000
 0.01269200000,2.48000,2.36000
 0.01269400000,2.48000,2.36000
 0.01269600000,2.52000,2.44000
 0.01269800000,2.52000,2.40000
 0.01270000000,2.52000,2.40000
 0.01270200000,2.48000,2.36000
 0.01270400000,2.52000,2.40000
 0.01270600000,2.60000,2.44000
 0.01270800000,2.56000,2.44000
 0.01271000000,2.56000,2.44000
 0.01271200000,2.56000,2.44000
 0.01271400000,2.56000,2.48000
 0.01271600000,2.56000,2.44000
 0.01271800000,2.60000,2.48000
 0.01272000000,2.56000,2.44000
 0.01272200000,2.52000,2.44000
 0.01272400000,2.56000,2.44000
 0.01272600000,2.60000,2.48000
 0.01272800000,2.60000,2.44000
 0.01273000000,2.56000,2.44000
 0.01273200000,2.60000,2.48000
 0.01273400000,2.56000,2.44000
 0.01273600000,2.56000,2.44000
 0.01273800000,2.56000,2.44000
 0.01274000000,2.56000,2.48000
 0.01274200000,2.56000,2.44000
 0.01274400000,3.64000,1.36000
 0.01274600000,3.56000,1.32000
 0.01274800000,3.56000,1.28000
 0.01275000000,3.52000,1.24000
 0.01275200000,3.60000,1.36000
 0.01275400000,3.60000,1.36000
 0.01275600000,3.56000,1.32000
 0.01275800000,3.60000,1.36000
 0.01276000000,3.56000,1.28000
 0.01276200000,3.60000,1.36000
 0.01276400000,3.60000,1.36000
 0.01276600000,3.56000,1.36000
 0.01276800000,3.64000,1.40000
 0.01277000000,2.48000,2.36000
 0.01277200000,2.52000,2.36000
 0.01277400000,2.52000,2.40000
 0.01277600000,2.52000,2.32000
 0.01277800000,2.72000,2.60000
 0.01278000000,2.56000,2.44000
 0.01278200000,2.56000,2.44000
 0.01278400000,2.56000,2.44000
 0.01278600000,2.52000,2.40000
 0.01278800000,2.52000,2.44000
 0.01279000000,2.56000,2.44000
 0.01279200000,2.56000,2.44000
 0.01279400000,2.56000,2.44000
 0.01279600000,2.56000,2.44000
 0.01279800000,2.56000,2.44000
 0.01280000000,2.60000,2.48000
 0.01280200000,2.56000,2.44000
 0.01280400000,2.56000,2.44000
 0.01280600000,2.76000,2.72000
 0.01280800000,2.60000,2.44000
 0.01281000000,2.56000,2.44000
 0.01281200000,2.60000,2.48000
 0.01281400000,2.60000,2.48000
 0.01281600000,2.56000,2.40000
 0.01281800000,2.60000,2.52000
 0.01282000000,2.60000,2.44000
 0.01282200000,2.60000,2.44000
 0.01282400000,2.60000,2.44000
 0.01282600000,2.52000,2.40000
 0.01282800000,2.56000,2.44000
 0.01283000000,2.56000,2.44000
 0.01283200000,2.56000,2.44000
 0.01283400000,2.72000,2.68000
 0.01283600000,2.60000,2.44000
 0.01283800000,2.60000,2.44000
 0.01284000000,2.60000,2.44000
 0.01284200000,2.56000,2.44000
 0.01284400000,2.60000,2.48000
 0.01284600000,2.64000,2.48000
 0.01284800000,2.60000,2.48000
 0.01285000000,2.60000,2.44000
 0.01285200000,2.60000,2.48000
 0.01285400000,2.60000,2.44000
 0.01285600000,2.60000,2.48000
 0.01285800000,2.60000,2.48000
 0.01286000000,2.56000,2.44000
 0.01286200000,2.60000,2.48000
 0.01286400000,2.52000,2.36000
 0.01286600000,2.60000,2.48000
 0.01286800000,2.56000,2.44000
 0.01287000000,2.52000,2.44000
 0.01287200000,2.52000,2.44000
 0.01287400000,2.64000,2.48000
 0.01287600000,2.60000,2.44000
 0.01287800000,2.56000,2.40000
 0.01288000000,2.56000,2.44000
 0.01288200000,2.60000,2.48000
 0.01288400000,2.56000,2.44000
 0.01288600000,2.60000,2.48000
 0.01288800000,2.60000,2.48000
 0.01289000000,2.64000,2.48000
 0.01289200000,2.60000,2.48000
 0.01289400000,2.56000,2.44000
 0.01289600000,2.60000,2.44000
 0.01289800000,2.64000,2.48000
 0.01290000000,2.76000,2.68000
 0.01290200000,2.60000,2.44000
 0.01290400000,2.56000,2.44000
 0.01290600000,2.60000,2.44000
 0.01290800000,2.60000,2.44000
 0.01291000000,2.60000,2.48000
 0.01291200000,2.60000,2.44000
 0.01291400000,2.60000,2.44000
 0.01291600000,2.56000,2.44000
 0.01291800000,2.56000,2.44000
 0.01292000000,2.60000,2.48000
 0.01292200000,2.60000,2.44000
 0.01292400000,2.60000,2.44000
 0.01292600000,2.56000,2.44000
 0.01292800000,2.44000,2.32000
 0.01293000000,2.56000,2.44000
 0.01293200000,2.56000,2.44000
 0.01293400000,2.56000,2.44000
 0.01293600000,2.60000,2.44000
 0.01293800000,2.56000,2.44000
 0.01294000000,2.56000,2.44000
 0.01294200000,2.56000,2.44000
 0.01294400000,2.56000,2.44000
 0.01294600000,2.60000,2.48000
 0.01294800000,2.56000,2.44000
 0.01295000000,2.56000,2.44000
 0.01295200000,2.60000,2.44000
 0.01295400000,2.60000,2.44000
 0.01295600000,2.56000,2.44000
 0.01295800000,2.56000,2.44000
 0.01296000000,2.56000,2.48000
 0.01296200000,2.60000,2.44000
 0.01296400000,2.64000,2.48000
 0.01296600000,2.60000,2.40000
 0.01296800000,2.56000,2.44000
 0.01297000000,2.56000,2.44000
 0.01297200000,2.60000,2.48000
 0.01297400000,2.60000,2.48000
 0.01297600000,2.60000,2.48000
 0.01297800000,2.56000,2.44000
 0.01298000000,2.56000,2.44000
 0.01298200000,2.60000,2.48000
 0.01298400000,2.64000,2.52000
 0.01298600000,2.68000,2.52000
 0.01298800000,2.56000,2.44000
 0.01299000000,2.56000,2.44000
 0.01299200000,2.56000,2.44000
 0.01299400000,2.72000,2.48000
 0.01299600000,2.60000,2.48000
 0.01299800000,2.56000,2.44000
 0.01300000000,2.56000,2.44000
 0.01300200000,2.56000,2.44000
 0.01300400000,2.64000,2.48000
 0.01300600000,2.60000,2.44000
 0.01300800000,2.64000,2.48000
 0.01301000000,2.56000,2.48000
 0.01301200000,2.60000,2.44000
 0.01301400000,2.56000,2.40000
 0.01301600000,2.60000,2.48000
 0.01301800000,2.56000,2.44000
 0.01302000000,2.60000,2.48000
 0.01302200000,2.56000,2.44000
 0.01302400000,2.60000,2.48000
 0.01302600000,2.56000,2.48000
 0.01302800000,2.60000,2.44000
 0.01303000000,2.60000,2.44000
 0.01303200000,2.40000,2.32000
 0.01303400000,2.56000,2.44000
 0.01303600000,2.60000,2.48000
 0.01303800000,2.56000,2.44000
 0.01304000000,2.56000,2.44000
 0.01304200000,2.56000,2.44000
 0.01304400000,2.48000,2.32000
 0.01304600000,2.60000,2.48000
 0.01304800000,2.64000,2.48000
 0.01305000000,2.60000,2.44000
 0.01305200000,2.56000,2.44000
 0.01305400000,2.60000,2.44000
 0.01305600000,2.60000,2.48000
 0.01305800000,2.60000,2.44000
 0.01306000000,2.64000,2.48000
 0.01306200000,2.56000,2.44000
 0.01306400000,2.60000,2.44000
 0.01306600000,2.56000,2.44000
 0.01306800000,2.56000,2.44000
 0.01307000000,2.72000,2.64000
 0.01307200000,2.60000,2.44000
 0.01307400000,2.64000,2.48000
 0.01307600000,2.60000,2.44000
 0.01307800000,2.56000,2.44000
 0.01308000000,2.60000,2.48000
 0.01308200000,2.56000,2.44000
 0.01308400000,2.56000,2.44000
 0.01308600000,2.60000,2.48000
 0.01308800000,2.56000,2.44000
 0.01309000000,2.48000,2.32000
 0.01309200000,2.60000,2.44000
 0.01309400000,2.56000,2.44000
 0.01309600000,2.56000,2.44000
 0.01309800000,2.56000,2.44000
 0.01310000000,2.60000,2.48000
 0.01310200000,2.56000,2.36000
 0.01310400000,2.56000,2.44000
 0.01310600000,2.56000,2.44000
 0.01310800000,2.52000,2.36000
 0.01311000000,2.60000,2.44000
 0.01311200000,2.60000,2.48000
 0.01311400000,2.60000,2.48000
 0.01311600000,2.56000,2.44000
 0.01311800000,2.52000,2.36000
 0.01312000000,2.60000,2.48000
 0.01312200000,2.60000,2.44000
 0.01312400000,2.56000,2.44000
 0.01312600000,2.60000,2.44000
 0.01312800000,2.56000,2.48000
 0.01313000000,2.60000,2.48000
 0.01313200000,2.60000,2.48000
 0.01313400000,2.56000,2.44000
 0.01313600000,2.60000,2.44000
 0.01313800000,2.56000,2.44000
 0.01314000000,2.60000,2.44000
 0.01314200000,2.64000,2.48000
 0.01314400000,2.64000,2.48000
 0.01314600000,2.60000,2.40000
 0.01314800000,2.56000,2.44000
 0.01315000000,2.56000,2.44000
 0.01315200000,2.56000,2.44000
 0.01315400000,2.52000,2.44000
 0.01315600000,2.64000,2.48000
 0.01315800000,2.68000,2.52000
 0.01316000000,2.56000,2.40000
 0.01316200000,2.60000,2.48000
 0.01316400000,2.60000,2.44000
 0.01316600000,2.56000,2.44000
 0.01316800000,2.60000,2.44000
 0.01317000000,2.64000,2.48000
 0.01317200000,2.56000,2.44000
 0.01317400000,2.60000,2.48000
 0.01317600000,2.56000,2.44000
 0.01317800000,2.56000,2.48000
 0.01318000000,2.60000,2.44000
 0.01318200000,2.56000,2.44000
 0.01318400000,2.32000,2.20000
 0.01318600000,2.56000,2.44000
 0.01318800000,2.64000,2.48000
 0.01319000000,2.60000,2.48000
 0.01319200000,2.56000,2.44000
 0.01319400000,2.52000,2.44000
 0.01319600000,2.56000,2.44000
 0.01319800000,2.56000,2.44000
 0.01320000000,2.56000,2.44000
 0.01320200000,2.56000,2.44000
 0.01320400000,2.56000,2.44000
 0.01320600000,2.56000,2.44000
 0.01320800000,2.64000,2.48000
 0.01321000000,2.56000,2.48000
 0.01321200000,2.60000,2.44000
 0.01321400000,2.56000,2.44000
 0.01321600000,2.60000,2.44000
 0.01321800000,2.60000,2.44000
 0.01322000000,2.60000,2.44000
 0.01322200000,2.60000,2.48000
 0.01322400000,2.64000,2.52000
 0.01322600000,2.60000,2.48000
 0.01322800000,2.56000,2.44000
 0.01323000000,2.60000,2.48000
 0.01323200000,2.56000,2.44000
 0.01323400000,2.60000,2.48000
 0.01323600000,2.60000,2.44000
 0.01323800000,2.60000,2.44000
 0.01324000000,2.60000,2.44000
 0.01324200000,2.60000,2.44000
 0.01324400000,2.56000,2.44000
 0.01324600000,2.60000,2.44000
 0.01324800000,2.56000,2.44000
 0.01325000000,2.56000,2.44000
 0.01325200000,2.60000,2.44000
 0.01325400000,2.56000,2.44000
 0.01325600000,2.56000,2.44000
 0.01325800000,2.56000,2.44000
 0.01326000000,2.52000,2.36000
 0.01326200000,2.56000,2.44000
 0.01326400000,2.60000,2.44000
 0.01326600000,2.60000,2.48000
 0.01326800000,2.60000,2.48000
 0.01327000000,2.56000,2.44000
 0.01327200000,2.60000,2.44000
 0.01327400000,2.60000,2.48000
 0.01327600000,2.60000,2.44000
 0.01327800000,2.60000,2.44000
 0.01328000000,2.64000,2.48000
 0.01328200000,2.56000,2.44000
 0.01328400000,2.56000,2.44000
 0.01328600000,2.56000,2.48000
 0.01328800000,2.60000,2.44000
 0.01329000000,2.56000,2.44000
 0.01329200000,2.52000,2.36000
 0.01329400000,2.56000,2.44000
 0.01329600000,2.56000,2.44000
 0.01329800000,2.56000,2.44000
 0.01330000000,2.56000,2.44000
 0.01330200000,2.56000,2.44000
 0.01330400000,2.56000,2.44000
 0.01330600000,2.60000,2.44000
 0.01330800000,2.68000,2.44000
 0.01331000000,2.60000,2.44000
 0.01331200000,2.64000,2.48000
 0.01331400000,2.56000,2.44000
 0.01331600000,2.60000,2.44000
 0.01331800000,2.56000,2.48000
 0.01332000000,2.60000,2.44000
 0.01332200000,2.60000,2.44000
 0.01332400000,2.60000,2.44000
 0.01332600000,2.60000,2.48000
 0.01332800000,2.56000,2.44000
 0.01333000000,2.64000,2.48000
 0.01333200000,2.56000,2.44000
 0.01333400000,2.60000,2.48000
 0.01333600000,2.56000,2.48000
 0.01333800000,2.60000,2.48000
 0.01334000000,2.56000,2.44000
 0.01334200000,2.60000,2.44000
 0.01334400000,2.56000,2.44000
 0.01334600000,2.56000,2.44000
 0.01334800000,2.56000,2.44000
 0.01335000000,2.56000,2.48000
 0.01335200000,2.60000,2.48000
 0.01335400000,2.56000,2.44000
 0.01335600000,2.60000,2.44000
 0.01335800000,2.56000,2.48000
 0.01336000000,2.56000,2.44000
 0.01336200000,2.60000,2.48000
 0.01336400000,2.56000,2.44000
 0.01336600000,2.68000,2.56000
 0.01336800000,2.52000,2.40000
 0.01337000000,2.60000,2.44000
 0.01337200000,2.60000,2.44000
 0.01337400000,2.56000,2.44000
 0.01337600000,2.60000,2.48000
 0.01337800000,2.60000,2.44000
 0.01338000000,2.56000,2.40000
 0.01338200000,2.56000,2.44000
 0.01338400000,2.60000,2.44000
 0.01338600000,2.60000,2.48000
 0.01338800000,2.60000,2.44000
 0.01339000000,2.60000,2.44000
 0.01339200000,2.56000,2.44000
 0.01339400000,2.60000,2.48000
 0.01339600000,2.64000,2.48000
 0.01339800000,2.60000,2.48000
 0.01340000000,2.60000,2.44000
 0.01340200000,2.60000,2.48000
 0.01340400000,2.72000,2.64000
 0.01340600000,2.60000,2.44000
 0.01340800000,2.60000,2.48000
 0.01341000000,2.56000,2.44000
 0.01341200000,2.56000,2.44000
 0.01341400000,2.72000,2.60000
 0.01341600000,2.60000,2.44000
 0.01341800000,2.60000,2.48000
 0.01342000000,2.64000,2.48000
 0.01342200000,2.56000,2.44000
 0.01342400000,2.56000,2.44000
 0.01342600000,2.56000,2.44000
 0.01342800000,2.60000,2.48000
 0.01343000000,2.60000,2.44000
 0.01343200000,2.56000,2.44000
 0.01343400000,2.56000,2.44000
 0.01343600000,2.60000,2.48000
 0.01343800000,2.56000,2.44000
 0.01344000000,2.56000,2.44000
 0.01344200000,2.56000,2.44000
 0.01344400000,2.56000,2.44000
 0.01344600000,2.56000,2.44000
 0.01344800000,2.60000,2.48000
 0.01345000000,2.60000,2.44000
 0.01345200000,2.60000,2.48000
 0.01345400000,2.60000,2.48000
 0.01345600000,2.60000,2.48000
 0.01345800000,2.60000,2.48000
 0.01346000000,2.64000,2.52000
 0.01346200000,2.32000,2.20000
 0.01346400000,2.60000,2.44000
 0.01346600000,2.60000,2.48000
 0.01346800000,2.56000,2.44000
 0.01347000000,2.52000,2.40000
 0.01347200000,2.60000,2.44000
 0.01347400000,2.56000,2.44000
 0.01347600000,2.56000,2.44000
 0.01347800000,2.56000,2.44000
 0.01348000000,2.60000,2.44000
 0.01348200000,2.56000,2.44000
 0.01348400000,2.56000,2.48000
 0.01348600000,2.56000,2.44000
 0.01348800000,2.60000,2.44000
 0.01349000000,2.56000,2.44000
 0.01349200000,2.60000,2.48000
 0.01349400000,2.56000,2.48000
 0.01349600000,2.56000,2.44000
 0.01349800000,2.60000,2.44000
 0.01350000000,2.56000,2.44000
 0.01350200000,2.60000,2.48000
 0.01350400000,2.56000,2.44000
 0.01350600000,2.60000,2.48000
 0.01350800000,2.56000,2.44000
 0.01351000000,2.72000,2.64000
 0.01351200000,2.60000,2.48000
 0.01351400000,2.56000,2.44000
 0.01351600000,2.56000,2.44000
 0.01351800000,2.64000,2.48000
 0.01352000000,2.72000,2.64000
 0.01352200000,2.56000,2.44000
 0.01352400000,2.56000,2.44000
 0.01352600000,2.60000,2.48000
 0.01352800000,2.60000,2.44000
 0.01353000000,2.52000,2.40000
 0.01353200000,2.56000,2.44000
 0.01353400000,2.56000,2.44000
 0.01353600000,2.56000,2.44000
 0.01353800000,2.56000,2.44000
 0.01354000000,2.56000,2.44000
 0.01354200000,2.60000,2.48000
 0.01354400000,2.56000,2.44000
 0.01354600000,2.56000,2.48000
 0.01354800000,2.60000,2.44000
 0.01355000000,2.60000,2.48000
 0.01355200000,2.52000,2.36000
 0.01355400000,2.60000,2.48000
 0.01355600000,2.56000,2.48000
 0.01355800000,2.60000,2.48000
 0.01356000000,2.56000,2.44000
 0.01356200000,2.56000,2.44000
 0.01356400000,2.60000,2.44000
 0.01356600000,2.56000,2.44000
 0.01356800000,2.60000,2.44000
 0.01357000000,2.60000,2.44000
 0.01357200000,2.56000,2.44000
 0.01357400000,2.56000,2.44000
 0.01357600000,2.56000,2.44000
 0.01357800000,2.40000,2.28000
 0.01358000000,2.56000,2.44000
 0.01358200000,2.56000,2.44000
 0.01358400000,2.56000,2.44000
 0.01358600000,2.56000,2.44000
 0.01358800000,2.56000,2.36000
 0.01359000000,2.60000,2.44000
 0.01359200000,2.60000,2.44000
 0.01359400000,2.56000,2.44000
 0.01359600000,2.64000,2.44000
 0.01359800000,2.64000,2.48000
 0.01360000000,2.56000,2.44000
 0.01360200000,2.60000,2.44000
 0.01360400000,2.64000,2.52000
 0.01360600000,2.56000,2.44000
 0.01360800000,2.64000,2.48000
 0.01361000000,2.56000,2.44000
 0.01361200000,2.60000,2.44000
 0.01361400000,2.60000,2.44000
 0.01361600000,2.56000,2.44000
 0.01361800000,2.56000,2.44000
 0.01362000000,2.60000,2.48000
 0.01362200000,2.56000,2.44000
 0.01362400000,2.60000,2.48000
 0.01362600000,2.56000,2.44000
 0.01362800000,2.52000,2.44000
 0.01363000000,2.56000,2.44000
 0.01363200000,2.56000,2.44000
 0.01363400000,2.60000,2.44000
 0.01363600000,2.56000,2.44000
 0.01363800000,2.56000,2.44000
 0.01364000000,2.56000,2.40000
 0.01364200000,2.56000,2.44000
 0.01364400000,2.56000,2.40000
 0.01364600000,2.36000,2.24000
 0.01364800000,2.60000,2.44000
 0.01365000000,2.56000,2.44000
 0.01365200000,2.56000,2.44000
 0.01365400000,2.60000,2.48000
 0.01365600000,2.68000,2.56000
 0.01365800000,2.56000,2.44000
 0.01366000000,2.56000,2.44000
 0.01366200000,2.56000,2.44000
 0.01366400000,2.56000,2.44000
 0.01366600000,2.60000,2.48000
 0.01366800000,2.60000,2.48000
 0.01367000000,2.56000,2.44000
 0.01367200000,2.60000,2.44000
 0.01367400000,2.64000,2.48000
 0.01367600000,2.56000,2.44000
 0.01367800000,2.56000,2.44000
 0.01368000000,2.60000,2.44000
 0.01368200000,2.60000,2.44000
 0.01368400000,2.56000,2.48000
 0.01368600000,2.52000,2.40000
 0.01368800000,2.60000,2.48000
 0.01369000000,2.64000,2.48000
 0.01369200000,2.60000,2.48000
 0.01369400000,2.56000,2.44000
 0.01369600000,2.56000,2.36000
 0.01369800000,2.56000,2.44000
 0.01370000000,2.56000,2.40000
 0.01370200000,2.56000,2.44000
 0.01370400000,2.56000,2.44000
 0.01370600000,2.56000,2.44000
 0.01370800000,2.60000,2.48000
 0.01371000000,2.60000,2.48000
 0.01371200000,2.56000,2.44000
 0.01371400000,2.44000,2.32000
 0.01371600000,2.56000,2.44000
 0.01371800000,2.56000,2.44000
 0.01372000000,2.68000,2.52000
 0.01372200000,2.56000,2.44000
 0.01372400000,2.40000,2.32000
 0.01372600000,2.56000,2.44000
 0.01372800000,2.56000,2.44000
 0.01373000000,2.60000,2.48000
 0.01373200000,2.60000,2.48000
 0.01373400000,2.48000,2.36000
 0.01373600000,2.60000,2.44000
 0.01373800000,2.60000,2.44000
 0.01374000000,2.60000,2.44000
 0.01374200000,2.60000,2.44000
 0.01374400000,2.56000,2.44000
 0.01374600000,2.56000,2.44000
 0.01374800000,2.60000,2.44000
 0.01375000000,2.60000,2.44000
 0.01375200000,2.60000,2.44000
 0.01375400000,2.56000,2.40000
 0.01375600000,2.60000,2.44000
 0.01375800000,2.56000,2.44000
 0.01376000000,2.60000,2.44000
 0.01376200000,3.52000,1.32000
 0.01376400000,3.52000,1.28000
 0.01376600000,3.52000,1.36000
 0.01376800000,3.60000,1.44000
 0.01377000000,3.48000,1.32000
 0.01377200000,3.52000,1.32000
 0.01377400000,3.56000,1.36000
 0.01377600000,3.48000,1.32000
 0.01377800000,3.52000,1.36000
 0.01378000000,3.56000,1.36000
 0.01378200000,3.48000,1.32000
 0.01378400000,3.52000,1.32000
 0.01378600000,3.52000,1.36000
 0.01378800000,2.48000,2.32000
 0.01379000000,2.48000,2.36000
 0.01379200000,2.48000,2.36000
 0.01379400000,2.52000,2.36000
 0.01379600000,2.52000,2.40000
 0.01379800000,2.52000,2.40000
 0.01380000000,2.52000,2.40000
 0.01380200000,2.56000,2.44000
 0.01380400000,2.56000,2.44000
 0.01380600000,2.52000,2.36000
 0.01380800000,2.56000,2.44000
 0.01381000000,2.56000,2.44000
 0.01381200000,2.68000,2.44000
 0.01381400000,2.60000,2.48000
 0.01381600000,2.56000,2.44000
 0.01381800000,2.56000,2.44000
 0.01382000000,2.60000,2.44000
 0.01382200000,2.52000,2.48000
 0.01382400000,2.60000,2.44000
 0.01382600000,2.56000,2.44000
 0.01382800000,2.56000,2.44000
 0.01383000000,2.60000,2.48000
 0.01383200000,2.56000,2.36000
 0.01383400000,2.56000,2.44000
 0.01383600000,2.60000,2.44000
 0.01383800000,2.56000,2.44000
 0.01384000000,2.56000,2.44000
 0.01384200000,2.56000,2.48000
 0.01384400000,2.56000,2.44000
 0.01384600000,2.60000,2.44000
 0.01384800000,2.56000,2.44000
 0.01385000000,2.56000,2.48000
 0.01385200000,2.60000,2.44000
 0.01385400000,2.60000,2.48000
 0.01385600000,2.56000,2.44000
 0.01385800000,2.60000,2.44000
 0.01386000000,2.56000,2.44000
 0.01386200000,2.56000,2.44000
 0.01386400000,2.56000,2.44000
 0.01386600000,3.44000,1.28000
 0.01386800000,3.52000,1.36000
 0.01387000000,3.56000,1.40000
 0.01387200000,3.52000,1.36000
 0.01387400000,3.52000,1.32000
 0.01387600000,3.52000,1.32000
 0.01387800000,3.52000,1.36000
 0.01388000000,3.52000,1.36000
 0.01388200000,3.52000,1.32000
 0.01388400000,3.52000,1.32000
 0.01388600000,3.52000,1.36000
 0.01388800000,3.48000,1.32000
 0.01389000000,3.48000,1.28000
 0.01389200000,2.44000,2.32000
 0.01389400000,2.48000,2.36000
 0.01389600000,2.48000,2.36000
 0.01389800000,2.56000,2.44000
 0.01390000000,2.52000,2.36000
 0.01390200000,2.52000,2.44000
 0.01390400000,2.52000,2.44000
 0.01390600000,2.52000,2.36000
 0.01390800000,2.56000,2.44000
 0.01391000000,2.52000,2.44000
 0.01391200000,2.56000,2.44000
 0.01391400000,2.56000,2.44000
 0.01391600000,2.56000,2.44000
 0.01391800000,2.56000,2.44000
 0.01392000000,2.44000,2.32000
 0.01392200000,2.56000,2.44000
 0.01392400000,2.56000,2.44000
 0.01392600000,2.56000,2.44000
 0.01392800000,2.56000,2.44000
 0.01393000000,2.68000,2.48000
 0.01393200000,2.60000,2.48000
 0.01393400000,2.52000,2.44000
 0.01393600000,2.56000,2.44000
 0.01393800000,2.56000,2.44000
 0.01394000000,2.80000,2.64000
 0.01394200000,2.56000,2.44000
 0.01394400000,2.52000,2.44000
 0.01394600000,2.56000,2.44000
 0.01394800000,2.56000,2.44000
 0.01395000000,2.44000,2.32000
 0.01395200000,2.60000,2.48000
 0.01395400000,2.56000,2.48000
 0.01395600000,2.56000,2.44000
 0.01395800000,2.60000,2.48000
 0.01396000000,2.48000,2.32000
 0.01396200000,2.60000,2.44000
 0.01396400000,2.56000,2.44000
 0.01396600000,2.56000,2.44000
 0.01396800000,2.56000,2.48000
 0.01397000000,2.56000,2.44000
 0.01397200000,2.56000,2.48000
 0.01397400000,2.56000,2.44000
 0.01397600000,2.56000,2.44000
 0.01397800000,2.56000,2.48000
 0.01398000000,2.52000,2.36000
 0.01398200000,2.64000,2.48000
 0.01398400000,2.60000,2.44000
 0.01398600000,2.56000,2.44000
 0.01398800000,2.68000,2.48000
 0.01399000000,2.60000,2.48000
 0.01399200000,2.56000,2.44000
 0.01399400000,2.60000,2.48000
 0.01399600000,2.60000,2.44000
 0.01399800000,2.56000,2.44000
 0.01400000000,2.52000,2.40000
 0.01400200000,2.56000,2.44000
 0.01400400000,2.56000,2.44000
 0.01400600000,2.56000,2.48000
 0.01400800000,2.56000,2.44000
 0.01401000000,2.64000,2.48000
 0.01401200000,2.60000,2.48000
 0.01401400000,2.60000,2.48000
 0.01401600000,2.56000,2.44000
 0.01401800000,2.48000,2.32000
 0.01402000000,2.60000,2.48000
 0.01402200000,2.56000,2.44000
 0.01402400000,2.56000,2.44000
 0.01402600000,2.56000,2.44000
 0.01402800000,2.56000,2.44000
 0.01403000000,2.56000,2.44000
 0.01403200000,2.56000,2.44000
 0.01403400000,2.56000,2.48000
 0.01403600000,2.60000,2.48000
 0.01403800000,2.56000,2.44000
 0.01404000000,2.56000,2.44000
 0.01404200000,2.56000,2.44000
 0.01404400000,2.64000,2.44000
 0.01404600000,2.56000,2.44000
 0.01404800000,2.60000,2.48000
 0.01405000000,2.60000,2.44000
 0.01405200000,2.60000,2.48000
 0.01405400000,2.56000,2.44000
 0.01405600000,2.60000,2.48000
 0.01405800000,2.60000,2.44000
 0.01406000000,2.56000,2.44000
 0.01406200000,2.56000,2.44000
 0.01406400000,2.60000,2.44000
 0.01406600000,2.56000,2.40000
 0.01406800000,2.60000,2.48000
 0.01407000000,2.52000,2.40000
 0.01407200000,2.60000,2.48000
 0.01407400000,2.56000,2.44000
 0.01407600000,2.56000,2.44000
 0.01407800000,2.56000,2.44000
 0.01408000000,2.60000,2.44000
 0.01408200000,2.56000,2.44000
 0.01408400000,2.52000,2.44000
 0.01408600000,3.60000,1.36000
 0.01408800000,3.56000,1.32000
 0.01409000000,3.60000,1.32000
 0.01409200000,3.60000,1.32000
 0.01409400000,3.60000,1.32000
 0.01409600000,3.56000,1.36000
 0.01409800000,3.60000,1.32000
 0.01410000000,3.60000,1.36000
 0.01410200000,3.60000,1.36000
 0.01410400000,3.60000,1.32000
 0.01410600000,3.60000,1.36000
 0.01410800000,3.60000,1.32000
 0.01411000000,3.60000,1.36000
 0.01411200000,2.48000,2.36000
 0.01411400000,2.48000,2.36000
 0.01411600000,2.52000,2.40000
 0.01411800000,2.52000,2.40000
 0.01412000000,2.52000,2.44000
 0.01412200000,2.52000,2.44000
 0.01412400000,2.60000,2.44000
 0.01412600000,2.56000,2.44000
 0.01412800000,2.56000,2.40000
 0.01413000000,2.48000,2.32000
 0.01413200000,2.56000,2.44000
 0.01413400000,2.56000,2.44000
 0.01413600000,2.56000,2.44000
 0.01413800000,3.60000,1.36000
 0.01414000000,3.60000,1.36000
 0.01414200000,3.60000,1.32000
 0.01414400000,3.60000,1.36000
 0.01414600000,3.60000,1.36000
 0.01414800000,3.48000,1.16000
 0.01415000000,3.60000,1.36000
 0.01415200000,3.60000,1.32000
 0.01415400000,3.60000,1.32000
 0.01415600000,3.60000,1.32000
 0.01415800000,3.56000,1.36000
 0.01416000000,3.60000,1.36000
 0.01416200000,3.64000,1.40000
 0.01416400000,3.60000,1.36000
 0.01416600000,3.64000,1.40000
 0.01416800000,3.84000,1.60000
 0.01417000000,3.56000,1.32000
 0.01417200000,3.56000,1.32000
 0.01417400000,3.60000,1.32000
 0.01417600000,3.56000,1.32000
 0.01417800000,3.76000,1.44000
 0.01418000000,3.56000,1.32000
 0.01418200000,3.60000,1.36000
 0.01418400000,3.60000,1.36000
 0.01418600000,3.56000,1.32000
 0.01418800000,3.56000,1.24000
 0.01419000000,3.60000,1.32000
 0.01419200000,3.56000,1.32000
 0.01419400000,3.56000,1.32000
 0.01419600000,3.60000,1.36000
 0.01419800000,3.36000,1.12000
 0.01420000000,3.48000,1.28000
 0.01420200000,3.60000,1.36000
 0.01420400000,3.52000,1.28000
 0.01420600000,3.60000,1.32000
 0.01420800000,3.36000,1.12000
 0.01421000000,3.56000,1.32000
 0.01421200000,3.60000,1.32000
 0.01421400000,3.56000,1.32000
 0.01421600000,3.52000,1.36000
 0.01421800000,3.32000,1.12000
 0.01422000000,3.56000,1.32000
 0.01422200000,3.56000,1.32000
 0.01422400000,3.52000,1.28000
 0.01422600000,3.60000,1.40000
 0.01422800000,3.56000,1.24000
 0.01423000000,3.56000,1.32000
 0.01423200000,3.56000,1.32000
 0.01423400000,3.60000,1.36000
 0.01423600000,3.56000,1.36000
 0.01423800000,3.80000,1.56000
 0.01424000000,3.60000,1.32000
 0.01424200000,3.48000,1.28000
 0.01424400000,3.60000,1.36000
 0.01424600000,3.52000,1.28000
 0.01424800000,3.68000,1.52000
 0.01425000000,3.60000,1.36000
 0.01425200000,3.56000,1.32000
 0.01425400000,3.56000,1.32000
 0.01425600000,3.64000,1.40000
 0.01425800000,3.36000,1.24000
 0.01426000000,3.56000,1.36000
 0.01426200000,3.56000,1.36000
 0.01426400000,3.52000,1.32000
 0.01426600000,3.56000,1.36000
 0.01426800000,3.64000,1.40000
 0.01427000000,3.56000,1.36000
 0.01427200000,3.56000,1.32000
 0.01427400000,3.56000,1.32000
 0.01427600000,3.56000,1.36000
 0.01427800000,3.48000,1.28000
 0.01428000000,3.60000,1.36000
 0.01428200000,3.56000,1.36000
 0.01428400000,3.60000,1.36000
 0.01428600000,3.60000,1.36000
 0.01428800000,3.56000,1.32000
 0.01429000000,3.56000,1.32000
 0.01429200000,3.56000,1.40000
 0.01429400000,3.56000,1.36000
 0.01429600000,3.56000,1.32000
 0.01429800000,3.52000,1.36000
 0.01430000000,3.56000,1.36000
 0.01430200000,3.56000,1.32000
 0.01430400000,3.56000,1.36000
 0.01430600000,3.56000,1.32000
 0.01430800000,3.56000,1.32000
 0.01431000000,3.56000,1.36000
 0.01431200000,3.56000,1.36000
 0.01431400000,3.56000,1.36000
 0.01431600000,3.60000,1.36000
 0.01431800000,3.56000,1.32000
 0.01432000000,2.48000,2.44000
 0.01432200000,2.52000,2.40000
 0.01432400000,2.48000,2.36000
 0.01432600000,2.48000,2.36000
 0.01432800000,2.52000,2.44000
 0.01433000000,2.48000,2.44000
 0.01433200000,2.52000,2.44000
 0.01433400000,2.52000,2.40000
 0.01433600000,2.52000,2.40000
 0.01433800000,2.52000,2.44000
 0.01434000000,2.56000,2.44000
 0.01434200000,2.56000,2.44000
 0.01434400000,2.60000,2.48000
 0.01434600000,2.56000,2.44000
 0.01434800000,2.48000,2.40000
 0.01435000000,2.52000,2.36000
 0.01435200000,2.56000,2.48000
 0.01435400000,2.52000,2.48000
 0.01435600000,2.56000,2.44000
 0.01435800000,2.56000,2.44000
 0.01436000000,2.56000,2.44000
 0.01436200000,2.56000,2.44000
 0.01436400000,2.56000,2.44000
 0.01436600000,2.56000,2.48000
 0.01436800000,2.56000,2.44000
 0.01437000000,2.56000,2.44000
 0.01437200000,2.56000,2.44000
 0.01437400000,2.52000,2.40000
 0.01437600000,2.56000,2.44000
 0.01437800000,2.56000,2.48000
 0.01438000000,2.56000,2.44000
 0.01438200000,2.56000,2.44000
 0.01438400000,2.56000,2.44000
 0.01438600000,2.56000,2.48000
 0.01438800000,2.56000,2.44000
 0.01439000000,2.60000,2.48000
 0.01439200000,2.60000,2.48000
 0.01439400000,2.60000,2.48000
 0.01439600000,2.52000,2.40000
 0.01439800000,2.56000,2.44000
 0.01440000000,2.64000,2.52000
 0.01440200000,2.52000,2.44000
 0.01440400000,2.60000,2.44000
 0.01440600000,2.60000,2.48000
 0.01440800000,2.48000,2.40000
 0.01441000000,2.52000,2.44000
 0.01441200000,2.56000,2.44000
 0.01441400000,2.56000,2.44000
 0.01441600000,2.56000,2.44000
 0.01441800000,2.56000,2.44000
 0.01442000000,2.56000,2.44000
 0.01442200000,2.56000,2.44000
 0.01442400000,2.48000,2.40000
 0.01442600000,2.52000,2.44000
 0.01442800000,2.56000,2.44000
 0.01443000000,3.56000,1.28000
 0.01443200000,3.60000,1.32000
 0.01443400000,3.60000,1.32000
 0.01443600000,3.64000,1.36000
 0.01443800000,3.64000,1.40000
 0.01444000000,3.56000,1.32000
 0.01444200000,3.56000,1.32000
 0.01444400000,3.60000,1.40000
 0.01444600000,3.56000,1.32000
 0.01444800000,3.60000,1.36000
 0.01445000000,3.60000,1.28000
 0.01445200000,3.60000,1.36000
 0.01445400000,3.56000,1.32000
 0.01445600000,2.52000,2.44000
 0.01445800000,2.52000,2.36000
 0.01446000000,2.52000,2.32000
 0.01446200000,2.52000,2.36000
 0.01446400000,2.56000,2.44000
 0.01446600000,2.56000,2.40000
 0.01446800000,2.56000,2.44000
 0.01447000000,2.68000,2.64000
 0.01447200000,2.56000,2.44000
 0.01447400000,2.52000,2.44000
 0.01447600000,2.56000,2.44000
 0.01447800000,2.52000,2.40000
 0.01448000000,2.56000,2.48000
 0.01448200000,2.56000,2.36000
 0.01448400000,2.56000,2.44000
 0.01448600000,2.56000,2.44000
 0.01448800000,2.56000,2.40000
 0.01449000000,2.56000,2.44000
 0.01449200000,2.56000,2.44000
 0.01449400000,2.60000,2.48000
 0.01449600000,2.64000,2.48000
 0.01449800000,2.56000,2.44000
 0.01450000000,2.56000,2.48000
 0.01450200000,2.56000,2.44000
 0.01450400000,2.56000,2.44000
 0.01450600000,2.60000,2.48000
 0.01450800000,2.56000,2.44000
 0.01451000000,2.56000,2.44000
 0.01451200000,2.56000,2.48000
 0.01451400000,2.60000,2.48000
 0.01451600000,2.56000,2.44000
 0.01451800000,2.56000,2.48000
 0.01452000000,2.56000,2.44000
 0.01452200000,2.56000,2.44000
 0.01452400000,2.56000,2.48000
 0.01452600000,2.60000,2.48000
 0.01452800000,2.60000,2.44000
 0.01453000000,2.56000,2.44000
 0.01453200000,2.64000,2.48000
 0.01453400000,3.60000,1.28000
 0.01453600000,3.60000,1.36000
 0.01453800000,3.56000,1.28000
 0.01454000000,3.64000,1.40000
 0.01454200000,3.64000,1.40000
 0.01454400000,3.56000,1.36000
 0.01454600000,3.60000,1.36000
 0.01454800000,3.60000,1.32000
 0.01455000000,3.60000,1.32000
 0.01455200000,3.64000,1.36000
 0.01455400000,3.60000,1.32000
 0.01455600000,3.56000,1.28000
 0.01455800000,3.60000,1.36000
 0.01456000000,3.60000,1.32000
 0.01456200000,3.56000,1.28000
 0.01456400000,3.56000,1.32000
 0.01456600000,3.60000,1.36000
 0.01456800000,3.60000,1.36000
 0.01457000000,3.60000,1.36000
 0.01457200000,3.64000,1.44000
 0.01457400000,3.48000,1.24000
 0.01457600000,3.56000,1.28000
 0.01457800000,3.56000,1.32000
 0.01458000000,3.60000,1.36000
 0.01458200000,3.64000,1.36000
 0.01458400000,3.60000,1.36000
 0.01458600000,3.60000,1.36000
 0.01458800000,3.60000,1.36000
 0.01459000000,3.52000,1.32000
 0.01459200000,3.60000,1.40000
 0.01459400000,3.52000,1.28000
 0.01459600000,3.56000,1.32000
 0.01459800000,3.60000,1.40000
 0.01460000000,3.60000,1.32000
 0.01460200000,3.60000,1.36000
 0.01460400000,3.60000,1.36000
 0.01460600000,3.60000,1.36000
 0.01460800000,3.60000,1.36000
 0.01461000000,3.56000,1.32000
 0.01461200000,3.60000,1.32000
 0.01461400000,3.60000,1.36000
 0.01461600000,3.56000,1.32000
 0.01461800000,3.60000,1.32000
 0.01462000000,3.56000,1.32000
 0.01462200000,3.52000,1.28000
 0.01462400000,3.56000,1.36000
 0.01462600000,3.56000,1.36000
 0.01462800000,3.60000,1.32000
 0.01463000000,3.60000,1.36000
 0.01463200000,3.60000,1.36000
 0.01463400000,3.56000,1.28000
 0.01463600000,3.56000,1.32000
 0.01463800000,3.56000,1.36000
 0.01464000000,3.60000,1.36000
 0.01464200000,3.56000,1.36000
 0.01464400000,3.60000,1.40000
 0.01464600000,3.52000,1.28000
 0.01464800000,3.56000,1.32000
 0.01465000000,3.60000,1.40000
 0.01465200000,3.56000,1.32000
 0.01465400000,3.60000,1.40000
 0.01465600000,3.56000,1.32000
 0.01465800000,3.52000,1.32000
 0.01466000000,3.60000,1.32000
 0.01466200000,3.56000,1.36000
 0.01466400000,2.64000,2.48000
 0.01466600000,2.48000,2.36000
 0.01466800000,2.52000,2.40000
 0.01467000000,2.48000,2.40000
 0.01467200000,2.48000,2.36000
 0.01467400000,2.56000,2.56000
 0.01467600000,2.56000,2.44000
 0.01467800000,2.52000,2.44000
 0.01468000000,2.52000,2.40000
 0.01468200000,2.52000,2.44000
 0.01468400000,2.32000,2.24000
 0.01468600000,2.60000,2.48000
 0.01468800000,2.56000,2.44000
 0.01469000000,2.56000,2.44000
 0.01469200000,2.64000,2.48000
 0.01469400000,2.56000,2.44000
 0.01469600000,2.52000,2.44000
 0.01469800000,2.56000,2.44000
 0.01470000000,2.60000,2.48000
 0.01470200000,2.52000,2.44000
 0.01470400000,2.56000,2.44000
 0.01470600000,2.56000,2.48000
 0.01470800000,2.52000,2.44000
 0.01471000000,2.56000,2.48000
 0.01471200000,2.56000,2.48000
 0.01471400000,2.52000,2.36000
 0.01471600000,2.56000,2.44000
 0.01471800000,2.60000,2.48000
 0.01472000000,2.56000,2.44000
 0.01472200000,2.56000,2.44000
 0.01472400000,2.56000,2.44000
 0.01472600000,2.64000,2.44000
 0.01472800000,2.56000,2.44000
 0.01473000000,2.60000,2.48000
 0.01473200000,2.56000,2.44000
 0.01473400000,2.60000,2.44000
 0.01473600000,2.60000,2.48000
 0.01473800000,2.64000,2.48000
 0.01474000000,2.56000,2.44000
 0.01474200000,2.56000,2.44000
 0.01474400000,2.56000,2.44000
 0.01474600000,2.52000,2.44000
 0.01474800000,2.60000,2.48000
 0.01475000000,2.64000,2.48000
 0.01475200000,2.52000,2.44000
 0.01475400000,2.56000,2.44000
 0.01475600000,2.76000,2.68000
 0.01475800000,2.56000,2.44000
 0.01476000000,2.60000,2.44000
 0.01476200000,2.60000,2.48000
 0.01476400000,2.60000,2.48000
 0.01476600000,2.52000,2.44000
 0.01476800000,2.64000,2.48000
 0.01477000000,2.56000,2.44000
 0.01477200000,2.56000,2.48000
 0.01477400000,2.52000,2.36000
 0.01477600000,2.56000,2.44000
 0.01477800000,2.60000,2.44000
 0.01478000000,2.56000,2.44000
 0.01478200000,2.56000,2.44000
 0.01478400000,2.56000,2.48000
 0.01478600000,2.56000,2.44000
 0.01478800000,2.56000,2.44000
 0.01479000000,2.56000,2.44000
 0.01479200000,2.60000,2.44000
 0.01479400000,2.56000,2.44000
 0.01479600000,2.56000,2.44000
 0.01479800000,2.60000,2.48000
 0.01480000000,2.60000,2.44000
 0.01480200000,2.56000,2.44000
 0.01480400000,2.56000,2.44000
 0.01480600000,2.64000,2.48000
 0.01480800000,2.40000,2.32000
 0.01481000000,2.60000,2.48000
 0.01481200000,2.64000,2.48000
 0.01481400000,2.60000,2.48000
 0.01481600000,2.56000,2.44000
 0.01481800000,2.56000,2.36000
 0.01482000000,2.56000,2.44000
 0.01482200000,2.56000,2.44000
 0.01482400000,2.68000,2.56000
 0.01482600000,2.56000,2.44000
 0.01482800000,2.56000,2.44000
 0.01483000000,2.56000,2.44000
 0.01483200000,2.56000,2.44000
 0.01483400000,2.56000,2.44000
 0.01483600000,2.56000,2.44000
 0.01483800000,2.60000,2.48000
 0.01484000000,2.56000,2.44000
 0.01484200000,2.56000,2.44000
 0.01484400000,2.52000,2.36000
 0.01484600000,2.60000,2.44000
 0.01484800000,2.56000,2.44000
 0.01485000000,2.56000,2.44000
 0.01485200000,2.60000,2.44000
 0.01485400000,2.52000,2.40000
 0.01485600000,2.60000,2.48000
 0.01485800000,2.60000,2.48000
 0.01486000000,2.56000,2.44000
 0.01486200000,2.56000,2.44000
 0.01486400000,2.60000,2.48000
 0.01486600000,2.56000,2.36000
 0.01486800000,2.56000,2.44000
 0.01487000000,2.52000,2.40000
 0.01487200000,2.56000,2.48000
 0.01487400000,2.56000,2.44000
 0.01487600000,2.60000,2.48000
 0.01487800000,2.52000,2.40000
 0.01488000000,2.40000,2.24000
 0.01488200000,2.56000,2.48000
 0.01488400000,2.64000,2.48000
 0.01488600000,2.52000,2.44000
 0.01488800000,2.56000,2.44000
 0.01489000000,2.56000,2.44000
 0.01489200000,2.60000,2.48000
 0.01489400000,2.56000,2.44000
 0.01489600000,2.64000,2.48000
 0.01489800000,2.56000,2.44000
 0.01490000000,2.60000,2.44000
 0.01490200000,2.60000,2.48000
 0.01490400000,2.60000,2.48000
 0.01490600000,2.56000,2.40000
 0.01490800000,2.56000,2.44000
 0.01491000000,2.60000,2.48000
 0.01491200000,2.60000,2.44000
 0.01491400000,2.52000,2.40000
 0.01491600000,2.60000,2.48000
 0.01491800000,2.60000,2.44000
 0.01492000000,2.60000,2.44000
 0.01492200000,2.48000,2.32000
 0.01492400000,2.68000,2.56000
 0.01492600000,2.60000,2.44000
 0.01492800000,2.60000,2.48000
 0.01493000000,2.56000,2.44000
 0.01493200000,2.72000,2.64000
 0.01493400000,2.56000,2.44000
 0.01493600000,2.56000,2.44000
 0.01493800000,2.60000,2.44000
 0.01494000000,2.64000,2.48000
 0.01494200000,2.60000,2.44000
 0.01494400000,2.56000,2.44000
 0.01494600000,2.64000,2.48000
 0.01494800000,2.56000,2.44000
 0.01495000000,2.56000,2.44000
 0.01495200000,2.56000,2.44000
 0.01495400000,2.56000,2.44000
 0.01495600000,2.60000,2.48000
 0.01495800000,2.60000,2.44000
 0.01496000000,2.60000,2.44000
 0.01496200000,2.56000,2.44000
 0.01496400000,2.56000,2.44000
 0.01496600000,2.64000,2.48000
 0.01496800000,2.56000,2.44000
 0.01497000000,2.56000,2.44000
 0.01497200000,2.56000,2.44000
 0.01497400000,2.56000,2.40000
 0.01497600000,2.56000,2.44000
 0.01497800000,2.56000,2.44000
 0.01498000000,2.64000,2.44000
 0.01498200000,2.52000,2.36000
 0.01498400000,2.80000,2.72000
 0.01498600000,2.56000,2.48000
 0.01498800000,2.56000,2.44000
 0.01499000000,2.60000,2.48000
 0.01499200000,2.60000,2.48000
 0.01499400000,2.60000,2.48000
 0.01499600000,2.56000,2.44000
 0.01499800000,2.52000,2.36000
 0.01500000000,2.56000,2.44000
 0.01500200000,2.56000,2.44000
 0.01500400000,2.56000,2.44000
 0.01500600000,2.56000,2.44000
 0.01500800000,2.60000,2.48000
 0.01501000000,2.56000,2.44000
 0.01501200000,2.56000,2.44000
 0.01501400000,2.56000,2.44000
 0.01501600000,2.56000,2.44000
 0.01501800000,2.52000,2.40000
 0.01502000000,2.56000,2.44000
 0.01502200000,2.56000,2.44000
 0.01502400000,2.56000,2.44000
 0.01502600000,2.56000,2.52000
 0.01502800000,2.60000,2.48000
 0.01503000000,2.52000,2.36000
 0.01503200000,2.60000,2.48000
 0.01503400000,2.60000,2.40000
 0.01503600000,2.56000,2.48000
 0.01503800000,2.56000,2.44000
 0.01504000000,2.56000,2.44000
 0.01504200000,2.60000,2.44000
 0.01504400000,2.56000,2.44000
 0.01504600000,2.56000,2.44000
 0.01504800000,2.60000,2.48000
 0.01505000000,2.60000,2.44000
 0.01505200000,2.60000,2.48000
 0.01505400000,2.56000,2.44000
 0.01505600000,2.60000,2.48000
 0.01505800000,2.64000,2.48000
 0.01506000000,2.60000,2.48000
 0.01506200000,2.64000,2.48000
 0.01506400000,2.56000,2.44000
 0.01506600000,2.56000,2.48000
 0.01506800000,2.72000,2.68000
 0.01507000000,2.56000,2.44000
 0.01507200000,2.60000,2.48000
 0.01507400000,2.56000,2.44000
 0.01507600000,2.56000,2.44000
 0.01507800000,2.60000,2.44000
 0.01508000000,2.52000,2.44000
 0.01508200000,2.60000,2.44000
 0.01508400000,2.56000,2.44000
 0.01508600000,2.52000,2.36000
 0.01508800000,2.60000,2.48000
 0.01509000000,2.60000,2.48000
 0.01509200000,2.56000,2.40000
 0.01509400000,2.60000,2.44000
 0.01509600000,2.56000,2.44000
 0.01509800000,2.60000,2.48000
 0.01510000000,2.60000,2.44000
 0.01510200000,2.60000,2.44000
 0.01510400000,2.56000,2.44000
 0.01510600000,2.56000,2.44000
 0.01510800000,2.56000,2.48000
 0.01511000000,2.64000,2.48000
 0.01511200000,2.52000,2.44000
 0.01511400000,2.60000,2.44000
 0.01511600000,2.60000,2.48000
 0.01511800000,2.60000,2.48000
 0.01512000000,2.56000,2.44000
 0.01512200000,2.56000,2.44000
 0.01512400000,2.56000,2.44000
 0.01512600000,2.56000,2.44000
 0.01512800000,2.56000,2.48000
 0.01513000000,2.60000,2.44000
 0.01513200000,2.60000,2.44000
 0.01513400000,2.56000,2.44000
 0.01513600000,2.56000,2.44000
 0.01513800000,2.64000,2.48000
 0.01514000000,2.56000,2.44000
 0.01514200000,2.60000,2.48000
 0.01514400000,2.60000,2.44000
 0.01514600000,2.68000,2.52000
 0.01514800000,2.56000,2.44000
 0.01515000000,2.68000,2.44000
 0.01515200000,2.72000,2.60000
 0.01515400000,2.60000,2.48000
 0.01515600000,2.60000,2.44000
 0.01515800000,2.60000,2.44000
 0.01516000000,2.56000,2.44000
 0.01516200000,2.56000,2.44000
 0.01516400000,2.60000,2.48000
 0.01516600000,2.56000,2.40000
 0.01516800000,2.60000,2.44000
 0.01517000000,2.56000,2.44000
 0.01517200000,2.64000,2.48000
 0.01517400000,2.64000,2.48000
 0.01517600000,2.56000,2.44000
 0.01517800000,2.60000,2.44000
 0.01518000000,2.64000,2.56000
 0.01518200000,2.60000,2.48000
 0.01518400000,2.56000,2.44000
 0.01518600000,2.60000,2.44000
 0.01518800000,2.60000,2.44000
 0.01519000000,2.68000,2.52000
 0.01519200000,2.56000,2.44000
 0.01519400000,2.44000,2.32000
 0.01519600000,2.56000,2.44000
 0.01519800000,2.56000,2.48000
 0.01520000000,2.60000,2.44000
 0.01520200000,2.56000,2.48000
 0.01520400000,2.56000,2.48000
 0.01520600000,2.56000,2.44000
 0.01520800000,2.52000,2.40000
 0.01521000000,2.56000,2.44000
 0.01521200000,2.56000,2.44000
 0.01521400000,2.56000,2.44000
 0.01521600000,2.56000,2.48000
 0.01521800000,2.60000,2.52000
 0.01522000000,2.56000,2.44000
 0.01522200000,2.56000,2.44000
 0.01522400000,2.56000,2.44000
 0.01522600000,2.72000,2.52000
 0.01522800000,2.60000,2.44000
 0.01523000000,2.56000,2.44000
 0.01523200000,2.56000,2.44000
 0.01523400000,2.56000,2.44000
 0.01523600000,2.52000,2.40000
 0.01523800000,2.60000,2.48000
 0.01524000000,2.56000,2.44000
 0.01524200000,2.56000,2.44000
 0.01524400000,2.56000,2.44000
 0.01524600000,2.60000,2.48000
 0.01524800000,2.68000,2.52000
 0.01525000000,2.60000,2.44000
 0.01525200000,2.56000,2.48000
 0.01525400000,2.64000,2.52000
 0.01525600000,2.56000,2.44000
 0.01525800000,2.72000,2.56000
 0.01526000000,2.60000,2.44000
 0.01526200000,2.56000,2.48000
 0.01526400000,2.52000,2.36000
 0.01526600000,2.64000,2.48000
 0.01526800000,2.48000,2.32000
 0.01527000000,2.56000,2.44000
 0.01527200000,2.56000,2.44000
 0.01527400000,2.60000,2.44000
 0.01527600000,2.56000,2.40000
 0.01527800000,2.56000,2.44000
 0.01528000000,2.56000,2.48000
 0.01528200000,2.56000,2.44000
 0.01528400000,2.56000,2.44000
 0.01528600000,2.60000,2.44000
 0.01528800000,2.60000,2.44000
 0.01529000000,2.64000,2.48000
 0.01529200000,2.52000,2.40000
 0.01529400000,2.60000,2.48000
 0.01529600000,2.56000,2.44000
 0.01529800000,2.56000,2.44000
 0.01530000000,2.72000,2.68000
 0.01530200000,2.56000,2.48000
 0.01530400000,2.56000,2.40000
 0.01530600000,2.52000,2.32000
 0.01530800000,2.64000,2.48000
 0.01531000000,2.56000,2.44000
 0.01531200000,2.60000,2.44000
 0.01531400000,2.56000,2.44000
 0.01531600000,2.60000,2.48000
 0.01531800000,2.60000,2.56000
 0.01532000000,2.60000,2.48000
 0.01532200000,2.64000,2.48000
 0.01532400000,2.60000,2.48000
 0.01532600000,2.60000,2.48000
 0.01532800000,2.60000,2.48000
 0.01533000000,2.56000,2.44000
 0.01533200000,2.64000,2.48000
 0.01533400000,2.60000,2.48000
 0.01533600000,2.60000,2.44000
 0.01533800000,2.60000,2.44000
 0.01534000000,2.56000,2.44000
 0.01534200000,2.60000,2.44000
 0.01534400000,2.60000,2.48000
 0.01534600000,2.56000,2.44000
 0.01534800000,2.56000,2.44000
 0.01535000000,2.60000,2.48000
 0.01535200000,2.56000,2.44000
 0.01535400000,2.56000,2.44000
 0.01535600000,2.56000,2.44000
 0.01535800000,2.56000,2.44000
 0.01536000000,2.60000,2.48000
 0.01536200000,2.64000,2.48000
 0.01536400000,2.48000,2.32000
 0.01536600000,2.56000,2.44000
 0.01536800000,2.56000,2.44000
 0.01537000000,2.64000,2.44000
 0.01537200000,2.56000,2.44000
 0.01537400000,2.56000,2.44000
 0.01537600000,2.68000,2.56000
 0.01537800000,2.56000,2.44000
 0.01538000000,2.52000,2.40000
 0.01538200000,2.56000,2.44000
 0.01538400000,2.56000,2.48000
 0.01538600000,2.68000,2.52000
 0.01538800000,2.60000,2.44000
 0.01539000000,2.60000,2.44000
 0.01539200000,2.56000,2.48000
 0.01539400000,2.56000,2.44000
 0.01539600000,2.52000,2.40000
 0.01539800000,2.56000,2.48000
 0.01540000000,2.60000,2.44000
 0.01540200000,2.56000,2.44000
 0.01540400000,2.56000,2.44000
 0.01540600000,2.60000,2.44000
 0.01540800000,2.68000,2.48000
 0.01541000000,2.56000,2.44000
 0.01541200000,2.56000,2.48000
 0.01541400000,2.56000,2.44000
 0.01541600000,2.64000,2.48000
 0.01541800000,2.52000,2.36000
 0.01542000000,2.56000,2.44000
 0.01542200000,2.60000,2.48000
 0.01542400000,2.56000,2.44000
 0.01542600000,2.60000,2.44000
 0.01542800000,2.48000,2.32000
 0.01543000000,2.56000,2.44000
 0.01543200000,2.64000,2.48000
 0.01543400000,2.60000,2.48000
 0.01543600000,2.60000,2.44000
 0.01543800000,2.60000,2.48000
 0.01544000000,2.48000,2.36000
 0.01544200000,2.60000,2.44000
 0.01544400000,2.52000,2.36000
 0.01544600000,2.56000,2.44000
 0.01544800000,2.60000,2.48000
 0.01545000000,2.60000,2.48000
 0.01545200000,2.56000,2.44000
 0.01545400000,2.64000,2.52000
 0.01545600000,2.64000,2.48000
 0.01545800000,2.56000,2.44000
 0.01546000000,2.56000,2.44000
 0.01546200000,2.56000,2.44000
 0.01546400000,2.56000,2.44000
 0.01546600000,2.56000,2.44000
 0.01546800000,2.56000,2.40000
 0.01547000000,2.60000,2.48000
 0.01547200000,2.56000,2.44000
 0.01547400000,2.60000,2.48000
 0.01547600000,2.56000,2.44000
 0.01547800000,2.56000,2.44000
 0.01548000000,2.60000,2.52000
 0.01548200000,2.56000,2.40000
 0.01548400000,2.60000,2.48000
 0.01548600000,2.56000,2.44000
 0.01548800000,2.60000,2.44000
 0.01549000000,2.56000,2.44000
 0.01549200000,2.56000,2.44000
 0.01549400000,2.60000,2.44000
 0.01549600000,2.60000,2.44000
 0.01549800000,2.56000,2.44000
 0.01550000000,2.60000,2.44000
 0.01550200000,2.56000,2.44000
 0.01550400000,2.64000,2.48000
 0.01550600000,2.56000,2.44000
 0.01550800000,2.56000,2.44000
 0.01551000000,2.56000,2.44000
 0.01551200000,2.60000,2.48000
 0.01551400000,2.56000,2.48000
 0.01551600000,2.56000,2.40000
 0.01551800000,2.52000,2.36000
 0.01552000000,2.60000,2.44000
 0.01552200000,2.56000,2.44000
 0.01552400000,2.56000,2.44000
 0.01552600000,2.60000,2.44000
 0.01552800000,2.60000,2.48000
 0.01553000000,2.60000,2.44000
 0.01553200000,2.60000,2.48000
 0.01553400000,2.56000,2.44000
 0.01553600000,2.52000,2.36000
 0.01553800000,2.60000,2.48000
 0.01554000000,2.68000,2.52000
 0.01554200000,2.56000,2.44000
 0.01554400000,2.64000,2.48000
 0.01554600000,2.60000,2.44000
 0.01554800000,2.60000,2.48000
 0.01555000000,2.60000,2.48000
 0.01555200000,2.60000,2.44000
 0.01555400000,2.56000,2.44000
 0.01555600000,2.52000,2.32000
 0.01555800000,2.56000,2.44000
 0.01556000000,2.60000,2.48000
 0.01556200000,2.56000,2.44000
 0.01556400000,2.60000,2.48000
 0.01556600000,2.64000,2.48000
 0.01556800000,2.52000,2.32000
 0.01557000000,2.60000,2.44000
 0.01557200000,2.48000,2.36000
 0.01557400000,2.60000,2.44000
 0.01557600000,2.56000,2.44000
 0.01557800000,2.56000,2.44000
 0.01558000000,2.60000,2.48000
 0.01558200000,2.68000,2.52000
 0.01558400000,2.60000,2.44000
 0.01558600000,2.56000,2.48000
 0.01558800000,2.64000,2.48000
 0.01559000000,2.72000,2.56000
 0.01559200000,2.56000,2.44000
 0.01559400000,2.56000,2.44000
 0.01559600000,2.60000,2.44000
 0.01559800000,2.56000,2.44000
 0.01560000000,2.56000,2.44000
 0.01560200000,2.60000,2.44000
 0.01560400000,2.56000,2.44000
 0.01560600000,2.60000,2.48000
 0.01560800000,2.64000,2.44000
 0.01561000000,2.64000,2.48000
 0.01561200000,2.64000,2.48000
 0.01561400000,2.56000,2.44000
 0.01561600000,2.56000,2.48000
 0.01561800000,2.60000,2.44000
 0.01562000000,2.56000,2.44000
 0.01562200000,2.44000,2.36000
 0.01562400000,2.60000,2.44000
 0.01562600000,2.64000,2.48000
 0.01562800000,2.64000,2.48000
 0.01563000000,2.56000,2.44000
 0.01563200000,2.56000,2.44000
 0.01563400000,2.52000,2.36000
 0.01563600156,2.60000,2.44000
 0.01563800000,2.56000,2.44000
 0.01564000000,2.64000,2.48000
 0.01564200000,2.60000,2.48000
 0.01564400156,2.72000,2.56000
 0.01564600000,2.52000,2.32000
 0.01564800000,2.56000,2.44000
 0.01565000000,2.56000,2.48000
 0.01565199844,2.56000,2.44000
 0.01565400000,2.56000,2.44000
 0.01565600000,2.56000,2.44000
 0.01565800000,2.48000,2.32000
 0.01565999844,2.56000,2.44000
 0.01566200000,2.60000,2.48000
 0.01566400000,2.60000,2.44000
 0.01566600000,2.48000,2.36000
 0.01566799844,2.64000,2.48000
 0.01567000000,2.60000,2.44000
 0.01567200000,2.56000,2.44000
 0.01567400000,2.56000,2.44000
 0.01567600000,2.56000,2.44000
 0.01567800000,2.56000,2.44000
 0.01568000000,2.60000,2.44000
 0.01568200000,2.56000,2.44000
 0.01568400000,2.56000,2.44000
 0.01568600000,2.60000,2.44000
 0.01568800000,2.56000,2.40000
 0.01569000000,2.56000,2.44000
 0.01569200000,2.56000,2.48000
 0.01569400000,2.56000,2.44000
 0.01569600000,2.56000,2.44000
 0.01569800156,2.48000,2.32000
 0.01570000000,2.48000,2.36000
 0.01570200000,2.56000,2.44000
 0.01570400000,2.56000,2.44000
 0.01570600156,2.60000,2.48000
 0.01570800000,2.56000,2.44000
 0.01571000000,2.56000,2.44000
 0.01571200000,2.56000,2.44000
 0.01571399844,2.56000,2.44000
 0.01571600000,2.56000,2.44000
 0.01571800000,2.60000,2.48000
 0.01572000000,2.48000,2.28000
 0.01572199844,2.56000,2.44000
 0.01572400000,2.60000,2.48000
 0.01572600000,2.52000,2.36000
 0.01572800000,2.60000,2.48000
 0.01572999844,2.56000,2.44000
 0.01573200000,2.56000,2.40000
 0.01573400000,2.56000,2.44000
 0.01573600000,2.60000,2.48000
 0.01573800000,2.60000,2.48000
 0.01574000000,2.60000,2.44000
 0.01574200000,2.56000,2.40000
 0.01574400000,2.56000,2.48000
 0.01574600000,2.52000,2.44000
 0.01574800000,2.56000,2.44000
 0.01575000000,2.60000,2.44000
 0.01575200000,2.52000,2.40000
 0.01575400000,2.56000,2.44000
 0.01575600000,2.56000,2.44000
 0.01575800000,2.60000,2.48000
 0.01576000156,2.56000,2.44000
 0.01576200000,2.56000,2.44000
 0.01576400000,2.56000,2.52000
 0.01576600000,2.56000,2.44000
 0.01576800156,2.60000,2.48000
 0.01577000000,2.56000,2.44000
 0.01577200000,2.56000,2.44000
 0.01577400000,2.60000,2.48000
 0.01577599844,2.56000,2.44000
 0.01577800000,2.60000,2.44000
 0.01578000000,2.56000,2.44000
 0.01578200000,2.56000,2.44000
 0.01578399844,2.60000,2.48000
 0.01578600000,2.56000,2.44000
 0.01578800000,2.56000,2.44000
 0.01579000000,2.52000,2.40000
 0.01579199844,2.64000,2.48000
 0.01579400000,2.56000,2.48000
 0.01579600000,2.56000,2.44000
 0.01579800000,2.60000,2.48000
 0.01580000000,2.60000,2.48000
 0.01580200000,2.48000,2.32000
 0.01580400000,2.60000,2.44000
 0.01580600000,2.56000,2.44000
 0.01580800000,2.52000,2.44000
 0.01581000000,2.60000,2.48000
 0.01581200000,2.56000,2.44000
 0.01581400000,2.56000,2.44000
 0.01581600000,2.56000,2.44000
 0.01581800000,2.52000,2.44000
 0.01582000000,2.60000,2.48000
 0.01582200156,2.56000,2.44000
 0.01582400000,2.56000,2.44000
 0.01582600000,2.56000,2.44000
 0.01582800000,2.56000,2.44000
 0.01583000156,2.64000,2.48000
 0.01583200000,2.56000,2.44000
 0.01583400000,2.60000,2.44000
 0.01583600000,2.60000,2.44000
 0.01583799844,2.52000,2.40000
 0.01584000000,2.60000,2.48000
 0.01584200000,2.64000,2.44000
 0.01584400000,2.60000,2.44000
 0.01584599844,2.56000,2.44000
 0.01584800000,2.60000,2.48000
 0.01585000000,2.56000,2.44000
 0.01585200000,2.60000,2.48000
 0.01585399844,2.64000,2.48000
 0.01585600000,2.56000,2.44000
 0.01585800000,2.56000,2.44000
 0.01586000000,2.52000,2.44000
 0.01586200000,2.56000,2.44000
 0.01586400000,2.60000,2.44000
 0.01586600000,2.64000,2.48000
 0.01586800000,2.64000,2.48000
 0.01587000000,2.60000,2.44000
 0.01587200000,2.56000,2.44000
 0.01587400000,2.60000,2.44000
 0.01587600000,2.60000,2.44000
 0.01587800000,2.56000,2.44000
 0.01588000000,2.56000,2.44000
 0.01588200000,2.56000,2.44000
 0.01588400156,2.56000,2.44000
 0.01588600000,2.56000,2.48000
 0.01588800000,2.60000,2.48000
 0.01589000000,2.60000,2.44000
 0.01589200156,2.60000,2.48000
 0.01589400000,2.60000,2.48000
 0.01589600000,2.52000,2.32000
 0.01589800000,2.56000,2.44000
 0.01589999844,2.60000,2.48000
 0.01590200000,2.60000,2.44000
 0.01590400000,2.56000,2.44000
 0.01590600000,2.52000,2.40000
 0.01590799844,2.60000,2.48000
 0.01591000000,2.52000,2.40000
 0.01591200000,2.56000,2.48000
 0.01591400000,2.60000,2.44000
 0.01591599844,2.60000,2.44000
 0.01591800000,2.72000,2.56000
 0.01592000000,2.60000,2.44000
 0.01592200000,2.56000,2.44000
 0.01592400000,2.56000,2.44000
 0.01592600000,2.56000,2.44000
 0.01592800000,2.60000,2.48000
 0.01593000000,2.56000,2.44000
 0.01593200000,2.56000,2.44000
 0.01593400000,2.60000,2.48000
 0.01593600000,2.56000,2.44000
 0.01593800000,2.52000,2.40000
 0.01594000000,2.72000,2.64000
 0.01594200000,2.56000,2.44000
 0.01594400000,2.56000,2.44000
 0.01594600156,2.56000,2.44000
 0.01594800000,2.56000,2.44000
 0.01595000000,2.56000,2.40000
 0.01595200000,2.56000,2.44000
 0.01595400156,2.56000,2.44000
 0.01595600000,2.64000,2.48000
 0.01595800000,2.52000,2.40000
 0.01596000000,2.56000,2.44000
 0.01596199844,2.56000,2.48000
 0.01596400000,2.56000,2.44000
 0.01596600000,2.60000,2.44000
 0.01596800000,2.60000,2.48000
 0.01596999844,2.52000,2.36000
 0.01597200000,2.64000,2.48000
 0.01597400000,2.56000,2.48000
 0.01597600000,2.60000,2.48000
 0.01597799844,2.60000,2.44000
 0.01598000000,2.56000,2.44000
 0.01598200000,2.56000,2.44000
 0.01598400000,2.56000,2.48000
 0.01598600000,2.56000,2.48000
 0.01598800000,2.56000,2.44000
 0.01599000000,2.60000,2.44000
 0.01599200000,2.60000,2.48000
 0.01599400000,2.56000,2.44000
 0.01599600000,2.56000,2.40000
 0.01599800000,2.60000,2.44000
 0.01600000000,2.60000,2.44000
 0.01600200000,2.60000,2.44000
 0.01600400000,2.56000,2.44000
 0.01600600000,2.60000,2.44000
 0.01600800156,2.56000,2.44000
 0.01601000000,2.56000,2.40000
 0.01601200000,2.56000,2.44000
 0.01601400000,2.72000,2.56000
 0.01601600156,2.60000,2.44000
 0.01601800000,2.72000,2.60000
 0.01602000000,2.60000,2.44000
 0.01602200000,2.60000,2.48000
 0.01602399844,2.56000,2.44000
 0.01602600000,2.60000,2.48000
 0.01602800000,2.60000,2.44000
 0.01603000000,2.60000,2.48000
 0.01603199844,2.56000,2.44000
 0.01603400000,2.56000,2.44000
 0.01603600000,2.56000,2.44000
 0.01603800000,2.56000,2.44000
 0.01603999844,2.56000,2.44000
 0.01604200000,2.60000,2.48000
 0.01604400000,2.52000,2.40000
 0.01604600000,2.56000,2.44000
 0.01604800000,2.56000,2.48000
 0.01605000000,2.56000,2.44000
 0.01605200000,2.64000,2.44000
 0.01605400000,2.56000,2.44000
 0.01605600000,2.56000,2.44000
 0.01605800000,2.60000,2.44000
 0.01606000000,2.56000,2.44000
 0.01606200000,2.56000,2.44000
 0.01606400000,2.56000,2.44000
 0.01606600000,2.56000,2.44000
 0.01606800000,2.56000,2.44000
 0.01607000156,2.64000,2.48000
 0.01607200000,2.56000,2.44000
 0.01607400000,2.64000,2.48000
 0.01607600000,2.56000,2.44000
 0.01607800156,2.56000,2.44000
 0.01608000000,2.56000,2.44000
 0.01608200000,2.56000,2.44000
 0.01608400000,2.56000,2.44000
 0.01608599844,2.64000,2.52000
 0.01608800000,2.64000,2.48000
 0.01609000000,2.56000,2.40000
 0.01609200000,2.56000,2.44000
 0.01609399844,2.56000,2.44000
 0.01609600000,2.60000,2.44000
 0.01609800000,2.56000,2.44000
 0.01610000000,2.56000,2.48000
 0.01610199844,2.56000,2.40000
 0.01610400000,2.60000,2.44000
 0.01610600000,2.60000,2.48000
 0.01610800000,2.60000,2.44000
 0.01611000000,2.56000,2.44000
 0.01611200000,2.60000,2.48000
 0.01611400000,2.56000,2.44000
 0.01611600000,2.56000,2.44000
 0.01611800000,2.56000,2.44000
 0.01612000000,2.68000,2.48000
 0.01612200000,2.60000,2.44000
 0.01612400000,2.56000,2.44000
 0.01612600000,2.60000,2.44000
 0.01612800000,2.60000,2.44000
 0.01613000000,2.56000,2.44000
 0.01613200156,2.64000,2.52000
 0.01613400000,2.56000,2.44000
 0.01613600000,2.56000,2.44000
 0.01613800000,2.60000,2.48000
 0.01613999844,2.60000,2.48000
 0.01614200000,2.64000,2.48000
 0.01614400000,2.64000,2.52000
 0.01614600000,2.56000,2.44000
 0.01614799844,2.60000,2.44000
 0.01615000000,2.56000,2.44000
 0.01615200000,2.60000,2.48000
 0.01615400000,2.56000,2.44000
 0.01615599844,2.56000,2.44000
 0.01615800000,2.56000,2.44000
 0.01616000000,2.60000,2.44000
 0.01616200000,2.56000,2.44000
 0.01616399844,2.56000,2.48000
 0.01616600000,2.60000,2.44000
 0.01616800000,2.60000,2.44000
 0.01617000000,2.56000,2.44000
 0.01617200000,2.56000,2.48000
 0.01617400000,2.56000,2.44000
 0.01617600000,2.60000,2.44000
 0.01617800000,2.56000,2.48000
 0.01618000000,2.60000,2.44000
 0.01618200000,2.60000,2.48000
 0.01618400000,2.60000,2.48000
 0.01618600000,2.56000,2.44000
 0.01618800000,2.56000,2.44000
 0.01619000000,2.56000,2.40000
 0.01619200000,2.56000,2.44000
 0.01619400156,2.56000,2.44000
 0.01619600000,2.56000,2.44000
 0.01619800000,2.52000,2.44000
 0.01620000000,2.60000,2.44000
 0.01620199844,2.52000,2.44000
 0.01620400000,2.60000,2.44000
 0.01620600000,2.56000,2.44000
 0.01620800000,2.56000,2.44000
 0.01620999844,2.60000,2.44000
 0.01621200000,2.60000,2.44000
 0.01621400000,2.56000,2.44000
 0.01621600000,2.60000,2.44000
 0.01621799844,2.68000,2.56000
 0.01622000000,2.60000,2.48000
 0.01622200000,2.56000,2.44000
 0.01622400000,2.56000,2.44000
 0.01622600000,2.60000,2.44000
 0.01622800000,2.60000,2.44000
 0.01623000000,2.56000,2.48000
 0.01623200000,2.56000,2.44000
 0.01623400000,2.56000,2.44000
 0.01623600000,2.56000,2.44000
 0.01623800000,2.56000,2.44000
 0.01624000000,2.56000,2.44000
 0.01624200000,2.60000,2.48000
 0.01624400000,2.56000,2.44000
 0.01624600000,2.60000,2.44000
 0.01624800156,2.64000,2.48000
 0.01625000000,2.56000,2.44000
 0.01625200000,2.56000,2.48000
 0.01625400000,2.56000,2.44000
 0.01625600156,2.56000,2.44000
 0.01625800000,2.56000,2.48000
 0.01626000000,2.52000,2.32000
 0.01626200000,2.60000,2.44000
 0.01626399844,2.56000,2.44000
 0.01626600000,2.56000,2.44000
 0.01626800000,2.56000,2.44000
 0.01627000000,2.60000,2.48000
 0.01627199844,2.60000,2.44000
 0.01627400000,2.60000,2.48000
 0.01627600000,2.56000,2.48000
 0.01627800000,2.56000,2.44000
 0.01627999844,2.60000,2.44000
 0.01628200000,2.60000,2.44000
 0.01628400000,2.56000,2.44000
 0.01628600000,2.56000,2.48000
 0.01628800000,2.56000,2.44000
 0.01629000000,2.60000,2.44000
 0.01629200000,2.56000,2.44000
 0.01629400000,2.56000,2.44000
 0.01629600000,2.56000,2.44000
 0.01629800000,2.60000,2.44000
 0.01630000000,2.60000,2.44000
 0.01630200000,2.60000,2.44000
 0.01630400000,2.56000,2.44000
 0.01630600000,2.56000,2.40000
 0.01630800000,2.56000,2.44000
 0.01631000156,2.56000,2.44000
 0.01631200000,2.60000,2.48000
 0.01631400000,2.56000,2.44000
 0.01631600000,2.56000,2.44000
 0.01631800156,2.60000,2.52000
 0.01632000000,2.68000,2.52000
 0.01632200000,2.56000,2.40000
 0.01632400000,2.56000,2.44000
 0.01632599844,2.56000,2.44000
 0.01632800000,2.56000,2.44000
 0.01633000000,2.56000,2.44000
 0.01633200000,2.56000,2.44000
 0.01633399844,2.64000,2.48000
 0.01633600000,2.56000,2.44000
 0.01633800000,2.48000,2.36000
 0.01634000000,2.56000,2.44000
 0.01634199844,2.60000,2.44000
 0.01634400000,2.56000,2.44000
 0.01634600000,2.60000,2.48000
 0.01634800000,2.56000,2.44000
 0.01635000000,2.56000,2.44000
 0.01635200000,2.60000,2.44000
 0.01635400000,2.56000,2.44000
 0.01635600000,2.56000,2.44000
 0.01635800000,2.60000,2.48000
 0.01636000000,2.56000,2.44000
 0.01636200000,2.56000,2.44000
 0.01636400000,2.60000,2.48000
 0.01636600000,2.56000,2.44000
 0.01636800000,2.56000,2.44000
 0.01637000000,2.56000,2.44000
 0.01637200156,2.60000,2.44000
 0.01637400000,2.64000,2.48000
 0.01637600000,2.56000,2.36000
 0.01637800000,2.56000,2.44000
 0.01638000156,2.56000,2.44000
 0.01638200000,2.60000,2.48000
 0.01638400000,2.60000,2.44000
 0.01638600000,2.56000,2.44000
 0.01638799844,2.56000,2.44000
 0.01639000000,2.60000,2.44000
 0.01639200000,2.52000,2.40000
 0.01639400000,2.60000,2.44000
 0.01639599844,2.60000,2.44000
 0.01639800000,2.56000,2.44000
 0.01640000000,2.60000,2.44000
 0.01640200000,2.60000,2.48000
 0.01640399844,2.56000,2.44000
 0.01640600000,2.60000,2.44000
 0.01640800000,2.60000,2.44000
 0.01641000000,2.56000,2.44000
 0.01641200000,2.60000,2.48000
 0.01641400000,2.56000,2.44000
 0.01641600000,2.60000,2.44000
 0.01641800000,2.60000,2.44000
 0.01642000000,2.56000,2.44000
 0.01642200000,2.56000,2.44000
 0.01642400000,2.56000,2.44000
 0.01642600000,2.56000,2.44000
 0.01642800000,2.64000,2.52000
 0.01643000000,2.56000,2.44000
 0.01643200000,2.56000,2.40000
 0.01643400156,2.56000,2.48000
 0.01643600000,2.60000,2.48000
 0.01643800000,2.60000,2.44000
 0.01644000000,2.56000,2.44000
 0.01644200156,2.56000,2.44000
 0.01644400000,2.48000,2.28000
 0.01644600000,2.56000,2.44000
 0.01644800000,2.64000,2.52000
 0.01644999844,2.60000,2.44000
 0.01645200000,2.56000,2.44000
 0.01645400000,2.56000,2.44000
 0.01645600000,2.56000,2.44000
 0.01645799844,2.56000,2.44000
 0.01646000000,2.56000,2.44000
 0.01646200000,2.56000,2.48000
 0.01646400000,2.56000,2.44000
 0.01646599844,2.56000,2.44000
 0.01646800000,2.60000,2.48000
 0.01647000000,2.60000,2.44000
 0.01647200000,2.60000,2.44000
 0.01647400000,2.52000,2.44000
 0.01647600000,2.56000,2.48000
 0.01647800000,2.56000,2.44000
 0.01648000000,2.56000,2.44000
 0.01648200000,2.56000,2.44000
 0.01648400000,2.60000,2.44000
 0.01648600000,2.48000,2.36000
 0.01648800000,2.60000,2.48000
 0.01649000000,2.60000,2.48000
 0.01649200000,2.56000,2.44000
 0.01649400000,2.56000,2.44000
 0.01649600156,2.60000,2.44000
 0.01649800000,2.60000,2.48000
 0.01650000000,2.64000,2.48000
 0.01650200000,2.56000,2.44000
 0.01650400156,2.56000,2.44000
 0.01650600000,2.56000,2.44000
 0.01650800000,2.56000,2.44000
 0.01651000000,2.60000,2.44000
 0.01651199844,2.56000,2.44000
 0.01651400000,2.52000,2.40000
 0.01651600000,2.56000,2.44000
 0.01651800000,2.60000,2.44000
 0.01651999844,2.56000,2.44000
 0.01652200000,2.60000,2.44000
 0.01652400000,2.56000,2.44000
 0.01652600000,2.56000,2.44000
 0.01652799844,2.56000,2.44000
 0.01653000000,2.60000,2.44000
 0.01653200000,2.60000,2.48000
 0.01653400000,2.60000,2.44000
 0.01653600000,2.56000,2.44000
 0.01653800000,2.56000,2.48000
 0.01654000000,2.60000,2.44000
 0.01654200000,2.56000,2.44000
 0.01654400000,2.56000,2.48000
 0.01654600000,2.56000,2.44000
 0.01654800000,2.60000,2.44000
 0.01655000000,2.64000,2.48000
 0.01655200000,2.56000,2.44000
 0.01655400000,2.64000,2.48000
 0.01655600000,2.56000,2.44000
 0.01655800156,2.56000,2.44000
 0.01656000000,2.64000,2.48000
 0.01656200000,2.60000,2.44000
 0.01656400000,2.64000,2.48000
 0.01656600156,2.60000,2.44000
 0.01656800000,2.60000,2.48000
 0.01657000000,2.60000,2.44000
 0.01657200000,2.60000,2.48000
 0.01657399844,2.56000,2.44000
 0.01657600000,2.60000,2.44000
 0.01657800000,2.60000,2.44000
 0.01658000000,2.56000,2.44000
 0.01658199844,2.56000,2.44000
 0.01658400000,2.52000,2.40000
 0.01658600000,2.60000,2.44000
 0.01658800000,2.56000,2.44000
 0.01658999844,2.60000,2.44000
 0.01659200000,2.56000,2.44000
 0.01659400000,2.60000,2.44000
 0.01659600000,2.60000,2.44000
 0.01659800000,2.56000,2.44000
 0.01660000000,2.56000,2.44000
 0.01660200000,2.60000,2.48000
 0.01660400000,2.56000,2.44000
 0.01660600000,2.56000,2.44000
 0.01660800000,2.60000,2.48000
 0.01661000000,2.60000,2.48000
 0.01661200000,2.56000,2.44000
 0.01661400000,2.56000,2.44000
 0.01661600000,2.60000,2.44000
 0.01661800000,2.60000,2.48000
 0.01662000156,2.56000,2.44000
 0.01662200000,2.60000,2.44000
 0.01662400000,2.60000,2.44000
 0.01662600000,2.60000,2.44000
 0.01662800156,2.60000,2.48000
 0.01663000000,2.60000,2.44000
 0.01663200000,2.56000,2.44000
 0.01663400000,2.60000,2.48000
 0.01663599844,2.56000,2.44000
 0.01663800000,2.56000,2.44000
 0.01664000000,2.56000,2.44000
 0.01664200000,2.56000,2.48000
 0.01664399844,2.56000,2.44000
 0.01664600000,2.52000,2.44000
 0.01664800000,2.60000,2.48000
 0.01665000000,2.56000,2.48000
 0.01665199844,2.56000,2.44000
 0.01665400000,2.48000,2.32000
 0.01665600000,2.60000,2.44000
 0.01665800000,2.64000,2.48000
 0.01666000000,2.64000,2.48000
 0.01666200000,2.60000,2.48000
 0.01666400000,2.56000,2.44000
 0.01666600000,2.60000,2.44000
 0.01666800000,2.60000,2.44000
 0.01667000000,2.56000,2.48000
 0.01667200000,2.56000,2.48000
 0.01667400000,2.60000,2.48000
 0.01667600000,2.56000,2.44000
 0.01667800000,2.60000,2.44000
 0.01668000000,2.60000,2.44000
 0.01668200156,2.56000,2.44000
 0.01668400000,2.56000,2.44000
 0.01668600000,2.56000,2.44000
 0.01668800000,2.56000,2.44000
 0.01668999844,2.64000,2.44000
 0.01669200000,2.56000,2.44000
 0.01669400000,2.56000,2.44000
 0.01669600000,2.56000,2.44000
 0.01669799844,2.60000,2.44000
 0.01670000000,2.56000,2.44000
 0.01670200000,2.60000,2.48000
 0.01670400000,2.60000,2.48000
 0.01670599844,2.52000,2.36000
 0.01670800000,2.56000,2.44000
 0.01671000000,2.56000,2.44000
 0.01671200000,2.56000,2.40000
 0.01671399844,2.56000,2.48000
 0.01671600000,2.52000,2.44000
 0.01671800000,2.56000,2.44000
 0.01672000000,2.56000,2.44000
 0.01672200000,2.60000,2.44000
 0.01672400000,2.60000,2.44000
 0.01672600000,2.48000,2.32000
 0.01672800000,2.56000,2.44000
 0.01673000000,2.56000,2.44000
 0.01673200000,2.56000,2.44000
 0.01673400000,2.56000,2.44000
 0.01673600000,2.56000,2.44000
 0.01673800000,2.56000,2.44000
 0.01674000000,2.60000,2.44000
 0.01674200000,2.60000,2.44000
 0.01674400156,2.60000,2.48000
 0.01674600000,2.60000,2.48000
 0.01674800000,2.60000,2.44000
 0.01675000000,2.56000,2.44000
 0.01675199844,2.56000,2.48000
 0.01675400000,2.56000,2.44000
 0.01675600000,2.60000,2.44000
 0.01675800000,2.68000,2.48000
 0.01675999844,2.56000,2.44000
 0.01676200000,2.56000,2.44000
 0.01676400000,2.56000,2.44000
 0.01676600000,2.56000,2.44000
 0.01676799844,2.60000,2.48000
 0.01677000000,2.60000,2.48000
 0.01677200000,2.52000,2.40000
 0.01677400000,2.52000,2.40000
 0.01677599844,2.56000,2.44000
 0.01677800000,2.60000,2.48000
 0.01678000000,2.60000,2.44000
 0.01678200000,2.60000,2.44000
 0.01678400000,2.56000,2.44000
 0.01678600000,2.56000,2.44000
 0.01678800000,2.56000,2.48000
 0.01679000000,2.60000,2.44000
 0.01679200000,2.60000,2.44000
 0.01679400000,2.56000,2.44000
 0.01679600000,2.56000,2.44000
 0.01679800156,2.56000,2.40000
 0.01680000000,2.56000,2.44000
 0.01680200000,2.64000,2.48000
 0.01680400000,2.60000,2.48000
 0.01680600156,2.56000,2.44000
 0.01680800000,2.56000,2.40000
 0.01681000000,2.52000,2.36000
 0.01681200000,2.56000,2.44000
 0.01681399844,2.56000,2.40000
 0.01681600000,2.56000,2.44000
 0.01681800000,2.56000,2.44000
 0.01682000000,2.64000,2.48000
 0.01682199844,2.60000,2.44000
 0.01682400000,2.56000,2.44000
 0.01682600000,2.56000,2.40000
 0.01682800000,2.56000,2.44000
 0.01682999844,2.56000,2.44000
 0.01683200000,2.56000,2.44000
 0.01683400000,2.60000,2.48000
 0.01683600000,2.56000,2.44000
 0.01683800000,2.64000,2.48000
 0.01684000000,2.60000,2.44000
 0.01684200000,2.60000,2.44000
 0.01684400000,2.60000,2.44000
 0.01684600000,2.56000,2.44000
 0.01684800000,2.56000,2.44000
 0.01685000000,2.56000,2.44000
 0.01685200000,2.56000,2.44000
 0.01685400000,2.56000,2.44000
 0.01685600000,2.60000,2.44000
 0.01685800000,2.60000,2.48000
 0.01686000156,2.60000,2.44000
 0.01686200000,2.60000,2.44000
 0.01686400000,2.56000,2.44000
 0.01686600000,2.60000,2.48000
 0.01686800156,2.60000,2.44000
 0.01687000000,2.56000,2.44000
 0.01687200000,2.60000,2.48000
 0.01687400000,2.56000,2.44000
 0.01687599844,2.52000,2.36000
 0.01687800000,2.56000,2.44000
 0.01688000000,2.64000,2.48000
 0.01688200000,2.56000,2.44000
 0.01688399844,2.52000,2.40000
 0.01688600000,2.56000,2.44000
 0.01688800000,2.60000,2.48000
 0.01689000000,2.60000,2.44000
 0.01689199844,2.60000,2.44000
 0.01689400000,2.56000,2.44000
 0.01689600000,2.52000,2.36000
 0.01689800000,2.56000,2.44000
 0.01690000000,2.56000,2.44000
 0.01690200000,2.56000,2.44000
 0.01690400000,2.60000,2.44000
 0.01690600000,2.56000,2.48000
 0.01690800000,2.56000,2.44000
 0.01691000000,2.60000,2.48000
 0.01691200000,2.60000,2.48000
 0.01691400000,2.56000,2.44000
 0.01691600000,2.60000,2.48000
 0.01691800000,2.56000,2.48000
 0.01692000000,2.56000,2.44000
 0.01692200156,2.60000,2.44000
 0.01692400000,2.56000,2.44000
 0.01692600000,2.60000,2.44000
 0.01692800000,2.60000,2.44000
 0.01693000156,2.60000,2.48000
 0.01693200000,2.60000,2.44000
 0.01693400000,2.56000,2.44000
 0.01693600000,2.60000,2.52000
 0.01693799844,2.56000,2.44000
 0.01694000000,2.60000,2.48000
 0.01694200000,2.56000,2.44000
 0.01694400000,2.60000,2.48000
 0.01694599844,2.64000,2.48000
 0.01694800000,2.52000,2.44000
 0.01695000000,2.60000,2.44000
 0.01695200000,2.56000,2.44000
 0.01695399844,2.60000,2.44000
 0.01695600000,2.56000,2.44000
 0.01695800000,2.52000,2.40000
 0.01696000000,2.60000,2.44000
 0.01696200000,2.56000,2.40000
 0.01696400000,2.56000,2.40000
 0.01696600000,2.60000,2.44000
 0.01696800000,2.64000,2.44000
 0.01697000000,2.56000,2.44000
 0.01697200000,2.56000,2.44000
 0.01697400000,2.56000,2.44000
 0.01697600000,2.68000,2.56000
 0.01697800000,2.60000,2.44000
 0.01698000000,2.60000,2.48000
 0.01698200000,2.60000,2.48000
 0.01698400156,2.52000,2.44000
 0.01698600000,2.56000,2.48000
 0.01698800000,2.56000,2.44000
 0.01699000000,2.60000,2.48000
 0.01699200156,2.60000,2.44000
 0.01699400000,2.60000,2.44000
 0.01699600000,2.56000,2.44000
 0.01699800000,2.60000,2.48000
 0.01699999844,2.56000,2.44000
 0.01700200000,2.60000,2.48000
 0.01700400000,2.56000,2.44000
 0.01700600000,2.60000,2.48000
 0.01700799844,2.60000,2.48000
 0.01701000000,2.56000,2.44000
 0.01701200000,2.56000,2.44000
 0.01701400000,2.56000,2.44000
 0.01701599844,2.68000,2.52000
 0.01701800000,2.60000,2.44000
 0.01702000000,2.60000,2.48000
 0.01702200000,2.56000,2.44000
 0.01702400000,2.60000,2.44000
 0.01702600000,2.56000,2.44000
 0.01702800000,2.64000,2.48000
 0.01703000000,2.56000,2.44000
 0.01703200000,2.60000,2.48000
 0.01703400000,2.56000,2.44000
 0.01703600000,2.56000,2.44000
 0.01703800000,2.60000,2.48000
 0.01704000000,2.60000,2.44000
 0.01704200000,2.56000,2.44000
 0.01704400000,2.52000,2.44000
 0.01704600156,2.60000,2.44000
 0.01704800000,2.56000,2.40000
 0.01705000000,2.68000,2.52000
 0.01705200000,2.56000,2.44000
 0.01705400156,2.60000,2.44000
 0.01705600000,2.56000,2.44000
 0.01705800000,2.56000,2.44000
 0.01706000000,2.56000,2.44000
 0.01706199844,2.56000,2.44000
 0.01706400000,2.60000,2.44000
 0.01706600000,2.56000,2.44000
 0.01706800000,2.60000,2.48000
 0.01706999844,2.60000,2.44000
 0.01707200000,2.56000,2.44000
 0.01707400000,2.56000,2.48000
 0.01707600000,2.56000,2.44000
 0.01707799844,2.56000,2.44000
 0.01708000000,2.56000,2.44000
 0.01708200000,2.60000,2.48000
 0.01708400000,2.56000,2.44000
 0.01708600000,2.56000,2.48000
 0.01708800000,2.60000,2.48000
 0.01709000000,2.56000,2.48000
 0.01709200000,2.60000,2.48000
 0.01709400000,2.56000,2.44000
 0.01709600000,2.60000,2.48000
 0.01709800000,2.56000,2.44000
 0.01710000000,2.56000,2.44000
 0.01710200000,2.56000,2.44000
 0.01710400000,2.56000,2.44000
 0.01710600000,2.56000,2.44000
 0.01710800156,2.56000,2.44000
 0.01711000000,2.56000,2.44000
 0.01711200000,2.60000,2.44000
 0.01711400000,2.56000,2.44000
 0.01711600156,2.56000,2.48000
 0.01711800000,2.60000,2.48000
 0.01712000000,2.56000,2.44000
 0.01712200000,2.52000,2.40000
 0.01712399844,2.56000,2.44000
 0.01712600000,2.56000,2.44000
 0.01712800000,2.56000,2.44000
 0.01713000000,2.56000,2.48000
 0.01713199844,2.64000,2.48000
 0.01713400000,2.60000,2.48000
 0.01713600000,2.56000,2.44000
 0.01713800000,2.56000,2.40000
 0.01713999844,2.56000,2.40000
 0.01714200000,2.56000,2.44000
 0.01714400000,2.64000,2.48000
 0.01714600000,2.60000,2.44000
 0.01714800000,2.56000,2.44000
 0.01715000000,2.56000,2.48000
 0.01715200000,2.56000,2.44000
 0.01715400000,2.52000,2.40000
 0.01715600000,2.56000,2.44000
 0.01715800000,2.56000,2.44000
 0.01716000000,2.56000,2.44000
 0.01716200000,2.56000,2.40000
 0.01716400000,2.60000,2.44000
 0.01716600000,2.56000,2.44000
 0.01716800000,2.56000,2.44000
 0.01717000156,2.56000,2.48000
 0.01717200000,2.60000,2.44000
 0.01717400000,2.60000,2.44000
 0.01717600000,2.60000,2.48000
 0.01717800156,2.56000,2.44000
 0.01718000000,2.52000,2.44000
 0.01718200000,2.56000,2.44000
 0.01718400000,2.60000,2.44000
 0.01718599844,2.56000,2.44000
 0.01718800000,2.56000,2.44000
 0.01719000000,2.52000,2.36000
 0.01719200000,2.60000,2.44000
 0.01719399844,2.60000,2.44000
 0.01719600000,2.60000,2.52000
 0.01719800000,2.56000,2.44000
 0.01720000000,2.60000,2.44000
 0.01720199844,2.60000,2.44000
 0.01720400000,2.72000,2.64000
 0.01720600000,2.64000,2.48000
 0.01720800000,2.56000,2.40000
 0.01721000000,2.64000,2.48000
 0.01721200000,2.64000,2.48000
 0.01721400000,2.56000,2.44000
 0.01721600000,2.52000,2.44000
 0.01721800000,2.60000,2.44000
 0.01722000000,2.60000,2.48000
 0.01722200000,2.60000,2.44000
 0.01722400000,2.64000,2.48000
 0.01722600000,2.64000,2.48000
 0.01722800000,2.56000,2.44000
 0.01723000000,2.60000,2.48000
 0.01723200156,2.60000,2.44000
 0.01723400000,2.56000,2.44000
 0.01723600000,2.60000,2.44000
 0.01723800000,2.60000,2.44000
 0.01723999844,2.60000,2.44000
 0.01724200000,2.60000,2.48000
 0.01724400000,2.56000,2.44000
 0.01724600000,2.60000,2.44000
 0.01724799844,2.52000,2.44000
 0.01725000000,2.60000,2.44000
 0.01725200000,2.64000,2.48000
 0.01725400000,2.52000,2.44000
 0.01725599844,2.56000,2.44000
 0.01725800000,2.60000,2.48000
 0.01726000000,2.64000,2.44000
 0.01726200000,2.56000,2.44000
 0.01726399844,2.60000,2.44000
 0.01726600000,2.60000,2.44000
 0.01726800000,2.56000,2.44000
 0.01727000000,2.64000,2.48000
 0.01727200000,2.60000,2.44000
 0.01727400000,2.56000,2.44000
 0.01727600000,2.56000,2.48000
 0.01727800000,2.60000,2.44000
 0.01728000000,2.60000,2.44000
 0.01728200000,2.56000,2.44000
 0.01728400000,2.56000,2.44000
 0.01728600000,2.56000,2.44000
 0.01728800000,2.60000,2.48000
 0.01729000000,2.60000,2.48000
 0.01729200000,2.56000,2.44000
 0.01729400156,2.56000,2.40000
 0.01729600000,2.56000,2.44000
 0.01729800000,2.56000,2.48000
 0.01730000000,2.56000,2.44000
 0.01730199844,2.52000,2.40000
 0.01730400000,2.60000,2.48000
 0.01730600000,2.60000,2.44000
 0.01730800000,2.64000,2.48000
 0.01730999844,2.60000,2.48000
 0.01731200000,2.52000,2.32000
 0.01731400000,2.60000,2.44000
 0.01731600000,2.60000,2.48000
 0.01731799844,2.56000,2.44000
 0.01732000000,2.56000,2.48000
 0.01732200000,2.56000,2.44000
 0.01732400000,2.64000,2.48000
 0.01732599844,2.60000,2.44000
 0.01732800000,2.56000,2.48000
 0.01733000000,2.56000,2.44000
 0.01733200000,2.56000,2.44000
 0.01733400000,2.60000,2.44000
 0.01733600000,2.64000,2.48000
 0.01733800000,2.64000,2.52000
 0.01734000000,2.56000,2.44000
 0.01734200000,2.56000,2.44000
 0.01734400000,2.56000,2.44000
 0.01734600000,2.56000,2.44000
 0.01734800000,2.60000,2.48000
 0.01735000000,2.56000,2.44000
 0.01735200000,2.56000,2.44000
 0.01735400000,2.56000,2.44000
 0.01735600156,2.52000,2.44000
 0.01735800000,2.64000,2.44000
 0.01736000000,2.56000,2.44000
 0.01736200000,2.60000,2.44000
 0.01736399844,2.52000,2.44000
 0.01736600000,2.60000,2.44000
 0.01736800000,2.56000,2.44000
 0.01737000000,2.68000,2.48000
 0.01737199844,2.56000,2.44000
 0.01737400000,2.56000,2.44000
 0.01737600000,2.56000,2.48000
 0.01737800000,2.52000,2.36000
 0.01737999844,2.52000,2.40000
 0.01738200000,2.60000,2.44000
 0.01738400000,2.56000,2.44000
 0.01738600000,2.56000,2.40000
 0.01738800000,2.56000,2.44000
 0.01739000000,2.56000,2.48000
 0.01739200000,2.56000,2.44000
 0.01739400000,2.56000,2.44000
 0.01739600000,2.60000,2.44000
 0.01739800000,2.64000,2.48000
 0.01740000000,2.52000,2.44000
 0.01740200000,2.60000,2.44000
 0.01740400000,2.56000,2.44000
 0.01740600000,2.52000,2.44000
 0.01740800000,2.56000,2.44000
 0.01741000156,2.64000,2.48000
 0.01741200000,2.56000,2.44000
 0.01741400000,2.56000,2.44000
 0.01741600000,2.56000,2.44000
 0.01741800156,2.56000,2.44000
 0.01742000000,2.56000,2.44000
 0.01742200000,2.56000,2.44000
 0.01742400000,2.56000,2.44000
 0.01742599844,2.56000,2.44000
 0.01742800000,2.52000,2.40000
 0.01743000000,2.56000,2.44000
 0.01743200000,2.60000,2.48000
 0.01743399844,2.56000,2.44000
 0.01743600000,2.68000,2.52000
 0.01743800000,2.60000,2.44000
 0.01744000000,2.56000,2.44000
 0.01744199844,2.60000,2.48000
 0.01744400000,2.56000,2.48000
 0.01744600000,2.60000,2.44000
 0.01744800000,2.60000,2.44000
 0.01745000000,2.56000,2.44000
 0.01745200000,2.56000,2.44000
 0.01745400000,2.56000,2.44000
 0.01745600000,2.52000,2.36000
 0.01745800000,2.60000,2.44000
 0.01746000000,2.60000,2.44000
 0.01746200000,2.56000,2.44000
 0.01746400000,2.60000,2.44000
 0.01746600000,2.60000,2.44000
 0.01746800000,2.56000,2.36000
 0.01747000000,2.60000,2.44000
 0.01747200156,2.60000,2.44000
 0.01747400000,2.56000,2.48000
 0.01747600000,2.56000,2.44000
 0.01747800000,2.56000,2.44000
 0.01748000156,2.72000,2.48000
 0.01748200000,2.64000,2.48000
 0.01748400000,2.56000,2.48000
 0.01748600000,2.56000,2.44000
 0.01748799844,2.56000,2.44000
 0.01749000000,2.56000,2.44000
 0.01749200000,2.52000,2.40000
 0.01749400000,2.60000,2.44000
 0.01749599844,2.52000,2.40000
 0.01749800000,2.68000,2.52000
 0.01750000000,2.56000,2.44000
 0.01750200000,2.60000,2.44000
 0.01750399844,2.56000,2.44000
 0.01750600000,2.64000,2.48000
 0.01750800000,2.60000,2.44000
 0.01751000000,2.60000,2.44000
 0.01751200000,2.56000,2.44000
 0.01751400000,2.56000,2.44000
 0.01751600000,2.52000,2.44000
 0.01751800000,2.64000,2.48000
 0.01752000000,2.60000,2.44000
 0.01752200000,2.56000,2.44000
 0.01752400000,2.60000,2.44000
 0.01752600000,2.60000,2.48000
 0.01752800000,2.56000,2.44000
 0.01753000000,2.56000,2.44000
 0.01753200000,2.56000,2.44000
 0.01753400156,2.44000,2.28000
 0.01753600000,2.60000,2.44000
 0.01753800000,2.52000,2.40000
 0.01754000000,2.56000,2.44000
 0.01754200156,2.64000,2.44000
 0.01754400000,2.56000,2.44000
 0.01754600000,2.56000,2.44000
 0.01754800000,2.60000,2.44000
 0.01754999844,2.56000,2.44000
 0.01755200000,2.56000,2.48000
 0.01755400000,2.64000,2.48000
 0.01755600000,2.56000,2.44000
 0.01755799844,2.56000,2.44000
 0.01756000000,2.60000,2.44000
 0.01756200000,2.52000,2.44000
 0.01756400000,2.60000,2.48000
 0.01756599844,2.56000,2.44000
 0.01756800000,2.56000,2.44000
 0.01757000000,2.56000,2.44000
 0.01757200000,2.60000,2.48000
 0.01757400000,2.64000,2.48000
 0.01757600000,2.64000,2.48000
 0.01757800000,2.56000,2.40000
 0.01758000000,2.56000,2.44000
 0.01758200000,2.60000,2.44000
 0.01758400000,2.56000,2.44000
 0.01758600000,2.56000,2.44000
 0.01758800000,2.60000,2.48000
 0.01759000000,2.56000,2.44000
 0.01759200000,2.60000,2.44000
 0.01759400000,2.60000,2.44000
 0.01759600156,2.48000,2.36000
 0.01759800000,2.56000,2.44000
 0.01760000000,2.56000,2.44000
 0.01760200000,2.56000,2.40000
 0.01760400156,2.56000,2.44000
 0.01760600000,2.56000,2.44000
 0.01760800000,2.60000,2.44000
 0.01761000000,2.60000,2.44000
 0.01761199844,2.52000,2.44000
 0.01761400000,2.56000,2.48000
 0.01761600000,2.64000,2.52000
 0.01761800000,2.56000,2.44000
 0.01761999844,2.56000,2.44000
 0.01762200000,2.60000,2.44000
 0.01762400000,2.60000,2.44000
 0.01762600000,2.56000,2.44000
 0.01762799844,2.60000,2.44000
 0.01763000000,2.56000,2.44000
 0.01763200000,2.56000,2.48000
 0.01763400000,2.56000,2.44000
 0.01763600000,2.60000,2.48000
 0.01763800000,2.60000,2.48000
 0.01764000000,2.56000,2.44000
 0.01764200000,2.56000,2.44000
 0.01764400000,2.60000,2.48000
 0.01764600000,2.56000,2.44000
 0.01764800000,2.56000,2.48000
 0.01765000000,2.56000,2.44000
 0.01765200000,2.60000,2.44000
 0.01765400000,2.52000,2.44000
 0.01765600000,2.56000,2.44000
 0.01765800156,2.60000,2.48000
 0.01766000000,2.56000,2.44000
 0.01766200000,2.60000,2.48000
 0.01766400000,2.60000,2.44000
 0.01766600156,2.56000,2.44000
 0.01766800000,2.60000,2.44000
 0.01767000000,2.56000,2.44000
 0.01767200000,2.60000,2.44000
 0.01767399844,2.60000,2.44000
 0.01767600000,2.56000,2.44000
 0.01767800000,2.56000,2.44000
 0.01768000000,2.56000,2.44000
 0.01768199844,2.52000,2.44000
 0.01768400000,2.64000,2.48000
 0.01768600000,2.56000,2.44000
 0.01768800000,2.60000,2.48000
 0.01768999844,2.60000,2.48000
 0.01769200000,2.56000,2.44000
 0.01769400000,2.56000,2.48000
 0.01769600000,2.60000,2.44000
 0.01769800000,2.56000,2.44000
 0.01770000000,2.52000,2.44000
 0.01770200000,2.60000,2.48000
 0.01770400000,2.56000,2.44000
 0.01770600000,2.68000,2.52000
 0.01770800000,2.60000,2.44000
 0.01771000000,2.64000,2.48000
 0.01771200000,2.56000,2.44000
 0.01771400000,2.60000,2.44000
 0.01771600000,2.60000,2.48000
 0.01771800000,2.56000,2.44000
 0.01772000156,2.60000,2.44000
 0.01772200000,2.60000,2.48000
 0.01772400000,2.56000,2.44000
 0.01772600000,2.52000,2.40000
 0.01772800156,2.56000,2.44000
 0.01773000000,2.60000,2.48000
 0.01773200000,2.56000,2.44000
 0.01773400000,2.56000,2.44000
 0.01773599844,2.60000,2.44000
 0.01773800000,2.56000,2.44000
 0.01774000000,2.52000,2.40000
 0.01774200000,2.56000,2.44000
 0.01774399844,2.56000,2.44000
 0.01774600000,2.56000,2.48000
 0.01774800000,2.56000,2.44000
 0.01775000000,2.56000,2.44000
 0.01775199844,2.52000,2.40000
 0.01775400000,2.56000,2.44000
 0.01775600000,2.56000,2.44000
 0.01775800000,2.52000,2.32000
 0.01776000000,2.60000,2.48000
 0.01776200000,2.56000,2.44000
 0.01776400000,2.64000,2.48000
 0.01776600000,2.56000,2.44000
 0.01776800000,2.48000,2.32000
 0.01777000000,2.56000,2.44000
 0.01777200000,2.56000,2.44000
 0.01777400000,2.68000,2.48000
 0.01777600000,2.56000,2.44000
 0.01777800000,2.56000,2.44000
 0.01778000000,2.60000,2.48000
 0.01778200156,2.60000,2.44000
 0.01778400000,2.56000,2.44000
 0.01778600000,2.56000,2.44000
 0.01778800000,2.64000,2.44000
 0.01779000156,2.72000,2.60000
 0.01779200000,2.56000,2.44000
 0.01779400000,2.60000,2.44000
 0.01779600000,2.56000,2.44000
 0.01779799844,2.56000,2.48000
 0.01780000000,2.56000,2.44000
 0.01780200000,2.60000,2.44000
 0.01780400000,2.64000,2.48000
 0.01780599844,2.56000,2.44000
 0.01780800000,2.60000,2.44000
 0.01781000000,2.64000,2.44000
 0.01781200000,2.60000,2.44000
 0.01781399844,2.56000,2.44000
 0.01781600000,2.60000,2.44000
 0.01781800000,2.56000,2.44000
 0.01782000000,2.56000,2.44000
 0.01782200000,2.56000,2.44000
 0.01782400000,2.56000,2.44000
 0.01782600000,2.56000,2.36000
 0.01782800000,2.56000,2.44000
 0.01783000000,2.56000,2.44000
 0.01783200000,2.60000,2.44000
 0.01783400000,2.60000,2.44000
 0.01783600000,2.60000,2.48000
 0.01783800000,2.56000,2.44000
 0.01784000000,2.56000,2.44000
 0.01784200000,2.60000,2.44000
 0.01784400156,2.52000,2.44000
 0.01784600000,2.48000,2.32000
 0.01784800000,2.60000,2.44000
 0.01785000000,2.52000,2.36000
 0.01785199844,2.56000,2.48000
 0.01785400000,2.56000,2.44000
 0.01785600000,2.60000,2.48000
 0.01785800000,2.56000,2.44000
 0.01785999844,2.60000,2.48000
 0.01786200000,2.60000,2.44000
 0.01786400000,2.56000,2.44000
 0.01786600000,2.56000,2.44000
 0.01786799844,2.60000,2.44000
 0.01787000000,2.60000,2.48000
 0.01787200000,2.68000,2.52000
 0.01787400000,2.56000,2.44000
 0.01787599844,2.60000,2.44000
 0.01787800000,2.56000,2.40000
 0.01788000000,2.60000,2.48000
 0.01788200000,2.56000,2.44000
 0.01788400000,2.56000,2.44000
 0.01788600000,2.60000,2.48000
 0.01788800000,2.56000,2.44000
 0.01789000000,2.60000,2.48000
 0.01789200000,2.56000,2.44000
 0.01789400000,2.56000,2.44000
 0.01789600000,2.60000,2.48000
 0.01789800000,2.56000,2.44000
 0.01790000000,2.56000,2.44000
 0.01790200000,2.44000,2.40000
 0.01790400000,2.56000,2.44000
 0.01790600156,2.56000,2.44000
 0.01790800000,2.56000,2.44000
 0.01791000000,2.64000,2.48000
 0.01791200000,2.60000,2.48000
 0.01791399844,2.56000,2.44000
 0.01791600000,2.56000,2.44000
 0.01791800000,2.64000,2.48000
 0.01792000000,2.56000,2.44000
 0.01792199844,2.60000,2.48000
 0.01792400000,2.56000,2.40000
 0.01792600000,2.56000,2.44000
 0.01792800000,2.60000,2.44000
 0.01792999844,2.56000,2.44000
 0.01793200000,2.60000,2.44000
 0.01793400000,2.56000,2.40000
 0.01793600000,2.60000,2.48000
 0.01793799844,2.64000,2.48000
 0.01794000000,2.60000,2.44000
 0.01794200000,2.52000,2.44000
 0.01794400000,2.60000,2.44000
 0.01794600000,2.64000,2.48000
 0.01794800000,2.68000,2.56000
 0.01795000000,2.56000,2.44000
 0.01795200000,2.56000,2.44000
 0.01795400000,2.56000,2.44000
 0.01795600000,2.56000,2.44000
 0.01795800000,2.56000,2.36000
 0.01796000156,2.56000,2.44000
 0.01796200000,2.56000,2.40000
 0.01796400000,2.56000,2.44000
 0.01796600000,2.56000,2.44000
 0.01796800156,2.60000,2.44000
 0.01797000000,2.60000,2.44000
 0.01797200000,2.56000,2.44000
 0.01797400000,2.60000,2.44000
 0.01797599844,2.56000,2.44000
 0.01797800000,2.56000,2.44000
 0.01798000000,2.60000,2.44000
 0.01798200000,2.48000,2.32000
 0.01798399844,2.56000,2.44000
 0.01798600000,2.60000,2.44000
 0.01798800000,2.64000,2.44000
 0.01799000000,2.56000,2.44000
 0.01799199844,2.56000,2.48000
 0.01799400000,2.56000,2.44000
 0.01799600000,2.56000,2.44000
 0.01799800000,2.56000,2.44000
 0.01800000000,2.56000,2.48000
 0.01800200000,2.56000,2.44000
 0.01800400000,2.56000,2.44000
 0.01800600000,2.60000,2.44000
 0.01800800000,2.56000,2.44000
 0.01801000000,2.56000,2.44000
 0.01801200000,2.56000,2.44000
 0.01801400000,2.56000,2.44000
 0.01801600000,2.60000,2.48000
 0.01801800000,2.60000,2.48000
 0.01802000000,2.56000,2.44000
 0.01802200156,2.60000,2.48000
 0.01802400000,2.60000,2.48000
 0.01802600000,2.60000,2.44000
 0.01802800000,2.48000,2.32000
 0.01803000156,2.60000,2.44000
 0.01803200000,2.56000,2.44000
 0.01803400000,2.60000,2.44000
 0.01803600000,2.60000,2.44000
 0.01803799844,2.56000,2.44000
 0.01804000000,2.56000,2.44000
 0.01804200000,2.56000,2.44000
 0.01804400000,2.60000,2.48000
 0.01804599844,2.60000,2.48000
 0.01804800000,2.52000,2.40000
 0.01805000000,2.60000,2.44000
 0.01805200000,2.56000,2.44000
 0.01805399844,2.56000,2.44000
 0.01805600000,2.56000,2.40000
 0.01805800000,2.60000,2.44000
 0.01806000000,2.52000,2.36000
 0.01806200000,2.64000,2.56000
 0.01806400000,2.56000,2.44000
 0.01806600000,2.60000,2.44000
 0.01806800000,2.56000,2.48000
 0.01807000000,2.64000,2.48000
 0.01807200000,2.60000,2.44000
 0.01807400000,2.56000,2.40000
 0.01807600000,2.60000,2.44000
 0.01807800000,2.60000,2.48000
 0.01808000000,2.52000,2.32000
 0.01808200000,2.56000,2.44000
 0.01808400156,2.56000,2.44000
 0.01808600000,2.60000,2.44000
 0.01808800000,2.60000,2.44000
 0.01809000000,2.52000,2.40000
 0.01809200156,2.56000,2.44000
 0.01809400000,2.56000,2.44000
 0.01809600000,2.56000,2.44000
 0.01809800000,2.56000,2.44000
 0.01809999844,2.56000,2.48000
 0.01810200000,2.56000,2.44000
 0.01810400000,2.60000,2.44000
 0.01810600000,2.64000,2.48000
 0.01810799844,2.60000,2.48000
 0.01811000000,2.52000,2.44000
 0.01811200000,2.56000,2.44000
 0.01811400000,2.56000,2.44000
 0.01811599844,2.56000,2.44000
 0.01811800000,2.68000,2.44000
 0.01812000000,2.52000,2.44000
 0.01812200000,2.56000,2.44000
 0.01812400000,2.60000,2.48000
 0.01812600000,2.60000,2.44000
 0.01812800000,2.56000,2.44000
 0.01813000000,2.60000,2.48000
 0.01813200000,2.44000,2.32000
 0.01813400000,2.60000,2.44000
 0.01813600000,2.56000,2.48000
 0.01813800000,2.60000,2.44000
 0.01814000000,2.60000,2.48000
 0.01814200000,2.60000,2.44000
 0.01814400000,2.56000,2.48000
 0.01814600156,2.60000,2.44000
 0.01814800000,2.52000,2.44000
 0.01815000000,2.56000,2.44000
 0.01815200000,2.56000,2.44000
 0.01815400156,2.56000,2.40000
 0.01815600000,2.56000,2.44000
 0.01815800000,2.60000,2.44000
 0.01816000000,2.60000,2.48000
 0.01816199844,2.56000,2.44000
 0.01816400000,2.56000,2.44000
 0.01816600000,2.56000,2.44000
 0.01816800000,2.60000,2.44000
 0.01816999844,2.60000,2.44000
 0.01817200000,2.56000,2.44000
 0.01817400000,2.60000,2.44000
 0.01817600000,2.68000,2.48000
 0.01817799844,2.64000,2.48000
 0.01818000000,2.68000,2.56000
 0.01818200000,2.56000,2.44000
 0.01818400000,2.52000,2.44000
 0.01818600000,2.60000,2.44000
 0.01818800000,2.56000,2.44000
 0.01819000000,2.56000,2.52000
 0.01819200000,2.60000,2.48000
 0.01819400000,2.56000,2.44000
 0.01819600000,2.64000,2.44000
 0.01819800000,2.56000,2.44000
 0.01820000000,2.56000,2.44000
 0.01820200000,2.60000,2.44000
 0.01820400000,2.60000,2.44000
 0.01820600000,2.64000,2.48000
 0.01820800156,2.60000,2.44000
 0.01821000000,2.56000,2.44000
 0.01821200000,2.60000,2.48000
 0.01821400000,2.52000,2.44000
 0.01821600156,2.56000,2.44000
 0.01821800000,2.68000,2.48000
 0.01822000000,2.60000,2.44000
 0.01822200000,2.68000,2.52000
 0.01822399844,2.64000,2.48000
 0.01822600000,2.60000,2.44000
 0.01822800000,2.60000,2.44000
 0.01823000000,2.64000,2.48000
 0.01823199844,2.60000,2.44000
 0.01823400000,2.56000,2.44000
 0.01823600000,2.56000,2.48000
 0.01823800000,2.56000,2.44000
 0.01823999844,2.60000,2.44000
 0.01824200000,2.52000,2.40000
 0.01824400000,2.56000,2.44000
 0.01824600000,2.60000,2.44000
 0.01824800000,2.48000,2.40000
 0.01825000000,2.56000,2.44000
 0.01825200000,2.60000,2.44000
 0.01825400000,2.56000,2.44000
 0.01825600000,2.56000,2.44000
 0.01825800000,2.56000,2.44000
 0.01826000000,2.56000,2.44000
 0.01826200000,2.60000,2.44000
 0.01826400000,2.64000,2.52000
 0.01826600000,2.60000,2.44000
 0.01826800000,2.60000,2.48000
 0.01827000156,2.56000,2.48000
 0.01827200000,2.56000,2.44000
 0.01827400000,2.60000,2.44000
 0.01827600000,2.52000,2.44000
 0.01827800156,2.56000,2.48000
 0.01828000000,2.56000,2.44000
 0.01828200000,2.56000,2.44000
 0.01828400000,2.56000,2.44000
 0.01828599844,2.56000,2.48000
 0.01828800000,2.56000,2.40000
 0.01829000000,2.56000,2.44000
 0.01829200000,2.60000,2.44000
 0.01829399844,2.56000,2.44000
 0.01829600000,2.56000,2.44000
 0.01829800000,2.56000,2.44000
 0.01830000000,2.60000,2.44000
 0.01830199844,2.64000,2.48000
 0.01830400000,2.56000,2.44000
 0.01830600000,2.68000,2.44000
 0.01830800000,2.56000,2.44000
 0.01831000000,2.56000,2.44000
 0.01831200000,2.52000,2.36000
 0.01831400000,2.60000,2.48000
 0.01831600000,2.56000,2.44000
 0.01831800000,2.56000,2.44000
 0.01832000000,2.60000,2.44000
 0.01832200000,2.52000,2.44000
 0.01832400000,2.56000,2.44000
 0.01832600000,2.56000,2.44000
 0.01832800000,2.56000,2.44000
 0.01833000000,2.56000,2.48000
 0.01833200156,2.60000,2.44000
 0.01833400000,2.60000,2.48000
 0.01833600000,2.56000,2.44000
 0.01833800000,2.56000,2.44000
 0.01834000156,2.56000,2.44000
 0.01834200000,2.60000,2.44000
 0.01834400000,2.56000,2.44000
 0.01834600000,2.60000,2.44000
 0.01834799844,2.60000,2.44000
 0.01835000000,2.60000,2.44000
 0.01835200000,2.64000,2.48000
 0.01835400000,2.56000,2.44000
 0.01835599844,2.56000,2.44000
 0.01835800000,2.60000,2.44000
 0.01836000000,2.56000,2.44000
 0.01836200000,2.56000,2.44000
 0.01836399844,2.64000,2.52000
 0.01836600000,2.60000,2.44000
 0.01836800000,2.56000,2.44000
 0.01837000000,2.56000,2.44000
 0.01837200000,2.56000,2.44000
 0.01837400000,2.56000,2.44000
 0.01837600000,2.56000,2.44000
 0.01837800000,2.56000,2.40000
 0.01838000000,2.64000,2.48000
 0.01838200000,2.60000,2.44000
 0.01838400000,2.56000,2.44000
 0.01838600000,2.56000,2.44000
 0.01838800000,2.60000,2.44000
 0.01839000000,2.56000,2.44000
 0.01839200000,2.60000,2.44000
 0.01839400156,2.60000,2.44000
 0.01839600000,2.56000,2.44000
 0.01839800000,2.56000,2.44000
 0.01840000000,2.60000,2.44000
 0.01840199844,2.72000,2.52000
 0.01840400000,2.56000,2.48000
 0.01840600000,2.60000,2.48000
 0.01840800000,2.56000,2.44000
 0.01840999844,2.76000,2.64000
 0.01841200000,2.56000,2.44000
 0.01841400000,2.56000,2.44000
 0.01841600000,2.64000,2.48000
 0.01841799844,2.40000,2.32000
 0.01842000000,2.68000,2.48000
 0.01842200000,2.56000,2.36000
 0.01842400000,2.56000,2.44000
 0.01842599844,2.32000,2.12000
 0.01842800000,2.56000,2.44000
 0.01843000000,2.60000,2.44000
 0.01843200000,2.60000,2.44000
 0.01843400000,2.60000,2.44000
 0.01843600000,2.60000,2.48000
 0.01843800000,2.56000,2.44000
 0.01844000000,2.56000,2.44000
 0.01844200000,2.56000,2.44000
 0.01844400000,2.56000,2.44000
 0.01844600000,2.64000,2.48000
 0.01844800000,2.56000,2.44000
 0.01845000000,2.56000,2.44000
 0.01845200000,2.60000,2.44000
 0.01845400000,2.56000,2.44000
 0.01845600156,2.56000,2.40000
 0.01845800000,2.60000,2.48000
 0.01846000000,2.56000,2.44000
 0.01846200000,2.56000,2.40000
 0.01846399844,2.56000,2.44000
 0.01846600000,2.60000,2.44000
 0.01846800000,2.56000,2.44000
 0.01847000000,2.60000,2.44000
 0.01847199844,2.56000,2.44000
 0.01847400000,2.64000,2.48000
 0.01847600000,2.56000,2.44000
 0.01847800000,2.56000,2.40000
 0.01847999844,2.60000,2.44000
 0.01848200000,2.60000,2.48000
 0.01848400000,2.60000,2.44000
 0.01848600000,2.56000,2.44000
 0.01848799844,2.56000,2.44000
 0.01849000000,2.52000,2.44000
 0.01849200000,2.60000,2.44000
 0.01849400000,2.60000,2.44000
 0.01849600000,2.60000,2.44000
 0.01849800000,2.60000,2.44000
 0.01850000000,2.56000,2.44000
 0.01850200000,2.56000,2.44000
 0.01850400000,2.60000,2.44000
 0.01850600000,2.56000,2.44000
 0.01850800000,2.56000,2.44000
 0.01851000000,2.56000,2.44000
 0.01851200000,2.56000,2.44000
 0.01851400000,2.56000,2.44000
 0.01851600000,2.56000,2.44000
 0.01851800156,2.56000,2.44000
 0.01852000000,2.56000,2.44000
 0.01852200000,2.56000,2.44000
 0.01852400000,2.56000,2.44000
 0.01852599844,2.56000,2.44000
 0.01852800000,2.56000,2.44000
 0.01853000000,2.56000,2.44000
 0.01853200000,2.44000,2.36000
 0.01853399844,2.60000,2.44000
 0.01853600000,2.60000,2.44000
 0.01853800000,2.56000,2.44000
 0.01854000000,2.56000,2.44000
 0.01854199844,2.60000,2.44000
 0.01854400000,2.60000,2.44000
 0.01854600000,2.56000,2.44000
 0.01854800000,2.52000,2.28000
 0.01855000000,2.60000,2.48000
 0.01855200000,2.56000,2.40000
 0.01855400000,2.56000,2.44000
 0.01855600000,2.44000,2.32000
 0.01855800000,2.56000,2.44000
 0.01856000000,2.60000,2.44000
 0.01856200000,2.60000,2.44000
 0.01856400000,2.84000,2.76000
 0.01856600000,2.56000,2.40000
 0.01856800000,2.56000,2.44000
 0.01857000000,2.56000,2.44000
 0.01857200156,2.56000,2.44000
 0.01857400000,2.56000,2.44000
 0.01857600000,2.56000,2.40000
 0.01857800000,2.52000,2.40000
 0.01858000156,2.60000,2.44000
 0.01858200000,2.64000,2.44000
 0.01858400000,2.56000,2.44000
 0.01858600000,2.56000,2.44000
 0.01858799844,2.60000,2.44000
 0.01859000000,2.56000,2.36000
 0.01859200000,2.56000,2.44000
 0.01859400000,2.56000,2.44000
 0.01859599844,2.56000,2.44000
 0.01859800000,2.56000,2.44000
 0.01860000000,2.60000,2.44000
 0.01860200000,2.56000,2.44000
 0.01860399844,2.56000,2.44000
 0.01860600000,2.60000,2.48000
 0.01860800000,2.56000,2.44000
 0.01861000000,2.60000,2.48000
 0.01861200000,2.60000,2.48000
 0.01861400000,2.56000,2.44000
 0.01861600000,2.60000,2.44000
 0.01861800000,2.60000,2.44000
 0.01862000000,2.56000,2.44000
 0.01862200000,2.56000,2.44000
 0.01862400000,2.60000,2.48000
 0.01862600000,2.60000,2.44000
 0.01862800000,2.56000,2.44000
 0.01863000000,2.60000,2.48000
 0.01863200000,2.56000,2.44000
 0.01863400156,2.56000,2.44000
 0.01863600000,2.52000,2.44000
 0.01863800000,2.56000,2.44000
 0.01864000000,2.56000,2.44000
 0.01864200156,2.60000,2.48000
 0.01864400000,2.56000,2.44000
 0.01864600000,2.68000,2.52000
 0.01864800000,2.52000,2.40000
 0.01864999844,2.56000,2.44000
 0.01865200000,2.60000,2.44000
 0.01865400000,2.56000,2.40000
 0.01865600000,2.56000,2.44000
 0.01865799844,2.60000,2.44000
 0.01866000000,2.60000,2.44000
 0.01866200000,2.68000,2.48000
 0.01866400000,2.56000,2.48000
 0.01866599844,2.56000,2.44000
 0.01866800000,2.52000,2.36000
 0.01867000000,2.72000,2.60000
 0.01867200000,2.60000,2.44000
 0.01867400000,2.60000,2.44000
 0.01867600000,2.56000,2.44000
 0.01867800000,2.56000,2.36000
 0.01868000000,2.60000,2.44000
 0.01868200000,2.56000,2.44000
 0.01868400000,2.52000,2.44000
 0.01868600000,2.56000,2.44000
 0.01868800000,2.56000,2.44000
 0.01869000000,2.56000,2.44000
 0.01869200000,2.56000,2.44000
 0.01869400000,2.56000,2.44000
 0.01869600156,2.56000,2.44000
 0.01869800000,2.56000,2.44000
 0.01870000000,2.56000,2.44000
 0.01870200000,2.60000,2.44000
 0.01870400156,2.56000,2.44000
 0.01870600000,2.56000,2.44000
 0.01870800000,2.56000,2.44000
 0.01871000000,2.60000,2.44000
 0.01871199844,2.60000,2.44000
 0.01871400000,2.56000,2.44000
 0.01871600000,2.64000,2.48000
 0.01871800000,2.56000,2.44000
 0.01871999844,2.56000,2.40000
 0.01872200000,2.60000,2.44000
 0.01872400000,2.56000,2.44000
 0.01872600000,2.60000,2.44000
 0.01872799844,2.56000,2.44000
 0.01873000000,2.56000,2.44000
 0.01873200000,2.60000,2.44000
 0.01873400000,2.56000,2.44000
 0.01873600000,2.56000,2.44000
 0.01873800000,2.60000,2.44000
 0.01874000000,2.56000,2.44000
 0.01874200000,2.60000,2.44000
 0.01874400000,2.56000,2.44000
 0.01874600000,2.56000,2.44000
 0.01874800000,2.56000,2.44000
 0.01875000000,2.56000,2.44000
 0.01875200000,2.56000,2.44000
 0.01875400000,2.60000,2.48000
 0.01875600000,2.60000,2.44000
 0.01875800156,2.56000,2.44000
 0.01876000000,2.56000,2.36000
 0.01876200000,2.56000,2.44000
 0.01876400000,2.56000,2.44000
 0.01876600156,2.56000,2.44000
 0.01876800000,2.72000,2.72000
 0.01877000000,2.56000,2.44000
 0.01877200000,2.60000,2.44000
 0.01877399844,2.60000,2.48000
 0.01877600000,2.56000,2.44000
 0.01877800000,2.60000,2.48000
 0.01878000000,2.56000,2.44000
 0.01878199844,2.60000,2.44000
 0.01878400000,2.56000,2.48000
 0.01878600000,2.56000,2.40000
 0.01878800000,2.56000,2.44000
 0.01878999844,2.56000,2.44000
 0.01879200000,2.56000,2.44000
 0.01879400000,2.60000,2.44000
 0.01879600000,2.60000,2.44000
 0.01879800000,2.56000,2.44000
 0.01880000000,2.56000,2.44000
 0.01880200000,2.56000,2.48000
 0.01880400000,2.56000,2.44000
 0.01880600000,2.56000,2.44000
 0.01880800000,2.56000,2.44000
 0.01881000000,2.60000,2.44000
 0.01881200000,2.56000,2.44000
 0.01881400000,2.60000,2.44000
 0.01881600000,2.56000,2.44000
 0.01881800000,2.56000,2.44000
 0.01882000156,2.56000,2.44000
 0.01882200000,2.56000,2.44000
 0.01882400000,2.56000,2.44000
 0.01882600000,2.60000,2.48000
 0.01882800156,2.60000,2.44000
 0.01883000000,2.56000,2.44000
 0.01883200000,2.56000,2.44000
 0.01883400000,2.56000,2.44000
 0.01883599844,2.56000,2.44000
 0.01883800000,2.56000,2.44000
 0.01884000000,2.60000,2.48000
 0.01884200000,2.52000,2.40000
 0.01884399844,2.56000,2.40000
 0.01884600000,2.56000,2.44000
 0.01884800000,2.60000,2.48000
 0.01885000000,2.52000,2.44000
 0.01885199844,2.60000,2.44000
 0.01885400000,2.56000,2.44000
 0.01885600000,2.60000,2.44000
 0.01885800000,2.84000,2.72000
 0.01886000000,2.56000,2.44000
 0.01886200000,2.56000,2.44000
 0.01886400000,2.56000,2.44000
 0.01886600000,2.56000,2.40000
 0.01886800000,2.56000,2.44000
 0.01887000000,2.60000,2.44000
 0.01887200000,2.56000,2.44000
 0.01887400000,2.56000,2.44000
 0.01887600000,2.56000,2.44000
 0.01887800000,2.56000,2.44000
 0.01888000000,2.60000,2.44000
 0.01888200156,2.60000,2.44000
 0.01888400000,2.56000,2.44000
 0.01888600000,2.56000,2.44000
 0.01888800000,2.56000,2.44000
 0.01889000156,2.60000,2.44000
 0.01889200000,2.56000,2.44000
 0.01889400000,2.56000,2.44000
 0.01889600000,2.56000,2.44000
 0.01889799844,2.56000,2.44000
 0.01890000000,2.56000,2.40000
 0.01890200000,2.60000,2.44000
 0.01890400000,2.60000,2.44000
 0.01890599844,2.60000,2.44000
 0.01890800000,2.60000,2.48000
 0.01891000000,2.60000,2.48000
 0.01891200000,2.56000,2.48000
 0.01891399844,2.60000,2.44000
 0.01891600000,2.64000,2.48000
 0.01891800000,2.56000,2.44000
 0.01892000000,2.56000,2.44000
 0.01892200000,2.56000,2.44000
 0.01892400000,2.52000,2.32000
 0.01892600000,2.56000,2.44000
 0.01892800000,2.56000,2.44000
 0.01893000000,2.56000,2.44000
 0.01893200000,2.52000,2.36000
 0.01893400000,2.56000,2.44000
 0.01893600000,2.60000,2.44000
 0.01893800000,2.56000,2.44000
 0.01894000000,2.60000,2.44000
 0.01894200000,2.60000,2.44000
 0.01894400156,2.56000,2.40000
 0.01894600000,2.60000,2.44000
 0.01894800000,2.56000,2.44000
 0.01895000000,2.60000,2.44000
 0.01895199844,2.56000,2.44000
 0.01895400000,2.56000,2.44000
 0.01895600000,2.56000,2.44000
 0.01895800000,2.56000,2.44000
 0.01895999844,2.60000,2.44000
 0.01896200000,2.56000,2.44000
 0.01896400000,2.60000,2.44000
 0.01896600000,2.56000,2.44000
 0.01896799844,2.60000,2.44000
 0.01897000000,2.56000,2.44000
 0.01897200000,2.56000,2.44000
 0.01897400000,2.56000,2.44000
 0.01897599844,2.60000,2.48000
 0.01897800000,2.56000,2.44000
 0.01898000000,2.60000,2.44000
 0.01898200000,2.60000,2.44000
 0.01898400000,2.56000,2.44000
 0.01898600000,2.56000,2.44000
 0.01898800000,2.60000,2.48000
 0.01899000000,2.60000,2.44000
 0.01899200000,2.56000,2.44000
 0.01899400000,2.60000,2.44000
 0.01899600000,2.56000,2.44000
 0.01899800000,2.56000,2.32000
 0.01900000000,2.56000,2.44000
 0.01900200000,2.60000,2.44000
 0.01900400000,2.56000,2.44000
 0.01900600156,2.52000,2.32000
 0.01900800000,2.60000,2.48000
 0.01901000000,2.60000,2.44000
 0.01901200000,2.56000,2.44000
 0.01901399844,2.60000,2.48000
 0.01901600000,2.60000,2.44000
 0.01901800000,2.56000,2.44000
 0.01902000000,2.60000,2.44000
 0.01902199844,2.52000,2.32000
 0.01902400000,2.60000,2.48000
 0.01902600000,2.60000,2.44000
 0.01902800000,2.56000,2.44000
 0.01902999844,2.60000,2.44000
 0.01903200000,2.60000,2.48000
 0.01903400000,2.56000,2.44000
 0.01903600000,2.56000,2.44000
 0.01903799844,2.56000,2.44000
 0.01904000000,2.60000,2.44000
 0.01904200000,2.60000,2.44000
 0.01904400000,2.56000,2.44000
 0.01904600000,2.60000,2.44000
 0.01904800000,2.56000,2.44000
 0.01905000000,2.56000,2.44000
 0.01905200000,2.56000,2.44000
 0.01905400000,2.60000,2.48000
 0.01905600000,2.56000,2.44000
 0.01905800000,2.56000,2.44000
 0.01906000000,2.60000,2.44000
 0.01906200000,2.56000,2.44000
 0.01906400000,2.56000,2.44000
 0.01906600000,2.56000,2.44000
 0.01906800156,2.56000,2.44000
 0.01907000000,2.56000,2.44000
 0.01907200000,2.48000,2.36000
 0.01907400000,2.56000,2.44000
 0.01907599844,2.56000,2.44000
 0.01907800000,2.56000,2.44000
 0.01908000000,2.48000,2.28000
 0.01908200000,2.60000,2.44000
 0.01908399844,2.56000,2.44000
 0.01908600000,2.60000,2.48000
 0.01908800000,2.56000,2.44000
 0.01909000000,2.60000,2.48000
 0.01909199844,2.56000,2.44000
 0.01909400000,2.56000,2.40000
 0.01909600000,2.60000,2.48000
 0.01909800000,2.56000,2.44000
 0.01910000000,2.60000,2.44000
 0.01910200000,2.60000,2.44000
 0.01910400000,2.56000,2.44000
 0.01910600000,2.56000,2.44000
 0.01910800000,2.56000,2.44000
 0.01911000000,2.60000,2.44000
 0.01911200000,2.60000,2.44000
 0.01911400000,2.56000,2.44000
 0.01911600000,2.56000,2.44000
 0.01911800000,2.60000,2.44000
 0.01912000000,2.56000,2.44000
 0.01912200156,2.56000,2.44000
 0.01912400000,2.56000,2.44000
 0.01912600000,2.56000,2.44000
 0.01912800000,2.60000,2.44000
 0.01913000156,2.56000,2.44000
 0.01913200000,2.56000,2.44000
 0.01913400000,2.56000,2.44000
 0.01913600000,2.56000,2.44000
 0.01913799844,2.52000,2.40000
 0.01914000000,2.60000,2.44000
 0.01914200000,2.56000,2.44000
 0.01914400000,2.56000,2.44000
 0.01914599844,2.56000,2.44000
 0.01914800000,2.56000,2.44000
 0.01915000000,2.56000,2.44000
 0.01915200000,2.56000,2.44000
 0.01915399844,2.56000,2.44000
 0.01915600000,2.60000,2.44000
 0.01915800000,2.56000,2.44000
 0.01916000000,2.56000,2.44000
 0.01916200000,2.56000,2.44000
 0.01916400000,2.56000,2.44000
 0.01916600000,2.56000,2.44000
 0.01916800000,2.56000,2.44000
 0.01917000000,2.56000,2.44000
 0.01917200000,2.64000,2.48000
 0.01917400000,2.56000,2.44000
 0.01917600000,2.56000,2.44000
 0.01917800000,2.56000,2.44000
 0.01918000000,2.56000,2.44000
 0.01918200000,2.56000,2.44000
 0.01918400156,2.56000,2.44000
 0.01918600000,2.56000,2.44000
 0.01918800000,2.64000,2.52000
 0.01919000000,2.56000,2.44000
 0.01919200156,2.60000,2.44000
 0.01919400000,2.56000,2.44000
 0.01919600000,2.40000,2.20000
 0.01919800000,2.56000,2.44000
 0.01919999844,2.56000,2.40000
 0.01920200000,2.56000,2.44000
 0.01920400000,2.80000,2.76000
 0.01920600000,2.60000,2.48000
 0.01920799844,2.56000,2.44000
 0.01921000000,2.56000,2.44000
 0.01921200000,2.60000,2.44000
 0.01921400000,2.56000,2.44000
 0.01921599844,2.60000,2.48000
 0.01921800000,2.60000,2.44000
 0.01922000000,2.56000,2.44000
 0.01922200000,2.60000,2.44000
 0.01922400000,2.56000,2.44000
 0.01922600000,2.60000,2.48000
 0.01922800000,2.60000,2.48000
 0.01923000000,2.56000,2.44000
 0.01923200000,2.56000,2.44000
 0.01923400000,2.56000,2.44000
 0.01923600000,2.60000,2.44000
 0.01923800000,2.60000,2.44000
 0.01924000000,2.60000,2.44000
 0.01924200000,2.56000,2.44000
 0.01924400000,2.56000,2.44000
 0.01924600156,2.60000,2.48000
 0.01924800000,2.60000,2.44000
 0.01925000000,2.56000,2.44000
 0.01925200000,2.60000,2.44000
 0.01925400156,2.32000,2.20000
 0.01925600000,2.60000,2.44000
 0.01925800000,2.56000,2.44000
 0.01926000000,2.60000,2.44000
 0.01926199844,2.84000,2.76000
 0.01926400000,2.56000,2.48000
 0.01926600000,2.60000,2.44000
 0.01926800000,2.60000,2.48000
 0.01926999844,2.56000,2.44000
 0.01927200000,2.56000,2.44000
 0.01927400000,2.60000,2.44000
 0.01927600000,2.56000,2.44000
 0.01927799844,2.56000,2.44000
 0.01928000000,2.60000,2.44000
 0.01928200000,2.60000,2.44000
 0.01928400000,2.56000,2.44000
 0.01928600000,2.56000,2.44000
 0.01928800000,2.56000,2.44000
 0.01929000000,2.56000,2.44000
 0.01929200000,2.60000,2.48000
 0.01929400000,2.56000,2.44000
 0.01929600000,2.56000,2.48000
 0.01929800000,2.56000,2.44000
 0.01930000000,2.56000,2.44000
 0.01930200000,2.60000,2.44000
 0.01930400000,2.52000,2.36000
 0.01930600000,2.56000,2.44000
 0.01930800156,2.60000,2.44000
 0.01931000000,2.56000,2.44000
 0.01931200000,2.48000,2.36000
 0.01931400000,2.56000,2.44000
 0.01931600156,2.56000,2.44000
 0.01931800000,2.56000,2.44000
 0.01932000000,2.56000,2.44000
 0.01932200000,2.60000,2.48000
 0.01932399844,2.60000,2.44000
 0.01932600000,2.56000,2.44000
 0.01932800000,2.56000,2.44000
 0.01933000000,2.56000,2.44000
 0.01933199844,2.56000,2.44000
 0.01933400000,2.56000,2.44000
 0.01933600000,2.60000,2.44000
 0.01933800000,2.56000,2.44000
 0.01933999844,2.56000,2.44000
 0.01934200000,2.56000,2.44000
 0.01934400000,2.64000,2.48000
 0.01934600000,2.56000,2.44000
 0.01934800000,2.56000,2.44000
 0.01935000000,2.60000,2.44000
 0.01935200000,2.56000,2.44000
 0.01935400000,2.56000,2.40000
 0.01935600000,2.56000,2.44000
 0.01935800000,2.56000,2.44000
 0.01936000000,2.60000,2.44000
 0.01936200000,2.72000,2.56000
 0.01936400000,2.56000,2.44000
 0.01936600000,2.56000,2.48000
 0.01936800000,2.60000,2.44000
 0.01937000156,2.72000,2.48000
 0.01937200000,2.60000,2.44000
 0.01937400000,2.56000,2.44000
 0.01937600000,2.56000,2.44000
 0.01937800156,2.56000,2.44000
 0.01938000000,2.56000,2.44000
 0.01938200000,2.56000,2.44000
 0.01938400000,2.56000,2.44000
 0.01938599844,2.60000,2.44000
 0.01938800000,2.60000,2.44000
 0.01939000000,2.52000,2.40000
 0.01939200000,2.56000,2.44000
 0.01939399844,2.60000,2.44000
 0.01939600000,2.60000,2.48000
 0.01939800000,2.56000,2.44000
 0.01940000000,2.56000,2.44000
 0.01940199844,2.60000,2.44000
 0.01940400000,2.56000,2.44000
 0.01940600000,2.56000,2.44000
 0.01940800000,2.56000,2.44000
 0.01941000000,2.60000,2.48000
 0.01941200000,2.52000,2.40000
 0.01941400000,2.56000,2.44000
 0.01941600000,2.56000,2.44000
 0.01941800000,2.56000,2.44000
 0.01942000000,2.72000,2.64000
 0.01942200000,2.60000,2.48000
 0.01942400000,2.56000,2.44000
 0.01942600000,2.60000,2.44000
 0.01942800000,2.56000,2.44000
 0.01943000000,2.56000,2.44000
 0.01943200156,2.60000,2.44000
 0.01943400000,2.56000,2.44000
 0.01943600000,2.56000,2.44000
 0.01943800000,2.56000,2.44000
 0.01944000156,2.56000,2.48000
 0.01944200000,2.60000,2.48000
 0.01944400000,2.56000,2.44000
 0.01944600000,2.64000,2.48000
 0.01944799844,2.60000,2.44000
 0.01945000000,2.56000,2.44000
 0.01945200000,2.52000,2.44000
 0.01945400000,2.64000,2.48000
 0.01945599844,2.56000,2.44000
 0.01945800000,2.56000,2.44000
 0.01946000000,2.56000,2.44000
 0.01946200000,2.52000,2.40000
 0.01946399844,2.60000,2.44000
 0.01946600000,2.56000,2.40000
 0.01946800000,2.56000,2.44000
 0.01947000000,2.44000,2.36000
 0.01947200000,2.56000,2.44000
 0.01947400000,2.60000,2.44000
 0.01947600000,2.56000,2.44000
 0.01947800000,2.56000,2.44000
 0.01948000000,2.56000,2.44000
 0.01948200000,2.56000,2.44000
 0.01948400000,2.60000,2.44000
 0.01948600000,2.56000,2.44000
 0.01948800000,2.56000,2.44000
 0.01949000000,2.56000,2.44000
 0.01949200000,2.60000,2.44000
 0.01949400156,2.56000,2.44000
 0.01949600000,2.56000,2.44000
 0.01949800000,2.56000,2.44000
 0.01950000000,2.56000,2.44000
 0.01950199844,2.60000,2.44000
 0.01950400000,2.56000,2.44000
 0.01950600000,2.56000,2.44000
 0.01950800000,2.56000,2.44000
 0.01950999844,2.56000,2.44000
 0.01951200000,2.76000,2.64000
 0.01951400000,2.56000,2.44000
 0.01951600000,2.60000,2.48000
 0.01951799844,2.60000,2.44000
 0.01952000000,2.52000,2.44000
 0.01952200000,2.56000,2.44000
 0.01952400000,2.56000,2.44000
 0.01952599844,2.56000,2.44000
 0.01952800000,2.60000,2.44000
 0.01953000000,2.56000,2.44000
 0.01953200000,2.56000,2.44000
 0.01953400000,2.60000,2.44000
 0.01953600000,2.56000,2.44000
 0.01953800000,2.56000,2.44000
 0.01954000000,2.56000,2.44000
 0.01954200000,2.56000,2.44000
 0.01954400000,2.56000,2.44000
 0.01954600000,2.56000,2.44000
 0.01954800000,2.60000,2.44000
 0.01955000000,2.60000,2.44000
 0.01955200000,2.60000,2.44000
 0.01955400000,2.56000,2.48000
 0.01955600156,2.60000,2.44000
 0.01955800000,2.56000,2.44000
 0.01956000000,2.56000,2.44000
 0.01956200000,2.56000,2.36000
 0.01956399844,2.56000,2.44000
 0.01956600000,2.56000,2.44000
 0.01956800000,2.60000,2.48000
 0.01957000000,2.56000,2.44000
 0.01957199844,2.56000,2.44000
 0.01957400000,2.60000,2.44000
 0.01957600000,2.60000,2.44000
 0.01957800000,2.56000,2.44000
 0.01957999844,2.56000,2.44000
 0.01958200000,2.60000,2.44000
 0.01958400000,2.56000,2.44000
 0.01958600000,2.60000,2.44000
 0.01958799844,2.60000,2.48000
 0.01959000000,2.56000,2.44000
 0.01959200000,2.56000,2.44000
 0.01959400000,2.56000,2.44000
 0.01959600000,2.56000,2.44000
 0.01959800000,2.60000,2.44000
 0.01960000000,2.56000,2.44000
 0.01960200000,2.56000,2.44000
 0.01960400000,2.76000,2.64000
 0.01960600000,2.56000,2.44000
 0.01960800000,2.56000,2.44000
 0.01961000000,2.56000,2.44000
 0.01961200000,2.40000,2.28000
 0.01961400000,2.56000,2.44000
 0.01961600000,2.60000,2.44000
 0.01961800156,2.60000,2.44000
 0.01962000000,2.56000,2.44000
 0.01962200000,2.56000,2.44000
 0.01962400000,2.56000,2.44000
 0.01962599844,2.60000,2.44000
 0.01962800000,2.56000,2.44000
 0.01963000000,2.60000,2.44000
 0.01963200000,2.60000,2.44000
 0.01963399844,2.56000,2.44000
 0.01963600000,2.56000,2.44000
 0.01963800000,2.60000,2.44000
 0.01964000000,2.52000,2.36000
 0.01964199844,2.56000,2.44000
 0.01964400000,2.60000,2.48000
 0.01964600000,2.56000,2.44000
 0.01964800000,2.52000,2.36000
 0.01964999844,2.56000,2.44000
 0.01965200000,2.60000,2.44000
 0.01965400000,2.36000,2.20000
 0.01965600000,2.56000,2.44000
 0.01965800000,2.56000,2.44000
 0.01966000000,2.56000,2.44000
 0.01966200000,2.56000,2.44000
 0.01966400000,2.60000,2.44000
 0.01966600000,2.48000,2.36000
 0.01966800000,2.56000,2.44000
 0.01967000000,2.56000,2.44000
 0.01967200000,2.56000,2.44000
 0.01967400000,2.60000,2.44000
 0.01967600000,2.56000,2.40000
 0.01967800000,2.60000,2.44000
 0.01968000156,2.52000,2.40000
 0.01968200000,2.56000,2.44000
 0.01968400000,2.56000,2.44000
 0.01968600000,2.56000,2.44000
 0.01968799844,2.56000,2.44000
 0.01969000000,2.52000,2.40000
 0.01969200000,2.56000,2.44000
 0.01969400000,2.64000,2.52000
 0.01969599844,2.72000,2.64000
 0.01969800000,2.60000,2.44000
 0.01970000000,2.56000,2.44000
 0.01970200000,2.56000,2.44000
 0.01970399844,2.56000,2.44000
 0.01970600000,2.56000,2.44000
 0.01970800000,2.60000,2.44000
 0.01971000000,2.56000,2.44000
 0.01971200000,2.56000,2.36000
 0.01971400000,2.60000,2.44000
 0.01971600000,2.56000,2.44000
 0.01971800000,2.56000,2.44000
 0.01972000000,2.56000,2.44000
 0.01972200000,2.56000,2.44000
 0.01972400000,2.56000,2.44000
 0.01972600000,2.60000,2.44000
 0.01972800000,2.60000,2.44000
 0.01973000000,2.56000,2.44000
 0.01973200000,2.56000,2.44000
 0.01973400156,2.56000,2.44000
 0.01973600000,2.56000,2.44000
 0.01973800000,2.72000,2.64000
 0.01974000000,2.56000,2.44000
 0.01974200156,2.56000,2.44000
 0.01974400000,2.56000,2.44000
 0.01974600000,2.56000,2.40000
 0.01974800000,2.60000,2.44000
 0.01974999844,2.64000,2.48000
 0.01975200000,2.56000,2.44000
 0.01975400000,2.56000,2.44000
 0.01975600000,2.60000,2.44000
 0.01975799844,2.56000,2.44000
 0.01976000000,2.56000,2.44000
 0.01976200000,2.52000,2.44000
 0.01976400000,2.56000,2.44000
 0.01976599844,2.56000,2.44000
 0.01976800000,2.60000,2.44000
 0.01977000000,2.56000,2.44000
 0.01977200000,2.64000,2.48000
 0.01977400000,2.56000,2.48000
 0.01977600000,2.56000,2.44000
 0.01977800000,2.56000,2.44000
 0.01978000000,2.40000,2.20000
 0.01978200000,2.56000,2.44000
 0.01978400000,2.60000,2.48000
 0.01978600000,2.60000,2.48000
 0.01978800000,2.60000,2.44000
 0.01979000000,2.56000,2.44000
 0.01979200000,2.60000,2.44000
 0.01979400000,2.56000,2.44000
 0.01979600156,2.56000,2.44000
 0.01979800000,2.56000,2.44000
 0.01980000000,2.56000,2.44000
 0.01980200000,2.56000,2.44000
 0.01980400156,2.56000,2.44000
 0.01980600000,2.56000,2.44000
 0.01980800000,2.56000,2.44000
 0.01981000000,2.56000,2.40000
 0.01981199844,2.56000,2.44000
 0.01981400000,2.68000,2.48000
 0.01981600000,2.56000,2.44000
 0.01981800000,2.64000,2.44000
 0.01981999844,2.56000,2.44000
 0.01982200000,2.48000,2.40000
 0.01982400000,2.60000,2.44000
 0.01982600000,2.56000,2.48000
 0.01982799844,2.56000,2.44000
 0.01983000000,2.60000,2.48000
 0.01983200000,2.52000,2.36000
 0.01983400000,2.56000,2.44000
 0.01983600000,2.56000,2.44000
 0.01983800000,2.60000,2.44000
 0.01984000000,2.60000,2.48000
 0.01984200000,2.56000,2.44000
 0.01984400000,2.60000,2.44000
 0.01984600000,2.60000,2.48000
 0.01984800000,2.56000,2.44000
 0.01985000000,2.56000,2.44000
 0.01985200000,2.56000,2.44000
 0.01985400000,2.56000,2.44000
 0.01985600000,2.48000,2.40000
 0.01985800156,2.56000,2.44000
 0.01986000000,2.56000,2.48000
 0.01986200000,2.56000,2.44000
 0.01986400000,2.56000,2.44000
 0.01986600156,2.56000,2.44000
 0.01986800000,2.56000,2.44000
 0.01987000000,2.56000,2.44000
 0.01987200000,2.56000,2.40000
 0.01987399844,2.56000,2.44000
 0.01987600000,2.56000,2.44000
 0.01987800000,2.56000,2.44000
 0.01988000000,2.60000,2.44000
 0.01988199844,2.52000,2.40000
 0.01988400000,2.68000,2.56000
 0.01988600000,2.56000,2.44000
 0.01988800000,2.60000,2.44000
 0.01988999844,2.56000,2.48000
 0.01989200000,2.60000,2.44000
 0.01989400000,2.60000,2.44000
 0.01989600000,2.56000,2.44000
 0.01989800000,2.80000,2.76000
 0.01990000000,2.56000,2.44000
 0.01990200000,2.56000,2.44000
 0.01990400000,2.56000,2.44000
 0.01990600000,2.56000,2.40000
 0.01990800000,2.56000,2.48000
 0.01991000000,2.60000,2.44000
 0.01991200000,2.56000,2.44000
 0.01991400000,2.56000,2.44000
 0.01991600000,2.60000,2.44000
 0.01991800000,2.56000,2.44000
 0.01992000156,2.56000,2.44000
 0.01992200000,2.56000,2.44000
 0.01992400000,2.56000,2.44000
 0.01992600000,2.60000,2.44000
 0.01992800156,2.56000,2.44000
 0.01993000000,2.56000,2.44000
 0.01993200000,2.48000,2.32000
 0.01993400000,2.56000,2.44000
 0.01993599844,2.56000,2.48000
 0.01993800000,2.56000,2.44000
 0.01994000000,2.60000,2.44000
 0.01994200000,2.60000,2.44000
 0.01994399844,2.60000,2.44000
 0.01994600000,2.60000,2.48000
 0.01994800000,2.56000,2.44000
 0.01995000000,2.60000,2.48000
 0.01995199844,2.64000,2.48000
 0.01995400000,2.60000,2.48000
 0.01995600000,2.56000,2.44000
 0.01995800000,2.60000,2.48000
 0.01996000000,2.56000,2.44000
 0.01996200000,2.56000,2.44000
 0.01996400000,2.56000,2.44000
 0.01996600000,2.60000,2.44000
 0.01996800000,2.56000,2.44000
 0.01997000000,2.56000,2.44000
 0.01997200000,2.56000,2.44000
 0.01997400000,2.60000,2.44000
 0.01997600000,2.56000,2.44000
 0.01997800000,2.56000,2.44000
 0.01998000000,2.64000,2.44000
 0.01998200156,2.60000,2.44000
 0.01998400000,2.60000,2.48000
 0.01998600000,2.60000,2.44000
 0.01998800000,2.56000,2.44000
 0.01999000156,2.56000,2.44000
 0.01999200000,2.56000,2.44000
 0.01999400000,2.68000,2.48000
 0.01999600000,2.56000,2.44000
 0.01999799844,2.56000,2.44000
 0.02000000000,2.64000,2.48000
 0.02000200000,2.60000,2.44000
 0.02000400000,2.56000,2.44000
 0.02000599844,2.56000,2.44000
 0.02000800000,2.84000,2.76000
 0.02001000000,2.56000,2.44000
 0.02001200000,2.60000,2.44000
 0.02001399844,2.56000,2.44000
 0.02001600000,2.60000,2.44000
 0.02001800000,2.56000,2.44000
 0.02002000000,2.56000,2.44000
 0.02002200000,2.60000,2.44000
 0.02002400000,2.60000,2.44000
 0.02002600000,2.60000,2.48000
 0.02002800000,2.56000,2.44000
 0.02003000000,2.60000,2.44000
 0.02003200000,2.56000,2.48000
 0.02003400000,2.64000,2.48000
 0.02003600000,2.56000,2.44000
 0.02003800000,2.64000,2.48000
 0.02004000000,2.56000,2.48000
 0.02004200000,2.72000,2.60000
 0.02004400156,2.56000,2.44000
 0.02004600000,2.60000,2.44000
 0.02004800000,2.56000,2.44000
 0.02005000000,2.56000,2.44000
 0.02005200156,2.56000,2.48000
 0.02005400000,2.60000,2.44000
 0.02005600000,2.56000,2.44000
 0.02005800000,2.56000,2.48000
 0.02005999844,2.56000,2.44000
 0.02006200000,2.56000,2.44000
 0.02006400000,2.56000,2.44000
 0.02006600000,2.56000,2.44000
 0.02006799844,2.56000,2.36000
 0.02007000000,2.60000,2.44000
 0.02007200000,2.56000,2.44000
 0.02007400000,2.60000,2.44000
 0.02007599844,2.52000,2.40000
 0.02007800000,2.56000,2.44000
 0.02008000000,2.56000,2.44000
 0.02008200000,2.60000,2.44000
 0.02008400000,2.56000,2.44000
 0.02008600000,2.64000,2.48000
 0.02008800000,2.56000,2.44000
 0.02009000000,2.56000,2.44000
 0.02009200000,2.56000,2.44000
 0.02009400000,2.56000,2.48000
 0.02009600000,2.56000,2.44000
 0.02009800000,2.60000,2.44000
 0.02010000000,2.56000,2.44000
 0.02010200000,2.56000,2.44000
 0.02010400000,2.56000,2.44000
 0.02010600156,2.60000,2.44000
 0.02010800000,2.56000,2.44000
 0.02011000000,2.48000,2.32000
 0.02011200000,2.56000,2.44000
 0.02011399844,2.60000,2.44000
 0.02011600000,2.56000,2.44000
 0.02011800000,2.60000,2.44000
 0.02012000000,2.56000,2.44000
 0.02012199844,2.56000,2.44000
 0.02012400000,2.60000,2.44000
 0.02012600000,2.56000,2.48000
 0.02012800000,2.60000,2.48000
 0.02012999844,2.56000,2.44000
 0.02013200000,2.56000,2.44000
 0.02013400000,2.60000,2.44000
 0.02013600000,2.52000,2.40000
 0.02013799844,2.56000,2.44000
 0.02014000000,2.60000,2.48000
 0.02014200000,2.56000,2.44000
 0.02014400000,2.52000,2.36000
 0.02014600000,2.60000,2.48000
 0.02014800000,2.56000,2.44000
 0.02015000000,2.56000,2.44000
 0.02015200000,2.56000,2.44000
 0.02015400000,2.60000,2.44000
 0.02015600000,2.60000,2.44000
 0.02015800000,2.60000,2.44000
 0.02016000000,2.60000,2.44000
 0.02016200000,2.56000,2.36000
 0.02016400000,2.60000,2.44000
 0.02016600000,2.56000,2.48000
 0.02016800156,2.60000,2.48000
 0.02017000000,2.60000,2.44000
 0.02017200000,2.56000,2.40000
 0.02017400000,2.60000,2.44000
 0.02017599844,2.56000,2.44000
 0.02017800000,2.60000,2.60000
 0.02018000000,2.56000,2.44000
 0.02018200000,2.56000,2.44000
 0.02018399844,2.56000,2.44000
 0.02018600000,2.60000,2.44000
 0.02018800000,2.56000,2.44000
 0.02019000000,2.56000,2.44000
 0.02019199844,2.56000,2.44000
 0.02019400000,2.56000,2.44000
 0.02019600000,2.60000,2.48000
 0.02019800000,2.56000,2.44000
 0.02019999844,2.56000,2.44000
 0.02020200000,2.60000,2.44000
 0.02020400000,2.52000,2.36000
 0.02020600000,2.56000,2.44000
 0.02020800000,2.64000,2.48000
 0.02021000000,2.56000,2.44000
 0.02021200000,2.72000,2.72000
 0.02021400000,2.56000,2.44000
 0.02021600000,2.56000,2.44000
 0.02021800000,2.60000,2.44000
 0.02022000000,2.64000,2.52000
 0.02022200000,2.56000,2.44000
 0.02022400000,2.48000,2.32000
 0.02022600000,2.56000,2.44000
 0.02022800000,2.56000,2.44000
 0.02023000156,2.64000,2.52000
 0.02023200000,2.56000,2.44000
 0.02023400000,2.56000,2.44000
 0.02023600000,2.52000,2.40000
 0.02023799844,2.52000,2.36000
 0.02024000000,2.60000,2.44000
 0.02024200000,2.60000,2.44000
 0.02024400000,2.56000,2.44000
 0.02024599844,2.56000,2.44000
 0.02024800000,2.60000,2.44000
 0.02025000000,2.60000,2.48000
 0.02025200000,2.56000,2.40000
 0.02025399844,2.56000,2.44000
 0.02025600000,2.60000,2.44000
 0.02025800000,2.56000,2.44000
 0.02026000000,2.56000,2.44000
 0.02026200000,2.56000,2.44000
 0.02026400000,2.56000,2.44000
 0.02026600000,2.56000,2.48000
 0.02026800000,2.64000,2.48000
 0.02027000000,2.56000,2.44000
 0.02027200000,2.80000,2.72000
 0.02027400000,2.60000,2.44000
 0.02027600000,2.56000,2.44000
 0.02027800000,2.64000,2.48000
 0.02028000000,2.56000,2.44000
 0.02028200000,2.60000,2.48000
 0.02028400156,2.56000,2.44000
 0.02028600000,2.56000,2.44000
 0.02028800000,2.56000,2.44000
 0.02029000000,2.60000,2.48000
 0.02029200156,2.56000,2.44000
 0.02029400000,2.60000,2.48000
 0.02029600000,2.60000,2.44000
 0.02029800000,2.56000,2.44000
 0.02029999844,2.56000,2.44000
 0.02030200000,2.56000,2.44000
 0.02030400000,2.56000,2.44000
 0.02030600000,2.28000,2.16000
 0.02030799844,2.56000,2.44000
 0.02031000000,2.56000,2.44000
 0.02031200000,2.56000,2.48000
 0.02031400000,2.56000,2.44000
 0.02031599844,2.56000,2.44000
 0.02031800000,2.52000,2.44000
 0.02032000000,2.56000,2.44000
 0.02032200000,2.60000,2.48000
 0.02032400000,2.64000,2.52000
 0.02032600000,2.60000,2.48000
 0.02032800000,2.56000,2.44000
 0.02033000000,2.52000,2.40000
 0.02033200000,2.44000,2.32000
 0.02033400000,2.60000,2.44000
 0.02033600000,2.52000,2.36000
 0.02033800000,2.56000,2.44000
 0.02034000000,2.56000,2.48000
 0.02034200000,2.56000,2.44000
 0.02034400000,2.56000,2.44000
 0.02034600156,2.56000,2.44000
 0.02034800000,2.56000,2.44000
 0.02035000000,2.56000,2.44000
 0.02035200000,2.52000,2.44000
 0.02035400156,2.60000,2.44000
 0.02035600000,2.56000,2.44000
 0.02035800000,2.60000,2.44000
 0.02036000000,2.56000,2.44000
 0.02036199844,2.60000,2.44000
 0.02036400000,2.56000,2.44000
 0.02036600000,2.60000,2.44000
 0.02036800000,2.60000,2.44000
 0.02036999844,2.56000,2.44000
 0.02037200000,2.60000,2.44000
 0.02037400000,2.60000,2.44000
 0.02037600000,2.60000,2.44000
 0.02037799844,2.56000,2.44000
 0.02038000000,2.56000,2.44000
 0.02038200000,2.64000,2.48000
 0.02038400000,2.56000,2.44000
 0.02038600000,2.68000,2.52000
 0.02038800000,2.56000,2.44000
 0.02039000000,2.60000,2.44000
 0.02039200000,2.52000,2.36000
 0.02039400000,2.68000,2.56000
 0.02039600000,2.56000,2.44000
 0.02039800000,2.56000,2.44000
 0.02040000000,2.56000,2.44000
 0.02040200000,2.56000,2.44000
 0.02040400000,2.56000,2.44000
 0.02040600000,2.56000,2.44000
 0.02040800156,2.56000,2.44000
 0.02041000000,2.60000,2.44000
 0.02041200000,2.56000,2.44000
 0.02041400000,2.56000,2.44000
 0.02041600156,2.56000,2.44000
 0.02041800000,2.64000,2.48000
 0.02042000000,2.56000,2.44000
 0.02042200000,2.60000,2.44000
 0.02042399844,2.56000,2.44000
 0.02042600000,2.76000,2.64000
 0.02042800000,2.60000,2.44000
 0.02043000000,2.56000,2.44000
 0.02043199844,2.56000,2.44000
 0.02043400000,2.64000,2.48000
 0.02043600000,2.56000,2.44000
 0.02043800000,2.56000,2.44000
 0.02043999844,2.56000,2.48000
 0.02044200000,2.56000,2.44000
 0.02044400000,2.64000,2.48000
 0.02044600000,2.64000,2.48000
 0.02044800000,2.56000,2.44000
 0.02045000000,2.56000,2.44000
 0.02045200000,2.72000,2.60000
 0.02045400000,2.56000,2.44000
 0.02045600000,2.64000,2.48000
 0.02045800000,2.56000,2.44000
 0.02046000000,2.56000,2.44000
 0.02046200000,2.56000,2.44000
 0.02046400000,2.56000,2.44000
 0.02046600000,2.60000,2.44000
 0.02046800000,2.60000,2.48000
 0.02047000156,2.56000,2.44000
 0.02047200000,2.56000,2.48000
 0.02047400000,2.60000,2.48000
 0.02047600000,2.56000,2.44000
 0.02047800156,2.64000,2.52000
