Record Length,20480










Source,CH1,CH2
Second,Volt,Volt
-0.00040960000,2.60000,2.48000
-0.00040956000,2.56000,2.44000
-0.00040952000,2.56000,2.48000
-0.00040948000,2.56000,2.44000
-0.00040944000,2.56000,2.44000
-0.00040940000,2.56000,2.44000
-0.00040936000,2.60000,2.48000
-0.00040932000,2.56000,2.44000
-0.00040928000,2.56000,2.44000
-0.00040924000,2.56000,2.44000
-0.00040920000,2.60000,2.44000
-0.00040915997,2.56000,2.44000
-0.00040912000,2.60000,2.44000
-0.00040908000,2.56000,2.44000
-0.00040904000,2.56000,2.44000
-0.00040900000,2.60000,2.44000
-0.00040896000,2.56000,2.44000
-0.00040892000,2.56000,2.44000
-0.00040888000,2.60000,2.48000
-0.00040884000,2.56000,2.48000
-0.00040880000,2.56000,2.44000
-0.00040876000,2.56000,2.44000
-0.00040872000,2.60000,2.44000
-0.00040868000,2.56000,2.44000
-0.00040864000,2.60000,2.44000
-0.00040860000,2.60000,2.44000
-0.00040856000,2.56000,2.44000
-0.00040852000,2.60000,2.44000
-0.00040848000,2.60000,2.44000
-0.00040843997,2.56000,2.44000
-0.00040840000,2.60000,2.44000
-0.00040836000,2.60000,2.44000
-0.00040832000,2.56000,2.44000
-0.00040828000,2.56000,2.44000
-0.00040824000,2.60000,2.44000
-0.00040820000,2.60000,2.44000
-0.00040816000,2.60000,2.44000
-0.00040812000,2.56000,2.44000
-0.00040808000,2.56000,2.44000
-0.00040804000,2.56000,2.48000
-0.00040800000,2.56000,2.44000
-0.00040796000,2.60000,2.44000
-0.00040792000,2.56000,2.48000
-0.00040788000,2.56000,2.44000
-0.00040784000,2.56000,2.44000
-0.00040780000,2.60000,2.44000
-0.00040776000,2.56000,2.44000
-0.00040772000,2.60000,2.44000
-0.00040768000,2.60000,2.44000
-0.00040764000,2.60000,2.48000
-0.00040760000,2.56000,2.44000
-0.00040756000,2.60000,2.44000
-0.00040751997,2.56000,2.44000
-0.00040748000,2.64000,2.44000
-0.00040744000,2.52000,2.40000
-0.00040740000,2.68000,2.52000
-0.00040736000,2.52000,2.40000
-0.00040732000,2.56000,2.44000
-0.00040728000,2.64000,2.48000
-0.00040724000,2.56000,2.44000
-0.00040720000,2.60000,2.48000
-0.00040716000,2.60000,2.44000
-0.00040712000,2.56000,2.44000
-0.00040708000,2.60000,2.44000
-0.00040704000,2.60000,2.44000
-0.00040700000,2.56000,2.44000
-0.00040696000,2.56000,2.44000
-0.00040692000,2.60000,2.44000
-0.00040688000,2.56000,2.44000
-0.00040684000,2.56000,2.48000
-0.00040679997,2.56000,2.44000
-0.00040676000,2.56000,2.44000
-0.00040672000,2.56000,2.44000
-0.00040668000,2.60000,2.44000
-0.00040664000,2.56000,2.44000
-0.00040660000,2.56000,2.44000
-0.00040656000,2.60000,2.44000
-0.00040652000,2.56000,2.44000
-0.00040648000,2.56000,2.44000
-0.00040644000,2.60000,2.44000
-0.00040640000,2.56000,2.44000
-0.00040636000,2.56000,2.44000
-0.00040632000,2.56000,2.44000
-0.00040628000,2.60000,2.44000
-0.00040624000,2.56000,2.44000
-0.00040620000,2.60000,2.44000
-0.00040616000,2.56000,2.44000
-0.00040612000,2.56000,2.44000
-0.00040607997,2.56000,2.44000
-0.00040604000,2.56000,2.44000
-0.00040600000,2.56000,2.48000
-0.00040596000,2.60000,2.44000
-0.00040592000,2.56000,2.44000
-0.00040588000,2.60000,2.44000
-0.00040584000,2.56000,2.40000
-0.00040580000,2.60000,2.44000
-0.00040576000,2.56000,2.44000
-0.00040572000,2.60000,2.44000
-0.00040568000,2.60000,2.44000
-0.00040564000,2.60000,2.44000
-0.00040560000,2.60000,2.44000
-0.00040556000,2.56000,2.44000
-0.00040552000,2.56000,2.44000
-0.00040548000,2.64000,2.48000
-0.00040544000,2.56000,2.44000
-0.00040540000,2.56000,2.48000
-0.00040535997,2.60000,2.44000
-0.00040532000,2.56000,2.44000
-0.00040528000,2.60000,2.44000
-0.00040524000,2.60000,2.44000
-0.00040520000,2.60000,2.44000
-0.00040516000,2.60000,2.44000
-0.00040512000,2.56000,2.48000
-0.00040508000,2.56000,2.44000
-0.00040504000,2.60000,2.44000
-0.00040500000,2.56000,2.44000
-0.00040496000,2.56000,2.44000
-0.00040492000,2.56000,2.44000
-0.00040488000,2.60000,2.44000
-0.00040484000,2.60000,2.44000
-0.00040480000,2.60000,2.44000
-0.00040476000,2.56000,2.44000
-0.00040472000,2.52000,2.44000
-0.00040468000,2.60000,2.48000
-0.00040464000,2.60000,2.48000
-0.00040460000,2.60000,2.48000
-0.00040456000,2.60000,2.44000
-0.00040452000,2.56000,2.44000
-0.00040448000,2.60000,2.44000
-0.00040444000,2.56000,2.44000
-0.00040440000,2.56000,2.44000
-0.00040436000,2.60000,2.44000
-0.00040432000,2.60000,2.44000
-0.00040428000,2.56000,2.44000
-0.00040424000,2.60000,2.44000
-0.00040420000,2.56000,2.44000
-0.00040416000,2.56000,2.44000
-0.00040412000,2.60000,2.48000
-0.00040408000,2.56000,2.44000
-0.00040404000,2.56000,2.44000
-0.00040400000,2.64000,2.44000
-0.00040396000,2.56000,2.44000
-0.00040392000,2.56000,2.44000
-0.00040388000,2.60000,2.44000
-0.00040384000,2.56000,2.44000
-0.00040380000,2.60000,2.44000
-0.00040376000,2.60000,2.48000
-0.00040371997,2.52000,2.40000
-0.00040368000,2.60000,2.48000
-0.00040364000,2.60000,2.44000
-0.00040360000,2.56000,2.44000
-0.00040356000,2.60000,2.48000
-0.00040352000,2.60000,2.44000
-0.00040348000,2.56000,2.44000
-0.00040344000,2.60000,2.48000
-0.00040340000,2.56000,2.44000
-0.00040336000,2.56000,2.44000
-0.00040332000,2.60000,2.48000
-0.00040328000,2.60000,2.44000
-0.00040324000,2.56000,2.40000
-0.00040320000,2.56000,2.44000
-0.00040316000,2.56000,2.44000
-0.00040312000,2.56000,2.44000
-0.00040308000,2.60000,2.48000
-0.00040304000,2.56000,2.44000
-0.00040299997,2.60000,2.44000
-0.00040296000,2.60000,2.44000
-0.00040292000,2.60000,2.44000
-0.00040288000,2.56000,2.44000
-0.00040284000,2.56000,2.44000
-0.00040280000,2.56000,2.44000
-0.00040276000,2.56000,2.48000
-0.00040272000,2.56000,2.44000
-0.00040268000,2.56000,2.44000
-0.00040264000,2.60000,2.44000
-0.00040260000,2.56000,2.44000
-0.00040256000,2.60000,2.44000
-0.00040252000,2.56000,2.44000
-0.00040248000,2.56000,2.44000
-0.00040244000,2.56000,2.44000
-0.00040240000,2.60000,2.44000
-0.00040236000,2.56000,2.44000
-0.00040232000,2.56000,2.44000
-0.00040227997,2.56000,2.44000
-0.00040224000,2.56000,2.44000
-0.00040220000,2.60000,2.44000
-0.00040216000,2.56000,2.44000
-0.00040212000,2.56000,2.44000
-0.00040208000,2.60000,2.44000
-0.00040204000,2.56000,2.44000
-0.00040200000,2.60000,2.48000
-0.00040196000,2.56000,2.44000
-0.00040192000,2.60000,2.44000
-0.00040188000,2.56000,2.36000
-0.00040184000,2.64000,2.60000
-0.00040180000,2.72000,2.48000
-0.00040176000,2.40000,2.28000
-0.00040172000,2.72000,2.60000
-0.00040168000,2.48000,2.36000
-0.00040164000,2.48000,2.32000
-0.00040160000,2.72000,2.72000
-0.00040155997,2.52000,2.32000
-0.00040152000,2.56000,2.52000
-0.00040148000,2.68000,2.48000
-0.00040144000,2.44000,2.32000
-0.00040140000,2.56000,2.44000
-0.00040136000,2.64000,2.52000
-0.00040132000,2.52000,2.36000
-0.00040128000,2.64000,2.48000
-0.00040124000,2.60000,2.44000
-0.00040120000,2.56000,2.40000
-0.00040116000,2.52000,2.44000
-0.00040112000,2.60000,2.48000
-0.00040108000,2.56000,2.44000
-0.00040104000,2.56000,2.44000
-0.00040100000,2.68000,2.48000
-0.00040096000,2.52000,2.36000
-0.00040092000,2.60000,2.48000
-0.00040088000,2.56000,2.44000
-0.00040084000,2.52000,2.40000
-0.00040080000,2.60000,2.48000
-0.00040076000,2.60000,2.44000
-0.00040072000,2.56000,2.44000
-0.00040068000,2.60000,2.44000
-0.00040063997,2.56000,2.44000
-0.00040060000,2.56000,2.40000
-0.00040056000,2.60000,2.44000
-0.00040052000,2.56000,2.44000
-0.00040048000,2.56000,2.44000
-0.00040044000,2.60000,2.44000
-0.00040040000,2.60000,2.44000
-0.00040036000,2.56000,2.44000
-0.00040032000,2.60000,2.44000
-0.00040028000,2.60000,2.44000
-0.00040024000,2.56000,2.44000
-0.00040020000,2.60000,2.44000
-0.00040016000,2.56000,2.44000
-0.00040012000,2.56000,2.44000
-0.00040008000,2.60000,2.44000
-0.00040004000,2.60000,2.44000
-0.00040000000,2.56000,2.44000
-0.00039996000,2.60000,2.44000
-0.00039991997,2.56000,2.44000
-0.00039988000,2.60000,2.44000
-0.00039984000,2.56000,2.44000
-0.00039980000,2.56000,2.44000
-0.00039976000,2.60000,2.44000
-0.00039972000,2.56000,2.44000
-0.00039968000,2.60000,2.48000
-0.00039964000,2.56000,2.44000
-0.00039960000,2.56000,2.44000
-0.00039956000,2.60000,2.44000
-0.00039952000,2.56000,2.44000
-0.00039948000,2.56000,2.44000
-0.00039944000,2.56000,2.44000
-0.00039940000,2.60000,2.44000
-0.00039936000,2.56000,2.44000
-0.00039932000,2.60000,2.44000
-0.00039928000,2.56000,2.44000
-0.00039924000,2.60000,2.44000
-0.00039919997,2.56000,2.44000
-0.00039916000,2.56000,2.44000
-0.00039912000,2.56000,2.48000
-0.00039908000,2.60000,2.44000
-0.00039904000,2.60000,2.44000
-0.00039900000,2.60000,2.44000
-0.00039896000,2.56000,2.44000
-0.00039892000,2.56000,2.48000
-0.00039888000,2.56000,2.44000
-0.00039884000,2.56000,2.48000
-0.00039880000,2.56000,2.44000
-0.00039876000,2.56000,2.44000
-0.00039872000,2.60000,2.44000
-0.00039868000,2.56000,2.44000
-0.00039864000,2.60000,2.44000
-0.00039860000,2.56000,2.44000
-0.00039856000,2.56000,2.44000
-0.00039852000,2.60000,2.44000
-0.00039847997,2.60000,2.48000
-0.00039844000,2.56000,2.44000
-0.00039840000,2.60000,2.48000
-0.00039836000,2.56000,2.40000
-0.00039832000,2.60000,2.48000
-0.00039828000,2.56000,2.44000
-0.00039824000,2.60000,2.44000
-0.00039820000,2.56000,2.44000
-0.00039816000,2.56000,2.44000
-0.00039812000,2.60000,2.44000
-0.00039808000,2.56000,2.44000
-0.00039804000,2.60000,2.44000
-0.00039800000,2.56000,2.44000
-0.00039796000,2.60000,2.48000
-0.00039792000,2.56000,2.44000
-0.00039788000,2.56000,2.44000
-0.00039784000,2.56000,2.44000
-0.00039780000,2.60000,2.44000
-0.00039776000,2.56000,2.44000
-0.00039772000,2.60000,2.44000
-0.00039768000,2.60000,2.44000
-0.00039764000,2.56000,2.44000
-0.00039760000,2.56000,2.48000
-0.00039756000,2.56000,2.44000
-0.00039752000,2.60000,2.44000
-0.00039748000,2.60000,2.44000
-0.00039744000,2.56000,2.44000
-0.00039740000,2.60000,2.48000
-0.00039736000,2.60000,2.44000
-0.00039732000,2.56000,2.44000
-0.00039728000,2.56000,2.44000
-0.00039724000,2.56000,2.44000
-0.00039720000,2.56000,2.44000
-0.00039716000,2.60000,2.48000
-0.00039712000,2.56000,2.44000
-0.00039708000,2.56000,2.44000
-0.00039704000,2.60000,2.48000
-0.00039700000,2.56000,2.44000
-0.00039696000,2.56000,2.44000
-0.00039692000,2.56000,2.48000
-0.00039688000,2.56000,2.44000
-0.00039683997,2.60000,2.44000
-0.00039680000,2.60000,2.44000
-0.00039676000,2.60000,2.44000
-0.00039672000,2.56000,2.44000
-0.00039668000,2.56000,2.44000
-0.00039664000,2.56000,2.44000
-0.00039660000,2.60000,2.48000
-0.00039656000,2.60000,2.44000
-0.00039652000,2.60000,2.48000
-0.00039648000,2.52000,2.36000
-0.00039644000,2.64000,2.48000
-0.00039640000,2.56000,2.44000
-0.00039636000,2.60000,2.48000
-0.00039632000,2.60000,2.44000
-0.00039628000,2.56000,2.44000
-0.00039624000,2.60000,2.48000
-0.00039620000,2.56000,2.44000
-0.00039616000,2.56000,2.48000
-0.00039611997,2.60000,2.44000
-0.00039608000,2.56000,2.44000
-0.00039604000,2.56000,2.44000
-0.00039600000,2.56000,2.48000
-0.00039596000,2.56000,2.48000
-0.00039592000,2.52000,2.44000
-0.00039588000,2.60000,2.44000
-0.00039584000,2.60000,2.44000
-0.00039580000,2.56000,2.44000
-0.00039576000,2.60000,2.48000
-0.00039572000,2.56000,2.44000
-0.00039568000,2.52000,2.40000
-0.00039564000,2.64000,2.48000
-0.00039560000,2.52000,2.44000
-0.00039556000,2.60000,2.44000
-0.00039552000,2.64000,2.48000
-0.00039548000,2.52000,2.40000
-0.00039544000,2.60000,2.48000
-0.00039539997,2.60000,2.44000
-0.00039536000,2.52000,2.44000
-0.00039532000,2.64000,2.48000
-0.00039528000,2.56000,2.44000
-0.00039524000,2.56000,2.44000
-0.00039520000,2.60000,2.48000
-0.00039516000,2.56000,2.44000
-0.00039512000,2.56000,2.44000
-0.00039508000,2.64000,2.48000
-0.00039504000,2.60000,2.44000
-0.00039500000,2.56000,2.44000
-0.00039496000,2.56000,2.44000
-0.00039492000,2.60000,2.44000
-0.00039488000,2.56000,2.44000
-0.00039484000,2.60000,2.44000
-0.00039480000,2.56000,2.44000
-0.00039476000,2.56000,2.44000
-0.00039472000,2.56000,2.44000
-0.00039467997,2.56000,2.44000
-0.00039464000,2.56000,2.48000
-0.00039460000,2.60000,2.48000
-0.00039456000,2.56000,2.44000
-0.00039452000,2.56000,2.44000
-0.00039448000,2.60000,2.44000
-0.00039444000,2.56000,2.44000
-0.00039440000,2.56000,2.44000
-0.00039436000,2.60000,2.44000
-0.00039432000,2.60000,2.44000
-0.00039428000,2.56000,2.44000
-0.00039424000,2.56000,2.40000
-0.00039420000,2.56000,2.44000
-0.00039416000,2.56000,2.48000
-0.00039412000,2.56000,2.44000
-0.00039408000,2.56000,2.44000
-0.00039404000,2.60000,2.44000
-0.00039400000,2.56000,2.44000
-0.00039396000,2.56000,2.44000
-0.00039392000,2.56000,2.44000
-0.00039388000,2.56000,2.44000
-0.00039384000,2.56000,2.44000
-0.00039380000,2.56000,2.44000
-0.00039375997,2.60000,2.44000
-0.00039372000,2.56000,2.44000
-0.00039368000,2.56000,2.44000
-0.00039364000,2.56000,2.44000
-0.00039360000,2.60000,2.44000
-0.00039356000,2.56000,2.44000
-0.00039352000,2.60000,2.48000
-0.00039348000,2.56000,2.44000
-0.00039344000,2.56000,2.44000
-0.00039340000,2.56000,2.44000
-0.00039336000,2.60000,2.44000
-0.00039332000,2.56000,2.44000
-0.00039328000,2.60000,2.44000
-0.00039324000,2.60000,2.44000
-0.00039320000,2.56000,2.44000
-0.00039316000,2.60000,2.44000
-0.00039312000,2.60000,2.44000
-0.00039308000,2.56000,2.44000
-0.00039303997,2.60000,2.48000
-0.00039300000,2.56000,2.44000
-0.00039296000,2.60000,2.48000
-0.00039292000,2.56000,2.44000
-0.00039288000,2.60000,2.44000
-0.00039284000,2.56000,2.44000
-0.00039280000,2.60000,2.48000
-0.00039276000,2.56000,2.44000
-0.00039272000,2.56000,2.44000
-0.00039268000,2.44000,2.28000
-0.00039264000,2.80000,2.72000
-0.00039260000,2.40000,2.20000
-0.00039256000,2.56000,2.48000
-0.00039252000,2.60000,2.44000
-0.00039248000,2.56000,2.40000
-0.00039244000,2.48000,2.32000
-0.00039240000,2.84000,2.72000
-0.00039236000,2.32000,2.20000
-0.00039231997,2.72000,2.72000
-0.00039228000,2.52000,2.32000
-0.00039224000,2.52000,2.40000
-0.00039220000,2.52000,2.44000
-0.00039216000,2.68000,2.52000
-0.00039212000,2.48000,2.32000
-0.00039208000,2.68000,2.52000
-0.00039204000,2.60000,2.48000
-0.00039200000,2.52000,2.36000
-0.00039196000,2.60000,2.48000
-0.00039192000,2.56000,2.44000
-0.00039188000,2.56000,2.44000
-0.00039184000,2.64000,2.48000
-0.00039180000,2.60000,2.48000
-0.00039176000,2.52000,2.40000
-0.00039172000,2.60000,2.48000
-0.00039168000,2.56000,2.44000
-0.00039164000,2.56000,2.44000
-0.00039159997,2.60000,2.48000
-0.00039156000,2.60000,2.48000
-0.00039152000,2.56000,2.44000
-0.00039148000,2.60000,2.48000
-0.00039144000,2.56000,2.44000
-0.00039140000,2.56000,2.44000
-0.00039136000,2.60000,2.48000
-0.00039132000,2.60000,2.44000
-0.00039128000,2.56000,2.44000
-0.00039124000,2.60000,2.44000
-0.00039120000,2.56000,2.44000
-0.00039116000,2.56000,2.44000
-0.00039112000,2.56000,2.44000
-0.00039108000,2.56000,2.44000
-0.00039104000,2.56000,2.44000
-0.00039100000,2.60000,2.44000
-0.00039096000,2.56000,2.44000
-0.00039092000,2.60000,2.44000
-0.00039088000,2.56000,2.44000
-0.00039084000,2.56000,2.44000
-0.00039080000,2.56000,2.44000
-0.00039076000,2.60000,2.44000
-0.00039072000,2.56000,2.44000
-0.00039068000,2.56000,2.44000
-0.00039064000,2.56000,2.44000
-0.00039060000,2.56000,2.44000
-0.00039056000,2.56000,2.44000
-0.00039052000,2.60000,2.44000
-0.00039048000,2.60000,2.44000
-0.00039044000,2.60000,2.44000
-0.00039040000,2.60000,2.44000
-0.00039036000,2.56000,2.44000
-0.00039032000,2.56000,2.44000
-0.00039028000,2.56000,2.44000
-0.00039024000,2.60000,2.44000
-0.00039020000,2.56000,2.44000
-0.00039016000,2.56000,2.44000
-0.00039012000,2.56000,2.44000
-0.00039008000,2.56000,2.44000
-0.00039004000,2.56000,2.44000
-0.00039000000,2.56000,2.44000
-0.00038995997,2.60000,2.44000
-0.00038992000,2.56000,2.44000
-0.00038988000,2.60000,2.44000
-0.00038984000,2.56000,2.44000
-0.00038980000,2.56000,2.44000
-0.00038976000,2.60000,2.44000
-0.00038972000,2.60000,2.48000
-0.00038968000,2.56000,2.40000
-0.00038964000,2.64000,2.48000
-0.00038960000,2.56000,2.44000
-0.00038956000,2.60000,2.48000
-0.00038952000,2.56000,2.40000
-0.00038948000,2.56000,2.44000
-0.00038944000,2.56000,2.44000
-0.00038940000,2.60000,2.48000
-0.00038936000,2.56000,2.44000
-0.00038932000,2.56000,2.44000
-0.00038928000,2.60000,2.44000
-0.00038923997,2.56000,2.44000
-0.00038920000,2.60000,2.44000
-0.00038916000,2.56000,2.44000
-0.00038912000,2.56000,2.44000
-0.00038908000,2.56000,2.44000
-0.00038904000,2.60000,2.44000
-0.00038900000,2.56000,2.44000
-0.00038896000,2.60000,2.44000
-0.00038892000,2.56000,2.44000
-0.00038888000,2.60000,2.44000
-0.00038884000,2.56000,2.44000
-0.00038880000,2.60000,2.48000
-0.00038876000,2.56000,2.44000
-0.00038872000,2.56000,2.44000
-0.00038868000,2.60000,2.44000
-0.00038864000,2.56000,2.44000
-0.00038860000,2.56000,2.44000
-0.00038856000,2.60000,2.44000
-0.00038851997,2.60000,2.44000
-0.00038848000,2.60000,2.44000
-0.00038844000,2.56000,2.44000
-0.00038840000,2.56000,2.44000
-0.00038836000,2.60000,2.44000
-0.00038832000,2.56000,2.44000
-0.00038828000,2.60000,2.48000
-0.00038824000,2.56000,2.44000
-0.00038820000,2.56000,2.40000
-0.00038816000,2.60000,2.48000
-0.00038812000,2.60000,2.44000
-0.00038808000,2.60000,2.44000
-0.00038804000,2.56000,2.44000
-0.00038800000,2.52000,2.40000
-0.00038796000,2.60000,2.44000
-0.00038792000,2.56000,2.44000
-0.00038788000,2.56000,2.44000
-0.00038784000,2.60000,2.48000
-0.00038779997,2.60000,2.44000
-0.00038776000,2.56000,2.44000
-0.00038772000,2.60000,2.44000
-0.00038768000,2.56000,2.44000
-0.00038764000,2.56000,2.44000
-0.00038760000,2.64000,2.48000
-0.00038756000,2.56000,2.44000
-0.00038752000,2.56000,2.44000
-0.00038748000,2.64000,2.48000
-0.00038744000,2.56000,2.44000
-0.00038740000,2.60000,2.44000
-0.00038736000,2.56000,2.44000
-0.00038732000,2.60000,2.44000
-0.00038728000,2.56000,2.44000
-0.00038724000,2.60000,2.48000
-0.00038720000,2.56000,2.44000
-0.00038716000,2.60000,2.44000
-0.00038712000,2.60000,2.44000
-0.00038708000,2.56000,2.44000
-0.00038704000,2.60000,2.44000
-0.00038700000,2.60000,2.44000
-0.00038696000,2.56000,2.44000
-0.00038692000,2.56000,2.44000
-0.00038687997,2.60000,2.44000
-0.00038684000,2.56000,2.44000
-0.00038680000,2.60000,2.48000
-0.00038676000,2.56000,2.44000
-0.00038672000,2.56000,2.44000
-0.00038668000,2.60000,2.44000
-0.00038664000,2.60000,2.44000
-0.00038660000,2.60000,2.44000
-0.00038656000,2.60000,2.44000
-0.00038652000,2.56000,2.44000
-0.00038648000,2.56000,2.44000
-0.00038644000,2.56000,2.48000
-0.00038640000,2.60000,2.44000
-0.00038636000,2.56000,2.44000
-0.00038632000,2.56000,2.44000
-0.00038628000,2.60000,2.48000
-0.00038624000,2.56000,2.44000
-0.00038620000,2.52000,2.44000
-0.00038615997,2.68000,2.48000
-0.00038612000,2.52000,2.36000
-0.00038608000,2.64000,2.48000
-0.00038604000,2.56000,2.44000
-0.00038600000,2.56000,2.44000
-0.00038596000,2.60000,2.44000
-0.00038592000,2.56000,2.44000
-0.00038588000,2.56000,2.44000
-0.00038584000,2.56000,2.44000
-0.00038580000,2.56000,2.44000
-0.00038576000,2.56000,2.44000
-0.00038572000,2.60000,2.44000
-0.00038568000,2.60000,2.44000
-0.00038564000,2.56000,2.44000
-0.00038560000,2.56000,2.48000
-0.00038556000,2.60000,2.44000
-0.00038552000,2.56000,2.44000
-0.00038548000,2.56000,2.44000
-0.00038543997,2.56000,2.44000
-0.00038540000,2.60000,2.44000
-0.00038536000,2.60000,2.44000
-0.00038532000,2.60000,2.48000
-0.00038528000,2.56000,2.44000
-0.00038524000,2.56000,2.44000
-0.00038520000,2.60000,2.48000
-0.00038516000,2.56000,2.44000
-0.00038512000,2.60000,2.44000
-0.00038508000,2.60000,2.44000
-0.00038504000,2.56000,2.44000
-0.00038500000,2.56000,2.44000
-0.00038496000,2.60000,2.44000
-0.00038492000,2.56000,2.44000
-0.00038488000,2.56000,2.44000
-0.00038484000,2.56000,2.48000
-0.00038480000,2.56000,2.44000
-0.00038476000,2.60000,2.48000
-0.00038471997,2.60000,2.44000
-0.00038468000,2.60000,2.48000
-0.00038464000,2.56000,2.44000
-0.00038460000,2.56000,2.44000
-0.00038456000,2.60000,2.44000
-0.00038452000,2.56000,2.44000
-0.00038448000,2.60000,2.44000
-0.00038444000,2.56000,2.44000
-0.00038440000,2.60000,2.48000
-0.00038436000,2.56000,2.44000
-0.00038432000,2.60000,2.48000
-0.00038428000,2.56000,2.44000
-0.00038424000,2.60000,2.48000
-0.00038420000,2.56000,2.44000
-0.00038416000,2.56000,2.44000
-0.00038412000,2.60000,2.44000
-0.00038408000,2.56000,2.44000
-0.00038404000,2.56000,2.44000
-0.00038400000,2.60000,2.44000
-0.00038396000,2.56000,2.48000
-0.00038392000,2.56000,2.44000
-0.00038388000,2.56000,2.44000
-0.00038384000,2.56000,2.44000
-0.00038380000,2.60000,2.44000
-0.00038376000,2.60000,2.44000
-0.00038372000,2.60000,2.48000
-0.00038368000,2.56000,2.44000
-0.00038364000,2.56000,2.44000
-0.00038360000,2.60000,2.48000
-0.00038356000,2.56000,2.44000
-0.00038352000,2.56000,2.44000
-0.00038348000,2.52000,2.44000
-0.00038344000,2.84000,2.72000
-0.00038340000,2.24000,2.20000
-0.00038336000,2.72000,2.64000
-0.00038332000,2.48000,2.32000
-0.00038328000,2.52000,2.36000
-0.00038324000,2.56000,2.48000
-0.00038320000,2.72000,2.52000
-0.00038316000,2.32000,2.28000
-0.00038312000,2.76000,2.64000
-0.00038307997,2.44000,2.28000
-0.00038304000,2.52000,2.40000
-0.00038300000,2.60000,2.48000
-0.00038296000,2.60000,2.44000
-0.00038292000,2.56000,2.44000
-0.00038288000,2.64000,2.48000
-0.00038284000,2.56000,2.44000
-0.00038280000,2.52000,2.44000
-0.00038276000,2.60000,2.48000
-0.00038272000,2.56000,2.44000
-0.00038268000,2.60000,2.44000
-0.00038264000,2.64000,2.48000
-0.00038260000,2.60000,2.44000
-0.00038256000,2.52000,2.40000
-0.00038252000,2.60000,2.44000
-0.00038248000,2.56000,2.44000
-0.00038244000,2.56000,2.44000
-0.00038240000,2.64000,2.48000
-0.00038235997,2.56000,2.44000
-0.00038232000,2.56000,2.44000
-0.00038228000,2.60000,2.44000
-0.00038224000,2.56000,2.44000
-0.00038220000,2.56000,2.44000
-0.00038216000,2.60000,2.48000
-0.00038212000,2.60000,2.44000
-0.00038208000,2.56000,2.44000
-0.00038204000,2.60000,2.44000
-0.00038200000,2.60000,2.44000
-0.00038196000,2.56000,2.44000
-0.00038192000,2.64000,2.48000
-0.00038188000,2.56000,2.44000
-0.00038184000,2.56000,2.48000
-0.00038180000,2.56000,2.44000
-0.00038176000,2.56000,2.44000
-0.00038172000,2.60000,2.44000
-0.00038168000,2.60000,2.44000
-0.00038163997,2.60000,2.48000
-0.00038160000,2.60000,2.48000
-0.00038156000,2.56000,2.44000
-0.00038152000,2.56000,2.44000
-0.00038148000,2.56000,2.44000
-0.00038144000,2.56000,2.44000
-0.00038140000,2.60000,2.44000
-0.00038136000,2.56000,2.44000
-0.00038132000,2.56000,2.44000
-0.00038128000,2.56000,2.44000
-0.00038124000,2.56000,2.48000
-0.00038120000,2.60000,2.48000
-0.00038116000,2.60000,2.44000
-0.00038112000,2.56000,2.44000
-0.00038108000,2.56000,2.48000
-0.00038104000,2.56000,2.44000
-0.00038100000,2.60000,2.44000
-0.00038096000,2.60000,2.44000
-0.00038091997,2.60000,2.44000
-0.00038088000,2.56000,2.44000
-0.00038084000,2.56000,2.44000
-0.00038080000,2.56000,2.44000
-0.00038076000,2.56000,2.44000
-0.00038072000,2.56000,2.44000
-0.00038068000,2.56000,2.44000
-0.00038064000,2.60000,2.44000
-0.00038060000,2.56000,2.44000
-0.00038056000,2.56000,2.44000
-0.00038052000,2.56000,2.44000
-0.00038048000,2.56000,2.48000
-0.00038044000,2.56000,2.44000
-0.00038040000,2.60000,2.44000
-0.00038036000,2.56000,2.44000
-0.00038032000,2.56000,2.44000
-0.00038028000,2.56000,2.44000
-0.00038024000,2.56000,2.44000
-0.00038020000,2.60000,2.44000
-0.00038016000,2.60000,2.44000
-0.00038012000,2.56000,2.44000
-0.00038008000,2.60000,2.48000
-0.00038004000,2.60000,2.44000
-0.00038000000,2.56000,2.44000
-0.00037996000,2.56000,2.44000
-0.00037992000,2.60000,2.44000
-0.00037988000,2.60000,2.44000
-0.00037984000,2.56000,2.44000
-0.00037980000,2.56000,2.44000
-0.00037976000,2.56000,2.44000
-0.00037972000,2.60000,2.44000
-0.00037968000,2.60000,2.48000
-0.00037964000,2.56000,2.44000
-0.00037960000,2.56000,2.44000
-0.00037956000,2.60000,2.44000
-0.00037952000,2.56000,2.44000
-0.00037948000,2.60000,2.44000
-0.00037944000,2.60000,2.44000
-0.00037940000,2.56000,2.44000
-0.00037936000,2.64000,2.48000
-0.00037932000,2.56000,2.44000
-0.00037927997,2.56000,2.44000
-0.00037924000,2.56000,2.44000
-0.00037920000,2.56000,2.44000
-0.00037916000,2.56000,2.44000
-0.00037912000,2.60000,2.44000
-0.00037908000,2.56000,2.44000
-0.00037904000,2.56000,2.44000
-0.00037900000,2.60000,2.48000
-0.00037896000,2.56000,2.44000
-0.00037892000,2.56000,2.44000
-0.00037888000,2.60000,2.44000
-0.00037884000,2.56000,2.44000
-0.00037880000,2.60000,2.44000
-0.00037876000,2.56000,2.44000
-0.00037872000,2.56000,2.44000
-0.00037868000,2.56000,2.44000
-0.00037864000,2.60000,2.48000
-0.00037860000,2.56000,2.44000
-0.00037855997,2.56000,2.44000
-0.00037852000,2.56000,2.44000
-0.00037848000,2.56000,2.44000
-0.00037844000,2.56000,2.44000
-0.00037840000,2.56000,2.44000
-0.00037836000,2.60000,2.44000
-0.00037832000,2.60000,2.48000
-0.00037828000,2.56000,2.44000
-0.00037824000,2.56000,2.44000
-0.00037820000,2.56000,2.44000
-0.00037816000,2.56000,2.44000
-0.00037812000,2.60000,2.48000
-0.00037808000,2.56000,2.44000
-0.00037804000,2.56000,2.44000
-0.00037800000,2.60000,2.48000
-0.00037796000,2.56000,2.44000
-0.00037792000,2.60000,2.48000
-0.00037788000,2.60000,2.48000
-0.00037783997,2.60000,2.44000
-0.00037780000,2.56000,2.44000
-0.00037776000,2.60000,2.48000
-0.00037772000,2.56000,2.44000
-0.00037768000,2.56000,2.44000
-0.00037764000,2.60000,2.44000
-0.00037760000,2.56000,2.44000
-0.00037756000,2.56000,2.44000
-0.00037752000,2.60000,2.44000
-0.00037748000,2.56000,2.44000
-0.00037744000,2.60000,2.44000
-0.00037740000,2.56000,2.44000
-0.00037736000,2.56000,2.44000
-0.00037732000,2.56000,2.44000
-0.00037728000,2.60000,2.44000
-0.00037724000,2.56000,2.44000
-0.00037720000,2.60000,2.44000
-0.00037716000,2.56000,2.44000
-0.00037712000,2.56000,2.44000
-0.00037708000,2.56000,2.44000
-0.00037704000,2.56000,2.44000
-0.00037700000,2.60000,2.44000
-0.00037696000,2.60000,2.48000
-0.00037692000,2.56000,2.40000
-0.00037688000,2.60000,2.44000
-0.00037684000,2.56000,2.44000
-0.00037680000,2.56000,2.44000
-0.00037676000,2.56000,2.44000
-0.00037672000,2.60000,2.44000
-0.00037668000,2.56000,2.44000
-0.00037664000,2.56000,2.44000
-0.00037660000,2.56000,2.44000
-0.00037656000,2.56000,2.44000
-0.00037652000,2.60000,2.44000
-0.00037648000,2.56000,2.44000
-0.00037644000,2.56000,2.44000
-0.00037640000,2.56000,2.44000
-0.00037636000,2.60000,2.44000
-0.00037632000,2.56000,2.44000
-0.00037628000,2.56000,2.48000
-0.00037624000,2.56000,2.44000
-0.00037619997,2.56000,2.44000
-0.00037616000,2.60000,2.44000
-0.00037612000,2.56000,2.44000
-0.00037608000,2.56000,2.44000
-0.00037604000,2.60000,2.48000
-0.00037600000,2.56000,2.44000
-0.00037596000,2.56000,2.44000
-0.00037592000,2.56000,2.44000
-0.00037588000,2.56000,2.44000
-0.00037584000,2.56000,2.44000
-0.00037580000,2.56000,2.48000
-0.00037576000,2.60000,2.44000
-0.00037572000,2.56000,2.44000
-0.00037568000,2.56000,2.44000
-0.00037564000,2.56000,2.44000
-0.00037560000,2.56000,2.44000
-0.00037556000,2.56000,2.44000
-0.00037552000,2.56000,2.44000
-0.00037547997,2.56000,2.44000
-0.00037544000,2.60000,2.44000
-0.00037540000,2.56000,2.44000
-0.00037536000,2.56000,2.44000
-0.00037532000,2.56000,2.44000
-0.00037528000,2.56000,2.44000
-0.00037524000,2.56000,2.44000
-0.00037520000,2.56000,2.44000
-0.00037516000,2.60000,2.44000
-0.00037512000,2.56000,2.44000
-0.00037508000,2.60000,2.44000
-0.00037504000,2.56000,2.44000
-0.00037500000,2.56000,2.44000
-0.00037496000,2.56000,2.44000
-0.00037492000,2.60000,2.44000
-0.00037488000,2.56000,2.44000
-0.00037484000,2.56000,2.44000
-0.00037480000,2.56000,2.44000
-0.00037475997,2.60000,2.44000
-0.00037472000,2.56000,2.44000
-0.00037468000,2.56000,2.44000
-0.00037464000,2.56000,2.44000
-0.00037460000,2.56000,2.44000
-0.00037456000,2.60000,2.44000
-0.00037452000,2.60000,2.44000
-0.00037448000,2.56000,2.44000
-0.00037444000,2.60000,2.44000
-0.00037440000,2.56000,2.44000
-0.00037436000,2.56000,2.44000
-0.00037432000,2.56000,2.36000
-0.00037428000,2.64000,2.60000
-0.00037424000,2.72000,2.48000
-0.00037420000,2.36000,2.28000
-0.00037416000,2.72000,2.60000
-0.00037412000,2.48000,2.40000
-0.00037408000,2.48000,2.32000
-0.00037403997,2.72000,2.72000
-0.00037400000,2.56000,2.32000
-0.00037396000,2.52000,2.48000
-0.00037392000,2.72000,2.52000
-0.00037388000,2.48000,2.32000
-0.00037384000,2.52000,2.36000
-0.00037380000,2.68000,2.52000
-0.00037376000,2.52000,2.36000
-0.00037372000,2.60000,2.52000
-0.00037368000,2.60000,2.48000
-0.00037364000,2.56000,2.40000
-0.00037360000,2.56000,2.44000
-0.00037356000,2.60000,2.48000
-0.00037352000,2.56000,2.44000
-0.00037348000,2.56000,2.48000
-0.00037344000,2.60000,2.48000
-0.00037340000,2.56000,2.40000
-0.00037336000,2.56000,2.44000
-0.00037332000,2.60000,2.44000
-0.00037328000,2.56000,2.44000
-0.00037324000,2.56000,2.44000
-0.00037320000,2.64000,2.48000
-0.00037316000,2.56000,2.44000
-0.00037312000,2.56000,2.48000
-0.00037308000,2.60000,2.44000
-0.00037304000,2.52000,2.40000
-0.00037300000,2.56000,2.44000
-0.00037296000,2.60000,2.44000
-0.00037292000,2.56000,2.44000
-0.00037288000,2.60000,2.48000
-0.00037284000,2.60000,2.48000
-0.00037280000,2.56000,2.44000
-0.00037276000,2.60000,2.44000
-0.00037272000,2.60000,2.44000
-0.00037268000,2.60000,2.44000
-0.00037264000,2.56000,2.44000
-0.00037260000,2.60000,2.44000
-0.00037256000,2.56000,2.44000
-0.00037252000,2.56000,2.44000
-0.00037248000,2.60000,2.44000
-0.00037244000,2.56000,2.44000
-0.00037239997,2.60000,2.44000
-0.00037236000,2.56000,2.44000
-0.00037232000,2.56000,2.44000
-0.00037228000,2.56000,2.44000
-0.00037224000,2.60000,2.44000
-0.00037220000,2.56000,2.44000
-0.00037216000,2.60000,2.44000
-0.00037212000,2.56000,2.44000
-0.00037208000,2.60000,2.44000
-0.00037204000,2.56000,2.44000
-0.00037200000,2.56000,2.44000
-0.00037196000,2.56000,2.44000
-0.00037192000,2.60000,2.44000
-0.00037188000,2.56000,2.44000
-0.00037184000,2.56000,2.48000
-0.00037180000,2.60000,2.48000
-0.00037176000,2.60000,2.48000
-0.00037172000,2.56000,2.44000
-0.00037167997,2.56000,2.44000
-0.00037164000,2.64000,2.48000
-0.00037160000,2.60000,2.44000
-0.00037156000,2.56000,2.44000
-0.00037152000,2.56000,2.44000
-0.00037148000,2.56000,2.44000
-0.00037144000,2.60000,2.44000
-0.00037140000,2.56000,2.44000
-0.00037136000,2.56000,2.44000
-0.00037132000,2.60000,2.44000
-0.00037128000,2.56000,2.44000
-0.00037124000,2.56000,2.44000
-0.00037120000,2.60000,2.48000
-0.00037116000,2.56000,2.44000
-0.00037112000,2.52000,2.44000
-0.00037108000,2.60000,2.44000
-0.00037104000,2.56000,2.44000
-0.00037100000,2.56000,2.44000
-0.00037095997,2.60000,2.44000
-0.00037092000,2.60000,2.44000
-0.00037088000,2.60000,2.44000
-0.00037084000,2.56000,2.44000
-0.00037080000,2.60000,2.44000
-0.00037076000,2.56000,2.44000
-0.00037072000,2.60000,2.44000
-0.00037068000,2.56000,2.44000
-0.00037064000,2.60000,2.44000
-0.00037060000,2.56000,2.44000
-0.00037056000,2.56000,2.44000
-0.00037052000,2.60000,2.44000
-0.00037048000,2.56000,2.44000
-0.00037044000,2.60000,2.44000
-0.00037040000,2.56000,2.44000
-0.00037036000,2.56000,2.44000
-0.00037032000,2.56000,2.44000
-0.00037028000,2.60000,2.44000
-0.00037024000,2.56000,2.44000
-0.00037020000,2.60000,2.48000
-0.00037016000,2.60000,2.44000
-0.00037012000,2.56000,2.44000
-0.00037008000,2.56000,2.44000
-0.00037004000,2.60000,2.44000
-0.00037000000,2.56000,2.44000
-0.00036996000,2.56000,2.44000
-0.00036992000,2.60000,2.44000
-0.00036988000,2.56000,2.44000
-0.00036984000,2.60000,2.44000
-0.00036980000,2.60000,2.44000
-0.00036976000,2.56000,2.44000
-0.00036972000,2.60000,2.48000
-0.00036968000,2.60000,2.44000
-0.00036964000,2.56000,2.44000
-0.00036960000,2.60000,2.44000
-0.00036956000,2.56000,2.44000
-0.00036952000,2.56000,2.44000
-0.00036948000,2.60000,2.44000
-0.00036944000,2.60000,2.48000
-0.00036940000,2.60000,2.44000
-0.00036936000,2.60000,2.44000
-0.00036931997,2.56000,2.44000
-0.00036928000,2.56000,2.44000
-0.00036924000,2.56000,2.44000
-0.00036920000,2.56000,2.44000
-0.00036916000,2.56000,2.44000
-0.00036912000,2.60000,2.44000
-0.00036908000,2.60000,2.44000
-0.00036904000,2.56000,2.44000
-0.00036900000,2.60000,2.44000
-0.00036896000,2.56000,2.44000
-0.00036892000,2.60000,2.48000
-0.00036888000,2.52000,2.40000
-0.00036884000,2.60000,2.48000
-0.00036880000,2.56000,2.40000
-0.00036876000,2.60000,2.48000
-0.00036872000,2.60000,2.48000
-0.00036868000,2.56000,2.44000
-0.00036864000,2.60000,2.48000
-0.00036859997,2.56000,2.44000
-0.00036856000,2.64000,2.44000
-0.00036852000,2.56000,2.44000
-0.00036848000,2.56000,2.48000
-0.00036844000,2.56000,2.44000
-0.00036840000,2.60000,2.48000
-0.00036836000,2.56000,2.44000
-0.00036832000,2.60000,2.44000
-0.00036828000,2.56000,2.44000
-0.00036824000,2.60000,2.48000
-0.00036820000,2.56000,2.44000
-0.00036816000,2.56000,2.44000
-0.00036812000,2.60000,2.48000
-0.00036808000,2.56000,2.44000
-0.00036804000,2.56000,2.44000
-0.00036800000,2.56000,2.44000
-0.00036796000,2.56000,2.44000
-0.00036792000,2.56000,2.44000
-0.00036787997,2.60000,2.48000
-0.00036784000,2.56000,2.44000
-0.00036780000,2.56000,2.44000
-0.00036776000,2.60000,2.44000
-0.00036772000,2.56000,2.44000
-0.00036768000,2.56000,2.44000
-0.00036764000,2.60000,2.44000
-0.00036760000,2.56000,2.44000
-0.00036756000,2.60000,2.44000
-0.00036752000,2.60000,2.44000
-0.00036748000,2.56000,2.44000
-0.00036744000,2.56000,2.44000
-0.00036740000,2.56000,2.44000
-0.00036736000,2.56000,2.44000
-0.00036732000,2.56000,2.44000
-0.00036728000,2.56000,2.44000
-0.00036724000,2.56000,2.44000
-0.00036720000,2.56000,2.44000
-0.00036715997,2.60000,2.44000
-0.00036712000,2.60000,2.44000
-0.00036708000,2.56000,2.44000
-0.00036704000,2.60000,2.48000
-0.00036700000,2.56000,2.40000
-0.00036696000,2.60000,2.48000
-0.00036692000,2.56000,2.44000
-0.00036688000,2.56000,2.44000
-0.00036684000,2.60000,2.44000
-0.00036680000,2.56000,2.44000
-0.00036676000,2.56000,2.44000
-0.00036672000,2.56000,2.48000
-0.00036668000,2.56000,2.44000
-0.00036664000,2.56000,2.44000
-0.00036660000,2.64000,2.48000
-0.00036656000,2.60000,2.44000
-0.00036652000,2.56000,2.44000
-0.00036648000,2.56000,2.40000
-0.00036644000,2.56000,2.44000
-0.00036640000,2.60000,2.44000
-0.00036636000,2.64000,2.48000
-0.00036632000,2.60000,2.48000
-0.00036628000,2.56000,2.44000
-0.00036624000,2.56000,2.44000
-0.00036620000,2.60000,2.48000
-0.00036616000,2.56000,2.44000
-0.00036612000,2.60000,2.44000
-0.00036608000,2.60000,2.44000
-0.00036604000,2.56000,2.44000
-0.00036600000,2.56000,2.44000
-0.00036596000,2.60000,2.44000
-0.00036592000,2.60000,2.44000
-0.00036588000,2.56000,2.44000
-0.00036584000,2.56000,2.44000
-0.00036580000,2.56000,2.44000
-0.00036576000,2.56000,2.44000
-0.00036572000,2.56000,2.44000
-0.00036568000,2.60000,2.48000
-0.00036564000,2.56000,2.44000
-0.00036560000,2.60000,2.44000
-0.00036556000,2.60000,2.44000
-0.00036551997,2.60000,2.44000
-0.00036548000,2.60000,2.44000
-0.00036544000,2.56000,2.44000
-0.00036540000,2.60000,2.44000
-0.00036536000,2.56000,2.44000
-0.00036532000,2.56000,2.44000
-0.00036528000,2.56000,2.44000
-0.00036524000,2.56000,2.44000
-0.00036520000,2.68000,2.48000
-0.00036516000,2.52000,2.36000
-0.00036512000,2.56000,2.36000
-0.00036508000,2.68000,2.64000
-0.00036504000,2.68000,2.44000
-0.00036500000,2.40000,2.28000
-0.00036496000,2.76000,2.64000
-0.00036492000,2.52000,2.40000
-0.00036488000,2.44000,2.32000
-0.00036484000,2.80000,2.72000
-0.00036479997,2.44000,2.20000
-0.00036476000,2.64000,2.60000
-0.00036472000,2.68000,2.48000
-0.00036468000,2.48000,2.32000
-0.00036464000,2.52000,2.44000
-0.00036460000,2.68000,2.56000
-0.00036456000,2.48000,2.32000
-0.00036452000,2.64000,2.56000
-0.00036448000,2.60000,2.48000
-0.00036444000,2.52000,2.40000
-0.00036440000,2.56000,2.44000
-0.00036436000,2.60000,2.44000
-0.00036432000,2.56000,2.44000
-0.00036428000,2.60000,2.48000
-0.00036424000,2.60000,2.48000
-0.00036420000,2.52000,2.40000
-0.00036416000,2.56000,2.44000
-0.00036412000,2.60000,2.44000
-0.00036407997,2.56000,2.44000
-0.00036404000,2.56000,2.44000
-0.00036400000,2.60000,2.48000
-0.00036396000,2.56000,2.40000
-0.00036392000,2.56000,2.44000
-0.00036388000,2.60000,2.44000
-0.00036384000,2.56000,2.44000
-0.00036380000,2.56000,2.44000
-0.00036376000,2.72000,2.48000
-0.00036372000,2.68000,2.56000
-0.00036368000,2.52000,2.48000
-0.00036364000,2.48000,2.40000
-0.00036360000,2.52000,2.40000
-0.00036356000,2.60000,2.48000
-0.00036352000,2.64000,2.48000
-0.00036348000,2.52000,2.40000
-0.00036344000,2.52000,2.40000
-0.00036340000,2.56000,2.44000
-0.00036336000,2.60000,2.44000
-0.00036332000,2.60000,2.44000
-0.00036328000,2.60000,2.48000
-0.00036324000,2.56000,2.40000
-0.00036320000,2.52000,2.40000
-0.00036316000,2.64000,2.48000
-0.00036312000,2.56000,2.44000
-0.00036308000,2.56000,2.48000
-0.00036304000,2.56000,2.44000
-0.00036300000,2.56000,2.36000
-0.00036296000,2.64000,2.44000
-0.00036292000,2.64000,2.48000
-0.00036288000,2.56000,2.36000
-0.00036284000,2.60000,2.44000
-0.00036280000,2.60000,2.48000
-0.00036276000,2.56000,2.44000
-0.00036272000,2.60000,2.48000
-0.00036268000,2.56000,2.44000
-0.00036264000,2.56000,2.44000
-0.00036260000,2.60000,2.44000
-0.00036256000,2.60000,2.44000
-0.00036252000,2.56000,2.44000
-0.00036248000,2.60000,2.48000
-0.00036243997,2.56000,2.44000
-0.00036240000,2.56000,2.44000
-0.00036236000,2.60000,2.48000
-0.00036232000,2.60000,2.44000
-0.00036228000,2.56000,2.44000
-0.00036224000,2.56000,2.44000
-0.00036220000,2.56000,2.44000
-0.00036216000,2.60000,2.44000
-0.00036212000,2.56000,2.44000
-0.00036208000,2.60000,2.48000
-0.00036204000,2.56000,2.44000
-0.00036200000,2.60000,2.44000
-0.00036196000,2.56000,2.44000
-0.00036192000,2.56000,2.44000
-0.00036188000,2.56000,2.44000
-0.00036184000,2.60000,2.44000
-0.00036180000,2.56000,2.44000
-0.00036176000,2.60000,2.44000
-0.00036171997,2.56000,2.44000
-0.00036168000,2.56000,2.48000
-0.00036164000,2.56000,2.44000
-0.00036160000,2.60000,2.44000
-0.00036156000,2.56000,2.44000
-0.00036152000,2.56000,2.44000
-0.00036148000,2.56000,2.44000
-0.00036144000,2.56000,2.48000
-0.00036140000,2.56000,2.44000
-0.00036136000,2.56000,2.44000
-0.00036132000,2.60000,2.48000
-0.00036128000,2.60000,2.48000
-0.00036124000,2.56000,2.44000
-0.00036120000,2.56000,2.44000
-0.00036116000,2.56000,2.44000
-0.00036112000,2.56000,2.44000
-0.00036108000,2.56000,2.44000
-0.00036104000,2.56000,2.48000
-0.00036099997,2.56000,2.48000
-0.00036096000,2.56000,2.44000
-0.00036092000,2.56000,2.44000
-0.00036088000,2.56000,2.44000
-0.00036084000,2.60000,2.48000
-0.00036080000,2.64000,2.60000
-0.00036076000,2.52000,2.44000
-0.00036072000,2.52000,2.32000
-0.00036068000,2.56000,2.40000
-0.00036064000,2.60000,2.44000
-0.00036060000,2.56000,2.44000
-0.00036056000,2.56000,2.44000
-0.00036052000,2.56000,2.44000
-0.00036048000,2.64000,2.48000
-0.00036044000,2.60000,2.44000
-0.00036040000,2.60000,2.48000
-0.00036036000,2.56000,2.44000
-0.00036032000,2.56000,2.44000
-0.00036027997,2.56000,2.44000
-0.00036024000,2.56000,2.48000
-0.00036020000,2.56000,2.44000
-0.00036016000,2.56000,2.44000
-0.00036012000,2.56000,2.40000
-0.00036008000,2.64000,2.48000
-0.00036004000,2.64000,2.48000
-0.00036000000,2.56000,2.48000
-0.00035996000,2.56000,2.44000
-0.00035992000,2.60000,2.44000
-0.00035988000,2.60000,2.48000
-0.00035984000,2.56000,2.44000
-0.00035980000,2.56000,2.44000
-0.00035976000,2.56000,2.44000
-0.00035972000,2.56000,2.44000
-0.00035968000,2.60000,2.44000
-0.00035964000,2.60000,2.44000
-0.00035960000,2.60000,2.44000
-0.00035956000,2.60000,2.44000
-0.00035952000,2.56000,2.44000
-0.00035948000,2.56000,2.44000
-0.00035944000,2.56000,2.44000
-0.00035940000,2.60000,2.44000
-0.00035936000,2.60000,2.44000
-0.00035932000,2.56000,2.44000
-0.00035928000,2.60000,2.44000
-0.00035924000,2.60000,2.44000
-0.00035920000,2.60000,2.44000
-0.00035916000,2.60000,2.44000
-0.00035912000,2.56000,2.44000
-0.00035908000,2.56000,2.44000
-0.00035904000,2.60000,2.44000
-0.00035900000,2.56000,2.44000
-0.00035896000,2.56000,2.44000
-0.00035892000,2.56000,2.44000
-0.00035888000,2.56000,2.44000
-0.00035884000,2.56000,2.44000
-0.00035880000,2.56000,2.44000
-0.00035876000,2.60000,2.44000
-0.00035872000,2.56000,2.44000
-0.00035868000,2.56000,2.44000
-0.00035863997,2.56000,2.44000
-0.00035860000,2.60000,2.44000
-0.00035856000,2.56000,2.44000
-0.00035852000,2.56000,2.44000
-0.00035848000,2.56000,2.44000
-0.00035844000,2.60000,2.44000
-0.00035840000,2.56000,2.44000
-0.00035836000,2.56000,2.44000
-0.00035832000,2.56000,2.44000
-0.00035828000,2.60000,2.44000
-0.00035824000,2.56000,2.44000
-0.00035820000,2.60000,2.44000
-0.00035816000,2.56000,2.44000
-0.00035812000,2.60000,2.44000
-0.00035808000,2.56000,2.44000
-0.00035804000,2.56000,2.44000
-0.00035800000,2.56000,2.44000
-0.00035796000,2.60000,2.44000
-0.00035791997,2.60000,2.44000
-0.00035788000,2.68000,2.48000
-0.00035784000,2.64000,2.52000
-0.00035780000,2.52000,2.44000
-0.00035776000,2.48000,2.36000
-0.00035772000,2.56000,2.40000
-0.00035768000,2.60000,2.48000
-0.00035764000,2.56000,2.44000
-0.00035760000,2.56000,2.44000
-0.00035756000,2.56000,2.40000
-0.00035752000,2.60000,2.44000
-0.00035748000,2.60000,2.44000
-0.00035744000,2.60000,2.44000
-0.00035740000,2.56000,2.44000
-0.00035736000,2.56000,2.44000
-0.00035732000,2.56000,2.44000
-0.00035728000,2.56000,2.44000
-0.00035724000,2.56000,2.44000
-0.00035719997,2.56000,2.44000
-0.00035716000,2.60000,2.44000
-0.00035712000,2.60000,2.44000
-0.00035708000,2.60000,2.48000
-0.00035704000,2.56000,2.48000
-0.00035700000,2.56000,2.44000
-0.00035696000,2.56000,2.40000
-0.00035692000,2.56000,2.44000
-0.00035688000,2.64000,2.48000
-0.00035684000,2.52000,2.44000
-0.00035680000,2.60000,2.44000
-0.00035676000,2.56000,2.44000
-0.00035672000,2.56000,2.44000
-0.00035668000,2.60000,2.48000
-0.00035664000,2.60000,2.44000
-0.00035660000,2.56000,2.44000
-0.00035656000,2.56000,2.44000
-0.00035652000,2.56000,2.44000
-0.00035648000,2.56000,2.44000
-0.00035644000,2.60000,2.48000
-0.00035640000,2.56000,2.44000
-0.00035636000,2.56000,2.44000
-0.00035632000,2.60000,2.44000
-0.00035628000,2.56000,2.44000
-0.00035624000,2.60000,2.48000
-0.00035620000,2.56000,2.44000
-0.00035616000,2.60000,2.48000
-0.00035612000,2.56000,2.44000
-0.00035608000,2.60000,2.44000
-0.00035604000,2.56000,2.44000
-0.00035600000,2.56000,2.44000
-0.00035596000,2.56000,2.44000
-0.00035592000,2.52000,2.32000
-0.00035588000,2.72000,2.68000
-0.00035584000,2.60000,2.36000
-0.00035580000,2.44000,2.32000
-0.00035576000,2.72000,2.52000
-0.00035572000,2.52000,2.40000
-0.00035568000,2.44000,2.32000
-0.00035564000,2.76000,2.72000
-0.00035560000,2.44000,2.24000
-0.00035555997,2.64000,2.60000
-0.00035552000,2.68000,2.44000
-0.00035548000,2.48000,2.36000
-0.00035544000,2.52000,2.44000
-0.00035540000,2.68000,2.52000
-0.00035536000,2.52000,2.36000
-0.00035532000,2.64000,2.52000
-0.00035528000,2.60000,2.48000
-0.00035524000,2.56000,2.44000
-0.00035520000,2.56000,2.44000
-0.00035516000,2.56000,2.44000
-0.00035512000,2.56000,2.44000
-0.00035508000,2.60000,2.44000
-0.00035504000,2.60000,2.48000
-0.00035500000,2.52000,2.40000
-0.00035496000,2.52000,2.44000
-0.00035492000,2.56000,2.44000
-0.00035488000,2.60000,2.44000
-0.00035483997,2.56000,2.48000
-0.00035480000,2.68000,2.64000
-0.00035476000,2.48000,2.40000
-0.00035472000,2.52000,2.32000
-0.00035468000,2.56000,2.36000
-0.00035464000,2.56000,2.40000
-0.00035460000,2.56000,2.44000
-0.00035456000,2.60000,2.48000
-0.00035452000,2.56000,2.44000
-0.00035448000,2.56000,2.44000
-0.00035444000,2.64000,2.48000
-0.00035440000,2.56000,2.44000
-0.00035436000,2.56000,2.44000
-0.00035432000,2.56000,2.44000
-0.00035428000,2.56000,2.40000
-0.00035424000,2.60000,2.44000
-0.00035420000,2.64000,2.48000
-0.00035416000,2.56000,2.44000
-0.00035411997,2.56000,2.44000
-0.00035408000,2.56000,2.44000
-0.00035404000,2.56000,2.44000
-0.00035400000,2.64000,2.48000
-0.00035396000,2.64000,2.48000
-0.00035392000,2.60000,2.48000
-0.00035388000,2.52000,2.44000
-0.00035384000,2.56000,2.44000
-0.00035380000,2.56000,2.44000
-0.00035376000,2.64000,2.48000
-0.00035372000,2.56000,2.44000
-0.00035368000,2.56000,2.44000
-0.00035364000,2.56000,2.44000
-0.00035360000,2.56000,2.44000
-0.00035356000,2.56000,2.44000
-0.00035352000,2.56000,2.44000
-0.00035348000,2.56000,2.44000
-0.00035344000,2.60000,2.44000
-0.00035339997,2.56000,2.44000
-0.00035336000,2.60000,2.44000
-0.00035332000,2.56000,2.44000
-0.00035328000,2.56000,2.44000
-0.00035324000,2.56000,2.44000
-0.00035320000,2.56000,2.44000
-0.00035316000,2.60000,2.44000
-0.00035312000,2.60000,2.44000
-0.00035308000,2.56000,2.44000
-0.00035304000,2.56000,2.44000
-0.00035300000,2.60000,2.48000
-0.00035296000,2.56000,2.44000
-0.00035292000,2.56000,2.44000
-0.00035288000,2.60000,2.44000
-0.00035284000,2.56000,2.44000
-0.00035280000,2.56000,2.44000
-0.00035276000,2.60000,2.44000
-0.00035272000,2.60000,2.44000
-0.00035268000,2.56000,2.44000
-0.00035264000,2.64000,2.44000
-0.00035260000,2.56000,2.44000
-0.00035256000,2.60000,2.44000
-0.00035252000,2.60000,2.48000
-0.00035248000,2.56000,2.44000
-0.00035244000,2.60000,2.44000
-0.00035240000,2.60000,2.44000
-0.00035236000,2.56000,2.44000
-0.00035232000,2.56000,2.44000
-0.00035228000,2.60000,2.44000
-0.00035224000,2.60000,2.44000
-0.00035220000,2.60000,2.44000
-0.00035216000,2.56000,2.44000
-0.00035212000,2.60000,2.44000
-0.00035208000,2.60000,2.44000
-0.00035204000,2.60000,2.44000
-0.00035200000,2.60000,2.44000
-0.00035196000,2.56000,2.44000
-0.00035192000,2.56000,2.48000
-0.00035188000,2.56000,2.44000
-0.00035184000,2.56000,2.44000
-0.00035180000,2.60000,2.44000
-0.00035175997,2.60000,2.44000
-0.00035172000,2.64000,2.56000
-0.00035168000,2.52000,2.44000
-0.00035164000,2.48000,2.32000
-0.00035160000,2.56000,2.36000
-0.00035156000,2.60000,2.44000
-0.00035152000,2.56000,2.48000
-0.00035148000,2.56000,2.44000
-0.00035144000,2.56000,2.44000
-0.00035140000,2.60000,2.44000
-0.00035136000,2.60000,2.48000
-0.00035132000,2.60000,2.48000
-0.00035128000,2.56000,2.44000
-0.00035124000,2.56000,2.44000
-0.00035120000,2.56000,2.44000
-0.00035116000,2.60000,2.44000
-0.00035112000,2.56000,2.44000
-0.00035108000,2.60000,2.48000
-0.00035103997,2.56000,2.44000
-0.00035100000,2.56000,2.44000
-0.00035096000,2.56000,2.44000
-0.00035092000,2.52000,2.40000
-0.00035088000,2.60000,2.44000
-0.00035084000,2.60000,2.44000
-0.00035080000,2.60000,2.48000
-0.00035076000,2.60000,2.44000
-0.00035072000,2.56000,2.44000
-0.00035068000,2.60000,2.44000
-0.00035064000,2.60000,2.44000
-0.00035060000,2.56000,2.44000
-0.00035056000,2.56000,2.44000
-0.00035052000,2.56000,2.44000
-0.00035048000,2.60000,2.44000
-0.00035044000,2.56000,2.44000
-0.00035040000,2.60000,2.44000
-0.00035036000,2.56000,2.44000
-0.00035031997,2.56000,2.44000
-0.00035028000,2.56000,2.44000
-0.00035024000,2.60000,2.44000
-0.00035020000,2.56000,2.44000
-0.00035016000,2.60000,2.44000
-0.00035012000,2.56000,2.44000
-0.00035008000,2.56000,2.44000
-0.00035004000,2.60000,2.44000
-0.00035000000,2.56000,2.44000
-0.00034996000,2.60000,2.44000
-0.00034992000,2.60000,2.44000
-0.00034988000,2.56000,2.44000
-0.00034984000,2.56000,2.44000
-0.00034980000,2.56000,2.44000
-0.00034976000,2.60000,2.44000
-0.00034972000,2.60000,2.44000
-0.00034968000,2.56000,2.44000
-0.00034964000,2.56000,2.44000
-0.00034960000,2.56000,2.44000
-0.00034956000,2.60000,2.44000
-0.00034952000,2.56000,2.44000
-0.00034948000,2.60000,2.44000
-0.00034944000,2.56000,2.44000
-0.00034940000,2.56000,2.44000
-0.00034936000,2.56000,2.44000
-0.00034932000,2.56000,2.44000
-0.00034928000,2.56000,2.44000
-0.00034924000,2.56000,2.44000
-0.00034920000,2.60000,2.44000
-0.00034916000,2.60000,2.44000
-0.00034912000,2.56000,2.44000
-0.00034908000,2.60000,2.44000
-0.00034904000,2.56000,2.44000
-0.00034900000,2.56000,2.44000
-0.00034896000,2.56000,2.44000
-0.00034892000,2.56000,2.44000
-0.00034888000,2.56000,2.44000
-0.00034884000,2.56000,2.44000
-0.00034880000,2.56000,2.44000
-0.00034876000,2.56000,2.44000
-0.00034872000,2.60000,2.44000
-0.00034868000,2.60000,2.44000
-0.00034864000,2.68000,2.48000
-0.00034860000,2.64000,2.52000
-0.00034856000,2.52000,2.44000
-0.00034852000,2.48000,2.36000
-0.00034848000,2.56000,2.44000
-0.00034844000,2.56000,2.44000
-0.00034840000,2.60000,2.44000
-0.00034836000,2.56000,2.44000
-0.00034832000,2.56000,2.44000
-0.00034828000,2.60000,2.44000
-0.00034824000,2.64000,2.48000
-0.00034820000,2.60000,2.44000
-0.00034816000,2.56000,2.44000
-0.00034812000,2.64000,2.48000
-0.00034808000,2.52000,2.40000
-0.00034804000,2.64000,2.44000
-0.00034800000,2.56000,2.44000
-0.00034795997,2.60000,2.44000
-0.00034792000,2.56000,2.44000
-0.00034788000,2.68000,2.52000
-0.00034784000,2.60000,2.44000
-0.00034780000,2.52000,2.44000
-0.00034776000,2.56000,2.40000
-0.00034772000,2.56000,2.44000
-0.00034768000,2.60000,2.44000
-0.00034764000,2.56000,2.44000
-0.00034760000,2.60000,2.44000
-0.00034756000,2.56000,2.44000
-0.00034752000,2.60000,2.44000
-0.00034748000,2.56000,2.44000
-0.00034744000,2.60000,2.48000
-0.00034740000,2.56000,2.44000
-0.00034736000,2.60000,2.44000
-0.00034732000,2.56000,2.44000
-0.00034728000,2.60000,2.44000
-0.00034723997,2.60000,2.44000
-0.00034720000,2.56000,2.44000
-0.00034716000,2.60000,2.48000
-0.00034712000,2.56000,2.44000
-0.00034708000,2.56000,2.44000
-0.00034704000,2.56000,2.48000
-0.00034700000,2.60000,2.48000
-0.00034696000,2.60000,2.44000
-0.00034692000,2.56000,2.44000
-0.00034688000,2.56000,2.44000
-0.00034684000,2.60000,2.44000
-0.00034680000,2.60000,2.44000
-0.00034676000,2.56000,2.44000
-0.00034672000,2.56000,2.36000
-0.00034668000,2.60000,2.56000
-0.00034664000,2.72000,2.48000
-0.00034660000,2.40000,2.32000
-0.00034656000,2.72000,2.56000
-0.00034651997,2.52000,2.44000
-0.00034648000,2.48000,2.32000
-0.00034644000,2.72000,2.68000
-0.00034640000,2.56000,2.32000
-0.00034636000,2.56000,2.48000
-0.00034632000,2.68000,2.48000
-0.00034628000,2.52000,2.40000
-0.00034624000,2.52000,2.36000
-0.00034620000,2.64000,2.52000
-0.00034616000,2.52000,2.36000
-0.00034612000,2.64000,2.48000
-0.00034608000,2.60000,2.44000
-0.00034604000,2.56000,2.40000
-0.00034600000,2.56000,2.44000
-0.00034596000,2.60000,2.48000
-0.00034592000,2.56000,2.40000
-0.00034588000,2.60000,2.44000
-0.00034584000,2.60000,2.48000
-0.00034580000,2.56000,2.44000
-0.00034576000,2.56000,2.44000
-0.00034572000,2.60000,2.44000
-0.00034568000,2.56000,2.40000
-0.00034564000,2.56000,2.44000
-0.00034560000,2.56000,2.40000
-0.00034556000,2.56000,2.36000
-0.00034552000,2.68000,2.52000
-0.00034548000,2.64000,2.60000
-0.00034544000,2.52000,2.44000
-0.00034540000,2.52000,2.44000
-0.00034536000,2.64000,2.44000
-0.00034532000,2.60000,2.48000
-0.00034528000,2.60000,2.48000
-0.00034524000,2.56000,2.44000
-0.00034520000,2.52000,2.40000
-0.00034516000,2.60000,2.44000
-0.00034512000,2.60000,2.48000
-0.00034508000,2.56000,2.44000
-0.00034504000,2.56000,2.44000
-0.00034500000,2.56000,2.44000
-0.00034496000,2.56000,2.44000
-0.00034492000,2.60000,2.44000
-0.00034487997,2.60000,2.44000
-0.00034484000,2.60000,2.44000
-0.00034480000,2.64000,2.48000
-0.00034476000,2.56000,2.48000
-0.00034472000,2.56000,2.44000
-0.00034468000,2.56000,2.36000
-0.00034464000,2.56000,2.44000
-0.00034460000,2.56000,2.44000
-0.00034456000,2.60000,2.48000
-0.00034452000,2.56000,2.44000
-0.00034448000,2.56000,2.44000
-0.00034444000,2.60000,2.44000
-0.00034440000,2.60000,2.48000
-0.00034436000,2.56000,2.48000
-0.00034432000,2.56000,2.44000
-0.00034428000,2.56000,2.44000
-0.00034424000,2.60000,2.44000
-0.00034420000,2.60000,2.44000
-0.00034415997,2.60000,2.44000
-0.00034412000,2.56000,2.44000
-0.00034408000,2.56000,2.44000
-0.00034404000,2.56000,2.44000
-0.00034400000,2.56000,2.44000
-0.00034396000,2.60000,2.44000
-0.00034392000,2.56000,2.44000
-0.00034388000,2.56000,2.48000
-0.00034384000,2.60000,2.48000
-0.00034380000,2.52000,2.40000
-0.00034376000,2.68000,2.52000
-0.00034372000,2.52000,2.36000
-0.00034368000,2.60000,2.48000
-0.00034364000,2.60000,2.48000
-0.00034360000,2.56000,2.44000
-0.00034356000,2.60000,2.44000
-0.00034352000,2.60000,2.44000
-0.00034348000,2.56000,2.44000
-0.00034343997,2.60000,2.48000
-0.00034340000,2.56000,2.44000
-0.00034336000,2.60000,2.44000
-0.00034332000,2.56000,2.44000
-0.00034328000,2.56000,2.44000
-0.00034324000,2.56000,2.44000
-0.00034320000,2.56000,2.44000
-0.00034316000,2.56000,2.48000
-0.00034312000,2.56000,2.44000
-0.00034308000,2.60000,2.44000
-0.00034304000,2.56000,2.44000
-0.00034300000,2.56000,2.44000
-0.00034296000,2.56000,2.44000
-0.00034292000,2.60000,2.44000
-0.00034288000,2.56000,2.44000
-0.00034284000,2.56000,2.44000
-0.00034280000,2.56000,2.44000
-0.00034276000,2.56000,2.44000
-0.00034272000,2.56000,2.44000
-0.00034268000,2.56000,2.44000
-0.00034264000,2.60000,2.44000
-0.00034260000,2.60000,2.48000
-0.00034256000,2.56000,2.44000
-0.00034252000,2.52000,2.44000
-0.00034248000,2.48000,2.32000
-0.00034244000,2.56000,2.40000
-0.00034240000,2.68000,2.48000
-0.00034236000,2.68000,2.52000
-0.00034232000,2.56000,2.44000
-0.00034228000,2.56000,2.44000
-0.00034224000,2.60000,2.44000
-0.00034220000,2.64000,2.48000
-0.00034216000,2.56000,2.44000
-0.00034212000,2.56000,2.44000
-0.00034208000,2.56000,2.44000
-0.00034204000,2.56000,2.44000
-0.00034200000,2.60000,2.44000
-0.00034196000,2.56000,2.44000
-0.00034192000,2.56000,2.44000
-0.00034188000,2.56000,2.44000
-0.00034184000,2.56000,2.44000
-0.00034180000,2.56000,2.44000
-0.00034176000,2.60000,2.44000
-0.00034172000,2.60000,2.44000
-0.00034168000,2.64000,2.48000
-0.00034164000,2.60000,2.48000
-0.00034160000,2.52000,2.44000
-0.00034156000,2.56000,2.44000
-0.00034152000,2.60000,2.44000
-0.00034148000,2.64000,2.44000
-0.00034144000,2.56000,2.44000
-0.00034140000,2.60000,2.44000
-0.00034136000,2.56000,2.44000
-0.00034132000,2.60000,2.44000
-0.00034128000,2.60000,2.44000
-0.00034124000,2.60000,2.48000
-0.00034120000,2.56000,2.44000
-0.00034116000,2.56000,2.44000
-0.00034112000,2.56000,2.44000
-0.00034107997,2.60000,2.44000
-0.00034104000,2.56000,2.44000
-0.00034100000,2.60000,2.44000
-0.00034096000,2.56000,2.44000
-0.00034092000,2.60000,2.48000
-0.00034088000,2.56000,2.44000
-0.00034084000,2.60000,2.44000
-0.00034080000,2.56000,2.44000
-0.00034076000,2.56000,2.44000
-0.00034072000,2.64000,2.44000
-0.00034068000,2.60000,2.44000
-0.00034064000,2.60000,2.44000
-0.00034060000,2.56000,2.44000
-0.00034056000,2.56000,2.44000
-0.00034052000,2.60000,2.44000
-0.00034048000,2.60000,2.44000
-0.00034044000,2.60000,2.44000
-0.00034040000,2.56000,2.44000
-0.00034035997,2.56000,2.44000
-0.00034032000,2.56000,2.44000
-0.00034028000,2.56000,2.44000
-0.00034024000,2.56000,2.48000
-0.00034020000,2.56000,2.44000
-0.00034016000,2.56000,2.44000
-0.00034012000,2.56000,2.44000
-0.00034008000,2.60000,2.44000
-0.00034004000,2.56000,2.44000
-0.00034000000,2.56000,2.44000
-0.00033996000,2.60000,2.44000
-0.00033992000,2.56000,2.44000
-0.00033988000,2.60000,2.44000
-0.00033984000,2.60000,2.44000
-0.00033980000,2.60000,2.44000
-0.00033976000,2.56000,2.44000
-0.00033972000,2.56000,2.44000
-0.00033968000,2.56000,2.44000
-0.00033963997,2.60000,2.44000
-0.00033960000,2.56000,2.44000
-0.00033956000,2.56000,2.44000
-0.00033952000,2.56000,2.44000
-0.00033948000,2.56000,2.48000
-0.00033944000,2.56000,2.52000
-0.00033940000,2.48000,2.40000
-0.00033936000,2.52000,2.32000
-0.00033932000,2.60000,2.40000
-0.00033928000,2.60000,2.44000
-0.00033924000,2.60000,2.48000
-0.00033920000,2.56000,2.44000
-0.00033916000,2.60000,2.44000
-0.00033912000,2.64000,2.48000
-0.00033908000,2.60000,2.48000
-0.00033904000,2.56000,2.44000
-0.00033900000,2.56000,2.44000
-0.00033896000,2.56000,2.44000
-0.00033892000,2.56000,2.48000
-0.00033888000,2.60000,2.44000
-0.00033884000,2.56000,2.44000
-0.00033880000,2.56000,2.44000
-0.00033876000,2.60000,2.44000
-0.00033872000,2.56000,2.48000
-0.00033868000,2.56000,2.44000
-0.00033864000,2.52000,2.36000
-0.00033860000,2.56000,2.44000
-0.00033856000,2.64000,2.48000
-0.00033852000,2.64000,2.48000
-0.00033848000,2.60000,2.48000
-0.00033844000,2.56000,2.44000
-0.00033840000,2.56000,2.44000
-0.00033836000,2.64000,2.48000
-0.00033832000,2.56000,2.44000
-0.00033828000,2.56000,2.44000
-0.00033824000,2.56000,2.44000
-0.00033820000,2.56000,2.44000
-0.00033816000,2.56000,2.44000
-0.00033812000,2.60000,2.48000
-0.00033808000,2.56000,2.44000
-0.00033804000,2.56000,2.44000
-0.00033799997,2.64000,2.48000
-0.00033796000,2.56000,2.44000
-0.00033792000,2.60000,2.48000
-0.00033788000,2.56000,2.44000
-0.00033784000,2.56000,2.44000
-0.00033780000,2.56000,2.44000
-0.00033776000,2.60000,2.44000
-0.00033772000,2.56000,2.44000
-0.00033768000,2.60000,2.48000
-0.00033764000,2.56000,2.44000
-0.00033760000,2.56000,2.44000
-0.00033756000,2.56000,2.48000
-0.00033752000,2.56000,2.40000
-0.00033748000,2.56000,2.48000
-0.00033744000,2.80000,2.64000
-0.00033740000,2.32000,2.24000
-0.00033736000,2.72000,2.64000
-0.00033732000,2.48000,2.36000
-0.00033727997,2.48000,2.32000
-0.00033724000,2.68000,2.60000
-0.00033720000,2.64000,2.44000
-0.00033716000,2.40000,2.40000
-0.00033712000,2.72000,2.60000
-0.00033708000,2.44000,2.32000
-0.00033704000,2.52000,2.36000
-0.00033700000,2.68000,2.52000
-0.00033696000,2.56000,2.40000
-0.00033692000,2.60000,2.48000
-0.00033688000,2.64000,2.48000
-0.00033684000,2.56000,2.44000
-0.00033680000,2.52000,2.40000
-0.00033676000,2.60000,2.48000
-0.00033672000,2.56000,2.44000
-0.00033668000,2.56000,2.44000
-0.00033664000,2.60000,2.48000
-0.00033660000,2.56000,2.40000
-0.00033655997,2.56000,2.48000
-0.00033652000,2.52000,2.40000
-0.00033648000,2.60000,2.44000
-0.00033644000,2.60000,2.44000
-0.00033640000,2.68000,2.48000
-0.00033636000,2.64000,2.44000
-0.00033632000,2.64000,2.48000
-0.00033628000,2.52000,2.48000
-0.00033624000,2.52000,2.40000
-0.00033620000,2.56000,2.44000
-0.00033616000,2.64000,2.48000
-0.00033612000,2.60000,2.48000
-0.00033608000,2.56000,2.44000
-0.00033604000,2.56000,2.44000
-0.00033600000,2.56000,2.40000
-0.00033596000,2.60000,2.44000
-0.00033592000,2.56000,2.44000
-0.00033588000,2.56000,2.44000
-0.00033584000,2.60000,2.48000
-0.00033580000,2.56000,2.44000
-0.00033576000,2.56000,2.44000
-0.00033572000,2.56000,2.44000
-0.00033568000,2.60000,2.44000
-0.00033564000,2.56000,2.44000
-0.00033560000,2.56000,2.44000
-0.00033556000,2.60000,2.44000
-0.00033552000,2.52000,2.44000
-0.00033548000,2.56000,2.40000
-0.00033544000,2.60000,2.44000
-0.00033540000,2.56000,2.44000
-0.00033536000,2.60000,2.44000
-0.00033532000,2.56000,2.44000
-0.00033528000,2.60000,2.44000
-0.00033524000,2.56000,2.44000
-0.00033520000,2.60000,2.48000
-0.00033516000,2.56000,2.44000
-0.00033512000,2.56000,2.44000
-0.00033508000,2.56000,2.44000
-0.00033504000,2.56000,2.48000
-0.00033500000,2.60000,2.44000
-0.00033496000,2.56000,2.44000
-0.00033492000,2.56000,2.44000
-0.00033488000,2.56000,2.44000
-0.00033484000,2.56000,2.44000
-0.00033480000,2.56000,2.44000
-0.00033476000,2.60000,2.44000
-0.00033472000,2.56000,2.44000
-0.00033468000,2.60000,2.48000
-0.00033464000,2.56000,2.44000
-0.00033460000,2.60000,2.44000
-0.00033456000,2.56000,2.44000
-0.00033452000,2.56000,2.44000
-0.00033448000,2.56000,2.44000
-0.00033444000,2.56000,2.44000
-0.00033440000,2.60000,2.44000
-0.00033436000,2.56000,2.44000
-0.00033432000,2.56000,2.44000
-0.00033428000,2.56000,2.44000
-0.00033424000,2.56000,2.44000
-0.00033419997,2.56000,2.44000
-0.00033416000,2.60000,2.44000
-0.00033412000,2.56000,2.44000
-0.00033408000,2.60000,2.44000
-0.00033404000,2.60000,2.44000
-0.00033400000,2.56000,2.44000
-0.00033396000,2.56000,2.44000
-0.00033392000,2.56000,2.44000
-0.00033388000,2.64000,2.44000
-0.00033384000,2.56000,2.44000
-0.00033380000,2.64000,2.48000
-0.00033376000,2.52000,2.44000
-0.00033372000,2.60000,2.44000
-0.00033368000,2.56000,2.40000
-0.00033364000,2.60000,2.48000
-0.00033360000,2.60000,2.48000
-0.00033356000,2.56000,2.44000
-0.00033352000,2.56000,2.44000
-0.00033347997,2.56000,2.44000
-0.00033344000,2.60000,2.48000
-0.00033340000,2.56000,2.44000
-0.00033336000,2.60000,2.48000
-0.00033332000,2.56000,2.44000
-0.00033328000,2.68000,2.52000
-0.00033324000,2.60000,2.48000
-0.00033320000,2.52000,2.44000
-0.00033316000,2.48000,2.32000
-0.00033312000,2.56000,2.40000
-0.00033308000,2.60000,2.44000
-0.00033304000,2.56000,2.44000
-0.00033300000,2.56000,2.44000
-0.00033296000,2.56000,2.40000
-0.00033292000,2.60000,2.44000
-0.00033288000,2.64000,2.48000
-0.00033284000,2.56000,2.44000
-0.00033280000,2.56000,2.44000
-0.00033275997,2.56000,2.44000
-0.00033272000,2.56000,2.44000
-0.00033268000,2.60000,2.44000
-0.00033264000,2.60000,2.44000
-0.00033260000,2.56000,2.44000
-0.00033256000,2.60000,2.44000
-0.00033252000,2.60000,2.44000
-0.00033248000,2.56000,2.48000
-0.00033244000,2.56000,2.44000
-0.00033240000,2.52000,2.36000
-0.00033236000,2.56000,2.44000
-0.00033232000,2.60000,2.44000
-0.00033228000,2.56000,2.44000
-0.00033224000,2.56000,2.44000
-0.00033220000,2.56000,2.44000
-0.00033216000,2.56000,2.44000
-0.00033212000,2.60000,2.44000
-0.00033208000,2.56000,2.44000
-0.00033204000,2.56000,2.44000
-0.00033200000,2.60000,2.44000
-0.00033196000,2.56000,2.44000
-0.00033192000,2.60000,2.48000
-0.00033188000,2.56000,2.44000
-0.00033184000,2.56000,2.48000
-0.00033180000,2.56000,2.44000
-0.00033176000,2.56000,2.44000
-0.00033172000,2.56000,2.44000
-0.00033168000,2.60000,2.44000
-0.00033164000,2.56000,2.44000
-0.00033160000,2.60000,2.48000
-0.00033156000,2.56000,2.44000
-0.00033152000,2.56000,2.44000
-0.00033148000,2.56000,2.48000
-0.00033144000,2.56000,2.44000
-0.00033140000,2.56000,2.44000
-0.00033136000,2.56000,2.44000
-0.00033132000,2.56000,2.44000
-0.00033128000,2.56000,2.44000
-0.00033124000,2.56000,2.44000
-0.00033120000,2.56000,2.44000
-0.00033116000,2.56000,2.44000
-0.00033111997,2.56000,2.44000
-0.00033108000,2.56000,2.48000
-0.00033104000,2.56000,2.44000
-0.00033100000,2.60000,2.44000
-0.00033096000,2.56000,2.44000
-0.00033092000,2.56000,2.44000
-0.00033088000,2.60000,2.44000
-0.00033084000,2.56000,2.44000
-0.00033080000,2.56000,2.44000
-0.00033076000,2.56000,2.44000
-0.00033072000,2.56000,2.44000
-0.00033068000,2.60000,2.44000
-0.00033064000,2.56000,2.44000
-0.00033060000,2.56000,2.44000
-0.00033056000,2.56000,2.48000
-0.00033052000,2.52000,2.44000
-0.00033048000,2.60000,2.44000
-0.00033044000,2.60000,2.48000
-0.00033039997,2.56000,2.44000
-0.00033036000,2.56000,2.44000
-0.00033032000,2.56000,2.44000
-0.00033028000,2.60000,2.44000
-0.00033024000,2.52000,2.40000
-0.00033020000,2.52000,2.36000
-0.00033016000,2.64000,2.44000
-0.00033012000,2.68000,2.52000
-0.00033008000,2.64000,2.52000
-0.00033004000,2.56000,2.44000
-0.00033000000,2.60000,2.44000
-0.00032996000,2.60000,2.44000
-0.00032992000,2.56000,2.44000
-0.00032988000,2.60000,2.48000
-0.00032984000,2.52000,2.44000
-0.00032980000,2.56000,2.40000
-0.00032976000,2.60000,2.44000
-0.00032972000,2.60000,2.48000
-0.00032967997,2.56000,2.44000
-0.00032964000,2.60000,2.48000
-0.00032960000,2.56000,2.44000
-0.00032956000,2.56000,2.44000
-0.00032952000,2.60000,2.44000
-0.00032948000,2.60000,2.44000
-0.00032944000,2.60000,2.44000
-0.00032940000,2.64000,2.48000
-0.00032936000,2.60000,2.48000
-0.00032932000,2.52000,2.44000
-0.00032928000,2.56000,2.44000
-0.00032924000,2.56000,2.44000
-0.00032920000,2.60000,2.48000
-0.00032916000,2.52000,2.44000
-0.00032912000,2.64000,2.44000
-0.00032908000,2.52000,2.40000
-0.00032904000,2.64000,2.48000
-0.00032900000,2.60000,2.44000
-0.00032896000,2.56000,2.44000
-0.00032892000,2.60000,2.48000
-0.00032888000,2.56000,2.44000
-0.00032884000,2.56000,2.44000
-0.00032880000,2.60000,2.48000
-0.00032876000,2.56000,2.44000
-0.00032872000,2.56000,2.44000
-0.00032868000,2.60000,2.48000
-0.00032864000,2.56000,2.44000
-0.00032860000,2.56000,2.48000
-0.00032856000,2.56000,2.44000
-0.00032852000,2.56000,2.44000
-0.00032848000,2.56000,2.44000
-0.00032844000,2.56000,2.44000
-0.00032840000,2.60000,2.44000
-0.00032836000,2.56000,2.44000
-0.00032832000,2.56000,2.44000
-0.00032828000,2.44000,2.32000
-0.00032824000,2.88000,2.76000
-0.00032820000,2.24000,2.16000
-0.00032816000,2.72000,2.64000
-0.00032812000,2.48000,2.32000
-0.00032808000,2.52000,2.36000
-0.00032804000,2.52000,2.44000
-0.00032800000,2.80000,2.64000
-0.00032796000,2.32000,2.20000
-0.00032792000,2.76000,2.64000
-0.00032788000,2.44000,2.32000
-0.00032784000,2.52000,2.40000
-0.00032780000,2.60000,2.48000
-0.00032776000,2.60000,2.44000
-0.00032772000,2.52000,2.44000
-0.00032768000,2.64000,2.48000
-0.00032764000,2.56000,2.44000
-0.00032760000,2.56000,2.40000
-0.00032756000,2.60000,2.48000
-0.00032752000,2.60000,2.44000
-0.00032748000,2.56000,2.44000
-0.00032744000,2.56000,2.48000
-0.00032740000,2.60000,2.48000
-0.00032736000,2.52000,2.40000
-0.00032731997,2.60000,2.48000
-0.00032728000,2.56000,2.44000
-0.00032724000,2.56000,2.44000
-0.00032720000,2.60000,2.48000
-0.00032716000,2.56000,2.48000
-0.00032712000,2.44000,2.32000
-0.00032708000,2.60000,2.40000
-0.00032704000,2.68000,2.48000
-0.00032700000,2.56000,2.44000
-0.00032696000,2.64000,2.48000
-0.00032692000,2.56000,2.40000
-0.00032688000,2.60000,2.44000
-0.00032684000,2.56000,2.44000
-0.00032680000,2.56000,2.44000
-0.00032676000,2.56000,2.44000
-0.00032672000,2.56000,2.44000
-0.00032668000,2.56000,2.44000
-0.00032664000,2.60000,2.44000
-0.00032659997,2.60000,2.44000
-0.00032656000,2.56000,2.44000
-0.00032652000,2.56000,2.44000
-0.00032648000,2.56000,2.44000
-0.00032644000,2.60000,2.44000
-0.00032640000,2.56000,2.44000
-0.00032636000,2.56000,2.40000
-0.00032632000,2.64000,2.44000
-0.00032628000,2.64000,2.48000
-0.00032624000,2.56000,2.48000
-0.00032620000,2.56000,2.44000
-0.00032616000,2.56000,2.48000
-0.00032612000,2.60000,2.44000
-0.00032608000,2.60000,2.48000
-0.00032604000,2.56000,2.44000
-0.00032600000,2.56000,2.44000
-0.00032596000,2.56000,2.40000
-0.00032592000,2.60000,2.44000
-0.00032587997,2.60000,2.44000
-0.00032584000,2.56000,2.44000
-0.00032580000,2.60000,2.48000
-0.00032576000,2.56000,2.44000
-0.00032572000,2.60000,2.44000
-0.00032568000,2.60000,2.44000
-0.00032564000,2.56000,2.48000
-0.00032560000,2.56000,2.44000
-0.00032556000,2.60000,2.44000
-0.00032552000,2.56000,2.44000
-0.00032548000,2.60000,2.48000
-0.00032544000,2.60000,2.44000
-0.00032540000,2.56000,2.44000
-0.00032536000,2.60000,2.48000
-0.00032532000,2.60000,2.44000
-0.00032528000,2.56000,2.44000
-0.00032524000,2.60000,2.48000
-0.00032520000,2.56000,2.44000
-0.00032516000,2.56000,2.44000
-0.00032512000,2.60000,2.44000
-0.00032508000,2.56000,2.44000
-0.00032504000,2.56000,2.44000
-0.00032500000,2.56000,2.48000
-0.00032496000,2.56000,2.44000
-0.00032492000,2.56000,2.48000
-0.00032488000,2.56000,2.44000
-0.00032484000,2.56000,2.44000
-0.00032480000,2.60000,2.44000
-0.00032476000,2.60000,2.48000
-0.00032472000,2.56000,2.44000
-0.00032468000,2.56000,2.44000
-0.00032464000,2.60000,2.44000
-0.00032460000,2.56000,2.44000
-0.00032456000,2.60000,2.48000
-0.00032452000,2.56000,2.44000
-0.00032448000,2.60000,2.44000
-0.00032444000,2.60000,2.48000
-0.00032440000,2.56000,2.44000
-0.00032436000,2.56000,2.44000
-0.00032432000,2.56000,2.44000
-0.00032428000,2.60000,2.44000
-0.00032424000,2.60000,2.44000
-0.00032420000,2.56000,2.44000
-0.00032416000,2.60000,2.48000
-0.00032412000,2.56000,2.44000
-0.00032408000,2.68000,2.56000
-0.00032404000,2.52000,2.44000
-0.00032400000,2.48000,2.32000
-0.00032396000,2.52000,2.36000
-0.00032392000,2.60000,2.44000
-0.00032388000,2.56000,2.44000
-0.00032384000,2.56000,2.44000
-0.00032380000,2.56000,2.44000
-0.00032376000,2.60000,2.44000
-0.00032372000,2.60000,2.48000
-0.00032368000,2.60000,2.44000
-0.00032364000,2.56000,2.44000
-0.00032360000,2.56000,2.44000
-0.00032356000,2.60000,2.44000
-0.00032351997,2.56000,2.44000
-0.00032348000,2.60000,2.44000
-0.00032344000,2.60000,2.44000
-0.00032340000,2.56000,2.44000
-0.00032336000,2.56000,2.44000
-0.00032332000,2.56000,2.44000
-0.00032328000,2.52000,2.40000
-0.00032324000,2.56000,2.40000
-0.00032320000,2.64000,2.48000
-0.00032316000,2.60000,2.48000
-0.00032312000,2.60000,2.48000
-0.00032308000,2.56000,2.44000
-0.00032304000,2.56000,2.44000
-0.00032300000,2.60000,2.44000
-0.00032296000,2.56000,2.48000
-0.00032292000,2.56000,2.44000
-0.00032288000,2.56000,2.44000
-0.00032284000,2.56000,2.44000
-0.00032279997,2.56000,2.44000
-0.00032276000,2.56000,2.44000
-0.00032272000,2.60000,2.44000
-0.00032268000,2.56000,2.44000
-0.00032264000,2.60000,2.48000
-0.00032260000,2.56000,2.44000
-0.00032256000,2.56000,2.44000
-0.00032252000,2.64000,2.48000
-0.00032248000,2.52000,2.40000
-0.00032244000,2.64000,2.48000
-0.00032240000,2.56000,2.44000
-0.00032236000,2.56000,2.44000
-0.00032232000,2.60000,2.44000
-0.00032228000,2.60000,2.44000
-0.00032224000,2.56000,2.44000
-0.00032220000,2.60000,2.48000
-0.00032216000,2.60000,2.44000
-0.00032212000,2.56000,2.40000
-0.00032208000,2.56000,2.44000
-0.00032204000,2.60000,2.44000
-0.00032200000,2.60000,2.48000
-0.00032196000,2.60000,2.44000
-0.00032192000,2.60000,2.44000
-0.00032188000,2.56000,2.44000
-0.00032184000,2.56000,2.48000
-0.00032180000,2.60000,2.48000
-0.00032176000,2.56000,2.40000
-0.00032172000,2.56000,2.48000
-0.00032168000,2.56000,2.44000
-0.00032164000,2.56000,2.44000
-0.00032160000,2.60000,2.44000
-0.00032156000,2.60000,2.44000
-0.00032152000,2.56000,2.44000
-0.00032148000,2.64000,2.48000
-0.00032144000,2.56000,2.44000
-0.00032140000,2.56000,2.44000
-0.00032136000,2.60000,2.44000
-0.00032132000,2.56000,2.44000
-0.00032128000,2.56000,2.44000
-0.00032124000,2.60000,2.44000
-0.00032120000,2.56000,2.44000
-0.00032116000,2.56000,2.44000
-0.00032112000,2.60000,2.44000
-0.00032108000,2.52000,2.44000
-0.00032104000,2.60000,2.48000
-0.00032100000,2.56000,2.52000
-0.00032096000,2.48000,2.40000
-0.00032092000,2.52000,2.32000
-0.00032088000,2.60000,2.40000
-0.00032084000,2.64000,2.44000
-0.00032080000,2.56000,2.48000
-0.00032076000,2.56000,2.44000
-0.00032072000,2.56000,2.44000
-0.00032068000,2.60000,2.48000
-0.00032064000,2.60000,2.48000
-0.00032060000,2.56000,2.44000
-0.00032056000,2.56000,2.44000
-0.00032052000,2.56000,2.44000
-0.00032048000,2.56000,2.44000
-0.00032043997,2.56000,2.44000
-0.00032040000,2.60000,2.48000
-0.00032036000,2.56000,2.44000
-0.00032032000,2.56000,2.44000
-0.00032028000,2.56000,2.44000
-0.00032024000,2.56000,2.48000
-0.00032020000,2.56000,2.44000
-0.00032016000,2.52000,2.40000
-0.00032012000,2.56000,2.44000
-0.00032008000,2.60000,2.44000
-0.00032004000,2.60000,2.48000
-0.00032000000,2.56000,2.44000
-0.00031996000,2.56000,2.44000
-0.00031992000,2.56000,2.44000
-0.00031988000,2.56000,2.48000
-0.00031984000,2.56000,2.44000
-0.00031980000,2.56000,2.44000
-0.00031976000,2.56000,2.44000
-0.00031971997,2.56000,2.44000
-0.00031968000,2.60000,2.44000
-0.00031964000,2.60000,2.44000
-0.00031960000,2.56000,2.44000
-0.00031956000,2.56000,2.44000
-0.00031952000,2.56000,2.44000
-0.00031948000,2.56000,2.44000
-0.00031944000,2.60000,2.44000
-0.00031940000,2.56000,2.44000
-0.00031936000,2.56000,2.44000
-0.00031932000,2.56000,2.44000
-0.00031928000,2.56000,2.44000
-0.00031924000,2.56000,2.44000
-0.00031920000,2.56000,2.44000
-0.00031916000,2.60000,2.44000
-0.00031912000,2.60000,2.44000
-0.00031908000,2.44000,2.28000
-0.00031904000,2.80000,2.72000
-0.00031899997,2.44000,2.20000
-0.00031896000,2.52000,2.48000
-0.00031892000,2.64000,2.44000
-0.00031888000,2.56000,2.44000
-0.00031884000,2.48000,2.36000
-0.00031880000,2.84000,2.76000
-0.00031876000,2.36000,2.20000
-0.00031872000,2.72000,2.68000
-0.00031868000,2.56000,2.32000
-0.00031864000,2.52000,2.36000
-0.00031860000,2.56000,2.44000
-0.00031856000,2.68000,2.52000
-0.00031852000,2.48000,2.32000
-0.00031848000,2.64000,2.52000
-0.00031844000,2.60000,2.44000
-0.00031840000,2.56000,2.40000
-0.00031836000,2.56000,2.44000
-0.00031832000,2.56000,2.44000
-0.00031828000,2.56000,2.44000
-0.00031824000,2.60000,2.44000
-0.00031820000,2.64000,2.48000
-0.00031816000,2.52000,2.40000
-0.00031812000,2.60000,2.48000
-0.00031808000,2.56000,2.44000
-0.00031804000,2.56000,2.44000
-0.00031800000,2.60000,2.48000
-0.00031796000,2.64000,2.48000
-0.00031792000,2.64000,2.44000
-0.00031788000,2.68000,2.56000
-0.00031784000,2.52000,2.44000
-0.00031780000,2.48000,2.36000
-0.00031776000,2.56000,2.44000
-0.00031772000,2.60000,2.48000
-0.00031768000,2.60000,2.44000
-0.00031764000,2.56000,2.44000
-0.00031760000,2.56000,2.44000
-0.00031756000,2.52000,2.44000
-0.00031752000,2.60000,2.44000
-0.00031748000,2.60000,2.44000
-0.00031744000,2.56000,2.44000
-0.00031740000,2.60000,2.44000
-0.00031736000,2.56000,2.44000
-0.00031732000,2.56000,2.44000
-0.00031728000,2.56000,2.44000
-0.00031724000,2.60000,2.44000
-0.00031720000,2.56000,2.44000
-0.00031716000,2.60000,2.48000
-0.00031712000,2.60000,2.48000
-0.00031708000,2.56000,2.44000
-0.00031704000,2.56000,2.40000
-0.00031700000,2.56000,2.40000
-0.00031696000,2.56000,2.44000
-0.00031692000,2.56000,2.44000
-0.00031688000,2.56000,2.44000
-0.00031684000,2.56000,2.44000
-0.00031680000,2.60000,2.48000
-0.00031676000,2.60000,2.44000
-0.00031672000,2.60000,2.44000
-0.00031668000,2.56000,2.44000
-0.00031663997,2.56000,2.44000
-0.00031660000,2.56000,2.44000
-0.00031656000,2.56000,2.44000
-0.00031652000,2.60000,2.44000
-0.00031648000,2.60000,2.44000
-0.00031644000,2.56000,2.44000
-0.00031640000,2.56000,2.44000
-0.00031636000,2.56000,2.44000
-0.00031632000,2.56000,2.44000
-0.00031628000,2.56000,2.44000
-0.00031624000,2.60000,2.48000
-0.00031620000,2.56000,2.44000
-0.00031616000,2.56000,2.48000
-0.00031612000,2.56000,2.44000
-0.00031608000,2.56000,2.48000
-0.00031604000,2.60000,2.44000
-0.00031600000,2.60000,2.44000
-0.00031596000,2.52000,2.44000
-0.00031591997,2.60000,2.44000
-0.00031588000,2.60000,2.44000
-0.00031584000,2.52000,2.40000
-0.00031580000,2.60000,2.44000
-0.00031576000,2.60000,2.48000
-0.00031572000,2.56000,2.44000
-0.00031568000,2.56000,2.44000
-0.00031564000,2.56000,2.44000
-0.00031560000,2.64000,2.48000
-0.00031556000,2.60000,2.44000
-0.00031552000,2.56000,2.44000
-0.00031548000,2.56000,2.44000
-0.00031544000,2.56000,2.44000
-0.00031540000,2.60000,2.44000
-0.00031536000,2.56000,2.44000
-0.00031532000,2.56000,2.44000
-0.00031528000,2.60000,2.48000
-0.00031524000,2.56000,2.44000
-0.00031520000,2.64000,2.48000
-0.00031516000,2.56000,2.44000
-0.00031512000,2.56000,2.44000
-0.00031508000,2.60000,2.44000
-0.00031504000,2.60000,2.44000
-0.00031500000,2.56000,2.44000
-0.00031496000,2.60000,2.44000
-0.00031492000,2.56000,2.44000
-0.00031488000,2.56000,2.36000
-0.00031484000,2.56000,2.40000
-0.00031480000,2.64000,2.48000
-0.00031476000,2.64000,2.56000
-0.00031472000,2.56000,2.48000
-0.00031468000,2.56000,2.44000
-0.00031464000,2.60000,2.44000
-0.00031460000,2.64000,2.48000
-0.00031456000,2.56000,2.48000
-0.00031452000,2.56000,2.44000
-0.00031448000,2.56000,2.44000
-0.00031444000,2.56000,2.40000
-0.00031440000,2.60000,2.48000
-0.00031436000,2.56000,2.44000
-0.00031432000,2.56000,2.44000
-0.00031428000,2.56000,2.48000
-0.00031424000,2.56000,2.44000
-0.00031420000,2.56000,2.48000
-0.00031416000,2.60000,2.44000
-0.00031412000,2.56000,2.44000
-0.00031408000,2.60000,2.44000
-0.00031404000,2.64000,2.48000
-0.00031400000,2.56000,2.44000
-0.00031396000,2.52000,2.44000
-0.00031392000,2.56000,2.44000
-0.00031388000,2.60000,2.44000
-0.00031384000,2.56000,2.44000
-0.00031380000,2.56000,2.44000
-0.00031376000,2.56000,2.44000
-0.00031372000,2.64000,2.44000
-0.00031368000,2.60000,2.44000
-0.00031364000,2.56000,2.44000
-0.00031360000,2.56000,2.44000
-0.00031355997,2.56000,2.44000
-0.00031352000,2.60000,2.48000
-0.00031348000,2.56000,2.40000
-0.00031344000,2.60000,2.48000
-0.00031340000,2.60000,2.44000
-0.00031336000,2.56000,2.44000
-0.00031332000,2.60000,2.48000
-0.00031328000,2.56000,2.44000
-0.00031324000,2.56000,2.44000
-0.00031320000,2.60000,2.48000
-0.00031316000,2.56000,2.44000
-0.00031312000,2.56000,2.40000
-0.00031308000,2.60000,2.48000
-0.00031304000,2.56000,2.44000
-0.00031300000,2.56000,2.44000
-0.00031296000,2.60000,2.48000
-0.00031292000,2.56000,2.44000
-0.00031288000,2.60000,2.48000
-0.00031283997,2.56000,2.44000
-0.00031280000,2.56000,2.44000
-0.00031276000,2.60000,2.44000
-0.00031272000,2.60000,2.44000
-0.00031268000,2.56000,2.44000
-0.00031264000,2.60000,2.44000
-0.00031260000,2.56000,2.44000
-0.00031256000,2.56000,2.44000
-0.00031252000,2.56000,2.44000
-0.00031248000,2.60000,2.44000
-0.00031244000,2.60000,2.44000
-0.00031240000,2.60000,2.44000
-0.00031236000,2.60000,2.44000
-0.00031232000,2.56000,2.44000
-0.00031228000,2.56000,2.44000
-0.00031224000,2.60000,2.44000
-0.00031220000,2.56000,2.44000
-0.00031216000,2.60000,2.44000
-0.00031211997,2.56000,2.44000
-0.00031208000,2.56000,2.44000
-0.00031204000,2.56000,2.44000
-0.00031200000,2.60000,2.44000
-0.00031196000,2.56000,2.44000
-0.00031192000,2.60000,2.44000
-0.00031188000,2.56000,2.44000
-0.00031184000,2.56000,2.44000
-0.00031180000,2.56000,2.48000
-0.00031176000,2.48000,2.36000
-0.00031172000,2.52000,2.36000
-0.00031168000,2.64000,2.44000
-0.00031164000,2.64000,2.44000
-0.00031160000,2.56000,2.44000
-0.00031156000,2.56000,2.44000
-0.00031152000,2.56000,2.44000
-0.00031148000,2.60000,2.44000
-0.00031144000,2.60000,2.48000
-0.00031140000,2.56000,2.44000
-0.00031136000,2.56000,2.44000
-0.00031132000,2.56000,2.44000
-0.00031128000,2.56000,2.44000
-0.00031124000,2.60000,2.44000
-0.00031120000,2.56000,2.48000
-0.00031116000,2.56000,2.44000
-0.00031112000,2.56000,2.44000
-0.00031108000,2.56000,2.44000
-0.00031104000,2.56000,2.44000
-0.00031100000,2.56000,2.40000
-0.00031096000,2.64000,2.44000
-0.00031092000,2.60000,2.48000
-0.00031088000,2.56000,2.48000
-0.00031084000,2.56000,2.44000
-0.00031080000,2.56000,2.44000
-0.00031076000,2.60000,2.44000
-0.00031072000,2.56000,2.44000
-0.00031068000,2.56000,2.44000
-0.00031064000,2.56000,2.44000
-0.00031060000,2.56000,2.44000
-0.00031056000,2.56000,2.44000
-0.00031052000,2.60000,2.44000
-0.00031048000,2.56000,2.44000
-0.00031044000,2.56000,2.44000
-0.00031040000,2.56000,2.44000
-0.00031036000,2.56000,2.44000
-0.00031032000,2.56000,2.44000
-0.00031028000,2.56000,2.44000
-0.00031024000,2.60000,2.44000
-0.00031020000,2.56000,2.44000
-0.00031016000,2.60000,2.48000
-0.00031012000,2.56000,2.44000
-0.00031008000,2.56000,2.48000
-0.00031004000,2.56000,2.48000
-0.00031000000,2.56000,2.44000
-0.00030996000,2.60000,2.44000
-0.00030992000,2.56000,2.44000
-0.00030988000,2.56000,2.40000
-0.00030984000,2.56000,2.52000
-0.00030980000,2.76000,2.60000
-0.00030975997,2.36000,2.28000
-0.00030972000,2.72000,2.64000
-0.00030968000,2.52000,2.36000
-0.00030964000,2.48000,2.32000
-0.00030960000,2.68000,2.64000
-0.00030956000,2.60000,2.36000
-0.00030952000,2.48000,2.44000
-0.00030948000,2.72000,2.56000
-0.00030944000,2.44000,2.32000
-0.00030940000,2.52000,2.40000
-0.00030936000,2.64000,2.52000
-0.00030932000,2.52000,2.36000
-0.00030928000,2.60000,2.48000
-0.00030924000,2.60000,2.48000
-0.00030920000,2.56000,2.44000
-0.00030916000,2.52000,2.40000
-0.00030912000,2.56000,2.44000
-0.00030908000,2.56000,2.44000
-0.00030903997,2.56000,2.44000
-0.00030900000,2.60000,2.48000
-0.00030896000,2.56000,2.44000
-0.00030892000,2.56000,2.44000
-0.00030888000,2.60000,2.48000
-0.00030884000,2.56000,2.44000
-0.00030880000,2.56000,2.44000
-0.00030876000,2.60000,2.48000
-0.00030872000,2.52000,2.32000
-0.00030868000,2.52000,2.36000
-0.00030864000,2.68000,2.48000
-0.00030860000,2.64000,2.52000
-0.00030856000,2.56000,2.48000
-0.00030852000,2.56000,2.44000
-0.00030848000,2.60000,2.44000
-0.00030844000,2.60000,2.44000
-0.00030840000,2.64000,2.48000
-0.00030836000,2.52000,2.44000
-0.00030832000,2.52000,2.40000
-0.00030828000,2.56000,2.44000
-0.00030824000,2.56000,2.44000
-0.00030820000,2.56000,2.44000
-0.00030816000,2.60000,2.44000
-0.00030812000,2.56000,2.44000
-0.00030808000,2.56000,2.44000
-0.00030804000,2.60000,2.44000
-0.00030800000,2.56000,2.44000
-0.00030796000,2.56000,2.44000
-0.00030792000,2.52000,2.44000
-0.00030788000,2.56000,2.40000
-0.00030784000,2.64000,2.48000
-0.00030780000,2.64000,2.48000
-0.00030776000,2.56000,2.48000
-0.00030772000,2.56000,2.44000
-0.00030768000,2.56000,2.44000
-0.00030764000,2.60000,2.44000
-0.00030760000,2.56000,2.44000
-0.00030756000,2.56000,2.44000
-0.00030752000,2.56000,2.44000
-0.00030748000,2.56000,2.44000
-0.00030744000,2.56000,2.44000
-0.00030740000,2.60000,2.44000
-0.00030736000,2.56000,2.44000
-0.00030732000,2.56000,2.44000
-0.00030728000,2.56000,2.44000
-0.00030724000,2.60000,2.44000
-0.00030720000,2.56000,2.44000
-0.00030716000,2.60000,2.44000
-0.00030712000,2.56000,2.44000
-0.00030708000,2.56000,2.44000
-0.00030704000,2.56000,2.44000
-0.00030700000,2.56000,2.44000
-0.00030696000,2.60000,2.44000
-0.00030692000,2.56000,2.44000
-0.00030688000,2.56000,2.44000
-0.00030684000,2.56000,2.44000
-0.00030680000,2.56000,2.44000
-0.00030676000,2.56000,2.44000
-0.00030672000,2.56000,2.44000
-0.00030667997,2.60000,2.44000
-0.00030664000,2.56000,2.44000
-0.00030660000,2.56000,2.44000
-0.00030656000,2.56000,2.44000
-0.00030652000,2.60000,2.48000
-0.00030648000,2.56000,2.40000
-0.00030644000,2.64000,2.48000
-0.00030640000,2.52000,2.40000
-0.00030636000,2.60000,2.48000
-0.00030632000,2.56000,2.44000
-0.00030628000,2.60000,2.48000
-0.00030624000,2.60000,2.44000
-0.00030620000,2.56000,2.44000
-0.00030616000,2.60000,2.48000
-0.00030612000,2.56000,2.44000
-0.00030608000,2.64000,2.48000
-0.00030604000,2.52000,2.40000
-0.00030600000,2.60000,2.48000
-0.00030595997,2.52000,2.44000
-0.00030592000,2.60000,2.44000
-0.00030588000,2.56000,2.44000
-0.00030584000,2.64000,2.48000
-0.00030580000,2.60000,2.44000
-0.00030576000,2.56000,2.44000
-0.00030572000,2.60000,2.44000
-0.00030568000,2.56000,2.44000
-0.00030564000,2.64000,2.56000
-0.00030560000,2.48000,2.40000
-0.00030556000,2.48000,2.32000
-0.00030552000,2.56000,2.36000
-0.00030548000,2.64000,2.48000
-0.00030544000,2.64000,2.44000
-0.00030540000,2.56000,2.44000
-0.00030536000,2.60000,2.44000
-0.00030532000,2.60000,2.44000
-0.00030528000,2.60000,2.48000
-0.00030523997,2.56000,2.48000
-0.00030520000,2.56000,2.44000
-0.00030516000,2.56000,2.44000
-0.00030512000,2.60000,2.44000
-0.00030508000,2.56000,2.44000
-0.00030504000,2.60000,2.44000
-0.00030500000,2.60000,2.44000
-0.00030496000,2.56000,2.44000
-0.00030492000,2.60000,2.48000
-0.00030488000,2.56000,2.44000
-0.00030484000,2.52000,2.44000
-0.00030480000,2.56000,2.40000
-0.00030476000,2.56000,2.44000
-0.00030472000,2.64000,2.48000
-0.00030468000,2.60000,2.48000
-0.00030464000,2.56000,2.44000
-0.00030460000,2.56000,2.44000
-0.00030456000,2.60000,2.48000
-0.00030452000,2.56000,2.44000
-0.00030448000,2.56000,2.44000
-0.00030444000,2.56000,2.44000
-0.00030440000,2.56000,2.44000
-0.00030436000,2.60000,2.44000
-0.00030432000,2.56000,2.44000
-0.00030428000,2.56000,2.44000
-0.00030424000,2.60000,2.48000
-0.00030420000,2.56000,2.44000
-0.00030416000,2.56000,2.44000
-0.00030412000,2.56000,2.48000
-0.00030408000,2.56000,2.44000
-0.00030404000,2.56000,2.44000
-0.00030400000,2.56000,2.44000
-0.00030396000,2.56000,2.44000
-0.00030392000,2.60000,2.44000
-0.00030388000,2.60000,2.44000
-0.00030384000,2.56000,2.44000
-0.00030380000,2.56000,2.44000
-0.00030376000,2.56000,2.44000
-0.00030372000,2.56000,2.44000
-0.00030368000,2.56000,2.44000
-0.00030364000,2.56000,2.44000
-0.00030360000,2.56000,2.44000
-0.00030356000,2.56000,2.44000
-0.00030352000,2.60000,2.44000
-0.00030348000,2.60000,2.44000
-0.00030344000,2.56000,2.44000
-0.00030340000,2.60000,2.44000
-0.00030336000,2.56000,2.44000
-0.00030332000,2.60000,2.44000
-0.00030328000,2.56000,2.44000
-0.00030324000,2.56000,2.44000
-0.00030320000,2.56000,2.44000
-0.00030316000,2.56000,2.44000
-0.00030312000,2.56000,2.44000
-0.00030308000,2.56000,2.48000
-0.00030304000,2.56000,2.44000
-0.00030300000,2.56000,2.44000
-0.00030296000,2.56000,2.44000
-0.00030292000,2.56000,2.44000
-0.00030287997,2.56000,2.44000
-0.00030284000,2.60000,2.44000
-0.00030280000,2.56000,2.44000
-0.00030276000,2.56000,2.44000
-0.00030272000,2.56000,2.44000
-0.00030268000,2.56000,2.44000
-0.00030264000,2.56000,2.48000
-0.00030260000,2.56000,2.48000
-0.00030256000,2.64000,2.52000
-0.00030252000,2.52000,2.44000
-0.00030248000,2.48000,2.32000
-0.00030244000,2.52000,2.32000
-0.00030240000,2.60000,2.44000
-0.00030236000,2.56000,2.44000
-0.00030232000,2.56000,2.44000
-0.00030228000,2.56000,2.44000
-0.00030224000,2.56000,2.44000
-0.00030220000,2.60000,2.48000
-0.00030215997,2.60000,2.48000
-0.00030212000,2.56000,2.44000
-0.00030208000,2.60000,2.44000
-0.00030204000,2.56000,2.44000
-0.00030200000,2.60000,2.44000
-0.00030196000,2.56000,2.48000
-0.00030192000,2.56000,2.44000
-0.00030188000,2.56000,2.44000
-0.00030184000,2.56000,2.44000
-0.00030180000,2.60000,2.44000
-0.00030176000,2.60000,2.48000
-0.00030172000,2.52000,2.44000
-0.00030168000,2.56000,2.40000
-0.00030164000,2.56000,2.44000
-0.00030160000,2.60000,2.44000
-0.00030156000,2.60000,2.44000
-0.00030152000,2.56000,2.40000
-0.00030148000,2.60000,2.44000
-0.00030144000,2.64000,2.48000
-0.00030140000,2.60000,2.48000
-0.00030136000,2.56000,2.44000
-0.00030132000,2.60000,2.48000
-0.00030128000,2.56000,2.44000
-0.00030124000,2.56000,2.44000
-0.00030120000,2.64000,2.48000
-0.00030116000,2.48000,2.36000
-0.00030112000,2.64000,2.48000
-0.00030108000,2.56000,2.44000
-0.00030104000,2.56000,2.44000
-0.00030100000,2.56000,2.44000
-0.00030096000,2.56000,2.44000
-0.00030092000,2.56000,2.44000
-0.00030088000,2.60000,2.44000
-0.00030084000,2.60000,2.44000
-0.00030080000,2.56000,2.44000
-0.00030076000,2.56000,2.44000
-0.00030072000,2.56000,2.44000
-0.00030068000,2.56000,2.44000
-0.00030064000,2.44000,2.28000
-0.00030060000,2.84000,2.76000
-0.00030056000,2.36000,2.20000
-0.00030052000,2.56000,2.52000
-0.00030048000,2.56000,2.40000
-0.00030044000,2.56000,2.40000
-0.00030040000,2.48000,2.36000
-0.00030036000,2.84000,2.72000
-0.00030032000,2.36000,2.20000
-0.00030028000,2.72000,2.68000
-0.00030024000,2.52000,2.36000
-0.00030020000,2.52000,2.36000
-0.00030016000,2.56000,2.48000
-0.00030012000,2.64000,2.48000
-0.00030008000,2.52000,2.40000
-0.00030004000,2.68000,2.52000
-0.00030000000,2.56000,2.44000
-0.00029996000,2.52000,2.40000
-0.00029992000,2.56000,2.48000
-0.00029988000,2.60000,2.44000
-0.00029984000,2.56000,2.44000
-0.00029980000,2.64000,2.48000
-0.00029976000,2.60000,2.44000
-0.00029972000,2.52000,2.40000
-0.00029968000,2.56000,2.44000
-0.00029964000,2.60000,2.44000
-0.00029960000,2.56000,2.44000
-0.00029956000,2.60000,2.48000
-0.00029952000,2.64000,2.48000
-0.00029948000,2.64000,2.44000
-0.00029944000,2.68000,2.52000
-0.00029940000,2.52000,2.48000
-0.00029936000,2.48000,2.36000
-0.00029932000,2.56000,2.44000
-0.00029928000,2.64000,2.48000
-0.00029924000,2.60000,2.48000
-0.00029920000,2.56000,2.48000
-0.00029916000,2.56000,2.44000
-0.00029912000,2.56000,2.40000
-0.00029907997,2.60000,2.44000
-0.00029904000,2.56000,2.48000
-0.00029900000,2.56000,2.44000
-0.00029896000,2.60000,2.44000
-0.00029892000,2.56000,2.44000
-0.00029888000,2.56000,2.44000
-0.00029884000,2.56000,2.44000
-0.00029880000,2.60000,2.44000
-0.00029876000,2.56000,2.44000
-0.00029872000,2.64000,2.48000
-0.00029868000,2.60000,2.48000
-0.00029864000,2.52000,2.44000
-0.00029860000,2.56000,2.40000
-0.00029856000,2.56000,2.40000
-0.00029852000,2.56000,2.44000
-0.00029848000,2.56000,2.48000
-0.00029844000,2.56000,2.44000
-0.00029840000,2.56000,2.44000
-0.00029835997,2.56000,2.44000
-0.00029832000,2.56000,2.48000
-0.00029828000,2.56000,2.44000
-0.00029824000,2.56000,2.44000
-0.00029820000,2.56000,2.44000
-0.00029816000,2.56000,2.44000
-0.00029812000,2.56000,2.48000
-0.00029808000,2.56000,2.44000
-0.00029804000,2.60000,2.44000
-0.00029800000,2.56000,2.44000
-0.00029796000,2.56000,2.44000
-0.00029792000,2.56000,2.44000
-0.00029788000,2.56000,2.44000
-0.00029784000,2.60000,2.44000
-0.00029780000,2.56000,2.44000
-0.00029776000,2.60000,2.44000
-0.00029772000,2.56000,2.44000
-0.00029768000,2.56000,2.44000
-0.00029764000,2.56000,2.44000
-0.00029760000,2.56000,2.44000
-0.00029756000,2.60000,2.44000
-0.00029752000,2.56000,2.44000
-0.00029748000,2.56000,2.44000
-0.00029744000,2.56000,2.44000
-0.00029740000,2.56000,2.44000
-0.00029736000,2.56000,2.44000
-0.00029732000,2.60000,2.48000
-0.00029728000,2.56000,2.44000
-0.00029724000,2.56000,2.44000
-0.00029720000,2.60000,2.48000
-0.00029716000,2.56000,2.44000
-0.00029712000,2.60000,2.44000
-0.00029708000,2.56000,2.44000
-0.00029704000,2.56000,2.44000
-0.00029700000,2.56000,2.44000
-0.00029696000,2.64000,2.48000
-0.00029692000,2.56000,2.40000
-0.00029688000,2.60000,2.44000
-0.00029684000,2.60000,2.44000
-0.00029680000,2.56000,2.44000
-0.00029676000,2.56000,2.44000
-0.00029672000,2.56000,2.44000
-0.00029668000,2.56000,2.44000
-0.00029664000,2.64000,2.48000
-0.00029660000,2.56000,2.44000
-0.00029656000,2.56000,2.44000
-0.00029652000,2.60000,2.48000
-0.00029648000,2.56000,2.44000
-0.00029644000,2.60000,2.44000
-0.00029640000,2.68000,2.48000
-0.00029636000,2.64000,2.52000
-0.00029632000,2.52000,2.44000
-0.00029628000,2.48000,2.40000
-0.00029624000,2.52000,2.40000
-0.00029620000,2.60000,2.48000
-0.00029616000,2.60000,2.48000
-0.00029612000,2.56000,2.44000
-0.00029608000,2.56000,2.44000
-0.00029604000,2.56000,2.44000
-0.00029599997,2.56000,2.44000
-0.00029596000,2.60000,2.44000
-0.00029592000,2.56000,2.44000
-0.00029588000,2.56000,2.44000
-0.00029584000,2.56000,2.44000
-0.00029580000,2.60000,2.44000
-0.00029576000,2.56000,2.44000
-0.00029572000,2.60000,2.44000
-0.00029568000,2.56000,2.44000
-0.00029564000,2.56000,2.40000
-0.00029560000,2.60000,2.44000
-0.00029556000,2.60000,2.48000
-0.00029552000,2.52000,2.44000
-0.00029548000,2.56000,2.44000
-0.00029544000,2.60000,2.44000
-0.00029540000,2.56000,2.44000
-0.00029536000,2.56000,2.48000
-0.00029532000,2.56000,2.44000
-0.00029527997,2.60000,2.44000
-0.00029524000,2.60000,2.44000
-0.00029520000,2.56000,2.44000
-0.00029516000,2.56000,2.44000
-0.00029512000,2.56000,2.44000
-0.00029508000,2.60000,2.44000
-0.00029504000,2.56000,2.44000
-0.00029500000,2.56000,2.44000
-0.00029496000,2.60000,2.44000
-0.00029492000,2.56000,2.44000
-0.00029488000,2.56000,2.44000
-0.00029484000,2.56000,2.44000
-0.00029480000,2.60000,2.44000
-0.00029476000,2.60000,2.44000
-0.00029472000,2.60000,2.44000
-0.00029468000,2.60000,2.44000
-0.00029464000,2.56000,2.44000
-0.00029460000,2.56000,2.44000
-0.00029456000,2.56000,2.44000
-0.00029452000,2.56000,2.48000
-0.00029448000,2.56000,2.44000
-0.00029444000,2.56000,2.44000
-0.00029440000,2.56000,2.44000
-0.00029436000,2.60000,2.44000
-0.00029432000,2.56000,2.44000
-0.00029428000,2.56000,2.44000
-0.00029424000,2.60000,2.44000
-0.00029420000,2.56000,2.44000
-0.00029416000,2.56000,2.44000
-0.00029412000,2.56000,2.44000
-0.00029408000,2.60000,2.48000
-0.00029404000,2.56000,2.44000
-0.00029400000,2.56000,2.48000
-0.00029396000,2.60000,2.44000
-0.00029392000,2.56000,2.44000
-0.00029388000,2.56000,2.44000
-0.00029384000,2.60000,2.44000
-0.00029380000,2.60000,2.40000
-0.00029376000,2.60000,2.48000
-0.00029372000,2.56000,2.44000
-0.00029368000,2.60000,2.44000
-0.00029364000,2.56000,2.44000
-0.00029360000,2.60000,2.44000
-0.00029356000,2.56000,2.44000
-0.00029352000,2.56000,2.44000
-0.00029348000,2.60000,2.44000
-0.00029344000,2.56000,2.44000
-0.00029340000,2.60000,2.48000
-0.00029336000,2.52000,2.36000
-0.00029332000,2.60000,2.40000
-0.00029328000,2.64000,2.48000
-0.00029324000,2.64000,2.56000
-0.00029320000,2.52000,2.48000
-0.00029316000,2.56000,2.44000
-0.00029312000,2.60000,2.44000
-0.00029308000,2.60000,2.44000
-0.00029304000,2.56000,2.48000
-0.00029300000,2.52000,2.44000
-0.00029296000,2.56000,2.40000
-0.00029292000,2.56000,2.44000
-0.00029288000,2.60000,2.44000
-0.00029284000,2.56000,2.44000
-0.00029280000,2.68000,2.52000
-0.00029276000,2.48000,2.36000
-0.00029272000,2.60000,2.48000
-0.00029268000,2.56000,2.44000
-0.00029264000,2.56000,2.40000
-0.00029260000,2.60000,2.48000
-0.00029256000,2.56000,2.40000
-0.00029252000,2.60000,2.44000
-0.00029248000,2.64000,2.48000
-0.00029244000,2.56000,2.44000
-0.00029240000,2.56000,2.44000
-0.00029236000,2.60000,2.44000
-0.00029232000,2.60000,2.48000
-0.00029228000,2.56000,2.44000
-0.00029224000,2.56000,2.44000
-0.00029219997,2.56000,2.44000
-0.00029216000,2.56000,2.44000
-0.00029212000,2.60000,2.44000
-0.00029208000,2.56000,2.44000
-0.00029204000,2.56000,2.44000
-0.00029200000,2.60000,2.48000
-0.00029196000,2.56000,2.44000
-0.00029192000,2.56000,2.44000
-0.00029188000,2.56000,2.44000
-0.00029184000,2.56000,2.44000
-0.00029180000,2.60000,2.44000
-0.00029176000,2.56000,2.44000
-0.00029172000,2.56000,2.44000
-0.00029168000,2.60000,2.48000
-0.00029164000,2.60000,2.44000
-0.00029160000,2.56000,2.44000
-0.00029156000,2.56000,2.44000
-0.00029152000,2.56000,2.44000
-0.00029147997,2.56000,2.44000
-0.00029144000,2.60000,2.44000
-0.00029140000,2.52000,2.48000
-0.00029136000,2.84000,2.64000
-0.00029132000,2.32000,2.24000
-0.00029128000,2.72000,2.64000
-0.00029124000,2.48000,2.36000
-0.00029120000,2.48000,2.32000
-0.00029116000,2.60000,2.56000
-0.00029112000,2.68000,2.44000
-0.00029108000,2.40000,2.36000
-0.00029104000,2.72000,2.60000
-0.00029100000,2.44000,2.32000
-0.00029096000,2.52000,2.40000
-0.00029092000,2.64000,2.52000
-0.00029088000,2.56000,2.40000
-0.00029084000,2.56000,2.44000
-0.00029080000,2.60000,2.48000
-0.00029076000,2.56000,2.44000
-0.00029072000,2.52000,2.44000
-0.00029068000,2.60000,2.48000
-0.00029064000,2.56000,2.44000
-0.00029060000,2.56000,2.44000
-0.00029056000,2.60000,2.48000
-0.00029052000,2.60000,2.44000
-0.00029048000,2.52000,2.44000
-0.00029044000,2.56000,2.48000
-0.00029040000,2.56000,2.44000
-0.00029036000,2.56000,2.44000
-0.00029032000,2.60000,2.48000
-0.00029028000,2.52000,2.36000
-0.00029024000,2.52000,2.32000
-0.00029020000,2.64000,2.48000
-0.00029016000,2.64000,2.52000
-0.00029012000,2.56000,2.48000
-0.00029008000,2.56000,2.44000
-0.00029004000,2.60000,2.44000
-0.00029000000,2.60000,2.44000
-0.00028996000,2.60000,2.48000
-0.00028992000,2.52000,2.44000
-0.00028988000,2.56000,2.44000
-0.00028984000,2.56000,2.44000
-0.00028980000,2.60000,2.48000
-0.00028976000,2.56000,2.48000
-0.00028972000,2.56000,2.44000
-0.00028968000,2.56000,2.40000
-0.00028964000,2.60000,2.44000
-0.00028960000,2.56000,2.40000
-0.00028956000,2.56000,2.44000
-0.00028952000,2.56000,2.44000
-0.00028948000,2.52000,2.40000
-0.00028944000,2.60000,2.44000
-0.00028940000,2.60000,2.44000
-0.00028936000,2.64000,2.48000
-0.00028932000,2.60000,2.44000
-0.00028928000,2.56000,2.44000
-0.00028924000,2.60000,2.44000
-0.00028920000,2.60000,2.44000
-0.00028916000,2.56000,2.44000
-0.00028911997,2.56000,2.44000
-0.00028908000,2.56000,2.44000
-0.00028904000,2.60000,2.48000
-0.00028900000,2.56000,2.44000
-0.00028896000,2.56000,2.44000
-0.00028892000,2.60000,2.48000
-0.00028888000,2.60000,2.48000
-0.00028884000,2.60000,2.44000
-0.00028880000,2.60000,2.44000
-0.00028876000,2.52000,2.40000
-0.00028872000,2.56000,2.44000
-0.00028868000,2.60000,2.48000
-0.00028864000,2.56000,2.44000
-0.00028860000,2.60000,2.48000
-0.00028856000,2.56000,2.44000
-0.00028852000,2.56000,2.44000
-0.00028848000,2.56000,2.44000
-0.00028844000,2.56000,2.44000
-0.00028839997,2.56000,2.44000
-0.00028836000,2.64000,2.48000
-0.00028832000,2.56000,2.44000
-0.00028828000,2.56000,2.44000
-0.00028824000,2.60000,2.44000
-0.00028820000,2.56000,2.44000
-0.00028816000,2.60000,2.44000
-0.00028812000,2.60000,2.44000
-0.00028808000,2.56000,2.44000
-0.00028804000,2.56000,2.44000
-0.00028800000,2.60000,2.44000
-0.00028796000,2.56000,2.44000
-0.00028792000,2.56000,2.44000
-0.00028788000,2.60000,2.44000
-0.00028784000,2.56000,2.44000
-0.00028780000,2.56000,2.48000
-0.00028776000,2.56000,2.48000
-0.00028772000,2.56000,2.44000
-0.00028768000,2.56000,2.44000
-0.00028764000,2.56000,2.44000
-0.00028760000,2.56000,2.44000
-0.00028756000,2.60000,2.48000
-0.00028752000,2.56000,2.44000
-0.00028748000,2.56000,2.44000
-0.00028744000,2.56000,2.44000
-0.00028740000,2.60000,2.44000
-0.00028736000,2.56000,2.44000
-0.00028732000,2.60000,2.44000
-0.00028728000,2.56000,2.44000
-0.00028724000,2.56000,2.44000
-0.00028720000,2.52000,2.44000
-0.00028716000,2.48000,2.36000
-0.00028712000,2.60000,2.44000
-0.00028708000,2.68000,2.52000
-0.00028704000,2.64000,2.52000
-0.00028700000,2.56000,2.44000
-0.00028696000,2.56000,2.40000
-0.00028692000,2.60000,2.44000
-0.00028688000,2.60000,2.48000
-0.00028684000,2.56000,2.44000
-0.00028680000,2.56000,2.44000
-0.00028676000,2.56000,2.44000
-0.00028672000,2.56000,2.44000
-0.00028668000,2.56000,2.44000
-0.00028664000,2.60000,2.44000
-0.00028660000,2.56000,2.44000
-0.00028656000,2.60000,2.44000
-0.00028652000,2.60000,2.44000
-0.00028648000,2.60000,2.44000
-0.00028644000,2.56000,2.44000
-0.00028640000,2.52000,2.44000
-0.00028636000,2.56000,2.44000
-0.00028632000,2.60000,2.48000
-0.00028628000,2.60000,2.48000
-0.00028624000,2.60000,2.44000
-0.00028620000,2.56000,2.44000
-0.00028616000,2.60000,2.44000
-0.00028612000,2.56000,2.44000
-0.00028608000,2.60000,2.44000
-0.00028604000,2.56000,2.44000
-0.00028600000,2.56000,2.44000
-0.00028596000,2.56000,2.44000
-0.00028592000,2.60000,2.48000
-0.00028588000,2.56000,2.44000
-0.00028584000,2.56000,2.44000
-0.00028580000,2.56000,2.40000
-0.00028576000,2.56000,2.48000
-0.00028572000,2.60000,2.44000
-0.00028568000,2.60000,2.48000
-0.00028564000,2.56000,2.44000
-0.00028560000,2.60000,2.44000
-0.00028556000,2.56000,2.44000
-0.00028552000,2.60000,2.44000
-0.00028548000,2.60000,2.44000
-0.00028544000,2.52000,2.40000
-0.00028540000,2.64000,2.48000
-0.00028536000,2.56000,2.44000
-0.00028531997,2.60000,2.48000
-0.00028528000,2.52000,2.40000
-0.00028524000,2.56000,2.44000
-0.00028520000,2.60000,2.44000
-0.00028516000,2.60000,2.48000
-0.00028512000,2.56000,2.44000
-0.00028508000,2.56000,2.44000
-0.00028504000,2.60000,2.44000
-0.00028500000,2.56000,2.44000
-0.00028496000,2.60000,2.44000
-0.00028492000,2.56000,2.44000
-0.00028488000,2.60000,2.44000
-0.00028484000,2.56000,2.44000
-0.00028480000,2.60000,2.44000
-0.00028476000,2.56000,2.44000
-0.00028472000,2.60000,2.48000
-0.00028468000,2.60000,2.44000
-0.00028464000,2.56000,2.44000
-0.00028459997,2.60000,2.44000
-0.00028456000,2.60000,2.44000
-0.00028452000,2.60000,2.44000
-0.00028448000,2.56000,2.44000
-0.00028444000,2.56000,2.44000
-0.00028440000,2.56000,2.44000
-0.00028436000,2.60000,2.44000
-0.00028432000,2.56000,2.44000
-0.00028428000,2.56000,2.44000
-0.00028424000,2.56000,2.44000
-0.00028420000,2.56000,2.44000
-0.00028416000,2.60000,2.44000
-0.00028412000,2.52000,2.44000
-0.00028408000,2.52000,2.36000
-0.00028404000,2.52000,2.32000
-0.00028400000,2.68000,2.48000
-0.00028396000,2.68000,2.48000
-0.00028392000,2.56000,2.44000
-0.00028388000,2.56000,2.40000
-0.00028384000,2.60000,2.44000
-0.00028380000,2.60000,2.48000
-0.00028376000,2.60000,2.44000
-0.00028372000,2.56000,2.44000
-0.00028368000,2.56000,2.44000
-0.00028364000,2.60000,2.44000
-0.00028360000,2.56000,2.44000
-0.00028356000,2.56000,2.44000
-0.00028352000,2.60000,2.48000
-0.00028348000,2.56000,2.44000
-0.00028344000,2.56000,2.44000
-0.00028340000,2.56000,2.44000
-0.00028336000,2.56000,2.44000
-0.00028332000,2.56000,2.44000
-0.00028328000,2.56000,2.40000
-0.00028324000,2.60000,2.44000
-0.00028320000,2.60000,2.48000
-0.00028316000,2.60000,2.44000
-0.00028312000,2.56000,2.44000
-0.00028308000,2.60000,2.44000
-0.00028304000,2.60000,2.44000
-0.00028300000,2.56000,2.44000
-0.00028296000,2.60000,2.44000
-0.00028292000,2.56000,2.44000
-0.00028288000,2.56000,2.44000
-0.00028284000,2.60000,2.44000
-0.00028280000,2.60000,2.44000
-0.00028276000,2.56000,2.44000
-0.00028272000,2.56000,2.44000
-0.00028268000,2.60000,2.48000
-0.00028264000,2.56000,2.44000
-0.00028260000,2.56000,2.44000
-0.00028256000,2.56000,2.44000
-0.00028252000,2.56000,2.48000
-0.00028248000,2.56000,2.44000
-0.00028244000,2.56000,2.44000
-0.00028240000,2.56000,2.44000
-0.00028236000,2.60000,2.44000
-0.00028232000,2.60000,2.44000
-0.00028228000,2.56000,2.44000
-0.00028223997,2.56000,2.44000
-0.00028220000,2.48000,2.28000
-0.00028216000,2.72000,2.72000
-0.00028212000,2.52000,2.28000
-0.00028208000,2.48000,2.44000
-0.00028204000,2.68000,2.48000
-0.00028200000,2.56000,2.44000
-0.00028196000,2.44000,2.32000
-0.00028192000,2.84000,2.76000
-0.00028188000,2.40000,2.20000
-0.00028184000,2.72000,2.64000
-0.00028180000,2.60000,2.40000
-0.00028176000,2.52000,2.36000
-0.00028172000,2.56000,2.44000
-0.00028168000,2.64000,2.48000
-0.00028164000,2.48000,2.32000
-0.00028160000,2.64000,2.52000
-0.00028156000,2.56000,2.44000
-0.00028151997,2.52000,2.40000
-0.00028148000,2.64000,2.48000
-0.00028144000,2.60000,2.44000
-0.00028140000,2.56000,2.44000
-0.00028136000,2.60000,2.48000
-0.00028132000,2.56000,2.48000
-0.00028128000,2.52000,2.40000
-0.00028124000,2.56000,2.44000
-0.00028120000,2.56000,2.44000
-0.00028116000,2.56000,2.44000
-0.00028112000,2.56000,2.44000
-0.00028108000,2.64000,2.48000
-0.00028104000,2.52000,2.44000
-0.00028100000,2.52000,2.36000
-0.00028096000,2.56000,2.36000
-0.00028092000,2.60000,2.44000
-0.00028088000,2.64000,2.48000
-0.00028084000,2.56000,2.44000
-0.00028080000,2.56000,2.44000
-0.00028076000,2.64000,2.48000
-0.00028072000,2.60000,2.48000
-0.00028068000,2.56000,2.44000
-0.00028064000,2.56000,2.44000
-0.00028060000,2.56000,2.44000
-0.00028056000,2.56000,2.44000
-0.00028052000,2.56000,2.44000
-0.00028048000,2.56000,2.44000
-0.00028044000,2.56000,2.44000
-0.00028040000,2.60000,2.48000
-0.00028036000,2.56000,2.44000
-0.00028032000,2.56000,2.44000
-0.00028028000,2.56000,2.48000
-0.00028024000,2.56000,2.44000
-0.00028020000,2.52000,2.44000
-0.00028016000,2.60000,2.44000
-0.00028012000,2.56000,2.44000
-0.00028008000,2.60000,2.48000
-0.00028004000,2.56000,2.44000
-0.00028000000,2.56000,2.44000
-0.00027996000,2.60000,2.48000
-0.00027992000,2.60000,2.44000
-0.00027988000,2.60000,2.48000
-0.00027984000,2.56000,2.44000
-0.00027980000,2.56000,2.44000
-0.00027976000,2.56000,2.44000
-0.00027972000,2.56000,2.44000
-0.00027968000,2.64000,2.48000
-0.00027964000,2.52000,2.40000
-0.00027960000,2.60000,2.48000
-0.00027956000,2.60000,2.44000
-0.00027952000,2.52000,2.44000
-0.00027948000,2.64000,2.48000
-0.00027944000,2.56000,2.44000
-0.00027940000,2.56000,2.44000
-0.00027936000,2.60000,2.48000
-0.00027932000,2.56000,2.40000
-0.00027928000,2.60000,2.48000
-0.00027924000,2.60000,2.48000
-0.00027920000,2.56000,2.44000
-0.00027916000,2.60000,2.44000
-0.00027912000,2.56000,2.44000
-0.00027908000,2.56000,2.44000
-0.00027904000,2.56000,2.44000
-0.00027900000,2.60000,2.44000
-0.00027896000,2.56000,2.44000
-0.00027892000,2.56000,2.44000
-0.00027888000,2.60000,2.48000
-0.00027884000,2.56000,2.44000
-0.00027880000,2.56000,2.44000
-0.00027876000,2.60000,2.44000
-0.00027872000,2.56000,2.44000
-0.00027868000,2.56000,2.44000
-0.00027864000,2.60000,2.44000
-0.00027860000,2.56000,2.44000
-0.00027856000,2.56000,2.48000
-0.00027852000,2.56000,2.44000
-0.00027848000,2.60000,2.44000
-0.00027843997,2.60000,2.44000
-0.00027840000,2.60000,2.44000
-0.00027836000,2.56000,2.44000
-0.00027832000,2.56000,2.44000
-0.00027828000,2.60000,2.44000
-0.00027824000,2.56000,2.44000
-0.00027820000,2.60000,2.48000
-0.00027816000,2.56000,2.44000
-0.00027812000,2.56000,2.44000
-0.00027808000,2.60000,2.48000
-0.00027804000,2.56000,2.44000
-0.00027800000,2.60000,2.48000
-0.00027796000,2.64000,2.60000
-0.00027792000,2.48000,2.40000
-0.00027788000,2.48000,2.32000
-0.00027784000,2.56000,2.36000
-0.00027780000,2.60000,2.44000
-0.00027776000,2.56000,2.48000
-0.00027771997,2.56000,2.44000
-0.00027768000,2.56000,2.40000
-0.00027764000,2.60000,2.48000
-0.00027760000,2.60000,2.44000
-0.00027756000,2.60000,2.48000
-0.00027752000,2.56000,2.44000
-0.00027748000,2.56000,2.44000
-0.00027744000,2.56000,2.44000
-0.00027740000,2.60000,2.44000
-0.00027736000,2.60000,2.44000
-0.00027732000,2.56000,2.48000
-0.00027728000,2.56000,2.44000
-0.00027724000,2.60000,2.44000
-0.00027720000,2.60000,2.48000
-0.00027716000,2.60000,2.48000
-0.00027712000,2.56000,2.44000
-0.00027708000,2.52000,2.40000
-0.00027704000,2.56000,2.44000
-0.00027700000,2.60000,2.48000
-0.00027696000,2.56000,2.44000
-0.00027692000,2.56000,2.44000
-0.00027688000,2.56000,2.44000
-0.00027684000,2.60000,2.44000
-0.00027680000,2.60000,2.44000
-0.00027676000,2.56000,2.44000
-0.00027672000,2.56000,2.44000
-0.00027668000,2.56000,2.44000
-0.00027664000,2.60000,2.44000
-0.00027660000,2.56000,2.44000
-0.00027656000,2.60000,2.44000
-0.00027652000,2.56000,2.44000
-0.00027648000,2.56000,2.44000
-0.00027644000,2.60000,2.44000
-0.00027640000,2.56000,2.44000
-0.00027636000,2.56000,2.44000
-0.00027632000,2.60000,2.44000
-0.00027628000,2.56000,2.44000
-0.00027624000,2.56000,2.44000
-0.00027620000,2.60000,2.44000
-0.00027616000,2.56000,2.44000
-0.00027612000,2.56000,2.44000
-0.00027608000,2.60000,2.48000
-0.00027604000,2.56000,2.44000
-0.00027600000,2.56000,2.48000
-0.00027596000,2.60000,2.44000
-0.00027592000,2.56000,2.44000
-0.00027588000,2.56000,2.44000
-0.00027584000,2.56000,2.44000
-0.00027580000,2.56000,2.44000
-0.00027576000,2.60000,2.44000
-0.00027572000,2.60000,2.44000
-0.00027568000,2.60000,2.44000
-0.00027564000,2.56000,2.44000
-0.00027560000,2.56000,2.44000
-0.00027556000,2.60000,2.48000
-0.00027552000,2.56000,2.44000
-0.00027548000,2.60000,2.48000
-0.00027544000,2.56000,2.44000
-0.00027540000,2.52000,2.44000
-0.00027535997,2.56000,2.44000
-0.00027532000,2.60000,2.44000
-0.00027528000,2.56000,2.44000
-0.00027524000,2.60000,2.48000
-0.00027520000,2.56000,2.44000
-0.00027516000,2.56000,2.44000
-0.00027512000,2.60000,2.48000
-0.00027508000,2.60000,2.44000
-0.00027504000,2.56000,2.44000
-0.00027500000,2.56000,2.44000
-0.00027496000,2.56000,2.48000
-0.00027492000,2.56000,2.44000
-0.00027488000,2.64000,2.52000
-0.00027484000,2.52000,2.44000
-0.00027480000,2.48000,2.32000
-0.00027476000,2.52000,2.36000
-0.00027472000,2.60000,2.44000
-0.00027468000,2.56000,2.48000
-0.00027463997,2.56000,2.44000
-0.00027460000,2.56000,2.44000
-0.00027456000,2.56000,2.44000
-0.00027452000,2.60000,2.44000
-0.00027448000,2.56000,2.48000
-0.00027444000,2.56000,2.44000
-0.00027440000,2.56000,2.44000
-0.00027436000,2.60000,2.44000
-0.00027432000,2.56000,2.44000
-0.00027428000,2.60000,2.44000
-0.00027424000,2.56000,2.44000
-0.00027420000,2.60000,2.44000
-0.00027416000,2.60000,2.44000
-0.00027412000,2.56000,2.48000
-0.00027408000,2.60000,2.48000
-0.00027404000,2.56000,2.44000
-0.00027400000,2.52000,2.40000
-0.00027396000,2.60000,2.44000
-0.00027392000,2.56000,2.44000
-0.00027388000,2.56000,2.44000
-0.00027384000,2.56000,2.44000
-0.00027380000,2.60000,2.44000
-0.00027376000,2.56000,2.44000
-0.00027372000,2.56000,2.44000
-0.00027368000,2.56000,2.44000
-0.00027364000,2.56000,2.44000
-0.00027360000,2.60000,2.44000
-0.00027356000,2.60000,2.44000
-0.00027352000,2.56000,2.44000
-0.00027348000,2.56000,2.44000
-0.00027344000,2.56000,2.44000
-0.00027340000,2.56000,2.44000
-0.00027336000,2.60000,2.44000
-0.00027332000,2.56000,2.44000
-0.00027328000,2.56000,2.44000
-0.00027324000,2.56000,2.44000
-0.00027320000,2.60000,2.44000
-0.00027316000,2.56000,2.44000
-0.00027312000,2.56000,2.44000
-0.00027308000,2.56000,2.44000
-0.00027304000,2.56000,2.44000
-0.00027300000,2.60000,2.48000
-0.00027296000,2.40000,2.28000
-0.00027292000,2.88000,2.76000
-0.00027288000,2.32000,2.16000
-0.00027284000,2.60000,2.56000
-0.00027280000,2.52000,2.32000
-0.00027276000,2.56000,2.40000
-0.00027272000,2.48000,2.40000
-0.00027268000,2.80000,2.68000
-0.00027264000,2.32000,2.20000
-0.00027260000,2.76000,2.64000
-0.00027256000,2.48000,2.32000
-0.00027252000,2.48000,2.36000
-0.00027248000,2.64000,2.48000
-0.00027244000,2.60000,2.48000
-0.00027240000,2.48000,2.36000
-0.00027236000,2.64000,2.48000
-0.00027232000,2.64000,2.48000
-0.00027228000,2.52000,2.40000
-0.00027224000,2.60000,2.44000
-0.00027220000,2.56000,2.44000
-0.00027216000,2.52000,2.44000
-0.00027212000,2.64000,2.48000
-0.00027208000,2.60000,2.44000
-0.00027204000,2.52000,2.36000
-0.00027200000,2.60000,2.48000
-0.00027196000,2.56000,2.44000
-0.00027192000,2.56000,2.44000
-0.00027188000,2.64000,2.52000
-0.00027184000,2.60000,2.48000
-0.00027180000,2.64000,2.48000
-0.00027176000,2.64000,2.52000
-0.00027172000,2.44000,2.32000
-0.00027168000,2.52000,2.32000
-0.00027164000,2.60000,2.44000
-0.00027160000,2.56000,2.44000
-0.00027155997,2.56000,2.48000
-0.00027152000,2.60000,2.44000
-0.00027148000,2.52000,2.40000
-0.00027144000,2.68000,2.48000
-0.00027140000,2.56000,2.44000
-0.00027136000,2.60000,2.44000
-0.00027132000,2.60000,2.48000
-0.00027128000,2.56000,2.44000
-0.00027124000,2.60000,2.44000
-0.00027120000,2.56000,2.44000
-0.00027116000,2.56000,2.44000
-0.00027112000,2.56000,2.44000
-0.00027108000,2.56000,2.44000
-0.00027104000,2.64000,2.48000
-0.00027100000,2.60000,2.48000
-0.00027096000,2.56000,2.44000
-0.00027092000,2.52000,2.44000
-0.00027088000,2.56000,2.40000
-0.00027083997,2.56000,2.48000
-0.00027080000,2.56000,2.44000
-0.00027076000,2.56000,2.48000
-0.00027072000,2.60000,2.44000
-0.00027068000,2.56000,2.44000
-0.00027064000,2.60000,2.48000
-0.00027060000,2.56000,2.44000
-0.00027056000,2.56000,2.44000
-0.00027052000,2.60000,2.48000
-0.00027048000,2.56000,2.44000
-0.00027044000,2.60000,2.48000
-0.00027040000,2.56000,2.44000
-0.00027036000,2.56000,2.48000
-0.00027032000,2.60000,2.44000
-0.00027028000,2.56000,2.44000
-0.00027024000,2.60000,2.44000
-0.00027020000,2.60000,2.44000
-0.00027016000,2.56000,2.44000
-0.00027012000,2.60000,2.48000
-0.00027008000,2.56000,2.44000
-0.00027004000,2.56000,2.48000
-0.00027000000,2.60000,2.44000
-0.00026996000,2.56000,2.44000
-0.00026992000,2.60000,2.48000
-0.00026988000,2.56000,2.44000
-0.00026984000,2.56000,2.44000
-0.00026980000,2.60000,2.48000
-0.00026976000,2.56000,2.44000
-0.00026972000,2.56000,2.44000
-0.00026968000,2.60000,2.48000
-0.00026964000,2.56000,2.44000
-0.00026960000,2.56000,2.44000
-0.00026956000,2.56000,2.44000
-0.00026952000,2.56000,2.44000
-0.00026948000,2.56000,2.44000
-0.00026944000,2.56000,2.44000
-0.00026940000,2.56000,2.44000
-0.00026936000,2.60000,2.44000
-0.00026932000,2.56000,2.44000
-0.00026928000,2.60000,2.44000
-0.00026924000,2.56000,2.44000
-0.00026920000,2.60000,2.48000
-0.00026916000,2.60000,2.44000
-0.00026912000,2.56000,2.44000
-0.00026908000,2.60000,2.48000
-0.00026904000,2.56000,2.44000
-0.00026900000,2.56000,2.44000
-0.00026896000,2.56000,2.44000
-0.00026892000,2.60000,2.44000
-0.00026888000,2.56000,2.44000
-0.00026884000,2.56000,2.44000
-0.00026880000,2.60000,2.48000
-0.00026876000,2.56000,2.44000
-0.00026872000,2.68000,2.52000
-0.00026868000,2.56000,2.48000
-0.00026864000,2.48000,2.44000
-0.00026860000,2.48000,2.36000
-0.00026856000,2.52000,2.40000
-0.00026852000,2.60000,2.44000
-0.00026848000,2.56000,2.48000
-0.00026844000,2.56000,2.44000
-0.00026840000,2.56000,2.44000
-0.00026836000,2.56000,2.44000
-0.00026832000,2.60000,2.48000
-0.00026828000,2.60000,2.48000
-0.00026824000,2.56000,2.44000
-0.00026820000,2.56000,2.44000
-0.00026816000,2.60000,2.44000
-0.00026812000,2.56000,2.44000
-0.00026808000,2.60000,2.44000
-0.00026804000,2.56000,2.44000
-0.00026800000,2.56000,2.44000
-0.00026796000,2.60000,2.44000
-0.00026792000,2.64000,2.48000
-0.00026788000,2.60000,2.48000
-0.00026784000,2.52000,2.44000
-0.00026780000,2.56000,2.44000
-0.00026775997,2.56000,2.44000
-0.00026772000,2.56000,2.48000
-0.00026768000,2.56000,2.44000
-0.00026764000,2.56000,2.44000
-0.00026760000,2.56000,2.44000
-0.00026756000,2.60000,2.44000
-0.00026752000,2.60000,2.44000
-0.00026748000,2.56000,2.44000
-0.00026744000,2.56000,2.44000
-0.00026740000,2.56000,2.44000
-0.00026736000,2.60000,2.44000
-0.00026732000,2.56000,2.44000
-0.00026728000,2.60000,2.44000
-0.00026724000,2.56000,2.48000
-0.00026720000,2.56000,2.44000
-0.00026716000,2.60000,2.44000
-0.00026712000,2.60000,2.44000
-0.00026708000,2.56000,2.44000
-0.00026704000,2.56000,2.44000
-0.00026700000,2.60000,2.44000
-0.00026696000,2.56000,2.44000
-0.00026692000,2.60000,2.44000
-0.00026688000,2.56000,2.44000
-0.00026684000,2.56000,2.44000
-0.00026680000,2.56000,2.44000
-0.00026676000,2.56000,2.44000
-0.00026672000,2.56000,2.44000
-0.00026668000,2.60000,2.48000
-0.00026664000,2.56000,2.44000
-0.00026660000,2.56000,2.44000
-0.00026656000,2.56000,2.44000
-0.00026652000,2.60000,2.48000
-0.00026648000,2.56000,2.44000
-0.00026644000,2.56000,2.44000
-0.00026640000,2.56000,2.44000
-0.00026636000,2.56000,2.44000
-0.00026632000,2.56000,2.44000
-0.00026628000,2.56000,2.44000
-0.00026624000,2.56000,2.44000
-0.00026620000,2.56000,2.44000
-0.00026616000,2.60000,2.44000
-0.00026612000,2.56000,2.44000
-0.00026608000,2.56000,2.44000
-0.00026604000,2.56000,2.44000
-0.00026600000,2.60000,2.48000
-0.00026596000,2.56000,2.44000
-0.00026592000,2.56000,2.44000
-0.00026588000,2.60000,2.48000
-0.00026584000,2.56000,2.44000
-0.00026580000,2.60000,2.44000
-0.00026576000,2.56000,2.48000
-0.00026572000,2.56000,2.44000
-0.00026568000,2.60000,2.44000
-0.00026564000,2.64000,2.48000
-0.00026560000,2.64000,2.52000
-0.00026556000,2.56000,2.48000
-0.00026552000,2.48000,2.44000
-0.00026548000,2.56000,2.44000
-0.00026544000,2.64000,2.48000
-0.00026540000,2.60000,2.48000
-0.00026536000,2.56000,2.44000
-0.00026532000,2.56000,2.44000
-0.00026528000,2.60000,2.44000
-0.00026524000,2.56000,2.44000
-0.00026520000,2.60000,2.48000
-0.00026516000,2.56000,2.48000
-0.00026512000,2.56000,2.44000
-0.00026508000,2.56000,2.44000
-0.00026504000,2.60000,2.48000
-0.00026500000,2.56000,2.44000
-0.00026496000,2.64000,2.52000
-0.00026492000,2.52000,2.40000
-0.00026488000,2.56000,2.44000
-0.00026484000,2.56000,2.44000
-0.00026480000,2.64000,2.48000
-0.00026476000,2.60000,2.48000
-0.00026472000,2.52000,2.44000
-0.00026467997,2.64000,2.48000
-0.00026464000,2.56000,2.40000
-0.00026460000,2.64000,2.48000
-0.00026456000,2.52000,2.40000
-0.00026452000,2.56000,2.44000
-0.00026448000,2.56000,2.44000
-0.00026444000,2.60000,2.44000
-0.00026440000,2.56000,2.44000
-0.00026436000,2.60000,2.48000
-0.00026432000,2.56000,2.44000
-0.00026428000,2.56000,2.44000
-0.00026424000,2.56000,2.44000
-0.00026420000,2.56000,2.44000
-0.00026416000,2.60000,2.48000
-0.00026412000,2.56000,2.44000
-0.00026408000,2.56000,2.44000
-0.00026404000,2.56000,2.44000
-0.00026400000,2.60000,2.48000
-0.00026395997,2.56000,2.44000
-0.00026392000,2.60000,2.48000
-0.00026388000,2.56000,2.44000
-0.00026384000,2.60000,2.48000
-0.00026380000,2.56000,2.44000
-0.00026376000,2.60000,2.44000
-0.00026372000,2.44000,2.36000
-0.00026368000,2.84000,2.72000
-0.00026364000,2.28000,2.20000
-0.00026360000,2.72000,2.64000
-0.00026356000,2.48000,2.32000
-0.00026352000,2.52000,2.36000
-0.00026348000,2.56000,2.48000
-0.00026344000,2.72000,2.56000
-0.00026340000,2.32000,2.28000
-0.00026336000,2.76000,2.64000
-0.00026332000,2.44000,2.28000
-0.00026328000,2.52000,2.40000
-0.00026324000,2.64000,2.48000
-0.00026320000,2.56000,2.44000
-0.00026316000,2.52000,2.44000
-0.00026312000,2.64000,2.48000
-0.00026308000,2.56000,2.44000
-0.00026304000,2.52000,2.40000
-0.00026300000,2.60000,2.48000
-0.00026296000,2.56000,2.44000
-0.00026292000,2.56000,2.44000
-0.00026288000,2.64000,2.48000
-0.00026284000,2.60000,2.44000
-0.00026280000,2.52000,2.44000
-0.00026276000,2.64000,2.48000
-0.00026272000,2.56000,2.44000
-0.00026268000,2.56000,2.44000
-0.00026264000,2.64000,2.48000
-0.00026260000,2.60000,2.48000
-0.00026256000,2.68000,2.48000
-0.00026252000,2.60000,2.48000
-0.00026248000,2.48000,2.36000
-0.00026244000,2.48000,2.32000
-0.00026240000,2.56000,2.44000
-0.00026236000,2.60000,2.48000
-0.00026232000,2.56000,2.48000
-0.00026228000,2.56000,2.44000
-0.00026224000,2.56000,2.44000
-0.00026220000,2.60000,2.44000
-0.00026216000,2.60000,2.44000
-0.00026212002,2.56000,2.48000
-0.00026208000,2.56000,2.44000
-0.00026204000,2.56000,2.44000
-0.00026199998,2.56000,2.44000
-0.00026196000,2.56000,2.44000
-0.00026192002,2.60000,2.44000
-0.00026187998,2.56000,2.44000
-0.00026184000,2.56000,2.44000
-0.00026179998,2.56000,2.40000
-0.00026176000,2.60000,2.44000
-0.00026172002,2.56000,2.48000
-0.00026167998,2.56000,2.44000
-0.00026164000,2.56000,2.44000
-0.00026160002,2.56000,2.44000
-0.00026156000,2.60000,2.44000
-0.00026152000,2.56000,2.44000
-0.00026147998,2.56000,2.44000
-0.00026144000,2.56000,2.44000
-0.00026140002,2.56000,2.44000
-0.00026136000,2.56000,2.44000
-0.00026132000,2.56000,2.44000
-0.00026127998,2.56000,2.44000
-0.00026124000,2.60000,2.44000
-0.00026120002,2.56000,2.44000
-0.00026115998,2.60000,2.44000
-0.00026112000,2.56000,2.44000
-0.00026107998,2.60000,2.44000
-0.00026104000,2.56000,2.44000
-0.00026100002,2.56000,2.44000
-0.00026095998,2.60000,2.44000
-0.00026092000,2.56000,2.44000
-0.00026087998,2.56000,2.44000
-0.00026084000,2.56000,2.44000
-0.00026080000,2.56000,2.44000
-0.00026075998,2.56000,2.44000
-0.00026072000,2.56000,2.44000
-0.00026068002,2.56000,2.44000
-0.00026064000,2.60000,2.44000
-0.00026060000,2.56000,2.44000
-0.00026055998,2.56000,2.44000
-0.00026052000,2.60000,2.44000
-0.00026048002,2.56000,2.48000
-0.00026044000,2.56000,2.44000
-0.00026040000,2.56000,2.44000
-0.00026035998,2.56000,2.44000
-0.00026032000,2.56000,2.44000
-0.00026028002,2.56000,2.44000
-0.00026023998,2.56000,2.48000
-0.00026020000,2.56000,2.44000
-0.00026015998,2.56000,2.44000
-0.00026012000,2.60000,2.48000
-0.00026008000,2.56000,2.44000
-0.00026003998,2.60000,2.44000
-0.00026000000,2.56000,2.44000
-0.00025996002,2.60000,2.44000
-0.00025992000,2.56000,2.44000
-0.00025988000,2.56000,2.44000
-0.00025983998,2.56000,2.44000
-0.00025980000,2.60000,2.44000
-0.00025976002,2.56000,2.44000
-0.00025972000,2.60000,2.44000
-0.00025968000,2.60000,2.44000
-0.00025963998,2.56000,2.44000
-0.00025960000,2.56000,2.48000
-0.00025956002,2.56000,2.44000
-0.00025951998,2.56000,2.36000
-0.00025948000,2.60000,2.44000
-0.00025943998,2.64000,2.52000
-0.00025940000,2.60000,2.52000
-0.00025936000,2.52000,2.44000
-0.00025931998,2.52000,2.44000
-0.00025928000,2.64000,2.44000
-0.00025924002,2.60000,2.44000
-0.00025920000,2.56000,2.44000
-0.00025916000,2.56000,2.44000
-0.00025911998,2.56000,2.44000
-0.00025908000,2.56000,2.44000
-0.00025904002,2.60000,2.44000
-0.00025900000,2.60000,2.44000
-0.00025896000,2.56000,2.44000
-0.00025891998,2.56000,2.44000
-0.00025888000,2.56000,2.44000
-0.00025884002,2.60000,2.48000
-0.00025879998,2.56000,2.44000
-0.00025876000,2.56000,2.44000
-0.00025871998,2.56000,2.40000
-0.00025868000,2.56000,2.44000
-0.00025864002,2.64000,2.48000
-0.00025859998,2.60000,2.48000
-0.00025856000,2.56000,2.44000
-0.00025852002,2.60000,2.44000
-0.00025848000,2.56000,2.44000
-0.00025844000,2.56000,2.44000
-0.00025839998,2.60000,2.44000
-0.00025836000,2.56000,2.44000
-0.00025832002,2.60000,2.44000
-0.00025828000,2.56000,2.44000
-0.00025824000,2.60000,2.44000
-0.00025819998,2.56000,2.44000
-0.00025816000,2.56000,2.44000
-0.00025812002,2.56000,2.44000
-0.00025807998,2.56000,2.44000
-0.00025804000,2.56000,2.44000
-0.00025799998,2.64000,2.48000
-0.00025796000,2.56000,2.40000
-0.00025792002,2.56000,2.48000
-0.00025787998,2.64000,2.48000
-0.00025784000,2.52000,2.40000
-0.00025779998,2.64000,2.48000
-0.00025776000,2.56000,2.40000
-0.00025772000,2.60000,2.44000
-0.00025767998,2.60000,2.44000
-0.00025764000,2.56000,2.44000
-0.00025760002,2.56000,2.44000
-0.00025756000,2.60000,2.48000
-0.00025752000,2.56000,2.44000
-0.00025747998,2.56000,2.44000
-0.00025744000,2.60000,2.44000
-0.00025740002,2.56000,2.44000
-0.00025736000,2.56000,2.44000
-0.00025732000,2.56000,2.44000
-0.00025727998,2.56000,2.44000
-0.00025724000,2.56000,2.44000
-0.00025720002,2.60000,2.44000
-0.00025715998,2.56000,2.44000
-0.00025712000,2.56000,2.44000
-0.00025707998,2.56000,2.48000
-0.00025704000,2.56000,2.44000
-0.00025700000,2.56000,2.44000
-0.00025695998,2.60000,2.44000
-0.00025692000,2.60000,2.44000
-0.00025688002,2.56000,2.44000
-0.00025684000,2.60000,2.44000
-0.00025680000,2.56000,2.44000
-0.00025675998,2.56000,2.44000
-0.00025672000,2.60000,2.44000
-0.00025668002,2.56000,2.44000
-0.00025664000,2.56000,2.44000
-0.00025660000,2.56000,2.44000
-0.00025655998,2.56000,2.44000
-0.00025652000,2.56000,2.44000
-0.00025648002,2.60000,2.44000
-0.00025643998,2.52000,2.32000
-0.00025640000,2.64000,2.44000
-0.00025635998,2.60000,2.48000
-0.00025632000,2.64000,2.56000
-0.00025628000,2.56000,2.48000
-0.00025623998,2.52000,2.40000
-0.00025620000,2.64000,2.48000
-0.00025616002,2.60000,2.44000
-0.00025612000,2.56000,2.48000
-0.00025608000,2.56000,2.44000
-0.00025603998,2.52000,2.44000
-0.00025600000,2.56000,2.44000
-0.00025596002,2.60000,2.48000
-0.00025592000,2.60000,2.48000
-0.00025588000,2.60000,2.44000
-0.00025583998,2.56000,2.44000
-0.00025580000,2.56000,2.40000
-0.00025576002,2.56000,2.48000
-0.00025571998,2.60000,2.48000
-0.00025568000,2.60000,2.44000
-0.00025563998,2.52000,2.40000
-0.00025560000,2.56000,2.44000
-0.00025556000,2.64000,2.48000
-0.00025551998,2.64000,2.48000
-0.00025548000,2.56000,2.44000
-0.00025544002,2.56000,2.44000
-0.00025540000,2.56000,2.44000
-0.00025536000,2.56000,2.44000
-0.00025531998,2.56000,2.48000
-0.00025528000,2.56000,2.44000
-0.00025524002,2.56000,2.44000
-0.00025520000,2.64000,2.48000
-0.00025516000,2.56000,2.44000
-0.00025511998,2.60000,2.48000
-0.00025508000,2.60000,2.44000
-0.00025504002,2.56000,2.44000
-0.00025499998,2.60000,2.44000
-0.00025496000,2.56000,2.44000
-0.00025491998,2.56000,2.44000
-0.00025488000,2.64000,2.48000
-0.00025484002,2.56000,2.44000
-0.00025479998,2.56000,2.44000
-0.00025476000,2.60000,2.48000
-0.00025472002,2.56000,2.44000
-0.00025468000,2.56000,2.44000
-0.00025464000,2.60000,2.48000
-0.00025459998,2.56000,2.48000
-0.00025456000,2.56000,2.44000
-0.00025452002,2.60000,2.44000
-0.00025448000,2.48000,2.44000
-0.00025444000,2.84000,2.72000
-0.00025439998,2.32000,2.20000
-0.00025436000,2.72000,2.64000
-0.00025432002,2.48000,2.36000
-0.00025427998,2.52000,2.32000
-0.00025424000,2.60000,2.52000
-0.00025419998,2.72000,2.52000
-0.00025416000,2.36000,2.28000
-0.00025412002,2.72000,2.60000
-0.00025407998,2.44000,2.32000
-0.00025404000,2.52000,2.40000
-0.00025399998,2.60000,2.48000
-0.00025396000,2.60000,2.44000
-0.00025392000,2.56000,2.44000
-0.00025387998,2.64000,2.44000
-0.00025384000,2.60000,2.44000
-0.00025380002,2.52000,2.40000
-0.00025376000,2.60000,2.44000
-0.00025372000,2.56000,2.44000
-0.00025367998,2.56000,2.44000
-0.00025364000,2.64000,2.48000
-0.00025360002,2.60000,2.44000
-0.00025356000,2.52000,2.44000
-0.00025352000,2.60000,2.44000
-0.00025347998,2.56000,2.44000
-0.00025344000,2.56000,2.40000
-0.00025340002,2.60000,2.48000
-0.00025335998,2.56000,2.44000
-0.00025332000,2.52000,2.36000
-0.00025327998,2.64000,2.44000
-0.00025324000,2.64000,2.52000
-0.00025320000,2.64000,2.48000
-0.00025315998,2.60000,2.44000
-0.00025312000,2.60000,2.44000
-0.00025308002,2.60000,2.44000
-0.00025304000,2.60000,2.48000
-0.00025300000,2.56000,2.44000
-0.00025295998,2.52000,2.40000
-0.00025292000,2.56000,2.44000
-0.00025288002,2.60000,2.44000
-0.00025284000,2.56000,2.44000
-0.00025280000,2.60000,2.44000
-0.00025275998,2.56000,2.44000
-0.00025272000,2.56000,2.44000
-0.00025268002,2.60000,2.44000
-0.00025263998,2.60000,2.48000
-0.00025260000,2.60000,2.44000
-0.00025255998,2.52000,2.44000
-0.00025252000,2.56000,2.40000
-0.00025248000,2.60000,2.48000
-0.00025243998,2.64000,2.48000
-0.00025240000,2.60000,2.48000
-0.00025236002,2.56000,2.44000
-0.00025232000,2.60000,2.44000
-0.00025228000,2.60000,2.48000
-0.00025223998,2.56000,2.44000
-0.00025220000,2.60000,2.48000
-0.00025216002,2.56000,2.44000
-0.00025212000,2.56000,2.44000
-0.00025208000,2.60000,2.44000
-0.00025203998,2.60000,2.44000
-0.00025200000,2.60000,2.48000
-0.00025196002,2.52000,2.44000
-0.00025191998,2.56000,2.44000
-0.00025188000,2.52000,2.44000
-0.00025183998,2.60000,2.48000
-0.00025180000,2.56000,2.44000
-0.00025176002,2.56000,2.44000
-0.00025171998,2.56000,2.44000
-0.00025168000,2.56000,2.44000
-0.00025164002,2.56000,2.44000
-0.00025160000,2.56000,2.44000
-0.00025156000,2.60000,2.44000
-0.00025151998,2.56000,2.44000
-0.00025148000,2.60000,2.44000
-0.00025144002,2.56000,2.44000
-0.00025140000,2.60000,2.48000
-0.00025136000,2.56000,2.44000
-0.00025131998,2.60000,2.44000
-0.00025128000,2.56000,2.44000
-0.00025124002,2.56000,2.44000
-0.00025119998,2.56000,2.44000
-0.00025116000,2.56000,2.44000
-0.00025111998,2.56000,2.44000
-0.00025108000,2.60000,2.48000
-0.00025104002,2.56000,2.44000
-0.00025099998,2.56000,2.44000
-0.00025096000,2.60000,2.44000
-0.00025091998,2.56000,2.44000
-0.00025088000,2.56000,2.44000
-0.00025084000,2.56000,2.44000
-0.00025079998,2.56000,2.44000
-0.00025076000,2.56000,2.44000
-0.00025072002,2.60000,2.44000
-0.00025068000,2.60000,2.44000
-0.00025064000,2.56000,2.44000
-0.00025059998,2.60000,2.48000
-0.00025056000,2.56000,2.44000
-0.00025052002,2.56000,2.44000
-0.00025048000,2.60000,2.48000
-0.00025044000,2.56000,2.44000
-0.00025039998,2.60000,2.44000
-0.00025036000,2.56000,2.44000
-0.00025032002,2.56000,2.44000
-0.00025027998,2.60000,2.44000
-0.00025024000,2.64000,2.44000
-0.00025019998,2.64000,2.52000
-0.00025016000,2.60000,2.48000
-0.00025012000,2.52000,2.44000
-0.00025007998,2.52000,2.40000
-0.00025004000,2.60000,2.44000
-0.00025000002,2.60000,2.48000
-0.00024996000,2.56000,2.44000
-0.00024992000,2.56000,2.44000
-0.00024987998,2.56000,2.44000
-0.00024984000,2.60000,2.44000
-0.00024980002,2.60000,2.48000
-0.00024976000,2.56000,2.44000
-0.00024972000,2.56000,2.44000
-0.00024967998,2.56000,2.44000
-0.00024964000,2.60000,2.44000
-0.00024960002,2.60000,2.44000
-0.00024955998,2.56000,2.44000
-0.00024952000,2.56000,2.44000
-0.00024947998,2.56000,2.44000
-0.00024944000,2.52000,2.40000
-0.00024940000,2.60000,2.44000
-0.00024935998,2.64000,2.48000
-0.00024932000,2.56000,2.48000
-0.00024928002,2.56000,2.44000
-0.00024924000,2.56000,2.44000
-0.00024920000,2.60000,2.44000
-0.00024915998,2.60000,2.48000
-0.00024912000,2.56000,2.44000
-0.00024908002,2.56000,2.44000
-0.00024904000,2.56000,2.44000
-0.00024900000,2.60000,2.44000
-0.00024895998,2.56000,2.44000
-0.00024892000,2.56000,2.44000
-0.00024888002,2.56000,2.44000
-0.00024883998,2.60000,2.44000
-0.00024880000,2.56000,2.44000
-0.00024875998,2.60000,2.44000
-0.00024872000,2.56000,2.44000
-0.00024868000,2.56000,2.44000
-0.00024863998,2.56000,2.44000
-0.00024860000,2.56000,2.44000
-0.00024856002,2.64000,2.48000
-0.00024852000,2.56000,2.44000
-0.00024848000,2.60000,2.44000
-0.00024843998,2.56000,2.44000
-0.00024840000,2.56000,2.44000
-0.00024836002,2.60000,2.44000
-0.00024832000,2.56000,2.44000
-0.00024828000,2.56000,2.44000
-0.00024823998,2.56000,2.44000
-0.00024820000,2.56000,2.44000
-0.00024816002,2.56000,2.44000
-0.00024811998,2.56000,2.44000
-0.00024808000,2.60000,2.44000
-0.00024803998,2.56000,2.44000
-0.00024800000,2.56000,2.44000
-0.00024796002,2.56000,2.44000
-0.00024791998,2.56000,2.44000
-0.00024788000,2.60000,2.44000
-0.00024784002,2.60000,2.44000
-0.00024780000,2.56000,2.44000
-0.00024776000,2.56000,2.44000
-0.00024771998,2.56000,2.48000
-0.00024768000,2.56000,2.44000
-0.00024764002,2.64000,2.48000
-0.00024760000,2.60000,2.48000
-0.00024756000,2.56000,2.44000
-0.00024751998,2.56000,2.44000
-0.00024748000,2.56000,2.44000
-0.00024744002,2.60000,2.48000
-0.00024739998,2.60000,2.44000
-0.00024736000,2.60000,2.44000
-0.00024731998,2.56000,2.44000
-0.00024728000,2.56000,2.44000
-0.00024724002,2.60000,2.44000
-0.00024719998,2.52000,2.36000
-0.00024716000,2.52000,2.36000
-0.00024711998,2.64000,2.44000
-0.00024708000,2.68000,2.52000
-0.00024704000,2.64000,2.48000
-0.00024699998,2.56000,2.44000
-0.00024696000,2.56000,2.40000
-0.00024692002,2.60000,2.44000
-0.00024688000,2.60000,2.48000
-0.00024684000,2.56000,2.44000
-0.00024679998,2.56000,2.44000
-0.00024676000,2.56000,2.40000
-0.00024672002,2.56000,2.44000
-0.00024668000,2.60000,2.44000
-0.00024664000,2.60000,2.44000
-0.00024659998,2.56000,2.48000
-0.00024656000,2.60000,2.44000
-0.00024652002,2.56000,2.44000
-0.00024647998,2.56000,2.44000
-0.00024644000,2.60000,2.48000
-0.00024639998,2.56000,2.44000
-0.00024636000,2.56000,2.44000
-0.00024632000,2.60000,2.44000
-0.00024627998,2.60000,2.44000
-0.00024624000,2.56000,2.44000
-0.00024620002,2.56000,2.44000
-0.00024616000,2.56000,2.44000
-0.00024612000,2.60000,2.44000
-0.00024607998,2.60000,2.44000
-0.00024604000,2.56000,2.44000
-0.00024600002,2.60000,2.44000
-0.00024596000,2.56000,2.44000
-0.00024592000,2.60000,2.48000
-0.00024587998,2.56000,2.44000
-0.00024584000,2.56000,2.44000
-0.00024580002,2.56000,2.44000
-0.00024575998,2.56000,2.44000
-0.00024572000,2.56000,2.44000
-0.00024567998,2.56000,2.44000
-0.00024564000,2.56000,2.44000
-0.00024560000,2.56000,2.44000
-0.00024555998,2.56000,2.44000
-0.00024552000,2.56000,2.44000
-0.00024548002,2.56000,2.44000
-0.00024544000,2.56000,2.44000
-0.00024540000,2.60000,2.44000
-0.00024535998,2.56000,2.44000
-0.00024532000,2.56000,2.44000
-0.00024528002,2.60000,2.48000
-0.00024524000,2.44000,2.32000
-0.00024520000,2.84000,2.76000
-0.00024515998,2.28000,2.16000
-0.00024512000,2.72000,2.60000
-0.00024508002,2.48000,2.32000
-0.00024503998,2.52000,2.36000
-0.00024500000,2.52000,2.44000
-0.00024495998,2.76000,2.60000
-0.00024492000,2.32000,2.24000
-0.00024488002,2.72000,2.64000
-0.00024483998,2.48000,2.32000
-0.00024480000,2.52000,2.40000
-0.00024476002,2.64000,2.48000
-0.00024472000,2.56000,2.44000
-0.00024468000,2.52000,2.44000
-0.00024463998,2.64000,2.48000
-0.00024460000,2.60000,2.48000
-0.00024456002,2.52000,2.40000
-0.00024452000,2.60000,2.44000
-0.00024448000,2.56000,2.44000
-0.00024443998,2.56000,2.44000
-0.00024440000,2.60000,2.48000
-0.00024436002,2.60000,2.48000
-0.00024431998,2.52000,2.36000
-0.00024428000,2.64000,2.52000
-0.00024423998,2.56000,2.40000
-0.00024420000,2.56000,2.48000
-0.00024416002,2.56000,2.44000
-0.00024412000,2.52000,2.48000
-0.00024408000,2.52000,2.32000
-0.00024404000,2.56000,2.40000
-0.00024400000,2.72000,2.48000
-0.00024395998,2.56000,2.44000
-0.00024392000,2.64000,2.48000
-0.00024388000,2.52000,2.36000
-0.00024384000,2.60000,2.44000
-0.00024380000,2.60000,2.44000
-0.00024376000,2.60000,2.48000
-0.00024372000,2.52000,2.44000
-0.00024368000,2.56000,2.44000
-0.00024364000,2.56000,2.44000
-0.00024360000,2.56000,2.44000
-0.00024356000,2.60000,2.44000
-0.00024352000,2.60000,2.48000
-0.00024348000,2.56000,2.44000
-0.00024344000,2.56000,2.44000
-0.00024340000,2.56000,2.44000
-0.00024336000,2.56000,2.48000
-0.00024332000,2.56000,2.48000
-0.00024328000,2.56000,2.44000
-0.00024324000,2.56000,2.44000
-0.00024320000,2.60000,2.44000
-0.00024316000,2.56000,2.48000
-0.00024312000,2.56000,2.44000
-0.00024308000,2.56000,2.44000
-0.00024304000,2.60000,2.44000
-0.00024300000,2.60000,2.48000
-0.00024296000,2.56000,2.44000
-0.00024292000,2.56000,2.44000
-0.00024288000,2.56000,2.44000
-0.00024284000,2.56000,2.44000
-0.00024280000,2.56000,2.44000
-0.00024276000,2.60000,2.44000
-0.00024272000,2.56000,2.44000
-0.00024268000,2.56000,2.44000
-0.00024264000,2.60000,2.44000
-0.00024260000,2.60000,2.44000
-0.00024256000,2.60000,2.44000
-0.00024252000,2.56000,2.44000
-0.00024248000,2.56000,2.44000
-0.00024244000,2.60000,2.44000
-0.00024240000,2.56000,2.44000
-0.00024236000,2.56000,2.44000
-0.00024232000,2.56000,2.44000
-0.00024228000,2.56000,2.44000
-0.00024224000,2.60000,2.44000
-0.00024220000,2.60000,2.48000
-0.00024216000,2.56000,2.44000
-0.00024212000,2.56000,2.44000
-0.00024208000,2.56000,2.44000
-0.00024204000,2.56000,2.44000
-0.00024200000,2.60000,2.48000
-0.00024195998,2.56000,2.44000
-0.00024192000,2.56000,2.44000
-0.00024188000,2.56000,2.44000
-0.00024184000,2.56000,2.44000
-0.00024180000,2.60000,2.44000
-0.00024176000,2.56000,2.44000
-0.00024172000,2.56000,2.44000
-0.00024168000,2.60000,2.44000
-0.00024164000,2.56000,2.44000
-0.00024159998,2.56000,2.48000
-0.00024156000,2.56000,2.44000
-0.00024152000,2.56000,2.44000
-0.00024148000,2.56000,2.44000
-0.00024144000,2.56000,2.44000
-0.00024140000,2.56000,2.44000
-0.00024136000,2.60000,2.44000
-0.00024132000,2.56000,2.44000
-0.00024128000,2.56000,2.44000
-0.00024123998,2.56000,2.48000
-0.00024120000,2.56000,2.44000
-0.00024116000,2.56000,2.44000
-0.00024112000,2.60000,2.44000
-0.00024108000,2.56000,2.44000
-0.00024104000,2.52000,2.48000
-0.00024100000,2.48000,2.36000
-0.00024096000,2.52000,2.32000
-0.00024092000,2.64000,2.48000
-0.00024087998,2.64000,2.48000
-0.00024084000,2.56000,2.44000
-0.00024080000,2.56000,2.44000
-0.00024076000,2.56000,2.44000
-0.00024072000,2.60000,2.44000
-0.00024068000,2.60000,2.48000
-0.00024064000,2.56000,2.44000
-0.00024060000,2.56000,2.44000
-0.00024056000,2.56000,2.44000
-0.00024051998,2.56000,2.48000
-0.00024048000,2.56000,2.44000
-0.00024044000,2.56000,2.48000
-0.00024040000,2.56000,2.44000
-0.00024036000,2.56000,2.44000
-0.00024032000,2.60000,2.44000
-0.00024028000,2.56000,2.44000
-0.00024024000,2.56000,2.44000
-0.00024020000,2.56000,2.44000
-0.00024016000,2.64000,2.44000
-0.00024012000,2.60000,2.48000
-0.00024008000,2.60000,2.48000
-0.00024004000,2.56000,2.44000
-0.00024000000,2.60000,2.44000
-0.00023996000,2.60000,2.48000
-0.00023992000,2.56000,2.44000
-0.00023988000,2.56000,2.44000
-0.00023984000,2.56000,2.44000
-0.00023980000,2.56000,2.44000
-0.00023976000,2.60000,2.44000
-0.00023972000,2.56000,2.44000
-0.00023968000,2.60000,2.48000
-0.00023964000,2.56000,2.44000
-0.00023960000,2.56000,2.44000
-0.00023956000,2.56000,2.44000
-0.00023952000,2.56000,2.44000
-0.00023948000,2.56000,2.44000
-0.00023944000,2.60000,2.44000
-0.00023940000,2.56000,2.44000
-0.00023936000,2.56000,2.48000
-0.00023932000,2.60000,2.48000
-0.00023928000,2.60000,2.44000
-0.00023924000,2.56000,2.44000
-0.00023920000,2.56000,2.44000
-0.00023916000,2.60000,2.48000
-0.00023912000,2.56000,2.44000
-0.00023908000,2.56000,2.44000
-0.00023904000,2.56000,2.44000
-0.00023900000,2.56000,2.44000
-0.00023896000,2.60000,2.48000
-0.00023892000,2.60000,2.44000
-0.00023888000,2.56000,2.44000
-0.00023884000,2.60000,2.48000
-0.00023880000,2.56000,2.44000
-0.00023876000,2.56000,2.44000
-0.00023872000,2.60000,2.44000
-0.00023868000,2.56000,2.44000
-0.00023864000,2.56000,2.44000
-0.00023860000,2.60000,2.44000
-0.00023856000,2.56000,2.44000
-0.00023851998,2.56000,2.44000
-0.00023848000,2.56000,2.44000
-0.00023844000,2.56000,2.44000
-0.00023840000,2.60000,2.44000
-0.00023836000,2.56000,2.44000
-0.00023832000,2.56000,2.44000
-0.00023828000,2.64000,2.48000
-0.00023824000,2.52000,2.44000
-0.00023820000,2.56000,2.44000
-0.00023815998,2.60000,2.48000
-0.00023812000,2.56000,2.44000
-0.00023808000,2.56000,2.48000
-0.00023804000,2.56000,2.44000
-0.00023800000,2.56000,2.44000
-0.00023796000,2.60000,2.44000
-0.00023792000,2.68000,2.48000
-0.00023788000,2.60000,2.52000
-0.00023784000,2.52000,2.44000
-0.00023779998,2.52000,2.40000
-0.00023776000,2.52000,2.36000
-0.00023772000,2.56000,2.44000
-0.00023768000,2.60000,2.48000
-0.00023764000,2.56000,2.44000
-0.00023760000,2.56000,2.44000
-0.00023756000,2.60000,2.44000
-0.00023752000,2.60000,2.44000
-0.00023748000,2.60000,2.48000
-0.00023743998,2.56000,2.44000
-0.00023740000,2.56000,2.44000
-0.00023736000,2.56000,2.44000
-0.00023732000,2.56000,2.44000
-0.00023728000,2.60000,2.44000
-0.00023724000,2.56000,2.44000
-0.00023720000,2.56000,2.44000
-0.00023716000,2.56000,2.48000
-0.00023712000,2.52000,2.40000
-0.00023707998,2.60000,2.44000
-0.00023704000,2.56000,2.44000
-0.00023700000,2.60000,2.48000
-0.00023696000,2.56000,2.44000
-0.00023692000,2.56000,2.44000
-0.00023688000,2.56000,2.44000
-0.00023684000,2.60000,2.44000
-0.00023680000,2.60000,2.44000
-0.00023676000,2.56000,2.44000
-0.00023672000,2.56000,2.44000
-0.00023668000,2.56000,2.44000
-0.00023664000,2.56000,2.44000
-0.00023660000,2.60000,2.44000
-0.00023656000,2.60000,2.44000
-0.00023652000,2.56000,2.44000
-0.00023648000,2.56000,2.44000
-0.00023644000,2.56000,2.44000
-0.00023640000,2.56000,2.44000
-0.00023636000,2.60000,2.44000
-0.00023632000,2.56000,2.44000
-0.00023628000,2.56000,2.44000
-0.00023624000,2.56000,2.44000
-0.00023620000,2.56000,2.44000
-0.00023616000,2.60000,2.44000
-0.00023612000,2.60000,2.44000
-0.00023608000,2.56000,2.44000
-0.00023604000,2.60000,2.44000
-0.00023600000,2.40000,2.28000
-0.00023596000,2.84000,2.76000
-0.00023592000,2.32000,2.16000
-0.00023588000,2.60000,2.52000
-0.00023584000,2.56000,2.36000
-0.00023580000,2.56000,2.36000
-0.00023576000,2.48000,2.40000
-0.00023572000,2.84000,2.72000
-0.00023568000,2.32000,2.16000
-0.00023564000,2.76000,2.68000
-0.00023560000,2.48000,2.32000
-0.00023556000,2.52000,2.40000
-0.00023552000,2.60000,2.48000
-0.00023548000,2.64000,2.48000
-0.00023544000,2.52000,2.36000
-0.00023540000,2.68000,2.52000
-0.00023536000,2.60000,2.44000
-0.00023532000,2.52000,2.40000
-0.00023528000,2.60000,2.48000
-0.00023524000,2.60000,2.44000
-0.00023520000,2.56000,2.44000
-0.00023516000,2.64000,2.48000
-0.00023512000,2.60000,2.48000
-0.00023507998,2.52000,2.36000
-0.00023504000,2.60000,2.48000
-0.00023500000,2.56000,2.44000
-0.00023496000,2.56000,2.44000
-0.00023492000,2.60000,2.48000
-0.00023488000,2.60000,2.52000
-0.00023484000,2.52000,2.40000
-0.00023480000,2.52000,2.32000
-0.00023476000,2.60000,2.44000
-0.00023471998,2.60000,2.44000
-0.00023468000,2.56000,2.44000
-0.00023464000,2.56000,2.44000
-0.00023460000,2.56000,2.44000
-0.00023456000,2.64000,2.48000
-0.00023452000,2.64000,2.48000
-0.00023448000,2.56000,2.48000
-0.00023444000,2.56000,2.44000
-0.00023440000,2.56000,2.44000
-0.00023435998,2.60000,2.44000
-0.00023432000,2.60000,2.44000
-0.00023428000,2.60000,2.48000
-0.00023424000,2.56000,2.44000
-0.00023420000,2.56000,2.44000
-0.00023416000,2.56000,2.44000
-0.00023412000,2.64000,2.48000
-0.00023408000,2.64000,2.48000
-0.00023404000,2.60000,2.48000
-0.00023399998,2.52000,2.40000
-0.00023396000,2.56000,2.44000
-0.00023392000,2.56000,2.44000
-0.00023388000,2.60000,2.44000
-0.00023384000,2.60000,2.44000
-0.00023380000,2.56000,2.44000
-0.00023376000,2.60000,2.44000
-0.00023372000,2.64000,2.48000
-0.00023368000,2.52000,2.40000
-0.00023363998,2.68000,2.52000
-0.00023360000,2.48000,2.36000
-0.00023356000,2.64000,2.48000
-0.00023352000,2.60000,2.44000
-0.00023348000,2.56000,2.44000
-0.00023344000,2.60000,2.44000
-0.00023340000,2.60000,2.44000
-0.00023336000,2.56000,2.44000
-0.00023332000,2.56000,2.44000
-0.00023328000,2.56000,2.40000
-0.00023324000,2.56000,2.44000
-0.00023320000,2.60000,2.48000
-0.00023316000,2.60000,2.44000
-0.00023312000,2.56000,2.44000
-0.00023308000,2.60000,2.44000
-0.00023304000,2.56000,2.44000
-0.00023300000,2.56000,2.44000
-0.00023296000,2.60000,2.44000
-0.00023292000,2.60000,2.44000
-0.00023288000,2.56000,2.44000
-0.00023284000,2.56000,2.44000
-0.00023280000,2.56000,2.44000
-0.00023276000,2.56000,2.44000
-0.00023272000,2.60000,2.48000
-0.00023268000,2.56000,2.44000
-0.00023264000,2.56000,2.44000
-0.00023260000,2.60000,2.44000
-0.00023256000,2.56000,2.44000
-0.00023252000,2.56000,2.44000
-0.00023248000,2.56000,2.44000
-0.00023244000,2.56000,2.44000
-0.00023240000,2.56000,2.44000
-0.00023236000,2.60000,2.44000
-0.00023232000,2.56000,2.44000
-0.00023228000,2.56000,2.44000
-0.00023224000,2.56000,2.44000
-0.00023220000,2.56000,2.44000
-0.00023216000,2.56000,2.44000
-0.00023212000,2.56000,2.44000
-0.00023208000,2.56000,2.44000
-0.00023204000,2.56000,2.48000
-0.00023200000,2.56000,2.48000
-0.00023196000,2.56000,2.44000
-0.00023192000,2.56000,2.44000
-0.00023188000,2.60000,2.48000
-0.00023184000,2.56000,2.48000
-0.00023180000,2.68000,2.52000
-0.00023176000,2.52000,2.48000
-0.00023172000,2.48000,2.36000
-0.00023168000,2.52000,2.32000
-0.00023163998,2.56000,2.40000
-0.00023160000,2.60000,2.48000
-0.00023156000,2.52000,2.44000
-0.00023152000,2.56000,2.44000
-0.00023148000,2.56000,2.40000
-0.00023144000,2.60000,2.48000
-0.00023140000,2.64000,2.48000
-0.00023136000,2.56000,2.44000
-0.00023132000,2.60000,2.44000
-0.00023127998,2.56000,2.40000
-0.00023124000,2.60000,2.44000
-0.00023120000,2.56000,2.44000
-0.00023116000,2.60000,2.48000
-0.00023112000,2.52000,2.40000
-0.00023108000,2.56000,2.44000
-0.00023104000,2.64000,2.44000
-0.00023100000,2.64000,2.48000
-0.00023096000,2.60000,2.44000
-0.00023091998,2.56000,2.44000
-0.00023088000,2.56000,2.44000
-0.00023084000,2.64000,2.48000
-0.00023080000,2.60000,2.44000
-0.00023076000,2.56000,2.44000
-0.00023072000,2.56000,2.44000
-0.00023068000,2.56000,2.44000
-0.00023064000,2.60000,2.44000
-0.00023060000,2.56000,2.44000
-0.00023055998,2.60000,2.44000
-0.00023052000,2.56000,2.44000
-0.00023048000,2.56000,2.44000
-0.00023044000,2.56000,2.44000
-0.00023040000,2.56000,2.44000
-0.00023036000,2.60000,2.48000
-0.00023032000,2.60000,2.48000
-0.00023028000,2.56000,2.44000
-0.00023024000,2.56000,2.44000
-0.00023019998,2.60000,2.44000
-0.00023016000,2.56000,2.40000
-0.00023012000,2.64000,2.48000
-0.00023008000,2.56000,2.44000
-0.00023004000,2.56000,2.44000
-0.00023000000,2.60000,2.44000
-0.00022996000,2.60000,2.44000
-0.00022992000,2.56000,2.44000
-0.00022988000,2.64000,2.44000
-0.00022984000,2.56000,2.44000
-0.00022980000,2.56000,2.44000
-0.00022976000,2.64000,2.44000
-0.00022972000,2.56000,2.44000
-0.00022968000,2.56000,2.44000
-0.00022964000,2.56000,2.44000
-0.00022960000,2.56000,2.44000
-0.00022956000,2.56000,2.44000
-0.00022952000,2.60000,2.44000
-0.00022948000,2.60000,2.44000
-0.00022944000,2.56000,2.44000
-0.00022940000,2.60000,2.44000
-0.00022936000,2.56000,2.44000
-0.00022932000,2.60000,2.44000
-0.00022928000,2.60000,2.44000
-0.00022924000,2.56000,2.44000
-0.00022920000,2.56000,2.44000
-0.00022916000,2.60000,2.44000
-0.00022912000,2.56000,2.44000
-0.00022908000,2.60000,2.44000
-0.00022904000,2.56000,2.44000
-0.00022900000,2.56000,2.44000
-0.00022896000,2.60000,2.44000
-0.00022892000,2.56000,2.44000
-0.00022888000,2.56000,2.44000
-0.00022884000,2.60000,2.44000
-0.00022880000,2.56000,2.44000
-0.00022876000,2.60000,2.44000
-0.00022872000,2.64000,2.48000
-0.00022868000,2.64000,2.52000
-0.00022864000,2.52000,2.48000
-0.00022860000,2.48000,2.40000
-0.00022856000,2.52000,2.40000
-0.00022852000,2.60000,2.48000
-0.00022848000,2.64000,2.48000
-0.00022844000,2.56000,2.44000
-0.00022840000,2.56000,2.44000
-0.00022836000,2.60000,2.44000
-0.00022832000,2.56000,2.44000
-0.00022828000,2.60000,2.48000
-0.00022824000,2.56000,2.44000
-0.00022819998,2.56000,2.44000
-0.00022816000,2.56000,2.44000
-0.00022812000,2.60000,2.44000
-0.00022808000,2.60000,2.44000
-0.00022804000,2.56000,2.44000
-0.00022800000,2.60000,2.44000
-0.00022796000,2.52000,2.36000
-0.00022792000,2.56000,2.44000
-0.00022788000,2.60000,2.48000
-0.00022783998,2.60000,2.48000
-0.00022780000,2.60000,2.48000
-0.00022776000,2.56000,2.44000
-0.00022772000,2.60000,2.44000
-0.00022768000,2.56000,2.44000
-0.00022764000,2.56000,2.44000
-0.00022760000,2.56000,2.44000
-0.00022756000,2.56000,2.44000
-0.00022752000,2.60000,2.44000
-0.00022747998,2.60000,2.44000
-0.00022744000,2.56000,2.44000
-0.00022740000,2.56000,2.44000
-0.00022736000,2.60000,2.44000
-0.00022732000,2.56000,2.44000
-0.00022728000,2.60000,2.44000
-0.00022724000,2.56000,2.44000
-0.00022720000,2.56000,2.44000
-0.00022716000,2.56000,2.44000
-0.00022711998,2.60000,2.44000
-0.00022708000,2.60000,2.44000
-0.00022704000,2.56000,2.44000
-0.00022700000,2.60000,2.44000
-0.00022696000,2.56000,2.44000
-0.00022692000,2.60000,2.44000
-0.00022688000,2.60000,2.44000
-0.00022684000,2.56000,2.44000
-0.00022680000,2.56000,2.44000
-0.00022675998,2.48000,2.32000
-0.00022672000,2.72000,2.72000
-0.00022668000,2.52000,2.24000
-0.00022664000,2.52000,2.44000
-0.00022660000,2.68000,2.44000
-0.00022656000,2.52000,2.44000
-0.00022652000,2.48000,2.32000
-0.00022648000,2.80000,2.72000
-0.00022644000,2.36000,2.20000
-0.00022640000,2.72000,2.68000
-0.00022636000,2.56000,2.40000
-0.00022632000,2.52000,2.40000
-0.00022628000,2.56000,2.44000
-0.00022624000,2.60000,2.48000
-0.00022620000,2.52000,2.36000
-0.00022616000,2.68000,2.56000
-0.00022612000,2.56000,2.44000
-0.00022608000,2.52000,2.40000
-0.00022604000,2.56000,2.44000
-0.00022600000,2.56000,2.44000
-0.00022596000,2.56000,2.44000
-0.00022592000,2.60000,2.48000
-0.00022588000,2.60000,2.44000
-0.00022584000,2.56000,2.40000
-0.00022580000,2.56000,2.44000
-0.00022576000,2.56000,2.48000
-0.00022572000,2.56000,2.44000
-0.00022568000,2.64000,2.48000
-0.00022564000,2.68000,2.48000
-0.00022560000,2.64000,2.48000
-0.00022556000,2.56000,2.48000
-0.00022552000,2.48000,2.40000
-0.00022548000,2.52000,2.40000
-0.00022544000,2.56000,2.44000
-0.00022540000,2.64000,2.48000
-0.00022536000,2.56000,2.44000
-0.00022532000,2.56000,2.44000
-0.00022528000,2.60000,2.44000
-0.00022524000,2.56000,2.44000
-0.00022520000,2.60000,2.48000
-0.00022516000,2.56000,2.44000
-0.00022512000,2.56000,2.44000
-0.00022508000,2.56000,2.44000
-0.00022504000,2.56000,2.44000
-0.00022500000,2.56000,2.44000
-0.00022496000,2.56000,2.44000
-0.00022492000,2.56000,2.44000
-0.00022488000,2.56000,2.44000
-0.00022484000,2.56000,2.44000
-0.00022480000,2.56000,2.44000
-0.00022475998,2.60000,2.44000
-0.00022472000,2.56000,2.44000
-0.00022468000,2.56000,2.44000
-0.00022464000,2.56000,2.44000
-0.00022460000,2.56000,2.44000
-0.00022456000,2.64000,2.44000
-0.00022452000,2.56000,2.44000
-0.00022448000,2.56000,2.44000
-0.00022444000,2.56000,2.44000
-0.00022439998,2.56000,2.44000
-0.00022436000,2.56000,2.44000
-0.00022432000,2.60000,2.44000
-0.00022428000,2.56000,2.44000
-0.00022424000,2.60000,2.48000
-0.00022420000,2.56000,2.44000
-0.00022416000,2.56000,2.44000
-0.00022412000,2.60000,2.44000
-0.00022408000,2.60000,2.44000
-0.00022403998,2.56000,2.44000
-0.00022400000,2.56000,2.44000
-0.00022396000,2.60000,2.44000
-0.00022392000,2.56000,2.44000
-0.00022388000,2.60000,2.44000
-0.00022384000,2.56000,2.48000
-0.00022380000,2.56000,2.44000
-0.00022376000,2.56000,2.44000
-0.00022372000,2.64000,2.48000
-0.00022367998,2.56000,2.40000
-0.00022364000,2.60000,2.48000
-0.00022360000,2.56000,2.44000
-0.00022356000,2.60000,2.48000
-0.00022352000,2.56000,2.44000
-0.00022348000,2.64000,2.48000
-0.00022344000,2.56000,2.44000
-0.00022340000,2.56000,2.44000
-0.00022336000,2.64000,2.48000
-0.00022331998,2.52000,2.40000
-0.00022328000,2.60000,2.44000
-0.00022324000,2.56000,2.44000
-0.00022320000,2.56000,2.44000
-0.00022316000,2.56000,2.44000
-0.00022312000,2.64000,2.44000
-0.00022308000,2.56000,2.44000
-0.00022304000,2.60000,2.44000
-0.00022300000,2.56000,2.44000
-0.00022296000,2.60000,2.48000
-0.00022292000,2.56000,2.44000
-0.00022288000,2.56000,2.44000
-0.00022284000,2.56000,2.44000
-0.00022280000,2.56000,2.44000
-0.00022276000,2.60000,2.44000
-0.00022272000,2.60000,2.44000
-0.00022268000,2.56000,2.44000
-0.00022264000,2.56000,2.44000
-0.00022260000,2.56000,2.48000
-0.00022256000,2.52000,2.36000
-0.00022252000,2.56000,2.40000
-0.00022248000,2.64000,2.44000
-0.00022244000,2.64000,2.48000
-0.00022240000,2.56000,2.44000
-0.00022236000,2.56000,2.44000
-0.00022232000,2.56000,2.44000
-0.00022228000,2.60000,2.44000
-0.00022224000,2.60000,2.48000
-0.00022220000,2.56000,2.44000
-0.00022216000,2.56000,2.44000
-0.00022212000,2.60000,2.44000
-0.00022208000,2.56000,2.44000
-0.00022204000,2.64000,2.48000
-0.00022200000,2.60000,2.44000
-0.00022196000,2.52000,2.44000
-0.00022192000,2.60000,2.44000
-0.00022188000,2.60000,2.44000
-0.00022184000,2.64000,2.48000
-0.00022180000,2.64000,2.48000
-0.00022176000,2.56000,2.44000
-0.00022172000,2.52000,2.44000
-0.00022168000,2.56000,2.44000
-0.00022164000,2.56000,2.44000
-0.00022160000,2.60000,2.48000
-0.00022156000,2.56000,2.44000
-0.00022152000,2.56000,2.44000
-0.00022148000,2.60000,2.44000
-0.00022144000,2.64000,2.44000
-0.00022140000,2.56000,2.44000
-0.00022136000,2.56000,2.44000
-0.00022131998,2.60000,2.44000
-0.00022128000,2.56000,2.44000
-0.00022124000,2.60000,2.44000
-0.00022120000,2.60000,2.44000
-0.00022116000,2.56000,2.44000
-0.00022112000,2.60000,2.44000
-0.00022108000,2.56000,2.44000
-0.00022104000,2.60000,2.44000
-0.00022100000,2.56000,2.44000
-0.00022095998,2.60000,2.44000
-0.00022092000,2.56000,2.44000
-0.00022088000,2.56000,2.44000
-0.00022084000,2.56000,2.44000
-0.00022080000,2.56000,2.44000
-0.00022076000,2.60000,2.48000
-0.00022072000,2.56000,2.40000
-0.00022068000,2.68000,2.48000
-0.00022064000,2.52000,2.40000
-0.00022059998,2.60000,2.48000
-0.00022056000,2.56000,2.44000
-0.00022052000,2.56000,2.44000
-0.00022048000,2.60000,2.44000
-0.00022044000,2.56000,2.44000
-0.00022040000,2.56000,2.44000
-0.00022036000,2.60000,2.44000
-0.00022032000,2.56000,2.44000
-0.00022028000,2.56000,2.44000
-0.00022023998,2.56000,2.44000
-0.00022020000,2.56000,2.44000
-0.00022016000,2.60000,2.44000
-0.00022012000,2.56000,2.44000
-0.00022008000,2.60000,2.48000
-0.00022004000,2.56000,2.44000
-0.00022000000,2.60000,2.44000
-0.00021996000,2.56000,2.44000
-0.00021992000,2.60000,2.44000
-0.00021987998,2.56000,2.44000
-0.00021984000,2.56000,2.44000
-0.00021980000,2.56000,2.44000
-0.00021976000,2.60000,2.48000
-0.00021972000,2.56000,2.44000
-0.00021968000,2.56000,2.44000
-0.00021964000,2.56000,2.44000
-0.00021960000,2.56000,2.48000
-0.00021956000,2.60000,2.48000
-0.00021952000,2.68000,2.52000
-0.00021948000,2.56000,2.48000
-0.00021944000,2.48000,2.40000
-0.00021940000,2.48000,2.32000
-0.00021936000,2.56000,2.44000
-0.00021932000,2.60000,2.48000
-0.00021928000,2.56000,2.48000
-0.00021924000,2.56000,2.44000
-0.00021920000,2.56000,2.44000
-0.00021916000,2.60000,2.44000
-0.00021912000,2.64000,2.48000
-0.00021908000,2.60000,2.44000
-0.00021904000,2.56000,2.44000
-0.00021900000,2.56000,2.44000
-0.00021896000,2.56000,2.44000
-0.00021892000,2.60000,2.44000
-0.00021888000,2.56000,2.44000
-0.00021884000,2.56000,2.48000
-0.00021880000,2.56000,2.44000
-0.00021876000,2.56000,2.44000
-0.00021872000,2.56000,2.44000
-0.00021868000,2.64000,2.48000
-0.00021864000,2.60000,2.48000
-0.00021860000,2.56000,2.48000
-0.00021856000,2.56000,2.44000
-0.00021852000,2.56000,2.44000
-0.00021848000,2.60000,2.44000
-0.00021844000,2.60000,2.44000
-0.00021840000,2.56000,2.44000
-0.00021836000,2.56000,2.44000
-0.00021832000,2.56000,2.44000
-0.00021828000,2.56000,2.44000
-0.00021824000,2.56000,2.44000
-0.00021820000,2.60000,2.44000
-0.00021816000,2.56000,2.44000
-0.00021812000,2.56000,2.44000
-0.00021808000,2.56000,2.44000
-0.00021804000,2.56000,2.44000
-0.00021800000,2.56000,2.44000
-0.00021796000,2.56000,2.44000
-0.00021792000,2.56000,2.44000
-0.00021788000,2.56000,2.44000
-0.00021784000,2.60000,2.48000
-0.00021780000,2.56000,2.44000
-0.00021776000,2.56000,2.44000
-0.00021772000,2.60000,2.44000
-0.00021768000,2.56000,2.44000
-0.00021764000,2.60000,2.48000
-0.00021760000,2.56000,2.44000
-0.00021756000,2.56000,2.44000
-0.00021751998,2.56000,2.36000
-0.00021748000,2.64000,2.60000
-0.00021744000,2.72000,2.48000
-0.00021740000,2.40000,2.32000
-0.00021736000,2.72000,2.60000
-0.00021732000,2.52000,2.40000
-0.00021728000,2.48000,2.32000
-0.00021724000,2.72000,2.68000
-0.00021720000,2.52000,2.32000
-0.00021715998,2.56000,2.52000
-0.00021712000,2.68000,2.52000
-0.00021708000,2.44000,2.36000
-0.00021704000,2.52000,2.40000
-0.00021700000,2.64000,2.52000
-0.00021696000,2.52000,2.36000
-0.00021692000,2.64000,2.52000
-0.00021688000,2.60000,2.44000
-0.00021684000,2.56000,2.44000
-0.00021679998,2.56000,2.44000
-0.00021676000,2.60000,2.44000
-0.00021672000,2.56000,2.44000
-0.00021668000,2.56000,2.44000
-0.00021664000,2.60000,2.48000
-0.00021660000,2.56000,2.44000
-0.00021656000,2.56000,2.44000
-0.00021652000,2.56000,2.44000
-0.00021648000,2.52000,2.40000
-0.00021643998,2.48000,2.32000
-0.00021640000,2.64000,2.44000
-0.00021636000,2.68000,2.48000
-0.00021632000,2.64000,2.52000
-0.00021628000,2.56000,2.44000
-0.00021624000,2.56000,2.36000
-0.00021620000,2.56000,2.44000
-0.00021616000,2.60000,2.48000
-0.00021612000,2.56000,2.48000
-0.00021608000,2.56000,2.44000
-0.00021604000,2.56000,2.44000
-0.00021600000,2.56000,2.44000
-0.00021596000,2.56000,2.44000
-0.00021592000,2.60000,2.44000
-0.00021588000,2.56000,2.44000
-0.00021584000,2.56000,2.44000
-0.00021580000,2.56000,2.44000
-0.00021576000,2.56000,2.44000
-0.00021572000,2.60000,2.48000
-0.00021568000,2.60000,2.48000
-0.00021564000,2.56000,2.44000
-0.00021560000,2.56000,2.40000
-0.00021556000,2.56000,2.44000
-0.00021552000,2.56000,2.44000
-0.00021548000,2.56000,2.44000
-0.00021544000,2.56000,2.44000
-0.00021540000,2.56000,2.44000
-0.00021536000,2.60000,2.44000
-0.00021532000,2.56000,2.44000
-0.00021528000,2.56000,2.44000
-0.00021524000,2.60000,2.44000
-0.00021520000,2.56000,2.44000
-0.00021516000,2.60000,2.44000
-0.00021512000,2.56000,2.44000
-0.00021508000,2.56000,2.44000
-0.00021504000,2.60000,2.44000
-0.00021500000,2.56000,2.44000
-0.00021496000,2.56000,2.44000
-0.00021492000,2.56000,2.44000
-0.00021488000,2.56000,2.44000
-0.00021484000,2.56000,2.44000
-0.00021480000,2.56000,2.44000
-0.00021476000,2.56000,2.44000
-0.00021472000,2.60000,2.44000
-0.00021468000,2.56000,2.44000
-0.00021464000,2.56000,2.44000
-0.00021460000,2.56000,2.44000
-0.00021456000,2.56000,2.44000
-0.00021452000,2.56000,2.44000
-0.00021448000,2.56000,2.48000
-0.00021444000,2.56000,2.44000
-0.00021440000,2.64000,2.48000
-0.00021436000,2.56000,2.40000
-0.00021432000,2.56000,2.44000
-0.00021428000,2.56000,2.48000
-0.00021424000,2.60000,2.48000
-0.00021420000,2.56000,2.44000
-0.00021416000,2.60000,2.44000
-0.00021412000,2.56000,2.40000
-0.00021407998,2.60000,2.48000
-0.00021404000,2.60000,2.48000
-0.00021400000,2.56000,2.44000
-0.00021396000,2.60000,2.48000
-0.00021392000,2.60000,2.44000
-0.00021388000,2.56000,2.44000
-0.00021384000,2.60000,2.48000
-0.00021380000,2.56000,2.44000
-0.00021376000,2.56000,2.44000
-0.00021371998,2.64000,2.48000
-0.00021368000,2.56000,2.44000
-0.00021364000,2.56000,2.44000
-0.00021360000,2.60000,2.44000
-0.00021356000,2.56000,2.44000
-0.00021352000,2.56000,2.44000
-0.00021348000,2.60000,2.48000
-0.00021344000,2.56000,2.44000
-0.00021340000,2.56000,2.48000
-0.00021335998,2.48000,2.36000
-0.00021332000,2.52000,2.32000
-0.00021328000,2.64000,2.44000
-0.00021324000,2.64000,2.48000
-0.00021320000,2.56000,2.44000
-0.00021316000,2.56000,2.44000
-0.00021312000,2.56000,2.44000
-0.00021308000,2.56000,2.48000
-0.00021304000,2.60000,2.48000
-0.00021299998,2.56000,2.44000
-0.00021296000,2.56000,2.44000
-0.00021292000,2.60000,2.44000
-0.00021288000,2.56000,2.44000
-0.00021284000,2.60000,2.44000
-0.00021280000,2.56000,2.44000
-0.00021276000,2.56000,2.44000
-0.00021272000,2.56000,2.44000
-0.00021268000,2.60000,2.44000
-0.00021264000,2.52000,2.40000
-0.00021260000,2.60000,2.44000
-0.00021256000,2.60000,2.48000
-0.00021252000,2.56000,2.48000
-0.00021248000,2.56000,2.48000
-0.00021244000,2.56000,2.44000
-0.00021240000,2.60000,2.44000
-0.00021236000,2.60000,2.44000
-0.00021232000,2.56000,2.44000
-0.00021228000,2.56000,2.44000
-0.00021224000,2.56000,2.44000
-0.00021220000,2.60000,2.44000
-0.00021216000,2.56000,2.44000
-0.00021212000,2.56000,2.44000
-0.00021208000,2.56000,2.44000
-0.00021204000,2.60000,2.48000
-0.00021200000,2.52000,2.36000
-0.00021196000,2.68000,2.52000
-0.00021192000,2.56000,2.40000
-0.00021188000,2.56000,2.44000
-0.00021184000,2.60000,2.48000
-0.00021180000,2.56000,2.40000
-0.00021176000,2.56000,2.44000
-0.00021172000,2.60000,2.48000
-0.00021168000,2.56000,2.44000
-0.00021164000,2.60000,2.44000
-0.00021160000,2.56000,2.44000
-0.00021156000,2.56000,2.44000
-0.00021152000,2.56000,2.44000
-0.00021148000,2.60000,2.44000
-0.00021144000,2.56000,2.44000
-0.00021140000,2.56000,2.44000
-0.00021136000,2.64000,2.44000
-0.00021132000,2.56000,2.44000
-0.00021128000,2.56000,2.44000
-0.00021124000,2.60000,2.44000
-0.00021120000,2.56000,2.44000
-0.00021116000,2.56000,2.44000
-0.00021112000,2.60000,2.44000
-0.00021108000,2.60000,2.44000
-0.00021104000,2.60000,2.48000
-0.00021100000,2.56000,2.44000
-0.00021096000,2.60000,2.48000
-0.00021092000,2.56000,2.44000
-0.00021088000,2.64000,2.48000
-0.00021084000,2.56000,2.44000
-0.00021080000,2.60000,2.44000
-0.00021076000,2.56000,2.44000
-0.00021072000,2.60000,2.44000
-0.00021068000,2.60000,2.48000
-0.00021063998,2.56000,2.44000
-0.00021060000,2.60000,2.44000
-0.00021056000,2.56000,2.44000
-0.00021052000,2.56000,2.44000
-0.00021048000,2.56000,2.44000
-0.00021044000,2.60000,2.48000
-0.00021040000,2.56000,2.44000
-0.00021036000,2.56000,2.40000
-0.00021032000,2.56000,2.36000
-0.00021027998,2.68000,2.48000
-0.00021024000,2.64000,2.52000
-0.00021020000,2.56000,2.48000
-0.00021016000,2.56000,2.44000
-0.00021012000,2.60000,2.44000
-0.00021008000,2.60000,2.44000
-0.00021004000,2.60000,2.44000
-0.00021000000,2.56000,2.44000
-0.00020996000,2.56000,2.44000
-0.00020991998,2.60000,2.44000
-0.00020988000,2.60000,2.44000
-0.00020984000,2.60000,2.44000
-0.00020980000,2.56000,2.44000
-0.00020976000,2.56000,2.44000
-0.00020972000,2.56000,2.44000
-0.00020968000,2.60000,2.44000
-0.00020964000,2.60000,2.44000
-0.00020960000,2.60000,2.48000
-0.00020955998,2.60000,2.48000
-0.00020952000,2.56000,2.44000
-0.00020948000,2.56000,2.40000
-0.00020944000,2.56000,2.40000
-0.00020940000,2.56000,2.44000
-0.00020936000,2.56000,2.44000
-0.00020932000,2.56000,2.44000
-0.00020928000,2.56000,2.44000
-0.00020924000,2.56000,2.44000
-0.00020920000,2.60000,2.44000
-0.00020916000,2.56000,2.44000
-0.00020912000,2.56000,2.44000
-0.00020908000,2.56000,2.44000
-0.00020904000,2.60000,2.44000
-0.00020900000,2.56000,2.44000
-0.00020896000,2.64000,2.48000
-0.00020892000,2.52000,2.44000
-0.00020888000,2.60000,2.48000
-0.00020884000,2.56000,2.44000
-0.00020880000,2.60000,2.44000
-0.00020876000,2.56000,2.48000
-0.00020872000,2.56000,2.44000
-0.00020868000,2.60000,2.48000
-0.00020864000,2.56000,2.44000
-0.00020860000,2.56000,2.44000
-0.00020856000,2.60000,2.44000
-0.00020852000,2.60000,2.44000
-0.00020848000,2.56000,2.48000
-0.00020844000,2.56000,2.44000
-0.00020840000,2.56000,2.44000
-0.00020836000,2.60000,2.44000
-0.00020832000,2.56000,2.44000
-0.00020828000,2.60000,2.48000
-0.00020824000,2.44000,2.36000
-0.00020820000,2.80000,2.72000
-0.00020816000,2.32000,2.20000
-0.00020812000,2.68000,2.60000
-0.00020808000,2.48000,2.32000
-0.00020804000,2.52000,2.32000
-0.00020800000,2.52000,2.44000
-0.00020796000,2.76000,2.64000
-0.00020792000,2.28000,2.20000
-0.00020788000,2.76000,2.64000
-0.00020784000,2.48000,2.32000
-0.00020780000,2.52000,2.36000
-0.00020776000,2.64000,2.48000
-0.00020772000,2.60000,2.44000
-0.00020768000,2.52000,2.44000
-0.00020764000,2.64000,2.48000
-0.00020760000,2.56000,2.44000
-0.00020756000,2.52000,2.40000
-0.00020752000,2.60000,2.44000
-0.00020748000,2.56000,2.40000
-0.00020744000,2.60000,2.44000
-0.00020740000,2.56000,2.44000
-0.00020736000,2.64000,2.48000
-0.00020732000,2.56000,2.44000
-0.00020728000,2.68000,2.52000
-0.00020724000,2.56000,2.44000
-0.00020719998,2.44000,2.32000
-0.00020716000,2.56000,2.40000
-0.00020712000,2.60000,2.44000
-0.00020708000,2.56000,2.44000
-0.00020704000,2.56000,2.44000
-0.00020700000,2.56000,2.40000
-0.00020696000,2.56000,2.44000
-0.00020692000,2.64000,2.48000
-0.00020688000,2.60000,2.48000
-0.00020683998,2.56000,2.44000
-0.00020680000,2.60000,2.44000
-0.00020676000,2.56000,2.44000
-0.00020672000,2.56000,2.44000
-0.00020668000,2.60000,2.44000
-0.00020664000,2.56000,2.44000
-0.00020660000,2.56000,2.44000
-0.00020656000,2.56000,2.44000
-0.00020652000,2.52000,2.36000
-0.00020647998,2.60000,2.44000
-0.00020644000,2.64000,2.48000
-0.00020640000,2.60000,2.48000
-0.00020636000,2.56000,2.48000
-0.00020632000,2.56000,2.44000
-0.00020628000,2.60000,2.44000
-0.00020624000,2.56000,2.44000
-0.00020620000,2.56000,2.44000
-0.00020616000,2.56000,2.44000
-0.00020611998,2.60000,2.48000
-0.00020608000,2.56000,2.44000
-0.00020604000,2.56000,2.44000
-0.00020600000,2.56000,2.44000
-0.00020596000,2.64000,2.48000
-0.00020592000,2.60000,2.48000
-0.00020588000,2.56000,2.44000
-0.00020584000,2.56000,2.44000
-0.00020580000,2.56000,2.44000
-0.00020576000,2.60000,2.48000
-0.00020572000,2.60000,2.44000
-0.00020568000,2.52000,2.44000
-0.00020564000,2.60000,2.44000
-0.00020560000,2.56000,2.44000
-0.00020556000,2.60000,2.48000
-0.00020552000,2.56000,2.44000
-0.00020548000,2.56000,2.40000
-0.00020544000,2.64000,2.48000
-0.00020540000,2.60000,2.44000
-0.00020536000,2.56000,2.44000
-0.00020532000,2.56000,2.48000
-0.00020528000,2.56000,2.44000
-0.00020524000,2.56000,2.44000
-0.00020520000,2.60000,2.48000
-0.00020516000,2.56000,2.48000
-0.00020512000,2.56000,2.44000
-0.00020508000,2.56000,2.44000
-0.00020504000,2.56000,2.44000
-0.00020500000,2.60000,2.44000
-0.00020496000,2.60000,2.44000
-0.00020492000,2.56000,2.44000
-0.00020488000,2.60000,2.44000
-0.00020484000,2.60000,2.44000
-0.00020480000,2.56000,2.44000
-0.00020476000,2.56000,2.44000
-0.00020472000,2.60000,2.44000
-0.00020468000,2.56000,2.44000
-0.00020464000,2.60000,2.44000
-0.00020460000,2.56000,2.44000
-0.00020456000,2.56000,2.44000
-0.00020452000,2.56000,2.44000
-0.00020448000,2.56000,2.44000
-0.00020444000,2.56000,2.44000
-0.00020440000,2.60000,2.44000
-0.00020436000,2.56000,2.44000
-0.00020432000,2.56000,2.44000
-0.00020428000,2.60000,2.44000
-0.00020424000,2.48000,2.32000
-0.00020420000,2.56000,2.40000
-0.00020416000,2.68000,2.48000
-0.00020412000,2.64000,2.56000
-0.00020408000,2.56000,2.48000
-0.00020404000,2.56000,2.44000
-0.00020400000,2.56000,2.44000
-0.00020396000,2.60000,2.48000
-0.00020392000,2.56000,2.48000
-0.00020388000,2.56000,2.44000
-0.00020384000,2.56000,2.44000
-0.00020380000,2.56000,2.44000
-0.00020375998,2.60000,2.44000
-0.00020372000,2.60000,2.44000
-0.00020368000,2.56000,2.44000
-0.00020364000,2.56000,2.44000
-0.00020360000,2.56000,2.48000
-0.00020356000,2.56000,2.44000
-0.00020352000,2.56000,2.44000
-0.00020348000,2.60000,2.48000
-0.00020344000,2.56000,2.44000
-0.00020339998,2.56000,2.44000
-0.00020336000,2.56000,2.44000
-0.00020332000,2.56000,2.44000
-0.00020328000,2.56000,2.48000
-0.00020324000,2.60000,2.44000
-0.00020320000,2.56000,2.44000
-0.00020316000,2.56000,2.44000
-0.00020312000,2.60000,2.44000
-0.00020308000,2.56000,2.44000
-0.00020303998,2.64000,2.48000
-0.00020300000,2.56000,2.44000
-0.00020296000,2.60000,2.44000
-0.00020292000,2.56000,2.44000
-0.00020288000,2.64000,2.48000
-0.00020284000,2.56000,2.40000
-0.00020280000,2.60000,2.48000
-0.00020276000,2.56000,2.44000
-0.00020272000,2.60000,2.48000
-0.00020267998,2.56000,2.44000
-0.00020264000,2.56000,2.44000
-0.00020260000,2.56000,2.44000
-0.00020256000,2.64000,2.48000
-0.00020252000,2.56000,2.44000
-0.00020248000,2.56000,2.44000
-0.00020244000,2.60000,2.44000
-0.00020240000,2.56000,2.44000
-0.00020236000,2.56000,2.44000
-0.00020232000,2.56000,2.44000
-0.00020228000,2.56000,2.44000
-0.00020224000,2.56000,2.44000
-0.00020220000,2.56000,2.44000
-0.00020216000,2.56000,2.44000
-0.00020212000,2.56000,2.44000
-0.00020208000,2.56000,2.44000
-0.00020204000,2.56000,2.44000
-0.00020200000,2.60000,2.44000
-0.00020196000,2.60000,2.44000
-0.00020192000,2.56000,2.44000
-0.00020188000,2.60000,2.48000
-0.00020184000,2.56000,2.44000
-0.00020180000,2.56000,2.44000
-0.00020176000,2.60000,2.44000
-0.00020172000,2.56000,2.44000
-0.00020168000,2.60000,2.48000
-0.00020164000,2.56000,2.48000
-0.00020160000,2.56000,2.44000
-0.00020156000,2.56000,2.48000
-0.00020152000,2.60000,2.44000
-0.00020148000,2.56000,2.44000
-0.00020144000,2.56000,2.44000
-0.00020140000,2.60000,2.44000
-0.00020136000,2.60000,2.48000
-0.00020132000,2.60000,2.44000
-0.00020128000,2.56000,2.44000
-0.00020124000,2.56000,2.44000
-0.00020120000,2.60000,2.44000
-0.00020116000,2.52000,2.44000
-0.00020112000,2.52000,2.36000
-0.00020108000,2.56000,2.40000
-0.00020104000,2.64000,2.44000
-0.00020100000,2.64000,2.48000
-0.00020096000,2.56000,2.44000
-0.00020092000,2.56000,2.44000
-0.00020088000,2.60000,2.44000
-0.00020084000,2.60000,2.48000
-0.00020080000,2.60000,2.48000
-0.00020076000,2.52000,2.44000
-0.00020072000,2.56000,2.44000
-0.00020068000,2.60000,2.44000
-0.00020064000,2.56000,2.44000
-0.00020060000,2.60000,2.48000
-0.00020056000,2.56000,2.44000
-0.00020052000,2.56000,2.44000
-0.00020048000,2.56000,2.44000
-0.00020044000,2.56000,2.44000
-0.00020040000,2.56000,2.40000
-0.00020036000,2.60000,2.44000
-0.00020031998,2.56000,2.48000
-0.00020028000,2.64000,2.48000
-0.00020024000,2.56000,2.44000
-0.00020020000,2.56000,2.44000
-0.00020016000,2.60000,2.44000
-0.00020012000,2.56000,2.48000
-0.00020008000,2.56000,2.44000
-0.00020004000,2.60000,2.48000
-0.00020000000,2.56000,2.44000
-0.00019995998,2.56000,2.44000
-0.00019992000,2.60000,2.44000
-0.00019988000,2.56000,2.44000
-0.00019984000,2.60000,2.44000
-0.00019980000,2.56000,2.44000
-0.00019976000,2.56000,2.44000
-0.00019972000,2.56000,2.44000
-0.00019968000,2.56000,2.44000
-0.00019964000,2.56000,2.44000
-0.00019959998,2.56000,2.44000
-0.00019956000,2.56000,2.44000
-0.00019952000,2.56000,2.44000
-0.00019948000,2.60000,2.44000
-0.00019944000,2.60000,2.44000
-0.00019940000,2.56000,2.44000
-0.00019936000,2.56000,2.44000
-0.00019932000,2.60000,2.44000
-0.00019928000,2.56000,2.44000
-0.00019923998,2.56000,2.44000
-0.00019920000,2.56000,2.44000
-0.00019916000,2.56000,2.44000
-0.00019912000,2.60000,2.44000
-0.00019908000,2.56000,2.44000
-0.00019904000,2.56000,2.44000
-0.00019900000,2.48000,2.28000
-0.00019896000,2.76000,2.72000
-0.00019892000,2.52000,2.28000
-0.00019888000,2.48000,2.44000
-0.00019884000,2.68000,2.44000
-0.00019880000,2.52000,2.40000
-0.00019876000,2.48000,2.32000
-0.00019872000,2.84000,2.76000
-0.00019868000,2.40000,2.20000
-0.00019864000,2.72000,2.64000
-0.00019860000,2.60000,2.44000
-0.00019856000,2.52000,2.36000
-0.00019852000,2.52000,2.44000
-0.00019848000,2.68000,2.52000
-0.00019844000,2.48000,2.32000
-0.00019840000,2.68000,2.56000
-0.00019836000,2.60000,2.44000
-0.00019832000,2.52000,2.40000
-0.00019828000,2.56000,2.48000
-0.00019824000,2.56000,2.44000
-0.00019820000,2.56000,2.44000
-0.00019816000,2.60000,2.44000
-0.00019812000,2.56000,2.44000
-0.00019808000,2.52000,2.32000
-0.00019804000,2.68000,2.56000
-0.00019800000,2.60000,2.52000
-0.00019796000,2.52000,2.44000
-0.00019792000,2.56000,2.44000
-0.00019788000,2.64000,2.44000
-0.00019784000,2.60000,2.44000
-0.00019780000,2.64000,2.48000
-0.00019776000,2.52000,2.40000
-0.00019772000,2.52000,2.36000
-0.00019768000,2.60000,2.44000
-0.00019764000,2.64000,2.48000
-0.00019760000,2.60000,2.44000
-0.00019756000,2.60000,2.44000
-0.00019752000,2.52000,2.44000
-0.00019748000,2.56000,2.44000
-0.00019744000,2.60000,2.48000
-0.00019740000,2.56000,2.44000
-0.00019736000,2.60000,2.48000
-0.00019732000,2.60000,2.48000
-0.00019728000,2.52000,2.44000
-0.00019724000,2.52000,2.44000
-0.00019720000,2.56000,2.40000
-0.00019716000,2.60000,2.48000
-0.00019712000,2.56000,2.48000
-0.00019708000,2.56000,2.44000
-0.00019704000,2.60000,2.44000
-0.00019700000,2.60000,2.44000
-0.00019696000,2.60000,2.44000
-0.00019692000,2.60000,2.44000
-0.00019687998,2.60000,2.44000
-0.00019684000,2.56000,2.44000
-0.00019680000,2.60000,2.44000
-0.00019676000,2.60000,2.48000
-0.00019672000,2.56000,2.44000
-0.00019668000,2.60000,2.48000
-0.00019664000,2.56000,2.44000
-0.00019660000,2.56000,2.44000
-0.00019656000,2.56000,2.44000
-0.00019651998,2.56000,2.44000
-0.00019648000,2.56000,2.44000
-0.00019644000,2.60000,2.48000
-0.00019640000,2.56000,2.44000
-0.00019636000,2.60000,2.44000
-0.00019632000,2.56000,2.44000
-0.00019628000,2.56000,2.44000
-0.00019624000,2.56000,2.44000
-0.00019620000,2.60000,2.44000
-0.00019615998,2.56000,2.44000
-0.00019612000,2.56000,2.44000
-0.00019608000,2.60000,2.44000
-0.00019604000,2.56000,2.48000
-0.00019600000,2.56000,2.44000
-0.00019596000,2.60000,2.44000
-0.00019592000,2.56000,2.44000
-0.00019588000,2.56000,2.44000
-0.00019584000,2.56000,2.48000
-0.00019579998,2.56000,2.44000
-0.00019576000,2.56000,2.44000
-0.00019572000,2.56000,2.44000
-0.00019568000,2.60000,2.44000
-0.00019564000,2.60000,2.44000
-0.00019560000,2.56000,2.44000
-0.00019556000,2.56000,2.44000
-0.00019552000,2.56000,2.44000
-0.00019548000,2.56000,2.48000
-0.00019544000,2.56000,2.44000
-0.00019540000,2.56000,2.44000
-0.00019536000,2.56000,2.44000
-0.00019532000,2.56000,2.44000
-0.00019528000,2.56000,2.44000
-0.00019524000,2.56000,2.44000
-0.00019520000,2.56000,2.44000
-0.00019516000,2.56000,2.44000
-0.00019512000,2.56000,2.44000
-0.00019508000,2.60000,2.44000
-0.00019504000,2.64000,2.52000
-0.00019500000,2.52000,2.48000
-0.00019496000,2.48000,2.36000
-0.00019492000,2.52000,2.32000
-0.00019488000,2.60000,2.44000
-0.00019484000,2.56000,2.48000
-0.00019480000,2.56000,2.44000
-0.00019476000,2.56000,2.44000
-0.00019472000,2.56000,2.44000
-0.00019468000,2.60000,2.48000
-0.00019464000,2.60000,2.48000
-0.00019460000,2.56000,2.44000
-0.00019456000,2.60000,2.44000
-0.00019452000,2.56000,2.44000
-0.00019448000,2.60000,2.44000
-0.00019444000,2.60000,2.44000
-0.00019440000,2.56000,2.44000
-0.00019436000,2.56000,2.44000
-0.00019432000,2.56000,2.44000
-0.00019428000,2.52000,2.40000
-0.00019424000,2.56000,2.44000
-0.00019420000,2.60000,2.48000
-0.00019416000,2.60000,2.48000
-0.00019412000,2.56000,2.48000
-0.00019408000,2.56000,2.44000
-0.00019404000,2.56000,2.44000
-0.00019400000,2.60000,2.44000
-0.00019396000,2.56000,2.44000
-0.00019392000,2.60000,2.44000
-0.00019388000,2.56000,2.44000
-0.00019384000,2.56000,2.44000
-0.00019380000,2.56000,2.44000
-0.00019376000,2.60000,2.44000
-0.00019372000,2.56000,2.44000
-0.00019368000,2.56000,2.44000
-0.00019364000,2.56000,2.44000
-0.00019360000,2.56000,2.44000
-0.00019356000,2.56000,2.44000
-0.00019352000,2.56000,2.44000
-0.00019348000,2.56000,2.48000
-0.00019343998,2.56000,2.44000
-0.00019340000,2.56000,2.44000
-0.00019336000,2.56000,2.44000
-0.00019332000,2.60000,2.44000
-0.00019328000,2.56000,2.44000
-0.00019324000,2.60000,2.48000
-0.00019320000,2.56000,2.44000
-0.00019316000,2.56000,2.40000
-0.00019312000,2.56000,2.44000
-0.00019307998,2.56000,2.44000
-0.00019304000,2.56000,2.44000
-0.00019300000,2.60000,2.44000
-0.00019296000,2.56000,2.44000
-0.00019292000,2.60000,2.44000
-0.00019288000,2.56000,2.44000
-0.00019284000,2.56000,2.44000
-0.00019280000,2.60000,2.44000
-0.00019276000,2.56000,2.44000
-0.00019271998,2.56000,2.44000
-0.00019268000,2.60000,2.44000
-0.00019264000,2.56000,2.44000
-0.00019260000,2.56000,2.44000
-0.00019256000,2.56000,2.44000
-0.00019252000,2.60000,2.44000
-0.00019248000,2.56000,2.44000
-0.00019244000,2.60000,2.48000
-0.00019240000,2.56000,2.44000
-0.00019235998,2.60000,2.44000
-0.00019232000,2.56000,2.44000
-0.00019228000,2.60000,2.44000
-0.00019224000,2.60000,2.44000
-0.00019220000,2.56000,2.44000
-0.00019216000,2.60000,2.44000
-0.00019212000,2.56000,2.44000
-0.00019208000,2.56000,2.44000
-0.00019204000,2.56000,2.44000
-0.00019200000,2.52000,2.36000
-0.00019196000,2.52000,2.36000
-0.00019192000,2.64000,2.48000
-0.00019188000,2.68000,2.52000
-0.00019184000,2.60000,2.48000
-0.00019180000,2.56000,2.44000
-0.00019176000,2.56000,2.44000
-0.00019172000,2.60000,2.48000
-0.00019168000,2.56000,2.48000
-0.00019164000,2.56000,2.44000
-0.00019160000,2.56000,2.44000
-0.00019156000,2.56000,2.44000
-0.00019152000,2.60000,2.44000
-0.00019148000,2.60000,2.48000
-0.00019144000,2.56000,2.44000
-0.00019140000,2.56000,2.44000
-0.00019136000,2.56000,2.48000
-0.00019132000,2.56000,2.44000
-0.00019128000,2.60000,2.44000
-0.00019124000,2.64000,2.48000
-0.00019120000,2.60000,2.44000
-0.00019116000,2.56000,2.44000
-0.00019112000,2.56000,2.44000
-0.00019108000,2.56000,2.44000
-0.00019104000,2.56000,2.44000
-0.00019100000,2.56000,2.48000
-0.00019096000,2.60000,2.44000
-0.00019092000,2.56000,2.44000
-0.00019088000,2.56000,2.44000
-0.00019084000,2.60000,2.48000
-0.00019080000,2.60000,2.44000
-0.00019076000,2.56000,2.44000
-0.00019072000,2.60000,2.44000
-0.00019068000,2.56000,2.44000
-0.00019064000,2.60000,2.44000
-0.00019060000,2.56000,2.44000
-0.00019056000,2.60000,2.48000
-0.00019052000,2.56000,2.44000
-0.00019048000,2.56000,2.44000
-0.00019044000,2.60000,2.48000
-0.00019040000,2.56000,2.44000
-0.00019036000,2.52000,2.44000
-0.00019032000,2.64000,2.52000
-0.00019028000,2.52000,2.36000
-0.00019024000,2.60000,2.48000
-0.00019020000,2.56000,2.44000
-0.00019016000,2.52000,2.44000
-0.00019012000,2.60000,2.48000
-0.00019008000,2.60000,2.44000
-0.00019004000,2.56000,2.44000
-0.00019000000,2.56000,2.44000
-0.00018996000,2.60000,2.48000
-0.00018992000,2.56000,2.44000
-0.00018988000,2.56000,2.44000
-0.00018984000,2.60000,2.44000
-0.00018980000,2.56000,2.44000
-0.00018976000,2.64000,2.48000
-0.00018972000,2.48000,2.44000
-0.00018968000,2.84000,2.72000
-0.00018963998,2.28000,2.20000
-0.00018960000,2.72000,2.64000
-0.00018956000,2.48000,2.32000
-0.00018952000,2.52000,2.36000
-0.00018948000,2.56000,2.48000
-0.00018944000,2.72000,2.48000
-0.00018940000,2.36000,2.28000
-0.00018936000,2.76000,2.64000
-0.00018932000,2.44000,2.32000
-0.00018927998,2.52000,2.36000
-0.00018924000,2.64000,2.48000
-0.00018920000,2.56000,2.44000
-0.00018916000,2.56000,2.48000
-0.00018912000,2.60000,2.44000
-0.00018908000,2.56000,2.44000
-0.00018904000,2.52000,2.44000
-0.00018900000,2.56000,2.44000
-0.00018896000,2.56000,2.44000
-0.00018891998,2.52000,2.44000
-0.00018888000,2.52000,2.36000
-0.00018884000,2.60000,2.40000
-0.00018880000,2.64000,2.44000
-0.00018876000,2.64000,2.48000
-0.00018872000,2.60000,2.44000
-0.00018868000,2.52000,2.40000
-0.00018864000,2.60000,2.44000
-0.00018860000,2.64000,2.48000
-0.00018856000,2.56000,2.44000
-0.00018852000,2.56000,2.44000
-0.00018848000,2.56000,2.44000
-0.00018844000,2.56000,2.44000
-0.00018840000,2.60000,2.44000
-0.00018836000,2.60000,2.48000
-0.00018832000,2.56000,2.44000
-0.00018828000,2.60000,2.44000
-0.00018824000,2.56000,2.44000
-0.00018820000,2.60000,2.44000
-0.00018816000,2.56000,2.40000
-0.00018812000,2.56000,2.44000
-0.00018808000,2.60000,2.48000
-0.00018804000,2.64000,2.48000
-0.00018800000,2.56000,2.44000
-0.00018796000,2.56000,2.44000
-0.00018792000,2.60000,2.44000
-0.00018788000,2.56000,2.44000
-0.00018784000,2.56000,2.44000
-0.00018780000,2.56000,2.48000
-0.00018776000,2.56000,2.44000
-0.00018772000,2.56000,2.44000
-0.00018768000,2.56000,2.44000
-0.00018764000,2.64000,2.52000
-0.00018760000,2.52000,2.36000
-0.00018756000,2.60000,2.48000
-0.00018752000,2.56000,2.44000
-0.00018748000,2.56000,2.44000
-0.00018744000,2.60000,2.48000
-0.00018740000,2.60000,2.48000
-0.00018736000,2.56000,2.44000
-0.00018732000,2.60000,2.48000
-0.00018728000,2.56000,2.44000
-0.00018724000,2.56000,2.44000
-0.00018720000,2.60000,2.48000
-0.00018716000,2.60000,2.44000
-0.00018712000,2.56000,2.44000
-0.00018708000,2.56000,2.48000
-0.00018704000,2.56000,2.44000
-0.00018700000,2.56000,2.44000
-0.00018696000,2.60000,2.48000
-0.00018692000,2.56000,2.44000
-0.00018688000,2.60000,2.44000
-0.00018684000,2.56000,2.44000
-0.00018680000,2.56000,2.44000
-0.00018676000,2.56000,2.44000
-0.00018672000,2.56000,2.44000
-0.00018668000,2.56000,2.44000
-0.00018664000,2.56000,2.44000
-0.00018660000,2.56000,2.44000
-0.00018656000,2.56000,2.44000
-0.00018652000,2.56000,2.44000
-0.00018648000,2.56000,2.44000
-0.00018644000,2.56000,2.44000
-0.00018640000,2.60000,2.44000
-0.00018636000,2.56000,2.44000
-0.00018632000,2.56000,2.44000
-0.00018628000,2.56000,2.44000
-0.00018624000,2.56000,2.44000
-0.00018619998,2.60000,2.44000
-0.00018616000,2.60000,2.44000
-0.00018612000,2.56000,2.44000
-0.00018608000,2.60000,2.44000
-0.00018604000,2.60000,2.44000
-0.00018600000,2.56000,2.44000
-0.00018596000,2.60000,2.44000
-0.00018592000,2.56000,2.44000
-0.00018588000,2.52000,2.40000
-0.00018583998,2.52000,2.36000
-0.00018580000,2.60000,2.44000
-0.00018576000,2.68000,2.52000
-0.00018572000,2.64000,2.52000
-0.00018568000,2.56000,2.44000
-0.00018564000,2.56000,2.44000
-0.00018560000,2.60000,2.48000
-0.00018556000,2.60000,2.48000
-0.00018552000,2.56000,2.44000
-0.00018547998,2.56000,2.44000
-0.00018544000,2.56000,2.44000
-0.00018540000,2.56000,2.48000
-0.00018536000,2.56000,2.44000
-0.00018532000,2.60000,2.44000
-0.00018528000,2.56000,2.48000
-0.00018524000,2.56000,2.44000
-0.00018520000,2.56000,2.44000
-0.00018516000,2.60000,2.44000
-0.00018512000,2.64000,2.44000
-0.00018508000,2.60000,2.48000
-0.00018504000,2.56000,2.48000
-0.00018500000,2.52000,2.44000
-0.00018496000,2.56000,2.44000
-0.00018492000,2.56000,2.44000
-0.00018488000,2.60000,2.48000
-0.00018484000,2.60000,2.44000
-0.00018480000,2.56000,2.44000
-0.00018476000,2.56000,2.44000
-0.00018472000,2.60000,2.44000
-0.00018468000,2.60000,2.44000
-0.00018464000,2.60000,2.44000
-0.00018460000,2.56000,2.44000
-0.00018456000,2.60000,2.44000
-0.00018452000,2.60000,2.44000
-0.00018448000,2.56000,2.44000
-0.00018444000,2.56000,2.44000
-0.00018440000,2.56000,2.44000
-0.00018436000,2.56000,2.44000
-0.00018432000,2.56000,2.44000
-0.00018428000,2.56000,2.44000
-0.00018424000,2.60000,2.44000
-0.00018420000,2.60000,2.48000
-0.00018416000,2.56000,2.44000
-0.00018412000,2.60000,2.44000
-0.00018408000,2.56000,2.44000
-0.00018404000,2.56000,2.44000
-0.00018400000,2.56000,2.48000
-0.00018396000,2.56000,2.44000
-0.00018392000,2.60000,2.48000
-0.00018388000,2.56000,2.40000
-0.00018384000,2.60000,2.48000
-0.00018380000,2.56000,2.44000
-0.00018376000,2.60000,2.44000
-0.00018372000,2.56000,2.44000
-0.00018368000,2.60000,2.44000
-0.00018364000,2.56000,2.44000
-0.00018360000,2.56000,2.48000
-0.00018356000,2.56000,2.44000
-0.00018352000,2.56000,2.44000
-0.00018348000,2.60000,2.48000
-0.00018344000,2.56000,2.44000
-0.00018340000,2.60000,2.48000
-0.00018336000,2.56000,2.44000
-0.00018332000,2.56000,2.44000
-0.00018328000,2.56000,2.44000
-0.00018324000,2.60000,2.44000
-0.00018320000,2.56000,2.44000
-0.00018316000,2.56000,2.44000
-0.00018312000,2.56000,2.44000
-0.00018308000,2.60000,2.44000
-0.00018304000,2.60000,2.48000
-0.00018300000,2.56000,2.44000
-0.00018296000,2.56000,2.44000
-0.00018292000,2.60000,2.48000
-0.00018288000,2.52000,2.44000
-0.00018284000,2.56000,2.44000
-0.00018280000,2.72000,2.48000
-0.00018275998,2.64000,2.48000
-0.00018272000,2.52000,2.44000
-0.00018268000,2.48000,2.40000
-0.00018264000,2.52000,2.36000
-0.00018260000,2.64000,2.48000
-0.00018256000,2.56000,2.44000
-0.00018252000,2.60000,2.48000
-0.00018248000,2.56000,2.40000
-0.00018244000,2.64000,2.48000
-0.00018239998,2.56000,2.44000
-0.00018236000,2.64000,2.48000
-0.00018232000,2.60000,2.44000
-0.00018228000,2.56000,2.44000
-0.00018224000,2.60000,2.44000
-0.00018220000,2.52000,2.40000
-0.00018216000,2.60000,2.44000
-0.00018212000,2.56000,2.44000
-0.00018208000,2.56000,2.48000
-0.00018203998,2.52000,2.44000
-0.00018200000,2.56000,2.44000
-0.00018196000,2.64000,2.44000
-0.00018192000,2.64000,2.48000
-0.00018188000,2.64000,2.48000
-0.00018184000,2.60000,2.48000
-0.00018180000,2.52000,2.44000
-0.00018176000,2.56000,2.44000
-0.00018172000,2.56000,2.44000
-0.00018168000,2.56000,2.40000
-0.00018164000,2.60000,2.44000
-0.00018160000,2.60000,2.48000
-0.00018156000,2.60000,2.44000
-0.00018152000,2.60000,2.48000
-0.00018148000,2.60000,2.44000
-0.00018144000,2.56000,2.44000
-0.00018140000,2.60000,2.44000
-0.00018136000,2.56000,2.44000
-0.00018132000,2.56000,2.44000
-0.00018128000,2.56000,2.44000
-0.00018124000,2.64000,2.48000
-0.00018120000,2.60000,2.44000
-0.00018116000,2.60000,2.44000
-0.00018112000,2.56000,2.44000
-0.00018108000,2.60000,2.44000
-0.00018104000,2.60000,2.48000
-0.00018100000,2.60000,2.44000
-0.00018096000,2.60000,2.44000
-0.00018092000,2.56000,2.44000
-0.00018088000,2.60000,2.48000
-0.00018084000,2.56000,2.48000
-0.00018080000,2.56000,2.44000
-0.00018076000,2.60000,2.48000
-0.00018072000,2.60000,2.48000
-0.00018068000,2.60000,2.44000
-0.00018064000,2.56000,2.44000
-0.00018060000,2.52000,2.44000
-0.00018056000,2.56000,2.44000
-0.00018052000,2.60000,2.48000
-0.00018048000,2.52000,2.32000
-0.00018044000,2.72000,2.68000
-0.00018040000,2.60000,2.32000
-0.00018036000,2.44000,2.36000
-0.00018032000,2.72000,2.52000
-0.00018028000,2.52000,2.44000
-0.00018024000,2.44000,2.32000
-0.00018020000,2.80000,2.76000
-0.00018016000,2.48000,2.24000
-0.00018012000,2.64000,2.60000
-0.00018008000,2.60000,2.44000
-0.00018004000,2.48000,2.36000
-0.00018000000,2.56000,2.44000
-0.00017996000,2.68000,2.52000
-0.00017992000,2.52000,2.36000
-0.00017988000,2.64000,2.52000
-0.00017984000,2.56000,2.44000
-0.00017980000,2.56000,2.44000
-0.00017976000,2.52000,2.48000
-0.00017972000,2.52000,2.36000
-0.00017968000,2.52000,2.32000
-0.00017964000,2.64000,2.44000
-0.00017960000,2.64000,2.48000
-0.00017956000,2.52000,2.40000
-0.00017952000,2.56000,2.44000
-0.00017948000,2.56000,2.44000
-0.00017944000,2.56000,2.44000
-0.00017940000,2.60000,2.48000
-0.00017936000,2.60000,2.48000
-0.00017931998,2.52000,2.40000
-0.00017928000,2.56000,2.44000
-0.00017924000,2.60000,2.44000
-0.00017920000,2.56000,2.44000
-0.00017916000,2.60000,2.48000
-0.00017912000,2.56000,2.44000
-0.00017908000,2.60000,2.44000
-0.00017904000,2.56000,2.44000
-0.00017900000,2.56000,2.40000
-0.00017895998,2.56000,2.40000
-0.00017892000,2.64000,2.48000
-0.00017888000,2.60000,2.48000
-0.00017884000,2.56000,2.44000
-0.00017880000,2.60000,2.44000
-0.00017876000,2.56000,2.44000
-0.00017872000,2.56000,2.44000
-0.00017868000,2.60000,2.48000
-0.00017864000,2.56000,2.44000
-0.00017859998,2.56000,2.44000
-0.00017856000,2.56000,2.44000
-0.00017852000,2.60000,2.44000
-0.00017848000,2.56000,2.44000
-0.00017844000,2.56000,2.44000
-0.00017840000,2.56000,2.44000
-0.00017836000,2.56000,2.44000
-0.00017832000,2.56000,2.48000
-0.00017828000,2.56000,2.44000
-0.00017824000,2.56000,2.44000
-0.00017820000,2.56000,2.44000
-0.00017816000,2.56000,2.44000
-0.00017812000,2.56000,2.44000
-0.00017808000,2.60000,2.44000
-0.00017804000,2.56000,2.44000
-0.00017800000,2.56000,2.44000
-0.00017796000,2.60000,2.44000
-0.00017792000,2.56000,2.44000
-0.00017788000,2.56000,2.44000
-0.00017784000,2.56000,2.44000
-0.00017780000,2.56000,2.44000
-0.00017776000,2.56000,2.44000
-0.00017772000,2.60000,2.44000
-0.00017768000,2.56000,2.44000
-0.00017764000,2.56000,2.44000
-0.00017760000,2.56000,2.44000
-0.00017756000,2.56000,2.44000
-0.00017752000,2.56000,2.44000
-0.00017748000,2.60000,2.44000
-0.00017744000,2.56000,2.44000
-0.00017740000,2.60000,2.44000
-0.00017736000,2.56000,2.44000
-0.00017732000,2.56000,2.44000
-0.00017728000,2.60000,2.44000
-0.00017724000,2.60000,2.48000
-0.00017720000,2.56000,2.44000
-0.00017716000,2.60000,2.48000
-0.00017712000,2.56000,2.44000
-0.00017708000,2.56000,2.48000
-0.00017704000,2.56000,2.44000
-0.00017700000,2.56000,2.44000
-0.00017696000,2.56000,2.44000
-0.00017692000,2.60000,2.44000
-0.00017688000,2.56000,2.44000
-0.00017684000,2.56000,2.44000
-0.00017680000,2.60000,2.44000
-0.00017676000,2.56000,2.44000
-0.00017672000,2.56000,2.40000
-0.00017668000,2.68000,2.48000
-0.00017664000,2.64000,2.52000
-0.00017660000,2.56000,2.48000
-0.00017656000,2.48000,2.36000
-0.00017652000,2.52000,2.40000
-0.00017648000,2.60000,2.44000
-0.00017644000,2.60000,2.44000
-0.00017640000,2.56000,2.48000
-0.00017636000,2.56000,2.44000
-0.00017632000,2.56000,2.44000
-0.00017628000,2.60000,2.48000
-0.00017624000,2.60000,2.44000
-0.00017620000,2.60000,2.44000
-0.00017616000,2.56000,2.44000
-0.00017612000,2.60000,2.44000
-0.00017608000,2.56000,2.44000
-0.00017604000,2.56000,2.44000
-0.00017600000,2.56000,2.44000
-0.00017596000,2.64000,2.48000
-0.00017592000,2.60000,2.48000
-0.00017587998,2.56000,2.44000
-0.00017584000,2.52000,2.40000
-0.00017580000,2.56000,2.44000
-0.00017576000,2.56000,2.44000
-0.00017572000,2.56000,2.44000
-0.00017568000,2.56000,2.44000
-0.00017564000,2.56000,2.44000
-0.00017560000,2.60000,2.44000
-0.00017556000,2.60000,2.48000
-0.00017551998,2.56000,2.44000
-0.00017548000,2.56000,2.44000
-0.00017544000,2.56000,2.44000
-0.00017540000,2.56000,2.44000
-0.00017536000,2.56000,2.44000
-0.00017532000,2.60000,2.44000
-0.00017528000,2.60000,2.44000
-0.00017524000,2.56000,2.44000
-0.00017520000,2.56000,2.44000
-0.00017515998,2.56000,2.44000
-0.00017512000,2.60000,2.48000
-0.00017508000,2.56000,2.44000
-0.00017504000,2.56000,2.44000
-0.00017500000,2.56000,2.44000
-0.00017496000,2.56000,2.44000
-0.00017492000,2.56000,2.44000
-0.00017488000,2.60000,2.44000
-0.00017484000,2.56000,2.44000
-0.00017480000,2.60000,2.44000
-0.00017476000,2.56000,2.44000
-0.00017472000,2.60000,2.44000
-0.00017468000,2.60000,2.44000
-0.00017464000,2.56000,2.44000
-0.00017460000,2.56000,2.44000
-0.00017456000,2.56000,2.44000
-0.00017452000,2.56000,2.48000
-0.00017448000,2.56000,2.44000
-0.00017444000,2.56000,2.44000
-0.00017440000,2.60000,2.44000
-0.00017436000,2.56000,2.44000
-0.00017432000,2.56000,2.44000
-0.00017428000,2.60000,2.44000
-0.00017424000,2.56000,2.44000
-0.00017420000,2.56000,2.44000
-0.00017416000,2.56000,2.44000
-0.00017412000,2.60000,2.44000
-0.00017408000,2.60000,2.44000
-0.00017404000,2.56000,2.44000
-0.00017400000,2.56000,2.44000
-0.00017396000,2.60000,2.44000
-0.00017392000,2.56000,2.44000
-0.00017388000,2.56000,2.44000
-0.00017384000,2.56000,2.44000
-0.00017380000,2.60000,2.48000
-0.00017376000,2.56000,2.44000
-0.00017372000,2.60000,2.48000
-0.00017368000,2.56000,2.44000
-0.00017364000,2.68000,2.60000
-0.00017360000,2.52000,2.44000
-0.00017356000,2.48000,2.32000
-0.00017352000,2.52000,2.36000
-0.00017348000,2.60000,2.44000
-0.00017344000,2.56000,2.48000
-0.00017340000,2.56000,2.48000
-0.00017336000,2.56000,2.40000
-0.00017332000,2.56000,2.44000
-0.00017328000,2.60000,2.48000
-0.00017324000,2.60000,2.44000
-0.00017320000,2.56000,2.44000
-0.00017316000,2.56000,2.44000
-0.00017312000,2.56000,2.44000
-0.00017308000,2.60000,2.44000
-0.00017304000,2.60000,2.44000
-0.00017300000,2.56000,2.44000
-0.00017296000,2.56000,2.44000
-0.00017292000,2.60000,2.48000
-0.00017288000,2.56000,2.44000
-0.00017284000,2.56000,2.40000
-0.00017280000,2.60000,2.44000
-0.00017276000,2.64000,2.48000
-0.00017272000,2.64000,2.48000
-0.00017268000,2.56000,2.44000
-0.00017264000,2.60000,2.44000
-0.00017260000,2.56000,2.40000
-0.00017256000,2.64000,2.48000
-0.00017252000,2.56000,2.44000
-0.00017248000,2.52000,2.44000
-0.00017243998,2.60000,2.44000
-0.00017240000,2.56000,2.44000
-0.00017236000,2.60000,2.44000
-0.00017232000,2.60000,2.48000
-0.00017228000,2.56000,2.44000
-0.00017224000,2.56000,2.44000
-0.00017220000,2.60000,2.44000
-0.00017216000,2.56000,2.44000
-0.00017212000,2.60000,2.44000
-0.00017207998,2.56000,2.44000
-0.00017204000,2.56000,2.44000
-0.00017200000,2.60000,2.48000
-0.00017196000,2.60000,2.44000
-0.00017192000,2.56000,2.44000
-0.00017188000,2.60000,2.44000
-0.00017184000,2.56000,2.44000
-0.00017180000,2.56000,2.44000
-0.00017176000,2.60000,2.44000
-0.00017171998,2.56000,2.44000
-0.00017168000,2.56000,2.44000
-0.00017164000,2.60000,2.44000
-0.00017160000,2.56000,2.44000
-0.00017156000,2.60000,2.44000
-0.00017152000,2.56000,2.44000
-0.00017148000,2.56000,2.48000
-0.00017144000,2.56000,2.44000
-0.00017140000,2.60000,2.48000
-0.00017136000,2.56000,2.44000
-0.00017132000,2.56000,2.44000
-0.00017128000,2.56000,2.44000
-0.00017124000,2.56000,2.48000
-0.00017120000,2.40000,2.28000
-0.00017116000,2.84000,2.76000
-0.00017112000,2.32000,2.20000
-0.00017108000,2.60000,2.52000
-0.00017104000,2.52000,2.36000
-0.00017100000,2.56000,2.44000
-0.00017096000,2.52000,2.40000
-0.00017092000,2.84000,2.72000
-0.00017088000,2.32000,2.20000
-0.00017084000,2.72000,2.64000
-0.00017080000,2.52000,2.32000
-0.00017076000,2.52000,2.40000
-0.00017072000,2.56000,2.48000
-0.00017068000,2.64000,2.48000
-0.00017064000,2.48000,2.36000
-0.00017060000,2.56000,2.44000
-0.00017056000,2.56000,2.40000
-0.00017052000,2.60000,2.40000
-0.00017048000,2.68000,2.60000
-0.00017044000,2.60000,2.52000
-0.00017040000,2.56000,2.40000
-0.00017036000,2.64000,2.44000
-0.00017032000,2.64000,2.48000
-0.00017028000,2.52000,2.40000
-0.00017024000,2.56000,2.48000
-0.00017020000,2.56000,2.44000
-0.00017016000,2.56000,2.44000
-0.00017012000,2.60000,2.48000
-0.00017008000,2.64000,2.48000
-0.00017004000,2.56000,2.44000
-0.00017000000,2.60000,2.44000
-0.00016996000,2.56000,2.44000
-0.00016992000,2.56000,2.44000
-0.00016988000,2.60000,2.44000
-0.00016984000,2.60000,2.44000
-0.00016980000,2.64000,2.44000
-0.00016976000,2.60000,2.48000
-0.00016972000,2.52000,2.44000
-0.00016968000,2.56000,2.44000
-0.00016964000,2.56000,2.44000
-0.00016960000,2.60000,2.48000
-0.00016956000,2.60000,2.48000
-0.00016952000,2.52000,2.40000
-0.00016948000,2.60000,2.48000
-0.00016944000,2.56000,2.40000
-0.00016940000,2.60000,2.44000
-0.00016936000,2.60000,2.44000
-0.00016932000,2.60000,2.44000
-0.00016928000,2.56000,2.44000
-0.00016924000,2.60000,2.44000
-0.00016920000,2.56000,2.44000
-0.00016916000,2.56000,2.44000
-0.00016912000,2.56000,2.44000
-0.00016908000,2.56000,2.44000
-0.00016904000,2.60000,2.44000
-0.00016899998,2.56000,2.44000
-0.00016896000,2.56000,2.44000
-0.00016892000,2.56000,2.44000
-0.00016888000,2.56000,2.48000
-0.00016884000,2.56000,2.40000
-0.00016880000,2.60000,2.48000
-0.00016876000,2.56000,2.44000
-0.00016872000,2.56000,2.44000
-0.00016868000,2.64000,2.48000
-0.00016863998,2.52000,2.36000
-0.00016860000,2.64000,2.48000
-0.00016856000,2.56000,2.44000
-0.00016852000,2.56000,2.44000
-0.00016848000,2.56000,2.44000
-0.00016844000,2.56000,2.44000
-0.00016840000,2.56000,2.44000
-0.00016836000,2.60000,2.48000
-0.00016832000,2.56000,2.44000
-0.00016827998,2.56000,2.44000
-0.00016824000,2.56000,2.44000
-0.00016820000,2.60000,2.44000
-0.00016816000,2.56000,2.44000
-0.00016812000,2.56000,2.44000
-0.00016808000,2.60000,2.44000
-0.00016804000,2.56000,2.44000
-0.00016800000,2.56000,2.44000
-0.00016796000,2.56000,2.44000
-0.00016792000,2.60000,2.44000
-0.00016788000,2.60000,2.48000
-0.00016784000,2.56000,2.44000
-0.00016780000,2.60000,2.44000
-0.00016776000,2.56000,2.48000
-0.00016772000,2.60000,2.44000
-0.00016768000,2.56000,2.44000
-0.00016764000,2.56000,2.44000
-0.00016760000,2.56000,2.44000
-0.00016756000,2.60000,2.44000
-0.00016752000,2.64000,2.44000
-0.00016748000,2.64000,2.52000
-0.00016744000,2.56000,2.48000
-0.00016740000,2.52000,2.44000
-0.00016736000,2.56000,2.40000
-0.00016732000,2.64000,2.44000
-0.00016728000,2.56000,2.44000
-0.00016724000,2.56000,2.44000
-0.00016720000,2.56000,2.44000
-0.00016716000,2.56000,2.44000
-0.00016712000,2.60000,2.44000
-0.00016708000,2.60000,2.48000
-0.00016704000,2.56000,2.44000
-0.00016700000,2.56000,2.44000
-0.00016696000,2.56000,2.44000
-0.00016692000,2.56000,2.44000
-0.00016688000,2.56000,2.44000
-0.00016684000,2.60000,2.44000
-0.00016680000,2.60000,2.44000
-0.00016676000,2.60000,2.48000
-0.00016672000,2.52000,2.44000
-0.00016668000,2.52000,2.36000
-0.00016664000,2.56000,2.44000
-0.00016660000,2.60000,2.44000
-0.00016656000,2.56000,2.44000
-0.00016652000,2.56000,2.44000
-0.00016648000,2.56000,2.44000
-0.00016644000,2.56000,2.44000
-0.00016640000,2.60000,2.48000
-0.00016636000,2.56000,2.44000
-0.00016632000,2.56000,2.44000
-0.00016628000,2.60000,2.44000
-0.00016624000,2.56000,2.44000
-0.00016620000,2.56000,2.44000
-0.00016616000,2.56000,2.44000
-0.00016612000,2.56000,2.44000
-0.00016608000,2.56000,2.44000
-0.00016604000,2.56000,2.44000
-0.00016600000,2.56000,2.48000
-0.00016596000,2.56000,2.44000
-0.00016592000,2.56000,2.44000
-0.00016588000,2.56000,2.44000
-0.00016584000,2.56000,2.44000
-0.00016580000,2.60000,2.44000
-0.00016576000,2.56000,2.48000
-0.00016572000,2.60000,2.44000
-0.00016568000,2.60000,2.44000
-0.00016564000,2.56000,2.44000
-0.00016560000,2.56000,2.44000
-0.00016555998,2.56000,2.44000
-0.00016552000,2.60000,2.48000
-0.00016548000,2.56000,2.44000
-0.00016544000,2.56000,2.44000
-0.00016540000,2.56000,2.44000
-0.00016536000,2.60000,2.44000
-0.00016532000,2.56000,2.44000
-0.00016528000,2.56000,2.44000
-0.00016524000,2.56000,2.44000
-0.00016519998,2.56000,2.44000
-0.00016516000,2.60000,2.48000
-0.00016512000,2.56000,2.44000
-0.00016508000,2.56000,2.44000
-0.00016504000,2.56000,2.44000
-0.00016500000,2.60000,2.44000
-0.00016496000,2.56000,2.44000
-0.00016492000,2.56000,2.44000
-0.00016488000,2.56000,2.44000
-0.00016483998,2.56000,2.44000
-0.00016480000,2.60000,2.44000
-0.00016476000,2.60000,2.44000
-0.00016472000,2.56000,2.44000
-0.00016468000,2.56000,2.44000
-0.00016464000,2.56000,2.44000
-0.00016460000,2.60000,2.48000
-0.00016456000,2.60000,2.44000
-0.00016452000,2.56000,2.40000
-0.00016448000,2.52000,2.36000
-0.00016444000,2.56000,2.40000
-0.00016440000,2.64000,2.48000
-0.00016436000,2.68000,2.56000
-0.00016432000,2.60000,2.48000
-0.00016428000,2.52000,2.44000
-0.00016424000,2.60000,2.44000
-0.00016420000,2.60000,2.44000
-0.00016416000,2.56000,2.44000
-0.00016412000,2.60000,2.48000
-0.00016408000,2.52000,2.40000
-0.00016404000,2.56000,2.40000
-0.00016400000,2.60000,2.44000
-0.00016396000,2.56000,2.44000
-0.00016392000,2.60000,2.48000
-0.00016388000,2.56000,2.44000
-0.00016384000,2.56000,2.44000
-0.00016380000,2.56000,2.44000
-0.00016376000,2.60000,2.44000
-0.00016372000,2.56000,2.40000
-0.00016368000,2.60000,2.48000
-0.00016364000,2.64000,2.48000
-0.00016360000,2.56000,2.44000
-0.00016356000,2.56000,2.48000
-0.00016352000,2.60000,2.48000
-0.00016348000,2.56000,2.40000
-0.00016344000,2.64000,2.48000
-0.00016340000,2.56000,2.44000
-0.00016336000,2.56000,2.44000
-0.00016332000,2.60000,2.44000
-0.00016328000,2.56000,2.44000
-0.00016324000,2.60000,2.44000
-0.00016320000,2.60000,2.48000
-0.00016316000,2.56000,2.44000
-0.00016312000,2.56000,2.48000
-0.00016308000,2.60000,2.44000
-0.00016304000,2.56000,2.44000
-0.00016300000,2.60000,2.48000
-0.00016296000,2.56000,2.44000
-0.00016292000,2.56000,2.44000
-0.00016288000,2.56000,2.44000
-0.00016284000,2.60000,2.44000
-0.00016280000,2.60000,2.44000
-0.00016276000,2.56000,2.44000
-0.00016272000,2.56000,2.44000
-0.00016268000,2.60000,2.44000
-0.00016264000,2.56000,2.44000
-0.00016260000,2.60000,2.48000
-0.00016256000,2.56000,2.44000
-0.00016252000,2.56000,2.44000
-0.00016248000,2.56000,2.44000
-0.00016244000,2.56000,2.44000
-0.00016240000,2.56000,2.44000
-0.00016236000,2.56000,2.48000
-0.00016232000,2.56000,2.44000
-0.00016228000,2.56000,2.44000
-0.00016224000,2.56000,2.44000
-0.00016220000,2.56000,2.44000
-0.00016216000,2.60000,2.44000
-0.00016212000,2.56000,2.44000
-0.00016208000,2.60000,2.44000
-0.00016204000,2.60000,2.48000
-0.00016200000,2.56000,2.44000
-0.00016196000,2.60000,2.44000
-0.00016192000,2.44000,2.32000
-0.00016188000,2.84000,2.76000
-0.00016184000,2.32000,2.20000
-0.00016180000,2.64000,2.56000
-0.00016175998,2.52000,2.36000
-0.00016172000,2.52000,2.32000
-0.00016168000,2.52000,2.44000
-0.00016164000,2.72000,2.60000
-0.00016160000,2.32000,2.20000
-0.00016156000,2.76000,2.64000
-0.00016152000,2.48000,2.32000
-0.00016148000,2.52000,2.40000
-0.00016144000,2.64000,2.48000
-0.00016139998,2.68000,2.44000
-0.00016136000,2.60000,2.52000
-0.00016132000,2.64000,2.56000
-0.00016128000,2.52000,2.44000
-0.00016124000,2.52000,2.36000
-0.00016120000,2.64000,2.48000
-0.00016116000,2.60000,2.44000
-0.00016112000,2.52000,2.44000
-0.00016108000,2.56000,2.48000
-0.00016104000,2.60000,2.44000
-0.00016100000,2.56000,2.44000
-0.00016096000,2.64000,2.48000
-0.00016092000,2.56000,2.44000
-0.00016088000,2.56000,2.40000
-0.00016084000,2.60000,2.48000
-0.00016080000,2.60000,2.44000
-0.00016076000,2.56000,2.44000
-0.00016072000,2.56000,2.44000
-0.00016068000,2.60000,2.44000
-0.00016064000,2.56000,2.44000
-0.00016060000,2.56000,2.48000
-0.00016056000,2.56000,2.44000
-0.00016052000,2.56000,2.44000
-0.00016048000,2.60000,2.48000
-0.00016044000,2.56000,2.44000
-0.00016040000,2.56000,2.44000
-0.00016036000,2.56000,2.44000
-0.00016032000,2.60000,2.44000
-0.00016028000,2.56000,2.44000
-0.00016024000,2.60000,2.48000
-0.00016020000,2.56000,2.44000
-0.00016016000,2.56000,2.44000
-0.00016012000,2.56000,2.44000
-0.00016008000,2.56000,2.44000
-0.00016004000,2.56000,2.44000
-0.00016000000,2.60000,2.48000
-0.00015996000,2.56000,2.44000
-0.00015992000,2.60000,2.44000
-0.00015988000,2.56000,2.44000
-0.00015984000,2.56000,2.44000
-0.00015980000,2.60000,2.44000
-0.00015976000,2.60000,2.44000
-0.00015972000,2.56000,2.44000
-0.00015968000,2.56000,2.44000
-0.00015964000,2.56000,2.44000
-0.00015960000,2.60000,2.44000
-0.00015956000,2.56000,2.44000
-0.00015952000,2.60000,2.48000
-0.00015948000,2.56000,2.48000
-0.00015944000,2.56000,2.44000
-0.00015940000,2.56000,2.44000
-0.00015936000,2.56000,2.44000
-0.00015932000,2.60000,2.44000
-0.00015928000,2.60000,2.48000
-0.00015924000,2.56000,2.44000
-0.00015920000,2.56000,2.44000
-0.00015916000,2.60000,2.44000
-0.00015912000,2.60000,2.44000
-0.00015908000,2.56000,2.44000
-0.00015904000,2.56000,2.44000
-0.00015900000,2.56000,2.44000
-0.00015896000,2.56000,2.44000
-0.00015892000,2.60000,2.44000
-0.00015888000,2.60000,2.44000
-0.00015884000,2.60000,2.44000
-0.00015880000,2.56000,2.44000
-0.00015876000,2.56000,2.44000
-0.00015872000,2.56000,2.44000
-0.00015868000,2.56000,2.44000
-0.00015864000,2.60000,2.44000
-0.00015860000,2.56000,2.44000
-0.00015856000,2.56000,2.44000
-0.00015852000,2.56000,2.44000
-0.00015848000,2.60000,2.44000
-0.00015844000,2.56000,2.44000
-0.00015840000,2.60000,2.48000
-0.00015836000,2.56000,2.52000
-0.00015831998,2.52000,2.44000
-0.00015828000,2.52000,2.32000
-0.00015824000,2.60000,2.36000
-0.00015820000,2.60000,2.44000
-0.00015816000,2.56000,2.44000
-0.00015812000,2.56000,2.44000
-0.00015808000,2.56000,2.44000
-0.00015804000,2.60000,2.44000
-0.00015800000,2.60000,2.48000
-0.00015795998,2.56000,2.44000
-0.00015792000,2.56000,2.44000
-0.00015788000,2.56000,2.44000
-0.00015784000,2.56000,2.44000
-0.00015780000,2.60000,2.44000
-0.00015776000,2.60000,2.44000
-0.00015772000,2.56000,2.44000
-0.00015768000,2.56000,2.44000
-0.00015764000,2.56000,2.44000
-0.00015760000,2.56000,2.44000
-0.00015756000,2.56000,2.44000
-0.00015752000,2.60000,2.44000
-0.00015748000,2.60000,2.48000
-0.00015744000,2.56000,2.44000
-0.00015740000,2.56000,2.44000
-0.00015736000,2.56000,2.44000
-0.00015732000,2.56000,2.44000
-0.00015728000,2.56000,2.44000
-0.00015724000,2.56000,2.44000
-0.00015720000,2.56000,2.44000
-0.00015716000,2.56000,2.44000
-0.00015712000,2.56000,2.44000
-0.00015708000,2.60000,2.44000
-0.00015704000,2.60000,2.44000
-0.00015700000,2.56000,2.44000
-0.00015696000,2.56000,2.44000
-0.00015692000,2.60000,2.44000
-0.00015688000,2.56000,2.44000
-0.00015684000,2.60000,2.44000
-0.00015680000,2.56000,2.44000
-0.00015676000,2.56000,2.44000
-0.00015672000,2.60000,2.44000
-0.00015668000,2.56000,2.44000
-0.00015664000,2.60000,2.44000
-0.00015660000,2.56000,2.44000
-0.00015656000,2.56000,2.44000
-0.00015652000,2.56000,2.44000
-0.00015648000,2.56000,2.44000
-0.00015644000,2.56000,2.44000
-0.00015640000,2.56000,2.44000
-0.00015636000,2.56000,2.44000
-0.00015632000,2.56000,2.44000
-0.00015628000,2.60000,2.48000
-0.00015624000,2.56000,2.44000
-0.00015620000,2.56000,2.44000
-0.00015616000,2.56000,2.44000
-0.00015612000,2.64000,2.48000
-0.00015608000,2.56000,2.44000
-0.00015604000,2.56000,2.44000
-0.00015600000,2.56000,2.44000
-0.00015596000,2.56000,2.44000
-0.00015592000,2.64000,2.48000
-0.00015588000,2.56000,2.44000
-0.00015584000,2.60000,2.44000
-0.00015580000,2.56000,2.44000
-0.00015576000,2.56000,2.44000
-0.00015572000,2.60000,2.44000
-0.00015568000,2.56000,2.44000
-0.00015564000,2.56000,2.44000
-0.00015560000,2.60000,2.48000
-0.00015556000,2.64000,2.44000
-0.00015552000,2.56000,2.44000
-0.00015548000,2.60000,2.44000
-0.00015544000,2.56000,2.44000
-0.00015540000,2.56000,2.44000
-0.00015536000,2.60000,2.48000
-0.00015532000,2.52000,2.36000
-0.00015528000,2.52000,2.40000
-0.00015524000,2.68000,2.48000
-0.00015520000,2.64000,2.52000
-0.00015516000,2.56000,2.48000
-0.00015512000,2.56000,2.44000
-0.00015508000,2.60000,2.44000
-0.00015504000,2.60000,2.44000
-0.00015500000,2.60000,2.48000
-0.00015496000,2.56000,2.44000
-0.00015492000,2.56000,2.44000
-0.00015487998,2.60000,2.44000
-0.00015484000,2.60000,2.44000
-0.00015480000,2.60000,2.48000
-0.00015476000,2.60000,2.48000
-0.00015472000,2.52000,2.44000
-0.00015468000,2.56000,2.44000
-0.00015464000,2.56000,2.44000
-0.00015460000,2.60000,2.44000
-0.00015456000,2.56000,2.44000
-0.00015451998,2.56000,2.44000
-0.00015448000,2.68000,2.48000
-0.00015444000,2.52000,2.44000
-0.00015440000,2.56000,2.44000
-0.00015436000,2.60000,2.44000
-0.00015432000,2.56000,2.44000
-0.00015428000,2.64000,2.48000
-0.00015424000,2.56000,2.40000
-0.00015420000,2.56000,2.44000
-0.00015416000,2.56000,2.44000
-0.00015412000,2.56000,2.44000
-0.00015408000,2.56000,2.44000
-0.00015404000,2.56000,2.48000
-0.00015400000,2.56000,2.44000
-0.00015396000,2.60000,2.48000
-0.00015392000,2.56000,2.44000
-0.00015388000,2.56000,2.44000
-0.00015384000,2.60000,2.44000
-0.00015380000,2.60000,2.48000
-0.00015376000,2.56000,2.44000
-0.00015372000,2.56000,2.44000
-0.00015368000,2.60000,2.44000
-0.00015364000,2.60000,2.44000
-0.00015360000,2.56000,2.44000
-0.00015356000,2.60000,2.44000
-0.00015352000,2.56000,2.44000
-0.00015348000,2.60000,2.44000
-0.00015344000,2.56000,2.44000
-0.00015340000,2.56000,2.44000
-0.00015336000,2.60000,2.44000
-0.00015332000,2.60000,2.48000
-0.00015328000,2.56000,2.44000
-0.00015324000,2.60000,2.44000
-0.00015320000,2.56000,2.44000
-0.00015316000,2.60000,2.44000
-0.00015312000,2.56000,2.44000
-0.00015308000,2.60000,2.44000
-0.00015304000,2.56000,2.44000
-0.00015300000,2.60000,2.48000
-0.00015296000,2.60000,2.44000
-0.00015292000,2.56000,2.44000
-0.00015288000,2.60000,2.44000
-0.00015284000,2.56000,2.44000
-0.00015280000,2.56000,2.44000
-0.00015276000,2.60000,2.44000
-0.00015272000,2.56000,2.44000
-0.00015268000,2.60000,2.44000
-0.00015264000,2.48000,2.44000
-0.00015260000,2.84000,2.68000
-0.00015256000,2.28000,2.20000
-0.00015252000,2.72000,2.64000
-0.00015248000,2.44000,2.32000
-0.00015244000,2.52000,2.36000
-0.00015240000,2.56000,2.52000
-0.00015236000,2.72000,2.48000
-0.00015232000,2.36000,2.32000
-0.00015228000,2.76000,2.64000
-0.00015224000,2.56000,2.36000
-0.00015220000,2.56000,2.44000
-0.00015216000,2.52000,2.44000
-0.00015212000,2.48000,2.32000
-0.00015208000,2.52000,2.44000
-0.00015204000,2.64000,2.52000
-0.00015200000,2.56000,2.44000
-0.00015196000,2.52000,2.40000
-0.00015192000,2.60000,2.44000
-0.00015188000,2.60000,2.44000
-0.00015184000,2.60000,2.44000
-0.00015180000,2.60000,2.48000
-0.00015176000,2.60000,2.44000
-0.00015172000,2.56000,2.44000
-0.00015168000,2.60000,2.44000
-0.00015164000,2.56000,2.44000
-0.00015160000,2.56000,2.44000
-0.00015156000,2.64000,2.48000
-0.00015152000,2.56000,2.48000
-0.00015148000,2.56000,2.44000
-0.00015143998,2.52000,2.44000
-0.00015140000,2.56000,2.36000
-0.00015136000,2.56000,2.44000
-0.00015132000,2.60000,2.48000
-0.00015128000,2.60000,2.44000
-0.00015124000,2.56000,2.44000
-0.00015120000,2.60000,2.48000
-0.00015116000,2.60000,2.44000
-0.00015112000,2.56000,2.44000
-0.00015107998,2.60000,2.48000
-0.00015104000,2.56000,2.44000
-0.00015100000,2.56000,2.44000
-0.00015096000,2.60000,2.44000
-0.00015092000,2.56000,2.44000
-0.00015088000,2.60000,2.44000
-0.00015084000,2.56000,2.44000
-0.00015080000,2.56000,2.44000
-0.00015076000,2.60000,2.44000
-0.00015072000,2.60000,2.44000
-0.00015068000,2.56000,2.44000
-0.00015064000,2.56000,2.44000
-0.00015060000,2.56000,2.44000
-0.00015056000,2.56000,2.44000
-0.00015052000,2.56000,2.44000
-0.00015048000,2.60000,2.48000
-0.00015044000,2.56000,2.44000
-0.00015040000,2.56000,2.44000
-0.00015036000,2.56000,2.44000
-0.00015032000,2.56000,2.44000
-0.00015028000,2.56000,2.44000
-0.00015024000,2.60000,2.44000
-0.00015020000,2.56000,2.44000
-0.00015016000,2.56000,2.44000
-0.00015012000,2.60000,2.44000
-0.00015008000,2.60000,2.44000
-0.00015004000,2.56000,2.44000
-0.00015000000,2.60000,2.44000
-0.00014996000,2.56000,2.44000
-0.00014992000,2.60000,2.44000
-0.00014988000,2.56000,2.44000
-0.00014984000,2.56000,2.44000
-0.00014980000,2.56000,2.44000
-0.00014976000,2.56000,2.44000
-0.00014972000,2.56000,2.44000
-0.00014968000,2.56000,2.44000
-0.00014964000,2.56000,2.48000
-0.00014960000,2.56000,2.44000
-0.00014956000,2.60000,2.44000
-0.00014952000,2.56000,2.44000
-0.00014948000,2.56000,2.44000
-0.00014944000,2.56000,2.44000
-0.00014940000,2.64000,2.48000
-0.00014936000,2.56000,2.44000
-0.00014932000,2.56000,2.44000
-0.00014928000,2.60000,2.48000
-0.00014924000,2.52000,2.44000
-0.00014920000,2.52000,2.44000
-0.00014916000,2.52000,2.32000
-0.00014912000,2.60000,2.40000
-0.00014908000,2.72000,2.56000
-0.00014904000,2.60000,2.48000
-0.00014900000,2.56000,2.44000
-0.00014896000,2.56000,2.40000
-0.00014892000,2.60000,2.44000
-0.00014888000,2.60000,2.44000
-0.00014884000,2.56000,2.48000
-0.00014880000,2.56000,2.44000
-0.00014876000,2.56000,2.44000
-0.00014872000,2.56000,2.44000
-0.00014868000,2.56000,2.44000
-0.00014864000,2.60000,2.48000
-0.00014860000,2.56000,2.48000
-0.00014856000,2.56000,2.44000
-0.00014852000,2.56000,2.44000
-0.00014848000,2.56000,2.44000
-0.00014844000,2.52000,2.40000
-0.00014840000,2.60000,2.44000
-0.00014836000,2.64000,2.48000
-0.00014832000,2.60000,2.44000
-0.00014828000,2.60000,2.48000
-0.00014824000,2.56000,2.44000
-0.00014820000,2.60000,2.44000
-0.00014816000,2.60000,2.44000
-0.00014812000,2.56000,2.44000
-0.00014808000,2.56000,2.44000
-0.00014804000,2.56000,2.44000
-0.00014799998,2.56000,2.44000
-0.00014796000,2.60000,2.48000
-0.00014792000,2.56000,2.44000
-0.00014788000,2.56000,2.44000
-0.00014784000,2.60000,2.44000
-0.00014780000,2.60000,2.48000
-0.00014776000,2.56000,2.44000
-0.00014772000,2.60000,2.44000
-0.00014768000,2.56000,2.40000
-0.00014763998,2.56000,2.44000
-0.00014760000,2.60000,2.48000
-0.00014756000,2.56000,2.44000
-0.00014752000,2.56000,2.44000
-0.00014748000,2.60000,2.48000
-0.00014744000,2.56000,2.44000
-0.00014740000,2.56000,2.44000
-0.00014736000,2.56000,2.44000
-0.00014732000,2.56000,2.44000
-0.00014728000,2.64000,2.48000
-0.00014724000,2.56000,2.44000
-0.00014720000,2.56000,2.44000
-0.00014716000,2.64000,2.48000
-0.00014712000,2.52000,2.36000
-0.00014708000,2.64000,2.52000
-0.00014704000,2.56000,2.40000
-0.00014700000,2.56000,2.44000
-0.00014696000,2.64000,2.44000
-0.00014692000,2.56000,2.44000
-0.00014688000,2.56000,2.44000
-0.00014684000,2.64000,2.48000
-0.00014680000,2.56000,2.44000
-0.00014676000,2.56000,2.44000
-0.00014672000,2.60000,2.44000
-0.00014668000,2.56000,2.44000
-0.00014664000,2.56000,2.44000
-0.00014660000,2.60000,2.44000
-0.00014656000,2.56000,2.44000
-0.00014652000,2.56000,2.44000
-0.00014648000,2.60000,2.48000
-0.00014644000,2.56000,2.44000
-0.00014640000,2.56000,2.44000
-0.00014636000,2.60000,2.44000
-0.00014632000,2.52000,2.44000
-0.00014628000,2.60000,2.44000
-0.00014624000,2.60000,2.44000
-0.00014620000,2.56000,2.44000
-0.00014616000,2.56000,2.44000
-0.00014612000,2.56000,2.36000
-0.00014608000,2.68000,2.52000
-0.00014604000,2.56000,2.48000
-0.00014600000,2.60000,2.48000
-0.00014596000,2.52000,2.40000
-0.00014592000,2.64000,2.48000
-0.00014588000,2.60000,2.44000
-0.00014584000,2.60000,2.48000
-0.00014580000,2.52000,2.44000
-0.00014576000,2.60000,2.44000
-0.00014572000,2.60000,2.44000
-0.00014568000,2.56000,2.44000
-0.00014564000,2.60000,2.44000
-0.00014560000,2.56000,2.44000
-0.00014556000,2.56000,2.44000
-0.00014552000,2.56000,2.44000
-0.00014548000,2.60000,2.44000
-0.00014544000,2.56000,2.44000
-0.00014540000,2.64000,2.48000
-0.00014536000,2.64000,2.48000
-0.00014532000,2.52000,2.44000
-0.00014528000,2.56000,2.44000
-0.00014524000,2.56000,2.44000
-0.00014520000,2.56000,2.44000
-0.00014516000,2.56000,2.44000
-0.00014512000,2.56000,2.44000
-0.00014508000,2.56000,2.44000
-0.00014504000,2.60000,2.44000
-0.00014500000,2.60000,2.44000
-0.00014496000,2.56000,2.44000
-0.00014492000,2.60000,2.44000
-0.00014488000,2.56000,2.44000
-0.00014484000,2.56000,2.44000
-0.00014480000,2.60000,2.44000
-0.00014476000,2.56000,2.44000
-0.00014472000,2.56000,2.44000
-0.00014468000,2.60000,2.44000
-0.00014464000,2.56000,2.44000
-0.00014460000,2.56000,2.44000
-0.00014455998,2.60000,2.44000
-0.00014452000,2.60000,2.44000
-0.00014448000,2.56000,2.44000
-0.00014444000,2.56000,2.44000
-0.00014440000,2.56000,2.44000
-0.00014436000,2.56000,2.44000
-0.00014432000,2.60000,2.44000
-0.00014428000,2.56000,2.44000
-0.00014424000,2.56000,2.44000
-0.00014419998,2.56000,2.44000
-0.00014416000,2.56000,2.44000
-0.00014412000,2.56000,2.44000
-0.00014408000,2.60000,2.44000
-0.00014404000,2.56000,2.44000
-0.00014400000,2.56000,2.44000
-0.00014396000,2.60000,2.48000
-0.00014392000,2.56000,2.44000
-0.00014388000,2.56000,2.44000
-0.00014384000,2.56000,2.44000
-0.00014380000,2.60000,2.44000
-0.00014376000,2.56000,2.44000
-0.00014372000,2.60000,2.44000
-0.00014368000,2.56000,2.44000
-0.00014364000,2.56000,2.44000
-0.00014360000,2.56000,2.44000
-0.00014356000,2.56000,2.44000
-0.00014352000,2.56000,2.44000
-0.00014348000,2.60000,2.44000
-0.00014344000,2.56000,2.44000
-0.00014340000,2.56000,2.44000
-0.00014336000,2.56000,2.52000
-0.00014332000,2.76000,2.60000
-0.00014328000,2.32000,2.28000
-0.00014324000,2.72000,2.64000
-0.00014320000,2.48000,2.36000
-0.00014316000,2.48000,2.32000
-0.00014312000,2.68000,2.64000
-0.00014308000,2.60000,2.44000
-0.00014304000,2.40000,2.40000
-0.00014300000,2.68000,2.44000
-0.00014296000,2.44000,2.32000
-0.00014292000,2.56000,2.44000
-0.00014288000,2.64000,2.52000
-0.00014284000,2.52000,2.32000
-0.00014280000,2.60000,2.48000
-0.00014276000,2.60000,2.48000
-0.00014272000,2.60000,2.44000
-0.00014268000,2.52000,2.44000
-0.00014264000,2.56000,2.44000
-0.00014260000,2.56000,2.44000
-0.00014256000,2.56000,2.44000
-0.00014252000,2.60000,2.48000
-0.00014248000,2.56000,2.44000
-0.00014244000,2.56000,2.44000
-0.00014240000,2.56000,2.40000
-0.00014236000,2.56000,2.44000
-0.00014232000,2.56000,2.44000
-0.00014228000,2.56000,2.44000
-0.00014224000,2.56000,2.44000
-0.00014220000,2.56000,2.44000
-0.00014216000,2.60000,2.44000
-0.00014212000,2.56000,2.44000
-0.00014208000,2.56000,2.44000
-0.00014204000,2.60000,2.48000
-0.00014200000,2.60000,2.48000
-0.00014196000,2.60000,2.48000
-0.00014192000,2.52000,2.40000
-0.00014188000,2.60000,2.44000
-0.00014184000,2.56000,2.44000
-0.00014180000,2.56000,2.44000
-0.00014176000,2.60000,2.48000
-0.00014172000,2.56000,2.44000
-0.00014168000,2.56000,2.44000
-0.00014164000,2.64000,2.48000
-0.00014160000,2.52000,2.40000
-0.00014156000,2.64000,2.48000
-0.00014152000,2.52000,2.40000
-0.00014148000,2.60000,2.48000
-0.00014144000,2.56000,2.44000
-0.00014140000,2.60000,2.48000
-0.00014136000,2.56000,2.44000
-0.00014132000,2.56000,2.44000
-0.00014128000,2.56000,2.44000
-0.00014124000,2.56000,2.44000
-0.00014120000,2.56000,2.44000
-0.00014116000,2.56000,2.44000
-0.00014111998,2.56000,2.44000
-0.00014108000,2.56000,2.44000
-0.00014104000,2.60000,2.44000
-0.00014100000,2.56000,2.44000
-0.00014096000,2.60000,2.48000
-0.00014092000,2.56000,2.44000
-0.00014088000,2.56000,2.44000
-0.00014084000,2.56000,2.44000
-0.00014080000,2.56000,2.44000
-0.00014075998,2.56000,2.44000
-0.00014072000,2.56000,2.44000
-0.00014068000,2.60000,2.44000
-0.00014064000,2.56000,2.44000
-0.00014060000,2.60000,2.44000
-0.00014056000,2.60000,2.44000
-0.00014052000,2.56000,2.44000
-0.00014048000,2.56000,2.44000
-0.00014044000,2.56000,2.44000
-0.00014040000,2.56000,2.44000
-0.00014036000,2.60000,2.48000
-0.00014032000,2.56000,2.44000
-0.00014028000,2.60000,2.44000
-0.00014024000,2.56000,2.44000
-0.00014020000,2.60000,2.44000
-0.00014016000,2.56000,2.44000
-0.00014012000,2.56000,2.44000
-0.00014008000,2.56000,2.44000
-0.00014004000,2.52000,2.48000
-0.00014000000,2.52000,2.36000
-0.00013996000,2.56000,2.36000
-0.00013992000,2.64000,2.44000
-0.00013988000,2.64000,2.48000
-0.00013984000,2.60000,2.44000
-0.00013980000,2.56000,2.44000
-0.00013976000,2.56000,2.44000
-0.00013972000,2.60000,2.48000
-0.00013968000,2.56000,2.48000
-0.00013964000,2.56000,2.48000
-0.00013960000,2.52000,2.44000
-0.00013956000,2.56000,2.44000
-0.00013952000,2.60000,2.44000
-0.00013948000,2.60000,2.48000
-0.00013944000,2.60000,2.44000
-0.00013940000,2.56000,2.44000
-0.00013936000,2.56000,2.44000
-0.00013932000,2.56000,2.44000
-0.00013928000,2.60000,2.44000
-0.00013924000,2.60000,2.44000
-0.00013920000,2.60000,2.48000
-0.00013916000,2.56000,2.44000
-0.00013912000,2.56000,2.44000
-0.00013908000,2.60000,2.44000
-0.00013904000,2.60000,2.44000
-0.00013900000,2.56000,2.44000
-0.00013896000,2.60000,2.48000
-0.00013892000,2.56000,2.44000
-0.00013888000,2.56000,2.44000
-0.00013884000,2.60000,2.44000
-0.00013880000,2.56000,2.44000
-0.00013876000,2.56000,2.44000
-0.00013872000,2.60000,2.44000
-0.00013868000,2.56000,2.44000
-0.00013864000,2.60000,2.44000
-0.00013860000,2.56000,2.48000
-0.00013856000,2.56000,2.40000
-0.00013852000,2.60000,2.44000
-0.00013848000,2.60000,2.44000
-0.00013844000,2.56000,2.44000
-0.00013840000,2.60000,2.48000
-0.00013836000,2.56000,2.44000
-0.00013832000,2.56000,2.44000
-0.00013828000,2.60000,2.48000
-0.00013824000,2.56000,2.44000
-0.00013820000,2.56000,2.44000
-0.00013816000,2.60000,2.44000
-0.00013812000,2.56000,2.44000
-0.00013808000,2.60000,2.44000
-0.00013804000,2.56000,2.44000
-0.00013800000,2.56000,2.44000
-0.00013796000,2.56000,2.48000
-0.00013792000,2.60000,2.44000
-0.00013788000,2.60000,2.44000
-0.00013784000,2.60000,2.44000
-0.00013780000,2.56000,2.44000
-0.00013776000,2.56000,2.44000
-0.00013772000,2.56000,2.44000
-0.00013767998,2.60000,2.44000
-0.00013764000,2.56000,2.44000
-0.00013760000,2.56000,2.44000
-0.00013756000,2.56000,2.44000
-0.00013752000,2.56000,2.44000
-0.00013748000,2.56000,2.44000
-0.00013744000,2.56000,2.44000
-0.00013740000,2.56000,2.44000
-0.00013736000,2.56000,2.44000
-0.00013731998,2.60000,2.44000
-0.00013728000,2.56000,2.44000
-0.00013724000,2.60000,2.44000
-0.00013720000,2.56000,2.44000
-0.00013716000,2.60000,2.44000
-0.00013712000,2.60000,2.44000
-0.00013708000,2.60000,2.44000
-0.00013704000,2.56000,2.44000
-0.00013700000,2.60000,2.44000
-0.00013696000,2.64000,2.52000
-0.00013692000,2.52000,2.44000
-0.00013688000,2.52000,2.32000
-0.00013684000,2.56000,2.36000
-0.00013680000,2.60000,2.44000
-0.00013676000,2.56000,2.44000
-0.00013672000,2.56000,2.44000
-0.00013668000,2.56000,2.44000
-0.00013664000,2.64000,2.44000
-0.00013660000,2.60000,2.48000
-0.00013656000,2.56000,2.48000
-0.00013652000,2.56000,2.44000
-0.00013648000,2.56000,2.44000
-0.00013644000,2.56000,2.44000
-0.00013640000,2.56000,2.44000
-0.00013636000,2.60000,2.44000
-0.00013632000,2.56000,2.44000
-0.00013628000,2.56000,2.44000
-0.00013624000,2.60000,2.44000
-0.00013620000,2.60000,2.48000
-0.00013616000,2.56000,2.44000
-0.00013612000,2.56000,2.40000
-0.00013608000,2.56000,2.44000
-0.00013604000,2.60000,2.44000
-0.00013600000,2.56000,2.44000
-0.00013596000,2.56000,2.44000
-0.00013592000,2.56000,2.44000
-0.00013588000,2.56000,2.44000
-0.00013584000,2.60000,2.44000
-0.00013580000,2.56000,2.44000
-0.00013576000,2.56000,2.44000
-0.00013572000,2.56000,2.44000
-0.00013568000,2.56000,2.44000
-0.00013564000,2.60000,2.44000
-0.00013560000,2.60000,2.44000
-0.00013556000,2.56000,2.44000
-0.00013552000,2.60000,2.44000
-0.00013548000,2.56000,2.44000
-0.00013544000,2.56000,2.44000
-0.00013540000,2.64000,2.44000
-0.00013536000,2.56000,2.44000
-0.00013532000,2.60000,2.48000
-0.00013528000,2.56000,2.44000
-0.00013524000,2.56000,2.44000
-0.00013520000,2.56000,2.44000
-0.00013516000,2.56000,2.44000
-0.00013512000,2.56000,2.44000
-0.00013508000,2.60000,2.48000
-0.00013504000,2.56000,2.44000
-0.00013500000,2.56000,2.44000
-0.00013496000,2.56000,2.44000
-0.00013492000,2.60000,2.44000
-0.00013488000,2.56000,2.44000
-0.00013484000,2.60000,2.44000
-0.00013480000,2.56000,2.44000
-0.00013476000,2.60000,2.44000
-0.00013472000,2.56000,2.44000
-0.00013468000,2.56000,2.44000
-0.00013464000,2.60000,2.48000
-0.00013460000,2.56000,2.44000
-0.00013456000,2.56000,2.44000
-0.00013452000,2.56000,2.44000
-0.00013448000,2.56000,2.44000
-0.00013444000,2.56000,2.44000
-0.00013440000,2.56000,2.44000
-0.00013436000,2.60000,2.44000
-0.00013432000,2.60000,2.44000
-0.00013428000,2.56000,2.44000
-0.00013424000,2.60000,2.44000
-0.00013420000,2.56000,2.44000
-0.00013416000,2.56000,2.44000
-0.00013412000,2.56000,2.44000
-0.00013408000,2.52000,2.44000
-0.00013404000,2.80000,2.72000
-0.00013400000,2.32000,2.20000
-0.00013396000,2.72000,2.64000
-0.00013392000,2.44000,2.40000
-0.00013387998,2.44000,2.24000
-0.00013384000,2.60000,2.48000
-0.00013380000,2.72000,2.44000
-0.00013376000,2.44000,2.40000
-0.00013372000,2.72000,2.60000
-0.00013368000,2.44000,2.28000
-0.00013364000,2.52000,2.36000
-0.00013360000,2.64000,2.52000
-0.00013356000,2.56000,2.44000
-0.00013352000,2.56000,2.48000
-0.00013348000,2.60000,2.44000
-0.00013344000,2.56000,2.44000
-0.00013340000,2.52000,2.40000
-0.00013336000,2.64000,2.48000
-0.00013332000,2.60000,2.44000
-0.00013328000,2.56000,2.44000
-0.00013324000,2.60000,2.48000
-0.00013320000,2.56000,2.40000
-0.00013316000,2.52000,2.40000
-0.00013312000,2.56000,2.44000
-0.00013308000,2.60000,2.44000
-0.00013304000,2.60000,2.44000
-0.00013300000,2.64000,2.48000
-0.00013296000,2.56000,2.44000
-0.00013292000,2.56000,2.44000
-0.00013288000,2.56000,2.44000
-0.00013284000,2.60000,2.44000
-0.00013280000,2.56000,2.44000
-0.00013276000,2.60000,2.48000
-0.00013272000,2.56000,2.44000
-0.00013268000,2.56000,2.44000
-0.00013264000,2.56000,2.44000
-0.00013260000,2.60000,2.44000
-0.00013256000,2.56000,2.44000
-0.00013252000,2.56000,2.48000
-0.00013248000,2.56000,2.44000
-0.00013244000,2.56000,2.44000
-0.00013240000,2.60000,2.44000
-0.00013236000,2.56000,2.44000
-0.00013232000,2.60000,2.44000
-0.00013228000,2.56000,2.44000
-0.00013224000,2.56000,2.44000
-0.00013220000,2.56000,2.44000
-0.00013216000,2.56000,2.44000
-0.00013212000,2.60000,2.44000
-0.00013208000,2.60000,2.44000
-0.00013204000,2.60000,2.44000
-0.00013200000,2.56000,2.44000
-0.00013196000,2.56000,2.44000
-0.00013192000,2.60000,2.44000
-0.00013188000,2.60000,2.44000
-0.00013184000,2.60000,2.44000
-0.00013180000,2.56000,2.44000
-0.00013176000,2.56000,2.44000
-0.00013172000,2.56000,2.44000
-0.00013168000,2.60000,2.44000
-0.00013164000,2.60000,2.48000
-0.00013160000,2.56000,2.44000
-0.00013156000,2.64000,2.44000
-0.00013152000,2.56000,2.40000
-0.00013148000,2.60000,2.44000
-0.00013144000,2.60000,2.44000
-0.00013140000,2.56000,2.44000
-0.00013136000,2.60000,2.44000
-0.00013132000,2.60000,2.48000
-0.00013128000,2.56000,2.40000
-0.00013124000,2.56000,2.44000
-0.00013120000,2.60000,2.48000
-0.00013116000,2.60000,2.48000
-0.00013112000,2.56000,2.44000
-0.00013108000,2.56000,2.44000
-0.00013104000,2.56000,2.44000
-0.00013099999,2.60000,2.44000
-0.00013096001,2.60000,2.48000
-0.00013092000,2.56000,2.44000
-0.00013088000,2.56000,2.40000
-0.00013083999,2.56000,2.40000
-0.00013080001,2.64000,2.48000
-0.00013076000,2.64000,2.56000
-0.00013072000,2.56000,2.48000
-0.00013068000,2.52000,2.44000
-0.00013063999,2.64000,2.48000
-0.00013060001,2.60000,2.44000
-0.00013056000,2.56000,2.44000
-0.00013052000,2.56000,2.44000
-0.00013047999,2.56000,2.40000
-0.00013043999,2.56000,2.44000
-0.00013040000,2.60000,2.44000
-0.00013036000,2.56000,2.44000
-0.00013032000,2.56000,2.48000
-0.00013027999,2.60000,2.44000
-0.00013024001,2.56000,2.44000
-0.00013020000,2.56000,2.44000
-0.00013016000,2.60000,2.44000
-0.00013011999,2.60000,2.40000
-0.00013007999,2.64000,2.48000
-0.00013004000,2.60000,2.48000
-0.00013000000,2.56000,2.44000
-0.00012996000,2.56000,2.44000
-0.00012991999,2.60000,2.44000
-0.00012988001,2.56000,2.44000
-0.00012984000,2.60000,2.48000
-0.00012980000,2.56000,2.44000
-0.00012975999,2.56000,2.44000
-0.00012971999,2.60000,2.44000
-0.00012968000,2.56000,2.44000
-0.00012964000,2.60000,2.44000
-0.00012960000,2.56000,2.44000
-0.00012955999,2.60000,2.44000
-0.00012952001,2.56000,2.44000
-0.00012948000,2.60000,2.44000
-0.00012944000,2.56000,2.44000
-0.00012939999,2.56000,2.48000
-0.00012935999,2.56000,2.44000
-0.00012932001,2.56000,2.44000
-0.00012928000,2.56000,2.44000
-0.00012924000,2.60000,2.44000
-0.00012919999,2.60000,2.44000
-0.00012916001,2.56000,2.44000
-0.00012912000,2.56000,2.44000
-0.00012908000,2.56000,2.44000
-0.00012903999,2.56000,2.44000
-0.00012899999,2.60000,2.44000
-0.00012896001,2.56000,2.44000
-0.00012892000,2.56000,2.44000
-0.00012888000,2.64000,2.48000
-0.00012883999,2.56000,2.40000
-0.00012880001,2.60000,2.48000
-0.00012876000,2.56000,2.44000
-0.00012872000,2.56000,2.48000
-0.00012868000,2.56000,2.48000
-0.00012863999,2.56000,2.44000
-0.00012860001,2.56000,2.44000
-0.00012856000,2.56000,2.48000
-0.00012852000,2.60000,2.48000
-0.00012847999,2.56000,2.40000
-0.00012844001,2.64000,2.48000
-0.00012840000,2.60000,2.44000
-0.00012836000,2.60000,2.44000
-0.00012832000,2.56000,2.44000
-0.00012827999,2.60000,2.44000
-0.00012824001,2.56000,2.44000
-0.00012820000,2.56000,2.48000
-0.00012816000,2.56000,2.44000
-0.00012811999,2.60000,2.44000
-0.00012808001,2.56000,2.44000
-0.00012804000,2.60000,2.48000
-0.00012800000,2.56000,2.44000
-0.00012796000,2.56000,2.44000
-0.00012791999,2.60000,2.44000
-0.00012788001,2.56000,2.44000
-0.00012784000,2.60000,2.44000
-0.00012780000,2.68000,2.48000
-0.00012775999,2.64000,2.48000
-0.00012772001,2.52000,2.44000
-0.00012768000,2.52000,2.40000
-0.00012764000,2.52000,2.36000
-0.00012760000,2.64000,2.48000
-0.00012755999,2.56000,2.44000
-0.00012752001,2.56000,2.44000
-0.00012748000,2.56000,2.44000
-0.00012744000,2.60000,2.44000
-0.00012739999,2.60000,2.48000
-0.00012736001,2.64000,2.48000
-0.00012732000,2.56000,2.44000
-0.00012728000,2.56000,2.44000
-0.00012724000,2.60000,2.44000
-0.00012719999,2.60000,2.44000
-0.00012716001,2.56000,2.44000
-0.00012712000,2.56000,2.44000
-0.00012708000,2.64000,2.48000
-0.00012703999,2.60000,2.48000
-0.00012699999,2.56000,2.44000
-0.00012696000,2.52000,2.44000
-0.00012692000,2.56000,2.44000
-0.00012688000,2.60000,2.44000
-0.00012683999,2.60000,2.48000
-0.00012680001,2.56000,2.48000
-0.00012676000,2.56000,2.44000
-0.00012672000,2.56000,2.44000
-0.00012667999,2.60000,2.44000
-0.00012663999,2.60000,2.48000
-0.00012660000,2.56000,2.44000
-0.00012656000,2.60000,2.44000
-0.00012652000,2.56000,2.44000
-0.00012647999,2.56000,2.44000
-0.00012644001,2.56000,2.44000
-0.00012640000,2.60000,2.48000
-0.00012636000,2.56000,2.44000
-0.00012631999,2.56000,2.44000
-0.00012627999,2.56000,2.44000
-0.00012624000,2.60000,2.44000
-0.00012620000,2.56000,2.44000
-0.00012616000,2.56000,2.44000
-0.00012611999,2.56000,2.44000
-0.00012608001,2.56000,2.44000
-0.00012604000,2.56000,2.44000
-0.00012600000,2.56000,2.44000
-0.00012595999,2.56000,2.44000
-0.00012591999,2.60000,2.48000
-0.00012588001,2.56000,2.44000
-0.00012584000,2.56000,2.44000
-0.00012580000,2.60000,2.44000
-0.00012575999,2.56000,2.48000
-0.00012572001,2.60000,2.44000
-0.00012568000,2.56000,2.44000
-0.00012564000,2.56000,2.44000
-0.00012559999,2.56000,2.44000
-0.00012555999,2.60000,2.44000
-0.00012552001,2.52000,2.44000
-0.00012548000,2.64000,2.48000
-0.00012544000,2.60000,2.44000
-0.00012539999,2.56000,2.44000
-0.00012536001,2.64000,2.48000
-0.00012532000,2.48000,2.36000
-0.00012528000,2.68000,2.52000
-0.00012524000,2.56000,2.44000
-0.00012519999,2.56000,2.44000
-0.00012516001,2.60000,2.44000
-0.00012512000,2.60000,2.44000
-0.00012508000,2.52000,2.40000
-0.00012503999,2.60000,2.48000
-0.00012500001,2.60000,2.44000
-0.00012496000,2.56000,2.44000
-0.00012492000,2.60000,2.48000
-0.00012488000,2.56000,2.44000
-0.00012483999,2.56000,2.44000
-0.00012480001,2.48000,2.36000
-0.00012476000,2.80000,2.68000
-0.00012472000,2.24000,2.16000
-0.00012467999,2.72000,2.68000
-0.00012464001,2.56000,2.44000
-0.00012460000,2.56000,2.44000
-0.00012456000,2.52000,2.48000
-0.00012452000,2.76000,2.56000
-0.00012447999,2.32000,2.24000
-0.00012444001,2.76000,2.68000
-0.00012440000,2.40000,2.28000
-0.00012436000,2.52000,2.36000
-0.00012431999,2.64000,2.48000
-0.00012428001,2.60000,2.44000
-0.00012424000,2.52000,2.44000
-0.00012420000,2.68000,2.48000
-0.00012416000,2.60000,2.44000
-0.00012411999,2.52000,2.36000
-0.00012408001,2.60000,2.48000
-0.00012404000,2.56000,2.44000
-0.00012400000,2.52000,2.44000
-0.00012395999,2.60000,2.44000
-0.00012392001,2.64000,2.48000
-0.00012388000,2.56000,2.44000
-0.00012384000,2.64000,2.48000
-0.00012380000,2.56000,2.44000
-0.00012375999,2.56000,2.44000
-0.00012372001,2.64000,2.48000
-0.00012368000,2.60000,2.44000
-0.00012364000,2.56000,2.44000
-0.00012359999,2.60000,2.44000
-0.00012355999,2.56000,2.44000
-0.00012352000,2.56000,2.44000
-0.00012348000,2.60000,2.48000
-0.00012344000,2.60000,2.44000
-0.00012339999,2.56000,2.44000
-0.00012336001,2.64000,2.44000
-0.00012332000,2.56000,2.44000
-0.00012328000,2.56000,2.44000
-0.00012323999,2.60000,2.44000
-0.00012319999,2.56000,2.44000
-0.00012316000,2.56000,2.44000
-0.00012312000,2.60000,2.48000
-0.00012308000,2.56000,2.44000
-0.00012303999,2.60000,2.48000
-0.00012300001,2.60000,2.48000
-0.00012296000,2.56000,2.44000
-0.00012292000,2.56000,2.44000
-0.00012287999,2.60000,2.44000
-0.00012283999,2.60000,2.44000
-0.00012280000,2.56000,2.44000
-0.00012276000,2.56000,2.44000
-0.00012272000,2.60000,2.44000
-0.00012267999,2.52000,2.44000
-0.00012264001,2.60000,2.48000
-0.00012260000,2.56000,2.44000
-0.00012256000,2.56000,2.48000
-0.00012251999,2.60000,2.44000
-0.00012247999,2.56000,2.44000
-0.00012244001,2.56000,2.44000
-0.00012240000,2.64000,2.44000
-0.00012236000,2.56000,2.44000
-0.00012231999,2.60000,2.48000
-0.00012228001,2.60000,2.44000
-0.00012224000,2.52000,2.44000
-0.00012220000,2.60000,2.48000
-0.00012215999,2.52000,2.40000
-0.00012211999,2.60000,2.48000
-0.00012208001,2.60000,2.44000
-0.00012204000,2.56000,2.44000
-0.00012200000,2.60000,2.44000
-0.00012196000,2.56000,2.48000
-0.00012192000,2.56000,2.40000
-0.00012188000,2.56000,2.44000
-0.00012184000,2.60000,2.44000
-0.00012180000,2.56000,2.44000
-0.00012176000,2.60000,2.44000
-0.00012172000,2.56000,2.36000
-0.00012168000,2.56000,2.36000
-0.00012164000,2.68000,2.48000
-0.00012160000,2.64000,2.52000
-0.00012156000,2.56000,2.48000
-0.00012152000,2.56000,2.44000
-0.00012148000,2.60000,2.44000
-0.00012144000,2.60000,2.44000
-0.00012140000,2.56000,2.44000
-0.00012136000,2.56000,2.44000
-0.00012132000,2.56000,2.44000
-0.00012128000,2.60000,2.44000
-0.00012124000,2.56000,2.44000
-0.00012120000,2.60000,2.44000
-0.00012116000,2.56000,2.48000
-0.00012112000,2.56000,2.40000
-0.00012108000,2.56000,2.44000
-0.00012104000,2.60000,2.44000
-0.00012100000,2.60000,2.44000
-0.00012096000,2.64000,2.44000
-0.00012092000,2.56000,2.44000
-0.00012088000,2.60000,2.48000
-0.00012084000,2.52000,2.40000
-0.00012080000,2.56000,2.44000
-0.00012076000,2.56000,2.44000
-0.00012072000,2.60000,2.48000
-0.00012068000,2.56000,2.44000
-0.00012064000,2.56000,2.44000
-0.00012060000,2.56000,2.40000
-0.00012056000,2.56000,2.44000
-0.00012052000,2.64000,2.48000
-0.00012048000,2.56000,2.44000
-0.00012044000,2.60000,2.48000
-0.00012040000,2.52000,2.44000
-0.00012036000,2.60000,2.44000
-0.00012032000,2.56000,2.44000
-0.00012028000,2.56000,2.44000
-0.00012024000,2.60000,2.44000
-0.00012020000,2.56000,2.44000
-0.00012016000,2.60000,2.48000
-0.00012012000,2.56000,2.40000
-0.00012008000,2.60000,2.48000
-0.00012004000,2.56000,2.44000
-0.00012000000,2.60000,2.48000
-0.00011996000,2.52000,2.44000
-0.00011992000,2.64000,2.48000
-0.00011988000,2.52000,2.40000
-0.00011984000,2.60000,2.48000
-0.00011980000,2.56000,2.44000
-0.00011976000,2.56000,2.44000
-0.00011972000,2.60000,2.48000
-0.00011968000,2.56000,2.44000
-0.00011964000,2.56000,2.44000
-0.00011960000,2.60000,2.44000
-0.00011956000,2.60000,2.44000
-0.00011952000,2.56000,2.44000
-0.00011948000,2.60000,2.44000
-0.00011944000,2.56000,2.44000
-0.00011940000,2.56000,2.44000
-0.00011936000,2.56000,2.48000
-0.00011932000,2.60000,2.44000
-0.00011928000,2.56000,2.44000
-0.00011924000,2.56000,2.48000
-0.00011920000,2.56000,2.44000
-0.00011916000,2.56000,2.44000
-0.00011912000,2.60000,2.44000
-0.00011908000,2.56000,2.44000
-0.00011904000,2.56000,2.44000
-0.00011900000,2.56000,2.44000
-0.00011896000,2.56000,2.44000
-0.00011892000,2.56000,2.44000
-0.00011888000,2.56000,2.44000
-0.00011884000,2.56000,2.44000
-0.00011880000,2.56000,2.48000
-0.00011876000,2.56000,2.44000
-0.00011872000,2.56000,2.44000
-0.00011868000,2.60000,2.48000
-0.00011864000,2.68000,2.56000
-0.00011860000,2.52000,2.48000
-0.00011856000,2.48000,2.36000
-0.00011852000,2.52000,2.32000
-0.00011848000,2.56000,2.44000
-0.00011844000,2.56000,2.44000
-0.00011840000,2.56000,2.44000
-0.00011836000,2.56000,2.44000
-0.00011832000,2.60000,2.48000
-0.00011828000,2.60000,2.44000
-0.00011824000,2.60000,2.44000
-0.00011820000,2.60000,2.48000
-0.00011816000,2.56000,2.44000
-0.00011812000,2.56000,2.44000
-0.00011808000,2.60000,2.44000
-0.00011804000,2.56000,2.44000
-0.00011800000,2.56000,2.44000
-0.00011796000,2.56000,2.44000
-0.00011792000,2.60000,2.48000
-0.00011788000,2.56000,2.48000
-0.00011784000,2.56000,2.44000
-0.00011780000,2.56000,2.44000
-0.00011776000,2.56000,2.44000
-0.00011772000,2.56000,2.44000
-0.00011768000,2.56000,2.44000
-0.00011764000,2.56000,2.44000
-0.00011760000,2.56000,2.44000
-0.00011756000,2.56000,2.44000
-0.00011752000,2.60000,2.44000
-0.00011748000,2.56000,2.48000
-0.00011744000,2.56000,2.44000
-0.00011740000,2.56000,2.44000
-0.00011736000,2.60000,2.44000
-0.00011732000,2.60000,2.44000
-0.00011728000,2.56000,2.44000
-0.00011724000,2.56000,2.44000
-0.00011720000,2.56000,2.44000
-0.00011716000,2.56000,2.44000
-0.00011712000,2.56000,2.44000
-0.00011708000,2.60000,2.44000
-0.00011704000,2.56000,2.44000
-0.00011700000,2.56000,2.44000
-0.00011696000,2.60000,2.44000
-0.00011692000,2.56000,2.44000
-0.00011688000,2.60000,2.44000
-0.00011684000,2.56000,2.44000
-0.00011680000,2.56000,2.44000
-0.00011676000,2.56000,2.44000
-0.00011672000,2.56000,2.44000
-0.00011668000,2.56000,2.44000
-0.00011664000,2.60000,2.44000
-0.00011660000,2.56000,2.44000
-0.00011656000,2.60000,2.44000
-0.00011652000,2.56000,2.44000
-0.00011648000,2.56000,2.44000
-0.00011644000,2.56000,2.44000
-0.00011640000,2.56000,2.44000
-0.00011636000,2.56000,2.44000
-0.00011632000,2.56000,2.44000
-0.00011628000,2.60000,2.44000
-0.00011624000,2.56000,2.44000
-0.00011620000,2.60000,2.44000
-0.00011616000,2.56000,2.44000
-0.00011612000,2.56000,2.44000
-0.00011608000,2.56000,2.44000
-0.00011604000,2.60000,2.44000
-0.00011600000,2.56000,2.44000
-0.00011596000,2.60000,2.44000
-0.00011592000,2.56000,2.44000
-0.00011588000,2.60000,2.44000
-0.00011584000,2.56000,2.44000
-0.00011580000,2.56000,2.44000
-0.00011576000,2.56000,2.48000
-0.00011572000,2.56000,2.44000
-0.00011568000,2.56000,2.44000
-0.00011564000,2.56000,2.44000
-0.00011560000,2.48000,2.36000
-0.00011556000,2.52000,2.40000
-0.00011552000,2.48000,2.28000
-0.00011548000,2.92000,2.88000
-0.00011544000,2.36000,2.20000
-0.00011540000,2.60000,2.56000
-0.00011536000,2.56000,2.32000
-0.00011532000,2.56000,2.40000
-0.00011528000,2.48000,2.40000
-0.00011524000,2.80000,2.72000
-0.00011520000,2.28000,2.16000
-0.00011516000,2.76000,2.68000
-0.00011512000,2.48000,2.32000
-0.00011508000,2.52000,2.40000
-0.00011504000,2.60000,2.48000
-0.00011500000,2.64000,2.48000
-0.00011496000,2.48000,2.32000
-0.00011492000,2.72000,2.52000
-0.00011488000,2.60000,2.44000
-0.00011484000,2.52000,2.36000
-0.00011480000,2.60000,2.44000
-0.00011476000,2.56000,2.44000
-0.00011472000,2.60000,2.48000
-0.00011468000,2.64000,2.52000
-0.00011464000,2.56000,2.44000
-0.00011460000,2.52000,2.36000
-0.00011456000,2.64000,2.48000
-0.00011452000,2.60000,2.44000
-0.00011448000,2.52000,2.40000
-0.00011444000,2.64000,2.44000
-0.00011440000,2.56000,2.44000
-0.00011436000,2.52000,2.40000
-0.00011432000,2.64000,2.48000
-0.00011428000,2.52000,2.40000
-0.00011424000,2.56000,2.44000
-0.00011420000,2.60000,2.48000
-0.00011416000,2.56000,2.44000
-0.00011412000,2.60000,2.48000
-0.00011408000,2.60000,2.48000
-0.00011404000,2.56000,2.40000
-0.00011400000,2.60000,2.48000
-0.00011396000,2.60000,2.44000
-0.00011392000,2.52000,2.44000
-0.00011388000,2.60000,2.48000
-0.00011384000,2.60000,2.44000
-0.00011380000,2.52000,2.44000
-0.00011376000,2.56000,2.44000
-0.00011372000,2.56000,2.44000
-0.00011368000,2.56000,2.44000
-0.00011364000,2.60000,2.48000
-0.00011360000,2.56000,2.44000
-0.00011356000,2.56000,2.44000
-0.00011352000,2.60000,2.44000
-0.00011348000,2.56000,2.44000
-0.00011344000,2.60000,2.44000
-0.00011340000,2.56000,2.44000
-0.00011336000,2.56000,2.44000
-0.00011332000,2.60000,2.44000
-0.00011328000,2.60000,2.48000
-0.00011324000,2.56000,2.44000
-0.00011320000,2.60000,2.44000
-0.00011316000,2.56000,2.44000
-0.00011312000,2.56000,2.44000
-0.00011308000,2.56000,2.44000
-0.00011304000,2.60000,2.44000
-0.00011300000,2.56000,2.44000
-0.00011296000,2.56000,2.44000
-0.00011292000,2.56000,2.44000
-0.00011288000,2.56000,2.44000
-0.00011284000,2.56000,2.44000
-0.00011280000,2.56000,2.44000
-0.00011276000,2.56000,2.44000
-0.00011272000,2.56000,2.44000
-0.00011268000,2.56000,2.44000
-0.00011264000,2.56000,2.44000
-0.00011260000,2.56000,2.44000
-0.00011256000,2.56000,2.40000
-0.00011252000,2.64000,2.44000
-0.00011248000,2.64000,2.48000
-0.00011244000,2.64000,2.56000
-0.00011240000,2.52000,2.44000
-0.00011236000,2.56000,2.44000
-0.00011232000,2.60000,2.44000
-0.00011228000,2.64000,2.48000
-0.00011224000,2.56000,2.44000
-0.00011220000,2.56000,2.44000
-0.00011216000,2.56000,2.40000
-0.00011212000,2.56000,2.44000
-0.00011208000,2.60000,2.44000
-0.00011204000,2.60000,2.44000
-0.00011200000,2.56000,2.44000
-0.00011196000,2.56000,2.44000
-0.00011192000,2.56000,2.44000
-0.00011188000,2.60000,2.44000
-0.00011184000,2.60000,2.44000
-0.00011180000,2.60000,2.48000
-0.00011176000,2.56000,2.48000
-0.00011172000,2.56000,2.44000
-0.00011168000,2.52000,2.40000
-0.00011164000,2.60000,2.44000
-0.00011160000,2.56000,2.44000
-0.00011156000,2.56000,2.44000
-0.00011152000,2.56000,2.44000
-0.00011148000,2.60000,2.44000
-0.00011144000,2.60000,2.44000
-0.00011140000,2.60000,2.48000
-0.00011136000,2.56000,2.48000
-0.00011132000,2.56000,2.44000
-0.00011128000,2.56000,2.44000
-0.00011124000,2.56000,2.44000
-0.00011120000,2.56000,2.44000
-0.00011116000,2.60000,2.44000
-0.00011112000,2.60000,2.48000
-0.00011108000,2.56000,2.44000
-0.00011104000,2.56000,2.44000
-0.00011100000,2.60000,2.44000
-0.00011096000,2.56000,2.44000
-0.00011092000,2.56000,2.44000
-0.00011088000,2.56000,2.44000
-0.00011084000,2.60000,2.48000
-0.00011080000,2.56000,2.44000
-0.00011076000,2.56000,2.44000
-0.00011072000,2.56000,2.44000
-0.00011068000,2.56000,2.44000
-0.00011064000,2.60000,2.44000
-0.00011060000,2.56000,2.44000
-0.00011056000,2.60000,2.44000
-0.00011052000,2.56000,2.44000
-0.00011048000,2.56000,2.44000
-0.00011044000,2.60000,2.44000
-0.00011040000,2.56000,2.44000
-0.00011036000,2.56000,2.44000
-0.00011032000,2.60000,2.44000
-0.00011028000,2.60000,2.44000
-0.00011024000,2.60000,2.44000
-0.00011020000,2.56000,2.44000
-0.00011016000,2.56000,2.44000
-0.00011012000,2.60000,2.44000
-0.00011008000,2.56000,2.44000
-0.00011004000,2.60000,2.44000
-0.00011000000,2.60000,2.44000
-0.00010996000,2.60000,2.44000
-0.00010992000,2.56000,2.44000
-0.00010988000,2.56000,2.44000
-0.00010984000,2.56000,2.44000
-0.00010980000,2.60000,2.44000
-0.00010976000,2.56000,2.44000
-0.00010972000,2.56000,2.44000
-0.00010968000,2.56000,2.44000
-0.00010964000,2.60000,2.44000
-0.00010960000,2.56000,2.44000
-0.00010956000,2.60000,2.44000
-0.00010952000,2.60000,2.44000
-0.00010948000,2.60000,2.40000
-0.00010944000,2.60000,2.44000
-0.00010940000,2.68000,2.48000
-0.00010936000,2.60000,2.52000
-0.00010932000,2.56000,2.44000
-0.00010928000,2.52000,2.44000
-0.00010924000,2.60000,2.44000
-0.00010920000,2.60000,2.48000
-0.00010916000,2.60000,2.44000
-0.00010912000,2.56000,2.44000
-0.00010908000,2.56000,2.44000
-0.00010904000,2.56000,2.44000
-0.00010900000,2.60000,2.48000
-0.00010896000,2.60000,2.44000
-0.00010892000,2.56000,2.48000
-0.00010888000,2.56000,2.44000
-0.00010884000,2.56000,2.44000
-0.00010880000,2.56000,2.44000
-0.00010876000,2.60000,2.44000
-0.00010872000,2.52000,2.44000
-0.00010868000,2.56000,2.44000
-0.00010864000,2.60000,2.44000
-0.00010860000,2.64000,2.48000
-0.00010856000,2.60000,2.44000
-0.00010852000,2.56000,2.44000
-0.00010848000,2.56000,2.44000
-0.00010844000,2.60000,2.44000
-0.00010840000,2.56000,2.44000
-0.00010836000,2.60000,2.44000
-0.00010832000,2.56000,2.44000
-0.00010828000,2.56000,2.44000
-0.00010824000,2.60000,2.44000
-0.00010820000,2.60000,2.44000
-0.00010816000,2.56000,2.44000
-0.00010812000,2.60000,2.44000
-0.00010808000,2.56000,2.44000
-0.00010804000,2.56000,2.44000
-0.00010800000,2.56000,2.44000
-0.00010796000,2.56000,2.44000
-0.00010792000,2.56000,2.44000
-0.00010788000,2.56000,2.44000
-0.00010784000,2.60000,2.44000
-0.00010780000,2.56000,2.44000
-0.00010776000,2.60000,2.48000
-0.00010772000,2.60000,2.44000
-0.00010768000,2.56000,2.44000
-0.00010764000,2.56000,2.44000
-0.00010760000,2.60000,2.44000
-0.00010756000,2.56000,2.44000
-0.00010752000,2.56000,2.44000
-0.00010748000,2.60000,2.44000
-0.00010744000,2.60000,2.44000
-0.00010740000,2.56000,2.44000
-0.00010736000,2.56000,2.44000
-0.00010732000,2.56000,2.44000
-0.00010728000,2.60000,2.44000
-0.00010724000,2.60000,2.44000
-0.00010720000,2.56000,2.44000
-0.00010716000,2.56000,2.44000
-0.00010712000,2.56000,2.44000
-0.00010708000,2.56000,2.44000
-0.00010704000,2.56000,2.44000
-0.00010700000,2.56000,2.44000
-0.00010696000,2.56000,2.44000
-0.00010692000,2.56000,2.44000
-0.00010688000,2.60000,2.44000
-0.00010684000,2.56000,2.44000
-0.00010680000,2.60000,2.44000
-0.00010676000,2.56000,2.44000
-0.00010672000,2.60000,2.44000
-0.00010668000,2.56000,2.44000
-0.00010664000,2.60000,2.44000
-0.00010660000,2.56000,2.44000
-0.00010656000,2.60000,2.44000
-0.00010652000,2.56000,2.44000
-0.00010648000,2.56000,2.44000
-0.00010644000,2.60000,2.44000
-0.00010640000,2.64000,2.48000
-0.00010636000,2.68000,2.56000
-0.00010632000,2.56000,2.44000
-0.00010628000,2.48000,2.40000
-0.00010624000,2.48000,2.32000
-0.00010620000,2.76000,2.72000
-0.00010616000,2.60000,2.32000
-0.00010612000,2.44000,2.40000
-0.00010608000,2.72000,2.48000
-0.00010604000,2.48000,2.36000
-0.00010600000,2.52000,2.36000
-0.00010596000,2.80000,2.76000
-0.00010592000,2.40000,2.24000
-0.00010588000,2.72000,2.64000
-0.00010584000,2.56000,2.36000
-0.00010580000,2.52000,2.40000
-0.00010576000,2.56000,2.44000
-0.00010572000,2.64000,2.48000
-0.00010568000,2.52000,2.36000
-0.00010564000,2.72000,2.56000
-0.00010560000,2.60000,2.44000
-0.00010556000,2.56000,2.44000
-0.00010552000,2.52000,2.44000
-0.00010548000,2.60000,2.44000
-0.00010544000,2.60000,2.44000
-0.00010540000,2.60000,2.44000
-0.00010536000,2.60000,2.48000
-0.00010532000,2.56000,2.36000
-0.00010528000,2.56000,2.44000
-0.00010524000,2.56000,2.44000
-0.00010520000,2.56000,2.44000
-0.00010516000,2.60000,2.48000
-0.00010512000,2.60000,2.48000
-0.00010508000,2.56000,2.44000
-0.00010504000,2.56000,2.44000
-0.00010500000,2.60000,2.48000
-0.00010496000,2.56000,2.44000
-0.00010492000,2.56000,2.44000
-0.00010488000,2.60000,2.44000
-0.00010484000,2.60000,2.44000
-0.00010480000,2.56000,2.44000
-0.00010476000,2.64000,2.44000
-0.00010472000,2.56000,2.44000
-0.00010468000,2.56000,2.44000
-0.00010464000,2.56000,2.44000
-0.00010459999,2.60000,2.44000
-0.00010456000,2.56000,2.44000
-0.00010452000,2.56000,2.44000
-0.00010448000,2.56000,2.44000
-0.00010444000,2.56000,2.44000
-0.00010440000,2.60000,2.48000
-0.00010436000,2.56000,2.44000
-0.00010432000,2.56000,2.44000
-0.00010428000,2.60000,2.44000
-0.00010423999,2.56000,2.44000
-0.00010420000,2.56000,2.44000
-0.00010416000,2.56000,2.44000
-0.00010412000,2.56000,2.44000
-0.00010408000,2.60000,2.44000
-0.00010404000,2.60000,2.44000
-0.00010400000,2.56000,2.44000
-0.00010396000,2.56000,2.44000
-0.00010392000,2.56000,2.44000
-0.00010387999,2.56000,2.44000
-0.00010384000,2.56000,2.44000
-0.00010380000,2.56000,2.44000
-0.00010376000,2.64000,2.44000
-0.00010372000,2.52000,2.40000
-0.00010368000,2.68000,2.52000
-0.00010364000,2.52000,2.36000
-0.00010359999,2.60000,2.48000
-0.00010356000,2.56000,2.44000
-0.00010351999,2.56000,2.44000
-0.00010348000,2.56000,2.44000
-0.00010344000,2.60000,2.48000
-0.00010340000,2.56000,2.44000
-0.00010336000,2.68000,2.56000
-0.00010332000,2.56000,2.44000
-0.00010328000,2.48000,2.36000
-0.00010323999,2.52000,2.36000
-0.00010320000,2.56000,2.44000
-0.00010315999,2.56000,2.44000
-0.00010312000,2.56000,2.44000
-0.00010308000,2.56000,2.44000
-0.00010304000,2.56000,2.44000
-0.00010300000,2.56000,2.44000
-0.00010296000,2.60000,2.44000
-0.00010292000,2.56000,2.44000
-0.00010287999,2.56000,2.44000
-0.00010284000,2.56000,2.44000
-0.00010280000,2.56000,2.44000
-0.00010276000,2.60000,2.44000
-0.00010272000,2.56000,2.48000
-0.00010268000,2.56000,2.44000
-0.00010264000,2.60000,2.48000
-0.00010260000,2.56000,2.44000
-0.00010256000,2.56000,2.44000
-0.00010251999,2.56000,2.40000
-0.00010248000,2.56000,2.44000
-0.00010244000,2.56000,2.44000
-0.00010240000,2.56000,2.44000
-0.00010236000,2.60000,2.44000
-0.00010232000,2.60000,2.44000
-0.00010228000,2.52000,2.40000
-0.00010224000,2.64000,2.48000
-0.00010220000,2.60000,2.44000
-0.00010215999,2.56000,2.44000
-0.00010212000,2.60000,2.44000
-0.00010208000,2.60000,2.44000
-0.00010204000,2.56000,2.44000
-0.00010200000,2.60000,2.48000
-0.00010196000,2.56000,2.48000
-0.00010192000,2.56000,2.40000
-0.00010187999,2.56000,2.44000
-0.00010184000,2.60000,2.48000
-0.00010179999,2.56000,2.44000
-0.00010176000,2.56000,2.44000
-0.00010172000,2.56000,2.44000
-0.00010168000,2.56000,2.44000
-0.00010164000,2.60000,2.44000
-0.00010160000,2.60000,2.44000
-0.00010156000,2.56000,2.44000
-0.00010151999,2.60000,2.44000
-0.00010148000,2.56000,2.44000
-0.00010143999,2.56000,2.44000
-0.00010140000,2.56000,2.44000
-0.00010136000,2.60000,2.44000
-0.00010132000,2.56000,2.44000
-0.00010128000,2.60000,2.44000
-0.00010124000,2.56000,2.44000
-0.00010120000,2.56000,2.44000
-0.00010115999,2.56000,2.44000
-0.00010112000,2.56000,2.44000
-0.00010108000,2.60000,2.44000
-0.00010104000,2.56000,2.44000
-0.00010100000,2.56000,2.44000
-0.00010096000,2.60000,2.44000
-0.00010092000,2.56000,2.44000
-0.00010088000,2.56000,2.44000
-0.00010084000,2.60000,2.48000
-0.00010079999,2.56000,2.44000
-0.00010076000,2.64000,2.48000
-0.00010072000,2.56000,2.40000
-0.00010068000,2.60000,2.48000
-0.00010064000,2.56000,2.44000
-0.00010060000,2.56000,2.44000
-0.00010056000,2.60000,2.44000
-0.00010052000,2.56000,2.44000
-0.00010048000,2.60000,2.48000
-0.00010043999,2.56000,2.44000
-0.00010040000,2.60000,2.44000
-0.00010036000,2.52000,2.40000
-0.00010032000,2.56000,2.48000
-0.00010028000,2.48000,2.36000
-0.00010024000,2.56000,2.40000
-0.00010020000,2.64000,2.44000
-0.00010015999,2.64000,2.48000
-0.00010012000,2.60000,2.48000
-0.00010007999,2.56000,2.44000
-0.00010004000,2.56000,2.44000
-0.00010000000,2.56000,2.44000
-0.00009996000,2.64000,2.48000
-0.00009992000,2.52000,2.44000
-0.00009988000,2.56000,2.44000
-0.00009984000,2.56000,2.40000
-0.00009979999,2.60000,2.44000
-0.00009976000,2.60000,2.48000
-0.00009971999,2.56000,2.44000
-0.00009968000,2.60000,2.44000
-0.00009964000,2.60000,2.44000
-0.00009960000,2.56000,2.44000
-0.00009956000,2.56000,2.48000
-0.00009952000,2.56000,2.44000
-0.00009948000,2.56000,2.44000
-0.00009943999,2.60000,2.44000
-0.00009940000,2.60000,2.44000
-0.00009936000,2.56000,2.44000
-0.00009932000,2.56000,2.44000
-0.00009928000,2.56000,2.44000
-0.00009924000,2.56000,2.44000
-0.00009920000,2.60000,2.48000
-0.00009916000,2.56000,2.44000
-0.00009912000,2.56000,2.44000
-0.00009907999,2.56000,2.44000
-0.00009904000,2.56000,2.44000
-0.00009900000,2.60000,2.44000
-0.00009896000,2.60000,2.44000
-0.00009892000,2.56000,2.44000
-0.00009888000,2.56000,2.44000
-0.00009884000,2.60000,2.44000
-0.00009880000,2.56000,2.44000
-0.00009876000,2.60000,2.44000
-0.00009871999,2.56000,2.48000
-0.00009868000,2.56000,2.44000
-0.00009864000,2.60000,2.44000
-0.00009860000,2.56000,2.44000
-0.00009856000,2.56000,2.44000
-0.00009852000,2.56000,2.44000
-0.00009848000,2.56000,2.44000
-0.00009843999,2.56000,2.44000
-0.00009840000,2.60000,2.44000
-0.00009835999,2.60000,2.44000
-0.00009832000,2.56000,2.44000
-0.00009828000,2.60000,2.44000
-0.00009824000,2.56000,2.44000
-0.00009820000,2.56000,2.44000
-0.00009816000,2.56000,2.44000
-0.00009812000,2.56000,2.44000
-0.00009807999,2.56000,2.44000
-0.00009804000,2.64000,2.48000
-0.00009799999,2.56000,2.44000
-0.00009796000,2.52000,2.44000
-0.00009792000,2.56000,2.44000
-0.00009788000,2.60000,2.44000
-0.00009784000,2.64000,2.44000
-0.00009780000,2.60000,2.44000
-0.00009776000,2.56000,2.44000
-0.00009771999,2.56000,2.40000
-0.00009768000,2.60000,2.48000
-0.00009764000,2.56000,2.44000
-0.00009760000,2.56000,2.44000
-0.00009756000,2.60000,2.48000
-0.00009752000,2.56000,2.44000
-0.00009748000,2.56000,2.44000
-0.00009744000,2.60000,2.44000
-0.00009740000,2.56000,2.44000
-0.00009735999,2.56000,2.44000
-0.00009732000,2.64000,2.48000
-0.00009728000,2.56000,2.44000
-0.00009724000,2.68000,2.48000
-0.00009720000,2.60000,2.48000
-0.00009716000,2.48000,2.40000
-0.00009712000,2.48000,2.36000
-0.00009708000,2.56000,2.40000
-0.00009704000,2.56000,2.48000
-0.00009699999,2.56000,2.48000
-0.00009696000,2.56000,2.44000
-0.00009692000,2.48000,2.40000
-0.00009688000,2.88000,2.68000
-0.00009684000,2.32000,2.20000
-0.00009680000,2.72000,2.64000
-0.00009676000,2.48000,2.32000
-0.00009671999,2.48000,2.32000
-0.00009668000,2.56000,2.52000
-0.00009663999,2.72000,2.48000
-0.00009660000,2.36000,2.32000
-0.00009656000,2.76000,2.60000
-0.00009652000,2.48000,2.32000
-0.00009648000,2.52000,2.40000
-0.00009644000,2.68000,2.52000
-0.00009640000,2.56000,2.40000
-0.00009635999,2.56000,2.44000
-0.00009632000,2.60000,2.48000
-0.00009627999,2.60000,2.44000
-0.00009624000,2.52000,2.36000
-0.00009620000,2.60000,2.44000
-0.00009616000,2.56000,2.40000
-0.00009612000,2.56000,2.44000
-0.00009608000,2.64000,2.48000
-0.00009604000,2.60000,2.44000
-0.00009599999,2.52000,2.40000
-0.00009596000,2.60000,2.44000
-0.00009592000,2.56000,2.44000
-0.00009588000,2.56000,2.44000
-0.00009584000,2.64000,2.48000
-0.00009580000,2.60000,2.44000
-0.00009576000,2.56000,2.44000
-0.00009572000,2.60000,2.44000
-0.00009568000,2.56000,2.44000
-0.00009563999,2.56000,2.44000
-0.00009560000,2.64000,2.48000
-0.00009556000,2.60000,2.44000
-0.00009552000,2.56000,2.44000
-0.00009548000,2.60000,2.44000
-0.00009544000,2.56000,2.44000
-0.00009540000,2.56000,2.44000
-0.00009536000,2.60000,2.44000
-0.00009532000,2.56000,2.44000
-0.00009527999,2.56000,2.44000
-0.00009524000,2.60000,2.48000
-0.00009520000,2.60000,2.44000
-0.00009516000,2.56000,2.44000
-0.00009512000,2.56000,2.44000
-0.00009508000,2.56000,2.44000
-0.00009504000,2.56000,2.44000
-0.00009500000,2.60000,2.44000
-0.00009496000,2.56000,2.44000
-0.00009491999,2.60000,2.44000
-0.00009488000,2.56000,2.44000
-0.00009484000,2.60000,2.44000
-0.00009480000,2.56000,2.44000
-0.00009476000,2.60000,2.44000
-0.00009472000,2.60000,2.44000
-0.00009468000,2.56000,2.44000
-0.00009463999,2.56000,2.44000
-0.00009460000,2.60000,2.44000
-0.00009455999,2.56000,2.44000
-0.00009452000,2.56000,2.44000
-0.00009448000,2.56000,2.44000
-0.00009444000,2.60000,2.44000
-0.00009440000,2.60000,2.44000
-0.00009436000,2.56000,2.44000
-0.00009432000,2.56000,2.44000
-0.00009427999,2.56000,2.44000
-0.00009424000,2.56000,2.44000
-0.00009420000,2.72000,2.56000
-0.00009416000,2.52000,2.44000
-0.00009412000,2.48000,2.36000
-0.00009408000,2.52000,2.36000
-0.00009404000,2.56000,2.40000
-0.00009400000,2.60000,2.48000
-0.00009396000,2.56000,2.44000
-0.00009391999,2.56000,2.44000
-0.00009388000,2.60000,2.44000
-0.00009384000,2.64000,2.48000
-0.00009380000,2.60000,2.44000
-0.00009376000,2.56000,2.44000
-0.00009372000,2.56000,2.44000
-0.00009368000,2.56000,2.44000
-0.00009364000,2.56000,2.44000
-0.00009360000,2.60000,2.44000
-0.00009355999,2.60000,2.44000
-0.00009352000,2.56000,2.44000
-0.00009348000,2.60000,2.44000
-0.00009344000,2.56000,2.44000
-0.00009340000,2.56000,2.44000
-0.00009336000,2.56000,2.40000
-0.00009332000,2.56000,2.44000
-0.00009328000,2.60000,2.44000
-0.00009324000,2.56000,2.44000
-0.00009319999,2.56000,2.44000
-0.00009316000,2.56000,2.44000
-0.00009312000,2.60000,2.44000
-0.00009308000,2.60000,2.48000
-0.00009304000,2.56000,2.44000
-0.00009300000,2.60000,2.44000
-0.00009296000,2.56000,2.44000
-0.00009291999,2.60000,2.48000
-0.00009288000,2.60000,2.44000
-0.00009283999,2.60000,2.44000
-0.00009280000,2.56000,2.44000
-0.00009276000,2.56000,2.44000
-0.00009272000,2.60000,2.44000
-0.00009268000,2.56000,2.44000
-0.00009264000,2.56000,2.44000
-0.00009260000,2.56000,2.44000
-0.00009255999,2.60000,2.44000
-0.00009252000,2.56000,2.44000
-0.00009248000,2.56000,2.44000
-0.00009244000,2.60000,2.44000
-0.00009240000,2.56000,2.44000
-0.00009236000,2.60000,2.44000
-0.00009232000,2.60000,2.44000
-0.00009228000,2.56000,2.44000
-0.00009224000,2.56000,2.44000
-0.00009219999,2.56000,2.44000
-0.00009216000,2.56000,2.44000
-0.00009212000,2.56000,2.44000
-0.00009208000,2.60000,2.44000
-0.00009204000,2.56000,2.44000
-0.00009200000,2.60000,2.48000
-0.00009196000,2.56000,2.44000
-0.00009192000,2.56000,2.44000
-0.00009188000,2.60000,2.44000
-0.00009183999,2.56000,2.44000
-0.00009180000,2.56000,2.44000
-0.00009176000,2.60000,2.48000
-0.00009172000,2.56000,2.44000
-0.00009168000,2.60000,2.44000
-0.00009164000,2.56000,2.44000
-0.00009160000,2.56000,2.44000
-0.00009156000,2.60000,2.44000
-0.00009152000,2.60000,2.48000
-0.00009147999,2.56000,2.44000
-0.00009144000,2.56000,2.44000
-0.00009140000,2.56000,2.44000
-0.00009136000,2.60000,2.44000
-0.00009132000,2.56000,2.44000
-0.00009128000,2.56000,2.44000
-0.00009124000,2.56000,2.44000
-0.00009119999,2.56000,2.44000
-0.00009116000,2.52000,2.44000
-0.00009111999,2.48000,2.32000
-0.00009108000,2.56000,2.36000
-0.00009104000,2.68000,2.48000
-0.00009100000,2.64000,2.48000
-0.00009096000,2.56000,2.44000
-0.00009092000,2.56000,2.44000
-0.00009088000,2.56000,2.44000
-0.00009083999,2.60000,2.44000
-0.00009080000,2.60000,2.48000
-0.00009076000,2.56000,2.44000
-0.00009072000,2.56000,2.44000
-0.00009068000,2.56000,2.44000
-0.00009064000,2.60000,2.44000
-0.00009060000,2.60000,2.44000
-0.00009056000,2.60000,2.44000
-0.00009052000,2.56000,2.44000
-0.00009047999,2.56000,2.44000
-0.00009044000,2.60000,2.44000
-0.00009040000,2.52000,2.44000
-0.00009036000,2.56000,2.44000
-0.00009032000,2.60000,2.48000
-0.00009028000,2.60000,2.44000
-0.00009024000,2.60000,2.48000
-0.00009020000,2.56000,2.44000
-0.00009016000,2.56000,2.44000
-0.00009011999,2.56000,2.44000
-0.00009008000,2.56000,2.44000
-0.00009004000,2.56000,2.44000
-0.00009000000,2.60000,2.44000
-0.00008996000,2.56000,2.44000
-0.00008992000,2.60000,2.44000
-0.00008988000,2.60000,2.44000
-0.00008984000,2.56000,2.44000
-0.00008980000,2.56000,2.44000
-0.00008975999,2.56000,2.44000
-0.00008972000,2.60000,2.48000
-0.00008968000,2.60000,2.44000
-0.00008964000,2.56000,2.44000
-0.00008960000,2.56000,2.44000
-0.00008956000,2.60000,2.48000
-0.00008952000,2.60000,2.48000
-0.00008947999,2.60000,2.44000
-0.00008944000,2.56000,2.44000
-0.00008939999,2.56000,2.44000
-0.00008936000,2.60000,2.48000
-0.00008932000,2.60000,2.44000
-0.00008928000,2.56000,2.44000
-0.00008924000,2.60000,2.48000
-0.00008920000,2.56000,2.44000
-0.00008916000,2.56000,2.44000
-0.00008911999,2.60000,2.44000
-0.00008908000,2.56000,2.44000
-0.00008904000,2.56000,2.44000
-0.00008900000,2.60000,2.48000
-0.00008896000,2.56000,2.44000
-0.00008892000,2.56000,2.44000
-0.00008888000,2.60000,2.44000
-0.00008884000,2.56000,2.44000
-0.00008880000,2.56000,2.48000
-0.00008875999,2.60000,2.44000
-0.00008872000,2.56000,2.44000
-0.00008868000,2.60000,2.44000
-0.00008864000,2.56000,2.44000
-0.00008860000,2.56000,2.44000
-0.00008856000,2.60000,2.44000
-0.00008852000,2.56000,2.44000
-0.00008848000,2.56000,2.44000
-0.00008844000,2.60000,2.44000
-0.00008839999,2.56000,2.44000
-0.00008836000,2.56000,2.48000
-0.00008832000,2.56000,2.44000
-0.00008828000,2.56000,2.44000
-0.00008824000,2.56000,2.48000
-0.00008820000,2.60000,2.44000
-0.00008816000,2.56000,2.44000
-0.00008812000,2.60000,2.44000
-0.00008808000,2.64000,2.44000
-0.00008803999,2.64000,2.52000
-0.00008800000,2.56000,2.48000
-0.00008796000,2.52000,2.40000
-0.00008792000,2.56000,2.44000
-0.00008788000,2.60000,2.44000
-0.00008784000,2.60000,2.44000
-0.00008780000,2.56000,2.44000
-0.00008775999,2.52000,2.40000
-0.00008772000,2.60000,2.44000
-0.00008767999,2.56000,2.44000
-0.00008764000,2.48000,2.32000
-0.00008760000,2.76000,2.72000
-0.00008756000,2.44000,2.20000
-0.00008752000,2.52000,2.44000
-0.00008748000,2.64000,2.44000
-0.00008744000,2.56000,2.44000
-0.00008739999,2.48000,2.32000
-0.00008736000,2.84000,2.76000
-0.00008732000,2.36000,2.20000
-0.00008728000,2.72000,2.72000
-0.00008724000,2.52000,2.36000
-0.00008720000,2.48000,2.36000
-0.00008716000,2.56000,2.44000
-0.00008712000,2.68000,2.52000
-0.00008708000,2.52000,2.36000
-0.00008703999,2.68000,2.52000
-0.00008700000,2.60000,2.44000
-0.00008696000,2.56000,2.40000
-0.00008692000,2.60000,2.48000
-0.00008688000,2.60000,2.44000
-0.00008684000,2.52000,2.40000
-0.00008680000,2.60000,2.44000
-0.00008676000,2.60000,2.48000
-0.00008672000,2.52000,2.36000
-0.00008667999,2.64000,2.48000
-0.00008664000,2.56000,2.44000
-0.00008660000,2.56000,2.44000
-0.00008656000,2.60000,2.48000
-0.00008652000,2.60000,2.48000
-0.00008648000,2.52000,2.44000
-0.00008644000,2.56000,2.44000
-0.00008640000,2.56000,2.44000
-0.00008636000,2.56000,2.44000
-0.00008631999,2.60000,2.44000
-0.00008628000,2.56000,2.44000
-0.00008624000,2.56000,2.44000
-0.00008620000,2.56000,2.44000
-0.00008616000,2.56000,2.44000
-0.00008612000,2.56000,2.44000
-0.00008608000,2.56000,2.44000
-0.00008603999,2.56000,2.44000
-0.00008600000,2.60000,2.44000
-0.00008595999,2.60000,2.44000
-0.00008592000,2.60000,2.44000
-0.00008588000,2.56000,2.44000
-0.00008584000,2.56000,2.48000
-0.00008580000,2.56000,2.44000
-0.00008576000,2.56000,2.44000
-0.00008572000,2.56000,2.44000
-0.00008567999,2.60000,2.44000
-0.00008564000,2.56000,2.44000
-0.00008560000,2.56000,2.44000
-0.00008556000,2.56000,2.44000
-0.00008552000,2.56000,2.44000
-0.00008548000,2.56000,2.44000
-0.00008544000,2.60000,2.48000
-0.00008540000,2.56000,2.44000
-0.00008536000,2.60000,2.44000
-0.00008531999,2.56000,2.44000
-0.00008528000,2.56000,2.44000
-0.00008524000,2.60000,2.44000
-0.00008520000,2.60000,2.44000
-0.00008516000,2.56000,2.44000
-0.00008512000,2.56000,2.48000
-0.00008508000,2.60000,2.48000
-0.00008504000,2.68000,2.52000
-0.00008500000,2.56000,2.48000
-0.00008495999,2.48000,2.36000
-0.00008492000,2.48000,2.36000
-0.00008488000,2.56000,2.40000
-0.00008484000,2.60000,2.44000
-0.00008480000,2.56000,2.44000
-0.00008476000,2.56000,2.44000
-0.00008472000,2.60000,2.44000
-0.00008468000,2.64000,2.44000
-0.00008464000,2.56000,2.44000
-0.00008459999,2.64000,2.48000
-0.00008456000,2.52000,2.44000
-0.00008452000,2.56000,2.44000
-0.00008448000,2.60000,2.48000
-0.00008444000,2.56000,2.40000
-0.00008440000,2.64000,2.48000
-0.00008436000,2.56000,2.44000
-0.00008431999,2.56000,2.48000
-0.00008428000,2.60000,2.48000
-0.00008423999,2.56000,2.44000
-0.00008420000,2.56000,2.40000
-0.00008416000,2.60000,2.44000
-0.00008412000,2.56000,2.44000
-0.00008408000,2.56000,2.44000
-0.00008404000,2.56000,2.44000
-0.00008400000,2.60000,2.44000
-0.00008395999,2.56000,2.44000
-0.00008392000,2.60000,2.48000
-0.00008388000,2.56000,2.44000
-0.00008384000,2.60000,2.44000
-0.00008380000,2.56000,2.44000
-0.00008376000,2.60000,2.44000
-0.00008372000,2.56000,2.44000
-0.00008368000,2.56000,2.44000
-0.00008364000,2.60000,2.48000
-0.00008359999,2.60000,2.48000
-0.00008356000,2.56000,2.44000
-0.00008352000,2.56000,2.44000
-0.00008348000,2.60000,2.44000
-0.00008344000,2.56000,2.44000
-0.00008340000,2.56000,2.44000
-0.00008336000,2.56000,2.44000
-0.00008332000,2.64000,2.48000
-0.00008328000,2.56000,2.44000
-0.00008323999,2.56000,2.44000
-0.00008320000,2.60000,2.44000
-0.00008316000,2.56000,2.44000
-0.00008312000,2.56000,2.44000
-0.00008308000,2.56000,2.44000
-0.00008304000,2.60000,2.44000
-0.00008300000,2.56000,2.44000
-0.00008296000,2.60000,2.44000
-0.00008292000,2.60000,2.44000
-0.00008287999,2.56000,2.44000
-0.00008284000,2.56000,2.44000
-0.00008280000,2.56000,2.44000
-0.00008276000,2.56000,2.44000
-0.00008272000,2.60000,2.48000
-0.00008268000,2.56000,2.44000
-0.00008264000,2.56000,2.44000
-0.00008259999,2.60000,2.48000
-0.00008256000,2.56000,2.44000
-0.00008251999,2.56000,2.44000
-0.00008248000,2.60000,2.44000
-0.00008244000,2.56000,2.44000
-0.00008240000,2.56000,2.44000
-0.00008236000,2.56000,2.44000
-0.00008232000,2.56000,2.44000
-0.00008228000,2.56000,2.44000
-0.00008223999,2.60000,2.44000
-0.00008220000,2.56000,2.44000
-0.00008216000,2.60000,2.44000
-0.00008212000,2.56000,2.44000
-0.00008208000,2.60000,2.44000
-0.00008204000,2.56000,2.44000
-0.00008200000,2.56000,2.40000
-0.00008196000,2.60000,2.44000
-0.00008192000,2.68000,2.48000
-0.00008187999,2.60000,2.52000
-0.00008184000,2.48000,2.44000
-0.00008180000,2.60000,2.44000
-0.00008176000,2.60000,2.44000
-0.00008172000,2.60000,2.48000
-0.00008168000,2.56000,2.44000
-0.00008164000,2.56000,2.44000
-0.00008160000,2.52000,2.40000
-0.00008156000,2.64000,2.48000
-0.00008151999,2.56000,2.44000
-0.00008148000,2.56000,2.44000
-0.00008144000,2.60000,2.44000
-0.00008140000,2.60000,2.48000
-0.00008136000,2.64000,2.48000
-0.00008132000,2.56000,2.44000
-0.00008128000,2.56000,2.44000
-0.00008124000,2.52000,2.44000
-0.00008120000,2.60000,2.44000
-0.00008115999,2.60000,2.48000
-0.00008112000,2.60000,2.44000
-0.00008108000,2.56000,2.44000
-0.00008104000,2.56000,2.44000
-0.00008100000,2.60000,2.44000
-0.00008096000,2.56000,2.44000
-0.00008092000,2.56000,2.44000
-0.00008087999,2.56000,2.44000
-0.00008084000,2.56000,2.44000
-0.00008079999,2.60000,2.44000
-0.00008076000,2.56000,2.44000
-0.00008072000,2.56000,2.44000
-0.00008068000,2.60000,2.48000
-0.00008064000,2.56000,2.44000
-0.00008060000,2.60000,2.44000
-0.00008056000,2.60000,2.48000
-0.00008051999,2.56000,2.40000
-0.00008048000,2.60000,2.44000
-0.00008044000,2.56000,2.44000
-0.00008040000,2.60000,2.48000
-0.00008036000,2.56000,2.44000
-0.00008032000,2.60000,2.48000
-0.00008028000,2.56000,2.40000
-0.00008024000,2.60000,2.48000
-0.00008020000,2.64000,2.48000
-0.00008015999,2.52000,2.40000
-0.00008012000,2.64000,2.48000
-0.00008008000,2.56000,2.40000
-0.00008004000,2.64000,2.48000
-0.00008000000,2.56000,2.36000
-0.00007996000,2.60000,2.44000
-0.00007992000,2.56000,2.48000
-0.00007988000,2.60000,2.48000
-0.00007984000,2.56000,2.44000
-0.00007979999,2.60000,2.44000
-0.00007976000,2.56000,2.44000
-0.00007972000,2.64000,2.48000
-0.00007968000,2.56000,2.44000
-0.00007964000,2.56000,2.44000
-0.00007960000,2.64000,2.48000
-0.00007956000,2.48000,2.36000
-0.00007952000,2.64000,2.48000
-0.00007948000,2.56000,2.44000
-0.00007943999,2.56000,2.44000
-0.00007940000,2.60000,2.48000
-0.00007936000,2.60000,2.44000
-0.00007932000,2.56000,2.44000
-0.00007928000,2.60000,2.44000
-0.00007924000,2.56000,2.44000
-0.00007920000,2.56000,2.48000
-0.00007915999,2.60000,2.44000
-0.00007912000,2.60000,2.44000
-0.00007907999,2.56000,2.44000
-0.00007904000,2.56000,2.44000
-0.00007900000,2.56000,2.44000
-0.00007896000,2.60000,2.44000
-0.00007892000,2.68000,2.48000
-0.00007888000,2.64000,2.52000
-0.00007884000,2.52000,2.44000
-0.00007879999,2.48000,2.40000
-0.00007876000,2.56000,2.44000
-0.00007872000,2.60000,2.48000
-0.00007868000,2.60000,2.48000
-0.00007864000,2.56000,2.44000
-0.00007860000,2.56000,2.44000
-0.00007856000,2.56000,2.44000
-0.00007852000,2.64000,2.48000
-0.00007848000,2.60000,2.44000
-0.00007843999,2.56000,2.44000
-0.00007840000,2.60000,2.44000
-0.00007836000,2.60000,2.44000
-0.00007832000,2.48000,2.44000
-0.00007828000,2.84000,2.72000
-0.00007824000,2.32000,2.20000
-0.00007820000,2.72000,2.64000
-0.00007816000,2.52000,2.36000
-0.00007812000,2.52000,2.40000
-0.00007807999,2.56000,2.52000
-0.00007804000,2.72000,2.48000
-0.00007800000,2.36000,2.32000
-0.00007796000,2.76000,2.64000
-0.00007792000,2.44000,2.32000
-0.00007788000,2.52000,2.36000
-0.00007784000,2.64000,2.48000
-0.00007780000,2.56000,2.40000
-0.00007776000,2.56000,2.44000
-0.00007771999,2.64000,2.48000
-0.00007768000,2.60000,2.44000
-0.00007764000,2.52000,2.36000
-0.00007760000,2.60000,2.48000
-0.00007756000,2.60000,2.44000
-0.00007752000,2.56000,2.44000
-0.00007748000,2.64000,2.48000
-0.00007743999,2.60000,2.44000
-0.00007740000,2.52000,2.40000
-0.00007735999,2.60000,2.48000
-0.00007732000,2.56000,2.44000
-0.00007728000,2.56000,2.44000
-0.00007724000,2.64000,2.48000
-0.00007720000,2.56000,2.44000
-0.00007716000,2.56000,2.44000
-0.00007712000,2.60000,2.44000
-0.00007707999,2.56000,2.44000
-0.00007704000,2.56000,2.44000
-0.00007700000,2.60000,2.44000
-0.00007696000,2.56000,2.44000
-0.00007692000,2.60000,2.44000
-0.00007688000,2.60000,2.48000
-0.00007684000,2.60000,2.44000
-0.00007680000,2.56000,2.44000
-0.00007676000,2.60000,2.44000
-0.00007671999,2.56000,2.44000
-0.00007668000,2.60000,2.44000
-0.00007664000,2.56000,2.44000
-0.00007660000,2.60000,2.44000
-0.00007656000,2.56000,2.44000
-0.00007652000,2.60000,2.44000
-0.00007648000,2.56000,2.44000
-0.00007644000,2.56000,2.44000
-0.00007640000,2.60000,2.44000
-0.00007635999,2.56000,2.44000
-0.00007632000,2.56000,2.44000
-0.00007628000,2.56000,2.44000
-0.00007624000,2.56000,2.44000
-0.00007620000,2.60000,2.44000
-0.00007616000,2.56000,2.44000
-0.00007612000,2.60000,2.44000
-0.00007608000,2.60000,2.44000
-0.00007604000,2.60000,2.44000
-0.00007599999,2.56000,2.44000
-0.00007596000,2.56000,2.44000
-0.00007592000,2.56000,2.44000
-0.00007588000,2.64000,2.52000
-0.00007584000,2.52000,2.44000
-0.00007580000,2.52000,2.36000
-0.00007576000,2.56000,2.40000
-0.00007571999,2.60000,2.44000
-0.00007568000,2.56000,2.44000
-0.00007563999,2.56000,2.44000
-0.00007560000,2.56000,2.44000
-0.00007556000,2.64000,2.44000
-0.00007552000,2.60000,2.48000
-0.00007548000,2.56000,2.44000
-0.00007544000,2.56000,2.44000
-0.00007540000,2.56000,2.44000
-0.00007535999,2.60000,2.44000
-0.00007532000,2.56000,2.44000
-0.00007528000,2.60000,2.44000
-0.00007524000,2.56000,2.44000
-0.00007520000,2.60000,2.44000
-0.00007516000,2.60000,2.48000
-0.00007512000,2.60000,2.48000
-0.00007508000,2.56000,2.44000
-0.00007504000,2.56000,2.40000
-0.00007499999,2.56000,2.44000
-0.00007496000,2.56000,2.44000
-0.00007492000,2.56000,2.44000
-0.00007488000,2.56000,2.44000
-0.00007484000,2.56000,2.44000
-0.00007480000,2.60000,2.44000
-0.00007476000,2.60000,2.48000
-0.00007472000,2.56000,2.44000
-0.00007468000,2.56000,2.44000
-0.00007463999,2.60000,2.44000
-0.00007460000,2.56000,2.44000
-0.00007456000,2.60000,2.44000
-0.00007452000,2.60000,2.44000
-0.00007448000,2.56000,2.44000
-0.00007444000,2.56000,2.44000
-0.00007440000,2.56000,2.44000
-0.00007436000,2.60000,2.44000
-0.00007432000,2.60000,2.48000
-0.00007427999,2.56000,2.44000
-0.00007424000,2.56000,2.44000
-0.00007420000,2.56000,2.44000
-0.00007416000,2.56000,2.44000
-0.00007412000,2.56000,2.44000
-0.00007408000,2.56000,2.44000
-0.00007404000,2.60000,2.44000
-0.00007399999,2.56000,2.44000
-0.00007396000,2.56000,2.44000
-0.00007391999,2.56000,2.44000
-0.00007388000,2.60000,2.44000
-0.00007384000,2.56000,2.44000
-0.00007380000,2.56000,2.44000
-0.00007376000,2.56000,2.44000
-0.00007372000,2.56000,2.44000
-0.00007368000,2.56000,2.48000
-0.00007363999,2.56000,2.44000
-0.00007360000,2.60000,2.48000
-0.00007356000,2.56000,2.44000
-0.00007352000,2.56000,2.44000
-0.00007348000,2.60000,2.48000
-0.00007344000,2.56000,2.44000
-0.00007340000,2.60000,2.48000
-0.00007336000,2.56000,2.44000
-0.00007332000,2.56000,2.44000
-0.00007327999,2.60000,2.44000
-0.00007324000,2.56000,2.44000
-0.00007320000,2.60000,2.44000
-0.00007316000,2.56000,2.44000
-0.00007312000,2.56000,2.44000
-0.00007308000,2.60000,2.44000
-0.00007304000,2.60000,2.44000
-0.00007300000,2.56000,2.44000
-0.00007296000,2.56000,2.40000
-0.00007291999,2.56000,2.44000
-0.00007288000,2.60000,2.44000
-0.00007284000,2.52000,2.40000
-0.00007280000,2.52000,2.36000
-0.00007276000,2.64000,2.44000
-0.00007272000,2.68000,2.52000
-0.00007268000,2.64000,2.56000
-0.00007264000,2.56000,2.44000
-0.00007260000,2.56000,2.44000
-0.00007255999,2.64000,2.44000
-0.00007252000,2.60000,2.44000
-0.00007248000,2.56000,2.44000
-0.00007244000,2.56000,2.44000
-0.00007240000,2.52000,2.44000
-0.00007236000,2.60000,2.48000
-0.00007232000,2.60000,2.48000
-0.00007227999,2.56000,2.44000
-0.00007224000,2.60000,2.48000
-0.00007219999,2.56000,2.44000
-0.00007216000,2.56000,2.44000
-0.00007212000,2.56000,2.48000
-0.00007208000,2.52000,2.44000
-0.00007204000,2.56000,2.44000
-0.00007200000,2.60000,2.44000
-0.00007196000,2.56000,2.44000
-0.00007191999,2.60000,2.44000
-0.00007188000,2.60000,2.44000
-0.00007184000,2.56000,2.44000
-0.00007180000,2.60000,2.48000
-0.00007176000,2.60000,2.44000
-0.00007172000,2.56000,2.44000
-0.00007168000,2.60000,2.44000
-0.00007164000,2.52000,2.40000
-0.00007160000,2.60000,2.44000
-0.00007155999,2.56000,2.44000
-0.00007152000,2.56000,2.44000
-0.00007148000,2.56000,2.44000
-0.00007144000,2.60000,2.44000
-0.00007140000,2.56000,2.44000
-0.00007136000,2.60000,2.44000
-0.00007132000,2.56000,2.44000
-0.00007128000,2.56000,2.44000
-0.00007124000,2.60000,2.44000
-0.00007119999,2.60000,2.48000
-0.00007116000,2.60000,2.44000
-0.00007112000,2.56000,2.44000
-0.00007108000,2.56000,2.44000
-0.00007104000,2.56000,2.44000
-0.00007100000,2.56000,2.44000
-0.00007096000,2.60000,2.44000
-0.00007092000,2.60000,2.44000
-0.00007088000,2.60000,2.44000
-0.00007083999,2.60000,2.44000
-0.00007080000,2.56000,2.44000
-0.00007076000,2.60000,2.44000
-0.00007072000,2.56000,2.44000
-0.00007068000,2.56000,2.44000
-0.00007064000,2.56000,2.44000
-0.00007060000,2.56000,2.44000
-0.00007055999,2.60000,2.44000
-0.00007052000,2.56000,2.44000
-0.00007047999,2.56000,2.44000
-0.00007044000,2.56000,2.44000
-0.00007040000,2.56000,2.44000
-0.00007036000,2.60000,2.48000
-0.00007032000,2.56000,2.44000
-0.00007028000,2.56000,2.44000
-0.00007024000,2.60000,2.44000
-0.00007019999,2.56000,2.44000
-0.00007016000,2.56000,2.44000
-0.00007012000,2.56000,2.44000
-0.00007008000,2.56000,2.44000
-0.00007004000,2.56000,2.44000
-0.00007000000,2.60000,2.44000
-0.00006996000,2.56000,2.44000
-0.00006992000,2.56000,2.44000
-0.00006988000,2.56000,2.44000
-0.00006983999,2.56000,2.44000
-0.00006980000,2.52000,2.36000
-0.00006976000,2.56000,2.36000
-0.00006972000,2.68000,2.48000
-0.00006968000,2.64000,2.52000
-0.00006964000,2.56000,2.48000
-0.00006960000,2.56000,2.44000
-0.00006956000,2.60000,2.44000
-0.00006952000,2.60000,2.48000
-0.00006947999,2.56000,2.48000
-0.00006944000,2.52000,2.44000
-0.00006940000,2.56000,2.40000
-0.00006936000,2.56000,2.44000
-0.00006932000,2.60000,2.44000
-0.00006928000,2.56000,2.44000
-0.00006924000,2.56000,2.44000
-0.00006920000,2.56000,2.44000
-0.00006916000,2.56000,2.44000
-0.00006911999,2.56000,2.48000
-0.00006908000,2.60000,2.44000
-0.00006904000,2.52000,2.32000
-0.00006900000,2.72000,2.64000
-0.00006896000,2.64000,2.40000
-0.00006892000,2.40000,2.36000
-0.00006888000,2.72000,2.52000
-0.00006883999,2.52000,2.40000
-0.00006880000,2.48000,2.32000
-0.00006875999,2.76000,2.76000
-0.00006872000,2.44000,2.24000
-0.00006868000,2.64000,2.56000
-0.00006864000,2.64000,2.44000
-0.00006860000,2.48000,2.36000
-0.00006856000,2.56000,2.44000
-0.00006852000,2.64000,2.52000
-0.00006847999,2.52000,2.36000
-0.00006844000,2.64000,2.52000
-0.00006840000,2.56000,2.44000
-0.00006836000,2.56000,2.44000
-0.00006832000,2.56000,2.44000
-0.00006828000,2.56000,2.44000
-0.00006824000,2.56000,2.44000
-0.00006820000,2.60000,2.48000
-0.00006816000,2.60000,2.48000
-0.00006811999,2.56000,2.40000
-0.00006808000,2.60000,2.44000
-0.00006804000,2.56000,2.44000
-0.00006800000,2.56000,2.44000
-0.00006796000,2.56000,2.44000
-0.00006792000,2.60000,2.48000
-0.00006788000,2.56000,2.44000
-0.00006784000,2.60000,2.48000
-0.00006780000,2.56000,2.44000
-0.00006775999,2.56000,2.44000
-0.00006772000,2.60000,2.44000
-0.00006768000,2.56000,2.44000
-0.00006764000,2.56000,2.48000
-0.00006760000,2.60000,2.44000
-0.00006756000,2.56000,2.44000
-0.00006752000,2.56000,2.44000
-0.00006748000,2.56000,2.44000
-0.00006744000,2.60000,2.44000
-0.00006739999,2.60000,2.44000
-0.00006736000,2.56000,2.48000
-0.00006732000,2.56000,2.44000
-0.00006728000,2.60000,2.44000
-0.00006724000,2.56000,2.44000
-0.00006720000,2.56000,2.44000
-0.00006716000,2.56000,2.44000
-0.00006712001,2.60000,2.44000
-0.00006708000,2.56000,2.44000
-0.00006703999,2.56000,2.44000
-0.00006700000,2.60000,2.48000
-0.00006696000,2.56000,2.44000
-0.00006692000,2.56000,2.48000
-0.00006688000,2.56000,2.44000
-0.00006684000,2.56000,2.44000
-0.00006680000,2.60000,2.44000
-0.00006675999,2.60000,2.48000
-0.00006672000,2.56000,2.48000
-0.00006668000,2.48000,2.36000
-0.00006664000,2.56000,2.36000
-0.00006660000,2.64000,2.44000
-0.00006656000,2.60000,2.48000
-0.00006652000,2.64000,2.48000
-0.00006648000,2.56000,2.44000
-0.00006644000,2.60000,2.44000
-0.00006639999,2.56000,2.44000
-0.00006636000,2.60000,2.44000
-0.00006632000,2.56000,2.44000
-0.00006628000,2.56000,2.44000
-0.00006624000,2.56000,2.44000
-0.00006620000,2.56000,2.44000
-0.00006616000,2.60000,2.48000
-0.00006612000,2.60000,2.44000
-0.00006608000,2.56000,2.44000
-0.00006603999,2.56000,2.44000
-0.00006600000,2.64000,2.48000
-0.00006596000,2.56000,2.44000
-0.00006592000,2.56000,2.44000
-0.00006588000,2.56000,2.44000
-0.00006584000,2.60000,2.44000
-0.00006580000,2.56000,2.44000
-0.00006576000,2.56000,2.44000
-0.00006572000,2.56000,2.44000
-0.00006567999,2.64000,2.44000
-0.00006564000,2.56000,2.44000
-0.00006560000,2.60000,2.48000
-0.00006556000,2.56000,2.44000
-0.00006552000,2.56000,2.44000
-0.00006548000,2.60000,2.44000
-0.00006544000,2.60000,2.44000
-0.00006540001,2.56000,2.48000
-0.00006536000,2.56000,2.44000
-0.00006531999,2.56000,2.44000
-0.00006528000,2.56000,2.44000
-0.00006524000,2.56000,2.44000
-0.00006520000,2.56000,2.44000
-0.00006516000,2.56000,2.44000
-0.00006512000,2.60000,2.44000
-0.00006508000,2.52000,2.40000
-0.00006503999,2.60000,2.44000
-0.00006500000,2.56000,2.48000
-0.00006496000,2.56000,2.44000
-0.00006492000,2.60000,2.48000
-0.00006488000,2.60000,2.44000
-0.00006484000,2.56000,2.44000
-0.00006480000,2.56000,2.44000
-0.00006476000,2.56000,2.44000
-0.00006472000,2.60000,2.48000
-0.00006467999,2.60000,2.48000
-0.00006464000,2.56000,2.40000
-0.00006460000,2.56000,2.44000
-0.00006456000,2.64000,2.48000
-0.00006452000,2.56000,2.44000
-0.00006448000,2.56000,2.44000
-0.00006444000,2.60000,2.44000
-0.00006440000,2.52000,2.44000
-0.00006436000,2.64000,2.48000
-0.00006431999,2.60000,2.44000
-0.00006428000,2.52000,2.44000
-0.00006424000,2.64000,2.48000
-0.00006420000,2.56000,2.44000
-0.00006416000,2.56000,2.44000
-0.00006412000,2.60000,2.48000
-0.00006408000,2.60000,2.44000
-0.00006404000,2.56000,2.44000
-0.00006400000,2.64000,2.44000
-0.00006395999,2.56000,2.44000
-0.00006392000,2.56000,2.48000
-0.00006388000,2.60000,2.44000
-0.00006384000,2.56000,2.44000
-0.00006380000,2.60000,2.44000
-0.00006376000,2.56000,2.44000
-0.00006372000,2.56000,2.44000
-0.00006368001,2.52000,2.40000
-0.00006364000,2.56000,2.36000
-0.00006359999,2.64000,2.44000
-0.00006356000,2.68000,2.56000
-0.00006352000,2.60000,2.48000
-0.00006348000,2.56000,2.44000
-0.00006344000,2.60000,2.44000
-0.00006340000,2.60000,2.44000
-0.00006336000,2.56000,2.48000
-0.00006331999,2.56000,2.44000
-0.00006328000,2.56000,2.44000
-0.00006324000,2.52000,2.40000
-0.00006320000,2.60000,2.44000
-0.00006316000,2.60000,2.44000
-0.00006312000,2.56000,2.48000
-0.00006308000,2.56000,2.44000
-0.00006304000,2.56000,2.44000
-0.00006300000,2.60000,2.44000
-0.00006295999,2.60000,2.44000
-0.00006292000,2.56000,2.44000
-0.00006288000,2.56000,2.44000
-0.00006284000,2.60000,2.44000
-0.00006280000,2.60000,2.48000
-0.00006276000,2.60000,2.48000
-0.00006272000,2.56000,2.44000
-0.00006268000,2.56000,2.44000
-0.00006264000,2.56000,2.44000
-0.00006259999,2.56000,2.44000
-0.00006256000,2.56000,2.44000
-0.00006252000,2.56000,2.44000
-0.00006248000,2.56000,2.44000
-0.00006244000,2.56000,2.44000
-0.00006240000,2.56000,2.44000
-0.00006236000,2.60000,2.44000
-0.00006232000,2.56000,2.44000
-0.00006228000,2.56000,2.44000
-0.00006223999,2.56000,2.44000
-0.00006220000,2.56000,2.44000
-0.00006216000,2.56000,2.44000
-0.00006212000,2.56000,2.44000
-0.00006208000,2.60000,2.48000
-0.00006204000,2.56000,2.44000
-0.00006200000,2.56000,2.44000
-0.00006196001,2.60000,2.44000
-0.00006192000,2.56000,2.44000
-0.00006187999,2.60000,2.44000
-0.00006184000,2.56000,2.44000
-0.00006180000,2.56000,2.44000
-0.00006176000,2.56000,2.44000
-0.00006172000,2.60000,2.44000
-0.00006168000,2.56000,2.44000
-0.00006164000,2.56000,2.44000
-0.00006159999,2.56000,2.44000
-0.00006156000,2.56000,2.44000
-0.00006152000,2.60000,2.44000
-0.00006148000,2.60000,2.44000
-0.00006144000,2.60000,2.48000
-0.00006140000,2.56000,2.44000
-0.00006136000,2.56000,2.44000
-0.00006132000,2.60000,2.44000
-0.00006128000,2.60000,2.44000
-0.00006123999,2.56000,2.44000
-0.00006120000,2.56000,2.44000
-0.00006116000,2.56000,2.44000
-0.00006112000,2.64000,2.48000
-0.00006108000,2.56000,2.44000
-0.00006104000,2.56000,2.44000
-0.00006100000,2.60000,2.44000
-0.00006096000,2.56000,2.44000
-0.00006092000,2.56000,2.44000
-0.00006088000,2.56000,2.44000
-0.00006084000,2.60000,2.44000
-0.00006080000,2.56000,2.44000
-0.00006076000,2.60000,2.44000
-0.00006072000,2.56000,2.44000
-0.00006068000,2.60000,2.48000
-0.00006064000,2.60000,2.44000
-0.00006060000,2.68000,2.48000
-0.00006056000,2.64000,2.52000
-0.00006052000,2.56000,2.44000
-0.00006048000,2.48000,2.40000
-0.00006044000,2.52000,2.40000
-0.00006040000,2.64000,2.48000
-0.00006036000,2.60000,2.48000
-0.00006032000,2.52000,2.44000
-0.00006028000,2.56000,2.44000
-0.00006024000,2.56000,2.44000
-0.00006020000,2.60000,2.44000
-0.00006016000,2.60000,2.48000
-0.00006012000,2.56000,2.40000
-0.00006008000,2.60000,2.48000
-0.00006004000,2.52000,2.36000
-0.00006000000,2.60000,2.48000
-0.00005996000,2.56000,2.44000
-0.00005992000,2.60000,2.44000
-0.00005988000,2.56000,2.40000
-0.00005984000,2.56000,2.44000
-0.00005980000,2.64000,2.52000
-0.00005976000,2.56000,2.44000
-0.00005972000,2.44000,2.32000
-0.00005968000,2.76000,2.72000
-0.00005964000,2.44000,2.20000
-0.00005960000,2.56000,2.48000
-0.00005956000,2.60000,2.44000
-0.00005952000,2.52000,2.40000
-0.00005948000,2.48000,2.32000
-0.00005944000,2.84000,2.72000
-0.00005940000,2.36000,2.20000
-0.00005936000,2.72000,2.72000
-0.00005932000,2.52000,2.32000
-0.00005928000,2.52000,2.40000
-0.00005924000,2.52000,2.44000
-0.00005920000,2.68000,2.48000
-0.00005916000,2.52000,2.36000
-0.00005912000,2.72000,2.56000
-0.00005908000,2.60000,2.48000
-0.00005904000,2.56000,2.40000
-0.00005900000,2.60000,2.44000
-0.00005896000,2.60000,2.44000
-0.00005892000,2.56000,2.44000
-0.00005888000,2.60000,2.44000
-0.00005884000,2.64000,2.48000
-0.00005880000,2.52000,2.36000
-0.00005876000,2.60000,2.44000
-0.00005872000,2.56000,2.44000
-0.00005868000,2.56000,2.44000
-0.00005864000,2.60000,2.48000
-0.00005860000,2.60000,2.48000
-0.00005856000,2.60000,2.44000
-0.00005852000,2.56000,2.44000
-0.00005848000,2.56000,2.48000
-0.00005844000,2.56000,2.44000
-0.00005840000,2.52000,2.44000
-0.00005836000,2.64000,2.52000
-0.00005832000,2.56000,2.44000
-0.00005828000,2.60000,2.44000
-0.00005824000,2.60000,2.44000
-0.00005820000,2.56000,2.44000
-0.00005816000,2.56000,2.44000
-0.00005812000,2.60000,2.44000
-0.00005808000,2.56000,2.44000
-0.00005804000,2.60000,2.44000
-0.00005800000,2.56000,2.44000
-0.00005796000,2.56000,2.44000
-0.00005792000,2.56000,2.44000
-0.00005788000,2.60000,2.48000
-0.00005784000,2.56000,2.44000
-0.00005780000,2.56000,2.44000
-0.00005776000,2.60000,2.44000
-0.00005772000,2.56000,2.44000
-0.00005768000,2.56000,2.44000
-0.00005764000,2.56000,2.44000
-0.00005760000,2.56000,2.44000
-0.00005756000,2.52000,2.36000
-0.00005752000,2.56000,2.40000
-0.00005748000,2.60000,2.40000
-0.00005744000,2.64000,2.48000
-0.00005740000,2.68000,2.52000
-0.00005736000,2.56000,2.44000
-0.00005732000,2.56000,2.44000
-0.00005728000,2.64000,2.48000
-0.00005724000,2.56000,2.44000
-0.00005720000,2.56000,2.48000
-0.00005716000,2.56000,2.44000
-0.00005712000,2.56000,2.44000
-0.00005708000,2.56000,2.44000
-0.00005704000,2.60000,2.48000
-0.00005700000,2.56000,2.48000
-0.00005696000,2.56000,2.44000
-0.00005692000,2.60000,2.44000
-0.00005688000,2.56000,2.44000
-0.00005684000,2.64000,2.44000
-0.00005680000,2.64000,2.48000
-0.00005676000,2.56000,2.48000
-0.00005672000,2.52000,2.40000
-0.00005668000,2.56000,2.44000
-0.00005664000,2.56000,2.44000
-0.00005660000,2.60000,2.48000
-0.00005656000,2.56000,2.44000
-0.00005652000,2.56000,2.44000
-0.00005648000,2.60000,2.44000
-0.00005644000,2.60000,2.44000
-0.00005640000,2.60000,2.44000
-0.00005636000,2.60000,2.48000
-0.00005632000,2.56000,2.44000
-0.00005628000,2.56000,2.44000
-0.00005624000,2.56000,2.48000
-0.00005620000,2.60000,2.44000
-0.00005616000,2.56000,2.44000
-0.00005612000,2.60000,2.44000
-0.00005608000,2.56000,2.44000
-0.00005604000,2.56000,2.44000
-0.00005600000,2.60000,2.44000
-0.00005596000,2.56000,2.44000
-0.00005592000,2.60000,2.48000
-0.00005588000,2.60000,2.44000
-0.00005584000,2.56000,2.44000
-0.00005580000,2.60000,2.44000
-0.00005576000,2.56000,2.44000
-0.00005572000,2.56000,2.44000
-0.00005568000,2.60000,2.48000
-0.00005564000,2.60000,2.48000
-0.00005560000,2.56000,2.44000
-0.00005556000,2.60000,2.44000
-0.00005552000,2.60000,2.44000
-0.00005548000,2.60000,2.44000
-0.00005544000,2.56000,2.44000
-0.00005540000,2.56000,2.44000
-0.00005536000,2.60000,2.44000
-0.00005532000,2.60000,2.44000
-0.00005528000,2.56000,2.44000
-0.00005524000,2.56000,2.44000
-0.00005520000,2.60000,2.44000
-0.00005516000,2.56000,2.44000
-0.00005512000,2.60000,2.44000
-0.00005508000,2.60000,2.44000
-0.00005504000,2.56000,2.44000
-0.00005500000,2.56000,2.44000
-0.00005496000,2.60000,2.44000
-0.00005492000,2.56000,2.44000
-0.00005488000,2.60000,2.44000
-0.00005484000,2.56000,2.44000
-0.00005480000,2.56000,2.44000
-0.00005476000,2.60000,2.44000
-0.00005472000,2.56000,2.44000
-0.00005468000,2.56000,2.44000
-0.00005464000,2.60000,2.48000
-0.00005460000,2.56000,2.48000
-0.00005456000,2.60000,2.48000
-0.00005452000,2.64000,2.56000
-0.00005448000,2.52000,2.44000
-0.00005444000,2.52000,2.32000
-0.00005440000,2.56000,2.36000
-0.00005436000,2.60000,2.44000
-0.00005432000,2.56000,2.44000
-0.00005428000,2.56000,2.44000
-0.00005424000,2.56000,2.44000
-0.00005420000,2.60000,2.44000
-0.00005416000,2.64000,2.48000
-0.00005412000,2.56000,2.44000
-0.00005408000,2.56000,2.44000
-0.00005404000,2.56000,2.44000
-0.00005400000,2.56000,2.44000
-0.00005396000,2.56000,2.44000
-0.00005392000,2.60000,2.48000
-0.00005388000,2.56000,2.44000
-0.00005384000,2.56000,2.44000
-0.00005380000,2.56000,2.44000
-0.00005376000,2.56000,2.44000
-0.00005372000,2.56000,2.40000
-0.00005368000,2.60000,2.44000
-0.00005364000,2.64000,2.48000
-0.00005360000,2.60000,2.48000
-0.00005356000,2.56000,2.44000
-0.00005352000,2.60000,2.44000
-0.00005348000,2.60000,2.44000
-0.00005344000,2.60000,2.48000
-0.00005340000,2.56000,2.44000
-0.00005336000,2.56000,2.44000
-0.00005332000,2.60000,2.44000
-0.00005328000,2.56000,2.44000
-0.00005324000,2.56000,2.44000
-0.00005320000,2.56000,2.48000
-0.00005316000,2.56000,2.44000
-0.00005312000,2.56000,2.44000
-0.00005308000,2.56000,2.44000
-0.00005304000,2.60000,2.44000
-0.00005300000,2.56000,2.44000
-0.00005296000,2.60000,2.44000
-0.00005292000,2.56000,2.44000
-0.00005288000,2.56000,2.44000
-0.00005284000,2.60000,2.44000
-0.00005280000,2.56000,2.44000
-0.00005276000,2.56000,2.44000
-0.00005272000,2.56000,2.44000
-0.00005268000,2.60000,2.44000
-0.00005264000,2.56000,2.44000
-0.00005260000,2.56000,2.44000
-0.00005256000,2.56000,2.44000
-0.00005252000,2.56000,2.44000
-0.00005248000,2.60000,2.44000
-0.00005244000,2.56000,2.44000
-0.00005240000,2.56000,2.44000
-0.00005236000,2.56000,2.44000
-0.00005232000,2.56000,2.44000
-0.00005228000,2.56000,2.44000
-0.00005224000,2.60000,2.44000
-0.00005220000,2.56000,2.44000
-0.00005216000,2.56000,2.44000
-0.00005212000,2.60000,2.44000
-0.00005208000,2.56000,2.44000
-0.00005204000,2.56000,2.44000
-0.00005200000,2.56000,2.44000
-0.00005196000,2.60000,2.44000
-0.00005192000,2.60000,2.44000
-0.00005188000,2.56000,2.44000
-0.00005184000,2.56000,2.44000
-0.00005180000,2.56000,2.44000
-0.00005176000,2.56000,2.44000
-0.00005172000,2.56000,2.44000
-0.00005168000,2.56000,2.44000
-0.00005164000,2.56000,2.44000
-0.00005160000,2.56000,2.44000
-0.00005156000,2.56000,2.48000
-0.00005152000,2.60000,2.44000
-0.00005148000,2.60000,2.44000
-0.00005144000,2.64000,2.44000
-0.00005140000,2.64000,2.52000
-0.00005136000,2.56000,2.48000
-0.00005132000,2.52000,2.44000
-0.00005128000,2.56000,2.40000
-0.00005124000,2.64000,2.48000
-0.00005120000,2.56000,2.44000
-0.00005116000,2.60000,2.44000
-0.00005112000,2.56000,2.44000
-0.00005108000,2.56000,2.44000
-0.00005104000,2.60000,2.44000
-0.00005100000,2.60000,2.48000
-0.00005096000,2.56000,2.44000
-0.00005092000,2.56000,2.44000
-0.00005088000,2.56000,2.44000
-0.00005084000,2.56000,2.44000
-0.00005080000,2.60000,2.44000
-0.00005076000,2.56000,2.44000
-0.00005072000,2.56000,2.36000
-0.00005068000,2.60000,2.44000
-0.00005064000,2.60000,2.48000
-0.00005060000,2.56000,2.48000
-0.00005056000,2.56000,2.48000
-0.00005052000,2.56000,2.44000
-0.00005048000,2.60000,2.44000
-0.00005044000,2.60000,2.48000
-0.00005040000,2.40000,2.28000
-0.00005036000,2.84000,2.76000
-0.00005032000,2.32000,2.16000
-0.00005028000,2.60000,2.52000
-0.00005024000,2.52000,2.36000
-0.00005020000,2.56000,2.40000
-0.00005016000,2.48000,2.36000
-0.00005012000,2.84000,2.72000
-0.00005008000,2.32000,2.20000
-0.00005004000,2.76000,2.72000
-0.00005000000,2.48000,2.32000
-0.00004996000,2.52000,2.40000
-0.00004992000,2.60000,2.48000
-0.00004988000,2.60000,2.48000
-0.00004984000,2.52000,2.40000
-0.00004980000,2.68000,2.48000
-0.00004976000,2.60000,2.48000
-0.00004972000,2.52000,2.40000
-0.00004968000,2.60000,2.48000
-0.00004964000,2.56000,2.44000
-0.00004960000,2.56000,2.44000
-0.00004956000,2.60000,2.48000
-0.00004952000,2.64000,2.48000
-0.00004948000,2.52000,2.40000
-0.00004944000,2.60000,2.48000
-0.00004940000,2.56000,2.44000
-0.00004936000,2.56000,2.44000
-0.00004932000,2.64000,2.48000
-0.00004928000,2.60000,2.48000
-0.00004924000,2.56000,2.44000
-0.00004920000,2.60000,2.48000
-0.00004916000,2.56000,2.44000
-0.00004912000,2.56000,2.44000
-0.00004908000,2.60000,2.44000
-0.00004904000,2.56000,2.44000
-0.00004900000,2.60000,2.48000
-0.00004896000,2.56000,2.44000
-0.00004892000,2.56000,2.44000
-0.00004888000,2.56000,2.44000
-0.00004884000,2.56000,2.44000
-0.00004880000,2.56000,2.44000
-0.00004876000,2.56000,2.44000
-0.00004872000,2.56000,2.48000
-0.00004868000,2.60000,2.48000
-0.00004864000,2.60000,2.44000
-0.00004860000,2.56000,2.44000
-0.00004856000,2.56000,2.44000
-0.00004852000,2.56000,2.44000
-0.00004848000,2.60000,2.44000
-0.00004844000,2.56000,2.44000
-0.00004840000,2.64000,2.52000
-0.00004836000,2.48000,2.40000
-0.00004832000,2.56000,2.40000
-0.00004828000,2.48000,2.28000
-0.00004824000,2.64000,2.48000
-0.00004820000,2.56000,2.44000
-0.00004816000,2.52000,2.40000
-0.00004812000,2.56000,2.44000
-0.00004808000,2.60000,2.44000
-0.00004804000,2.60000,2.48000
-0.00004800000,2.64000,2.48000
-0.00004796000,2.52000,2.40000
-0.00004792000,2.56000,2.44000
-0.00004788000,2.64000,2.48000
-0.00004784000,2.60000,2.44000
-0.00004780000,2.56000,2.44000
-0.00004776000,2.56000,2.44000
-0.00004772000,2.56000,2.44000
-0.00004768000,2.64000,2.48000
-0.00004764000,2.64000,2.48000
-0.00004760000,2.52000,2.44000
-0.00004756000,2.56000,2.44000
-0.00004752000,2.56000,2.44000
-0.00004748000,2.56000,2.48000
-0.00004744000,2.56000,2.44000
-0.00004740000,2.56000,2.48000
-0.00004736000,2.52000,2.36000
-0.00004732000,2.64000,2.48000
-0.00004728000,2.56000,2.40000
-0.00004724000,2.60000,2.48000
-0.00004720000,2.60000,2.44000
-0.00004716000,2.56000,2.44000
-0.00004712000,2.60000,2.44000
-0.00004708000,2.56000,2.44000
-0.00004704000,2.64000,2.48000
-0.00004700000,2.56000,2.44000
-0.00004696000,2.64000,2.48000
-0.00004692000,2.56000,2.44000
-0.00004688000,2.56000,2.44000
-0.00004684000,2.56000,2.44000
-0.00004680000,2.60000,2.44000
-0.00004676000,2.56000,2.44000
-0.00004672000,2.60000,2.44000
-0.00004668000,2.56000,2.44000
-0.00004664000,2.56000,2.44000
-0.00004660000,2.56000,2.44000
-0.00004656000,2.56000,2.44000
-0.00004652000,2.60000,2.44000
-0.00004648000,2.56000,2.44000
-0.00004644000,2.60000,2.44000
-0.00004640000,2.56000,2.44000
-0.00004636000,2.56000,2.44000
-0.00004632000,2.60000,2.44000
-0.00004628000,2.60000,2.44000
-0.00004624000,2.56000,2.44000
-0.00004620000,2.60000,2.44000
-0.00004616000,2.56000,2.44000
-0.00004612000,2.56000,2.44000
-0.00004608000,2.60000,2.44000
-0.00004604000,2.56000,2.44000
-0.00004600000,2.56000,2.44000
-0.00004596000,2.56000,2.44000
-0.00004592000,2.56000,2.44000
-0.00004588000,2.56000,2.44000
-0.00004584000,2.60000,2.44000
-0.00004580000,2.60000,2.44000
-0.00004576000,2.56000,2.44000
-0.00004572000,2.60000,2.44000
-0.00004568000,2.60000,2.44000
-0.00004564000,2.56000,2.44000
-0.00004560000,2.60000,2.44000
-0.00004556000,2.56000,2.44000
-0.00004552000,2.60000,2.44000
-0.00004548000,2.56000,2.44000
-0.00004544000,2.56000,2.44000
-0.00004540000,2.56000,2.44000
-0.00004536000,2.52000,2.44000
-0.00004532000,2.48000,2.32000
-0.00004528000,2.60000,2.44000
-0.00004524000,2.68000,2.48000
-0.00004520000,2.64000,2.48000
-0.00004516000,2.56000,2.44000
-0.00004512000,2.56000,2.44000
-0.00004508000,2.56000,2.44000
-0.00004504000,2.60000,2.48000
-0.00004500000,2.56000,2.48000
-0.00004496000,2.56000,2.44000
-0.00004492000,2.56000,2.44000
-0.00004488000,2.56000,2.44000
-0.00004484000,2.60000,2.44000
-0.00004480000,2.56000,2.44000
-0.00004476000,2.56000,2.44000
-0.00004472000,2.60000,2.44000
-0.00004468000,2.56000,2.44000
-0.00004464000,2.56000,2.44000
-0.00004460000,2.56000,2.44000
-0.00004456000,2.56000,2.40000
-0.00004452000,2.56000,2.40000
-0.00004448000,2.60000,2.44000
-0.00004444000,2.60000,2.44000
-0.00004440000,2.60000,2.44000
-0.00004436000,2.56000,2.44000
-0.00004432000,2.60000,2.44000
-0.00004428000,2.60000,2.44000
-0.00004424000,2.56000,2.48000
-0.00004420000,2.56000,2.44000
-0.00004416000,2.56000,2.44000
-0.00004412000,2.56000,2.44000
-0.00004408000,2.56000,2.44000
-0.00004404000,2.56000,2.44000
-0.00004400000,2.56000,2.44000
-0.00004396000,2.56000,2.48000
-0.00004392000,2.56000,2.44000
-0.00004388000,2.56000,2.44000
-0.00004384000,2.56000,2.44000
-0.00004380000,2.60000,2.44000
-0.00004376000,2.60000,2.44000
-0.00004372000,2.56000,2.44000
-0.00004368000,2.60000,2.44000
-0.00004364000,2.56000,2.44000
-0.00004360000,2.56000,2.44000
-0.00004356000,2.56000,2.48000
-0.00004352000,2.56000,2.44000
-0.00004348000,2.56000,2.48000
-0.00004344000,2.56000,2.44000
-0.00004340000,2.56000,2.44000
-0.00004336000,2.56000,2.44000
-0.00004332000,2.56000,2.44000
-0.00004328000,2.56000,2.44000
-0.00004324000,2.56000,2.44000
-0.00004320000,2.60000,2.44000
-0.00004316000,2.56000,2.44000
-0.00004312000,2.56000,2.44000
-0.00004308000,2.56000,2.44000
-0.00004304000,2.56000,2.44000
-0.00004300000,2.56000,2.44000
-0.00004296000,2.60000,2.44000
-0.00004292000,2.56000,2.44000
-0.00004288000,2.56000,2.48000
-0.00004284000,2.56000,2.44000
-0.00004280000,2.56000,2.44000
-0.00004276000,2.60000,2.44000
-0.00004272000,2.56000,2.44000
-0.00004268000,2.56000,2.44000
-0.00004264000,2.60000,2.44000
-0.00004260000,2.56000,2.44000
-0.00004256000,2.60000,2.48000
-0.00004252000,2.56000,2.44000
-0.00004248000,2.56000,2.44000
-0.00004244000,2.60000,2.48000
-0.00004240000,2.60000,2.44000
-0.00004236000,2.56000,2.48000
-0.00004232000,2.56000,2.48000
-0.00004228000,2.48000,2.32000
-0.00004224000,2.56000,2.40000
-0.00004220000,2.64000,2.44000
-0.00004216000,2.60000,2.48000
-0.00004212000,2.56000,2.44000
-0.00004208000,2.56000,2.44000
-0.00004204000,2.56000,2.44000
-0.00004200000,2.60000,2.48000
-0.00004196000,2.56000,2.44000
-0.00004192000,2.60000,2.48000
-0.00004188000,2.56000,2.44000
-0.00004184000,2.56000,2.44000
-0.00004180000,2.60000,2.44000
-0.00004176000,2.60000,2.44000
-0.00004172000,2.56000,2.44000
-0.00004168000,2.60000,2.44000
-0.00004164000,2.56000,2.44000
-0.00004160000,2.56000,2.44000
-0.00004156000,2.56000,2.44000
-0.00004152000,2.56000,2.40000
-0.00004148000,2.60000,2.44000
-0.00004144000,2.60000,2.48000
-0.00004140000,2.56000,2.44000
-0.00004136000,2.56000,2.44000
-0.00004132000,2.60000,2.44000
-0.00004128000,2.60000,2.48000
-0.00004124000,2.56000,2.44000
-0.00004120000,2.60000,2.48000
-0.00004116000,2.56000,2.44000
-0.00004112000,2.56000,2.44000
-0.00004108000,2.44000,2.32000
-0.00004104000,2.84000,2.76000
-0.00004100000,2.32000,2.16000
-0.00004096000,2.56000,2.56000
-0.00004092000,2.56000,2.32000
-0.00004088000,2.56000,2.40000
-0.00004084000,2.52000,2.40000
-0.00004080000,2.80000,2.72000
-0.00004076000,2.28000,2.20000
-0.00004072000,2.76000,2.72000
-0.00004068000,2.48000,2.32000
-0.00004064000,2.52000,2.36000
-0.00004060000,2.60000,2.48000
-0.00004056000,2.64000,2.48000
-0.00004052000,2.48000,2.36000
-0.00004048000,2.68000,2.52000
-0.00004044000,2.60000,2.48000
-0.00004040000,2.52000,2.36000
-0.00004036000,2.60000,2.48000
-0.00004032000,2.56000,2.44000
-0.00004028000,2.56000,2.44000
-0.00004024000,2.60000,2.48000
-0.00004020000,2.64000,2.48000
-0.00004016000,2.52000,2.40000
-0.00004012000,2.64000,2.48000
-0.00004008000,2.56000,2.44000
-0.00004004000,2.56000,2.40000
-0.00004000000,2.64000,2.48000
-0.00003996000,2.60000,2.48000
-0.00003992000,2.56000,2.44000
-0.00003988000,2.60000,2.44000
-0.00003984000,2.56000,2.40000
-0.00003980000,2.56000,2.48000
-0.00003976000,2.56000,2.44000
-0.00003972000,2.60000,2.48000
-0.00003968000,2.56000,2.44000
-0.00003964000,2.60000,2.48000
-0.00003960000,2.56000,2.44000
-0.00003956000,2.52000,2.40000
-0.00003952000,2.64000,2.52000
-0.00003948000,2.52000,2.40000
-0.00003944000,2.60000,2.48000
-0.00003940000,2.52000,2.36000
-0.00003936000,2.56000,2.44000
-0.00003932000,2.60000,2.44000
-0.00003928000,2.56000,2.44000
-0.00003924000,2.56000,2.48000
-0.00003920000,2.52000,2.40000
-0.00003916000,2.56000,2.36000
-0.00003912000,2.68000,2.44000
-0.00003908000,2.64000,2.48000
-0.00003904000,2.52000,2.40000
-0.00003900000,2.60000,2.44000
-0.00003896000,2.56000,2.40000
-0.00003892000,2.60000,2.44000
-0.00003888000,2.60000,2.48000
-0.00003884000,2.56000,2.44000
-0.00003880000,2.56000,2.44000
-0.00003876000,2.60000,2.44000
-0.00003872000,2.56000,2.44000
-0.00003868000,2.60000,2.48000
-0.00003864000,2.60000,2.44000
-0.00003860000,2.56000,2.44000
-0.00003856000,2.56000,2.44000
-0.00003852000,2.64000,2.44000
-0.00003848000,2.64000,2.48000
-0.00003844000,2.56000,2.48000
-0.00003840000,2.52000,2.44000
-0.00003836000,2.56000,2.44000
-0.00003832000,2.56000,2.44000
-0.00003828000,2.60000,2.44000
-0.00003824000,2.56000,2.44000
-0.00003820000,2.56000,2.44000
-0.00003816000,2.60000,2.44000
-0.00003812000,2.56000,2.44000
-0.00003808000,2.64000,2.44000
-0.00003804000,2.60000,2.44000
-0.00003800000,2.56000,2.44000
-0.00003796000,2.56000,2.44000
-0.00003792000,2.56000,2.44000
-0.00003788000,2.56000,2.44000
-0.00003784000,2.60000,2.44000
-0.00003780000,2.56000,2.44000
-0.00003776000,2.56000,2.44000
-0.00003772000,2.60000,2.44000
-0.00003768000,2.56000,2.44000
-0.00003764000,2.56000,2.44000
-0.00003760000,2.56000,2.44000
-0.00003756000,2.56000,2.44000
-0.00003752000,2.60000,2.44000
-0.00003748000,2.56000,2.44000
-0.00003744000,2.60000,2.48000
-0.00003740000,2.56000,2.44000
-0.00003736000,2.56000,2.44000
-0.00003732000,2.64000,2.48000
-0.00003728000,2.56000,2.40000
-0.00003724000,2.64000,2.52000
-0.00003720000,2.56000,2.44000
-0.00003716000,2.56000,2.44000
-0.00003712000,2.60000,2.44000
-0.00003708000,2.56000,2.44000
-0.00003704000,2.60000,2.44000
-0.00003700000,2.60000,2.44000
-0.00003696000,2.56000,2.44000
-0.00003692000,2.60000,2.44000
-0.00003688000,2.56000,2.44000
-0.00003684000,2.56000,2.44000
-0.00003680000,2.56000,2.44000
-0.00003676000,2.56000,2.44000
-0.00003672000,2.60000,2.44000
-0.00003668000,2.56000,2.44000
-0.00003664000,2.60000,2.44000
-0.00003660000,2.56000,2.44000
-0.00003656000,2.56000,2.44000
-0.00003652000,2.56000,2.44000
-0.00003648000,2.60000,2.44000
-0.00003644000,2.56000,2.44000
-0.00003640000,2.60000,2.44000
-0.00003636000,2.56000,2.44000
-0.00003632000,2.56000,2.44000
-0.00003628000,2.56000,2.44000
-0.00003624000,2.60000,2.48000
-0.00003620000,2.52000,2.44000
-0.00003616000,2.48000,2.36000
-0.00003612000,2.60000,2.40000
-0.00003608000,2.64000,2.48000
-0.00003604000,2.64000,2.48000
-0.00003600000,2.56000,2.44000
-0.00003596000,2.56000,2.40000
-0.00003592000,2.56000,2.44000
-0.00003588000,2.60000,2.44000
-0.00003584000,2.56000,2.44000
-0.00003580000,2.56000,2.44000
-0.00003576000,2.56000,2.44000
-0.00003572000,2.56000,2.44000
-0.00003568000,2.56000,2.44000
-0.00003564000,2.60000,2.44000
-0.00003560000,2.56000,2.44000
-0.00003556000,2.60000,2.44000
-0.00003552000,2.56000,2.44000
-0.00003548000,2.56000,2.48000
-0.00003544000,2.56000,2.44000
-0.00003540000,2.56000,2.44000
-0.00003536000,2.60000,2.44000
-0.00003532000,2.64000,2.44000
-0.00003528000,2.60000,2.44000
-0.00003524000,2.56000,2.44000
-0.00003520000,2.56000,2.44000
-0.00003516000,2.56000,2.44000
-0.00003512000,2.56000,2.48000
-0.00003508000,2.56000,2.48000
-0.00003504000,2.56000,2.44000
-0.00003500000,2.56000,2.44000
-0.00003496000,2.56000,2.44000
-0.00003492000,2.56000,2.44000
-0.00003488000,2.56000,2.44000
-0.00003484000,2.56000,2.44000
-0.00003480000,2.56000,2.44000
-0.00003476000,2.56000,2.44000
-0.00003472000,2.56000,2.44000
-0.00003468000,2.56000,2.44000
-0.00003464000,2.56000,2.44000
-0.00003460000,2.56000,2.44000
-0.00003456000,2.56000,2.44000
-0.00003452000,2.56000,2.44000
-0.00003448000,2.56000,2.44000
-0.00003444000,2.56000,2.44000
-0.00003440000,2.56000,2.44000
-0.00003436000,2.56000,2.44000
-0.00003432000,2.56000,2.44000
-0.00003428000,2.56000,2.44000
-0.00003424000,2.56000,2.44000
-0.00003420000,2.56000,2.44000
-0.00003416000,2.56000,2.44000
-0.00003412000,2.60000,2.44000
-0.00003408000,2.56000,2.44000
-0.00003404000,2.56000,2.44000
-0.00003400000,2.56000,2.44000
-0.00003396000,2.56000,2.44000
-0.00003392000,2.56000,2.44000
-0.00003388000,2.56000,2.44000
-0.00003384000,2.56000,2.44000
-0.00003380000,2.60000,2.44000
-0.00003376000,2.60000,2.44000
-0.00003372000,2.56000,2.44000
-0.00003368000,2.56000,2.44000
-0.00003364000,2.56000,2.44000
-0.00003360000,2.56000,2.44000
-0.00003356000,2.56000,2.44000
-0.00003352000,2.60000,2.44000
-0.00003348000,2.56000,2.44000
-0.00003344000,2.56000,2.44000
-0.00003340000,2.56000,2.44000
-0.00003336000,2.60000,2.44000
-0.00003332000,2.56000,2.44000
-0.00003328000,2.56000,2.44000
-0.00003324000,2.56000,2.44000
-0.00003320000,2.56000,2.48000
-0.00003316000,2.60000,2.44000
-0.00003312000,2.64000,2.44000
-0.00003308000,2.64000,2.52000
-0.00003304000,2.56000,2.48000
-0.00003300000,2.52000,2.44000
-0.00003296000,2.56000,2.40000
-0.00003292000,2.60000,2.44000
-0.00003288000,2.56000,2.48000
-0.00003284000,2.56000,2.44000
-0.00003280000,2.56000,2.44000
-0.00003276000,2.56000,2.44000
-0.00003272000,2.60000,2.44000
-0.00003268000,2.60000,2.44000
-0.00003264000,2.56000,2.44000
-0.00003260000,2.56000,2.44000
-0.00003256000,2.56000,2.44000
-0.00003252000,2.56000,2.44000
-0.00003248000,2.56000,2.48000
-0.00003244000,2.56000,2.48000
-0.00003240000,2.52000,2.40000
-0.00003236000,2.56000,2.44000
-0.00003232000,2.64000,2.48000
-0.00003228000,2.56000,2.48000
-0.00003224000,2.56000,2.48000
-0.00003220000,2.56000,2.44000
-0.00003216000,2.56000,2.44000
-0.00003212000,2.60000,2.48000
-0.00003208000,2.56000,2.44000
-0.00003204000,2.56000,2.44000
-0.00003200000,2.56000,2.44000
-0.00003196000,2.56000,2.44000
-0.00003192000,2.60000,2.44000
-0.00003188000,2.56000,2.44000
-0.00003184000,2.56000,2.44000
-0.00003180000,2.56000,2.44000
-0.00003176000,2.40000,2.28000
-0.00003172000,2.84000,2.76000
-0.00003168000,2.32000,2.16000
-0.00003164000,2.60000,2.52000
-0.00003160000,2.56000,2.36000
-0.00003156000,2.56000,2.40000
-0.00003152000,2.48000,2.36000
-0.00003148000,2.84000,2.72000
-0.00003144000,2.32000,2.20000
-0.00003140000,2.76000,2.68000
-0.00003136000,2.52000,2.32000
-0.00003132000,2.52000,2.44000
-0.00003128000,2.56000,2.44000
-0.00003124000,2.60000,2.48000
-0.00003120000,2.52000,2.40000
-0.00003116000,2.68000,2.56000
-0.00003112000,2.60000,2.44000
-0.00003108000,2.52000,2.36000
-0.00003104000,2.56000,2.44000
-0.00003100000,2.60000,2.44000
-0.00003096000,2.56000,2.44000
-0.00003092000,2.56000,2.48000
-0.00003088000,2.60000,2.48000
-0.00003084000,2.52000,2.36000
-0.00003080000,2.64000,2.48000
-0.00003076000,2.56000,2.40000
-0.00003072000,2.56000,2.44000
-0.00003068000,2.60000,2.48000
-0.00003064000,2.64000,2.48000
-0.00003060000,2.56000,2.44000
-0.00003056000,2.60000,2.48000
-0.00003052000,2.56000,2.44000
-0.00003048000,2.52000,2.44000
-0.00003044000,2.60000,2.48000
-0.00003040000,2.56000,2.44000
-0.00003036000,2.56000,2.44000
-0.00003032000,2.60000,2.48000
-0.00003028000,2.60000,2.44000
-0.00003024000,2.56000,2.44000
-0.00003020000,2.60000,2.44000
-0.00003016000,2.56000,2.44000
-0.00003012000,2.60000,2.48000
-0.00003008000,2.68000,2.56000
-0.00003004000,2.56000,2.48000
-0.00003000000,2.48000,2.36000
-0.00002996000,2.52000,2.36000
-0.00002992000,2.56000,2.40000
-0.00002988000,2.60000,2.48000
-0.00002984000,2.56000,2.48000
-0.00002980000,2.56000,2.44000
-0.00002976000,2.56000,2.44000
-0.00002972000,2.60000,2.44000
-0.00002968000,2.60000,2.44000
-0.00002964000,2.56000,2.48000
-0.00002960000,2.56000,2.48000
-0.00002956000,2.56000,2.44000
-0.00002952000,2.56000,2.44000
-0.00002948000,2.60000,2.44000
-0.00002944000,2.60000,2.44000
-0.00002940000,2.56000,2.44000
-0.00002936000,2.60000,2.48000
-0.00002932000,2.64000,2.48000
-0.00002928000,2.60000,2.48000
-0.00002924000,2.52000,2.44000
-0.00002920000,2.56000,2.44000
-0.00002916000,2.56000,2.44000
-0.00002912000,2.60000,2.48000
-0.00002908000,2.56000,2.44000
-0.00002904000,2.56000,2.44000
-0.00002900000,2.56000,2.44000
-0.00002896000,2.60000,2.44000
-0.00002892000,2.60000,2.44000
-0.00002888000,2.56000,2.44000
-0.00002884000,2.56000,2.44000
-0.00002880000,2.56000,2.44000
-0.00002876000,2.56000,2.44000
-0.00002872000,2.56000,2.44000
-0.00002868000,2.56000,2.44000
-0.00002864000,2.56000,2.44000
-0.00002860000,2.56000,2.44000
-0.00002856000,2.60000,2.44000
-0.00002852000,2.56000,2.44000
-0.00002848000,2.56000,2.48000
-0.00002844000,2.60000,2.48000
-0.00002840000,2.56000,2.44000
-0.00002836000,2.60000,2.44000
-0.00002832000,2.56000,2.44000
-0.00002828000,2.56000,2.44000
-0.00002824000,2.60000,2.44000
-0.00002820000,2.60000,2.44000
-0.00002816000,2.56000,2.44000
-0.00002812000,2.56000,2.44000
-0.00002808000,2.56000,2.44000
-0.00002804000,2.60000,2.44000
-0.00002800000,2.56000,2.44000
-0.00002796000,2.56000,2.48000
-0.00002792000,2.56000,2.44000
-0.00002788000,2.56000,2.44000
-0.00002784000,2.56000,2.44000
-0.00002780000,2.56000,2.44000
-0.00002776000,2.60000,2.44000
-0.00002772000,2.60000,2.44000
-0.00002768000,2.56000,2.44000
-0.00002764000,2.56000,2.44000
-0.00002760000,2.56000,2.44000
-0.00002756000,2.56000,2.44000
-0.00002752000,2.60000,2.44000
-0.00002748000,2.60000,2.44000
-0.00002744000,2.60000,2.44000
-0.00002740000,2.60000,2.44000
-0.00002736000,2.60000,2.44000
-0.00002732000,2.56000,2.48000
-0.00002728000,2.56000,2.44000
-0.00002724000,2.56000,2.44000
-0.00002720000,2.56000,2.44000
-0.00002716000,2.60000,2.48000
-0.00002712000,2.56000,2.44000
-0.00002708000,2.60000,2.48000
-0.00002704000,2.52000,2.44000
-0.00002700000,2.52000,2.40000
-0.00002696000,2.56000,2.40000
-0.00002692000,2.68000,2.44000
-0.00002688000,2.68000,2.48000
-0.00002684000,2.60000,2.48000
-0.00002680000,2.52000,2.36000
-0.00002676000,2.60000,2.44000
-0.00002672000,2.64000,2.44000
-0.00002668000,2.60000,2.48000
-0.00002664000,2.60000,2.44000
-0.00002660000,2.52000,2.44000
-0.00002656000,2.56000,2.44000
-0.00002652000,2.56000,2.44000
-0.00002648000,2.60000,2.44000
-0.00002644000,2.56000,2.44000
-0.00002640000,2.56000,2.44000
-0.00002636000,2.56000,2.44000
-0.00002632000,2.60000,2.48000
-0.00002628000,2.64000,2.48000
-0.00002624000,2.56000,2.44000
-0.00002620000,2.56000,2.44000
-0.00002616000,2.56000,2.44000
-0.00002612000,2.60000,2.44000
-0.00002608000,2.56000,2.44000
-0.00002604000,2.60000,2.44000
-0.00002600000,2.56000,2.44000
-0.00002596000,2.56000,2.44000
-0.00002592000,2.64000,2.44000
-0.00002588000,2.56000,2.44000
-0.00002584000,2.60000,2.44000
-0.00002580000,2.56000,2.44000
-0.00002576000,2.60000,2.48000
-0.00002572000,2.56000,2.40000
-0.00002568000,2.64000,2.48000
-0.00002564000,2.56000,2.44000
-0.00002560000,2.56000,2.44000
-0.00002556000,2.56000,2.44000
-0.00002552000,2.56000,2.44000
-0.00002548000,2.60000,2.44000
-0.00002544000,2.56000,2.44000
-0.00002540000,2.60000,2.44000
-0.00002536000,2.60000,2.44000
-0.00002532000,2.56000,2.44000
-0.00002528000,2.56000,2.44000
-0.00002524000,2.56000,2.44000
-0.00002520000,2.56000,2.48000
-0.00002516000,2.56000,2.44000
-0.00002512000,2.56000,2.44000
-0.00002508000,2.60000,2.44000
-0.00002504000,2.56000,2.44000
-0.00002500000,2.56000,2.44000
-0.00002496000,2.60000,2.44000
-0.00002492000,2.56000,2.44000
-0.00002488000,2.56000,2.44000
-0.00002484000,2.60000,2.44000
-0.00002480000,2.56000,2.44000
-0.00002476000,2.56000,2.44000
-0.00002472000,2.56000,2.44000
-0.00002468000,2.56000,2.48000
-0.00002464000,2.56000,2.44000
-0.00002460000,2.56000,2.44000
-0.00002456000,2.56000,2.44000
-0.00002452000,2.56000,2.44000
-0.00002448000,2.60000,2.44000
-0.00002444000,2.56000,2.44000
-0.00002440000,2.60000,2.44000
-0.00002436000,2.60000,2.44000
-0.00002432000,2.56000,2.44000
-0.00002428000,2.56000,2.44000
-0.00002424000,2.56000,2.44000
-0.00002420000,2.56000,2.44000
-0.00002416000,2.56000,2.44000
-0.00002412000,2.56000,2.44000
-0.00002408000,2.56000,2.44000
-0.00002404000,2.56000,2.44000
-0.00002400000,2.48000,2.40000
-0.00002396000,2.52000,2.36000
-0.00002392000,2.60000,2.44000
-0.00002388000,2.68000,2.52000
-0.00002384000,2.64000,2.48000
-0.00002380000,2.56000,2.44000
-0.00002376000,2.56000,2.44000
-0.00002372000,2.60000,2.44000
-0.00002368000,2.60000,2.48000
-0.00002364000,2.56000,2.44000
-0.00002360000,2.56000,2.44000
-0.00002356000,2.56000,2.44000
-0.00002352000,2.56000,2.44000
-0.00002348000,2.56000,2.44000
-0.00002344000,2.60000,2.44000
-0.00002340000,2.56000,2.44000
-0.00002336000,2.56000,2.44000
-0.00002332000,2.56000,2.44000
-0.00002328000,2.56000,2.44000
-0.00002324000,2.56000,2.44000
-0.00002320000,2.56000,2.44000
-0.00002316000,2.64000,2.48000
-0.00002312000,2.64000,2.44000
-0.00002308000,2.56000,2.44000
-0.00002304000,2.60000,2.44000
-0.00002300000,2.60000,2.48000
-0.00002296000,2.56000,2.44000
-0.00002292000,2.56000,2.44000
-0.00002288000,2.56000,2.44000
-0.00002284000,2.60000,2.44000
-0.00002280000,2.60000,2.48000
-0.00002276000,2.60000,2.44000
-0.00002272000,2.56000,2.44000
-0.00002268000,2.56000,2.44000
-0.00002264000,2.60000,2.48000
-0.00002260000,2.60000,2.44000
-0.00002256000,2.56000,2.44000
-0.00002252000,2.60000,2.44000
-0.00002248000,2.56000,2.44000
-0.00002244000,2.44000,2.28000
-0.00002240000,2.80000,2.76000
-0.00002236000,2.40000,2.20000
-0.00002232000,2.52000,2.48000
-0.00002228000,2.64000,2.44000
-0.00002224000,2.56000,2.44000
-0.00002220000,2.48000,2.32000
-0.00002216000,2.84000,2.72000
-0.00002212000,2.32000,2.20000
-0.00002208000,2.72000,2.72000
-0.00002204000,2.56000,2.36000
-0.00002200000,2.52000,2.40000
-0.00002196000,2.56000,2.44000
-0.00002192000,2.68000,2.48000
-0.00002188000,2.48000,2.32000
-0.00002184000,2.72000,2.60000
-0.00002180000,2.56000,2.44000
-0.00002176000,2.52000,2.40000
-0.00002172000,2.60000,2.48000
-0.00002168000,2.56000,2.44000
-0.00002164000,2.56000,2.44000
-0.00002160000,2.56000,2.44000
-0.00002156000,2.68000,2.48000
-0.00002152000,2.52000,2.36000
-0.00002148000,2.64000,2.48000
-0.00002144000,2.56000,2.44000
-0.00002140000,2.56000,2.44000
-0.00002136000,2.64000,2.48000
-0.00002132000,2.56000,2.44000
-0.00002128000,2.60000,2.44000
-0.00002124000,2.60000,2.44000
-0.00002120000,2.60000,2.44000
-0.00002116000,2.52000,2.40000
-0.00002112000,2.60000,2.48000
-0.00002108000,2.56000,2.44000
-0.00002104000,2.64000,2.48000
-0.00002100000,2.56000,2.44000
-0.00002096000,2.64000,2.48000
-0.00002092000,2.60000,2.52000
-0.00002088000,2.48000,2.40000
-0.00002084000,2.48000,2.32000
-0.00002080000,2.56000,2.36000
-0.00002076000,2.60000,2.44000
-0.00002072000,2.56000,2.44000
-0.00002068000,2.56000,2.44000
-0.00002064000,2.56000,2.44000
-0.00002060000,2.56000,2.44000
-0.00002056000,2.68000,2.48000
-0.00002052000,2.56000,2.44000
-0.00002048000,2.56000,2.44000
-0.00002044000,2.56000,2.44000
-0.00002040000,2.56000,2.44000
-0.00002036000,2.56000,2.44000
-0.00002032000,2.60000,2.48000
-0.00002028000,2.56000,2.40000
-0.00002024000,2.60000,2.44000
-0.00002020000,2.60000,2.44000
-0.00002016000,2.60000,2.48000
-0.00002012000,2.60000,2.48000
-0.00002008000,2.52000,2.44000
-0.00002004000,2.56000,2.44000
-0.00002000000,2.56000,2.44000
-0.00001996000,2.60000,2.44000
-0.00001992000,2.56000,2.44000
-0.00001988000,2.56000,2.44000
-0.00001984000,2.56000,2.44000
-0.00001980000,2.60000,2.44000
-0.00001976000,2.56000,2.48000
-0.00001972000,2.56000,2.44000
-0.00001968000,2.60000,2.44000
-0.00001964000,2.56000,2.44000
-0.00001960000,2.60000,2.44000
-0.00001956000,2.56000,2.44000
-0.00001952000,2.64000,2.48000
-0.00001948000,2.56000,2.44000
-0.00001944000,2.56000,2.44000
-0.00001940000,2.56000,2.44000
-0.00001936000,2.60000,2.48000
-0.00001932000,2.56000,2.44000
-0.00001928000,2.60000,2.44000
-0.00001924000,2.56000,2.44000
-0.00001920000,2.56000,2.44000
-0.00001916000,2.56000,2.44000
-0.00001912000,2.56000,2.44000
-0.00001908000,2.60000,2.44000
-0.00001904000,2.56000,2.44000
-0.00001900000,2.60000,2.48000
-0.00001896000,2.56000,2.44000
-0.00001892000,2.60000,2.48000
-0.00001888000,2.56000,2.44000
-0.00001884000,2.60000,2.48000
-0.00001880000,2.56000,2.44000
-0.00001876000,2.56000,2.44000
-0.00001872000,2.56000,2.40000
-0.00001868000,2.56000,2.48000
-0.00001864000,2.56000,2.44000
-0.00001860000,2.56000,2.44000
-0.00001856000,2.56000,2.44000
-0.00001852000,2.56000,2.44000
-0.00001848000,2.60000,2.44000
-0.00001844000,2.60000,2.44000
-0.00001840000,2.56000,2.44000
-0.00001836000,2.56000,2.44000
-0.00001832000,2.60000,2.44000
-0.00001828000,2.60000,2.48000
-0.00001824000,2.56000,2.44000
-0.00001820000,2.56000,2.44000
-0.00001816000,2.56000,2.44000
-0.00001812000,2.56000,2.44000
-0.00001808000,2.60000,2.44000
-0.00001804000,2.56000,2.44000
-0.00001800000,2.56000,2.44000
-0.00001796000,2.56000,2.44000
-0.00001792000,2.56000,2.44000
-0.00001788000,2.52000,2.48000
-0.00001784000,2.52000,2.36000
-0.00001780000,2.56000,2.36000
-0.00001776000,2.64000,2.44000
-0.00001772000,2.64000,2.48000
-0.00001768000,2.56000,2.44000
-0.00001764000,2.56000,2.44000
-0.00001760000,2.56000,2.44000
-0.00001756000,2.60000,2.44000
-0.00001752000,2.56000,2.48000
-0.00001748000,2.56000,2.44000
-0.00001744000,2.56000,2.44000
-0.00001740000,2.56000,2.44000
-0.00001736000,2.60000,2.44000
-0.00001732000,2.60000,2.44000
-0.00001728000,2.56000,2.48000
-0.00001724000,2.56000,2.44000
-0.00001720000,2.60000,2.44000
-0.00001716000,2.60000,2.48000
-0.00001712000,2.60000,2.48000
-0.00001708000,2.52000,2.44000
-0.00001704000,2.56000,2.40000
-0.00001700000,2.56000,2.44000
-0.00001696000,2.56000,2.44000
-0.00001692000,2.56000,2.44000
-0.00001688000,2.56000,2.44000
-0.00001684000,2.56000,2.44000
-0.00001680000,2.60000,2.44000
-0.00001676000,2.60000,2.44000
-0.00001672000,2.56000,2.44000
-0.00001668000,2.56000,2.44000
-0.00001664000,2.60000,2.44000
-0.00001660000,2.56000,2.44000
-0.00001656000,2.56000,2.44000
-0.00001652000,2.56000,2.44000
-0.00001648000,2.56000,2.44000
-0.00001644000,2.56000,2.44000
-0.00001640000,2.56000,2.44000
-0.00001636000,2.56000,2.44000
-0.00001632000,2.56000,2.44000
-0.00001628000,2.64000,2.48000
-0.00001624000,2.56000,2.44000
-0.00001620000,2.56000,2.44000
-0.00001616000,2.64000,2.48000
-0.00001612000,2.52000,2.40000
-0.00001608000,2.60000,2.48000
-0.00001604000,2.56000,2.44000
-0.00001600000,2.52000,2.44000
-0.00001596000,2.64000,2.48000
-0.00001592000,2.56000,2.44000
-0.00001588000,2.56000,2.44000
-0.00001584000,2.60000,2.48000
-0.00001580000,2.56000,2.44000
-0.00001576000,2.60000,2.48000
-0.00001572000,2.60000,2.48000
-0.00001568000,2.56000,2.44000
-0.00001564000,2.56000,2.44000
-0.00001560000,2.60000,2.44000
-0.00001556000,2.56000,2.44000
-0.00001552000,2.56000,2.44000
-0.00001548000,2.56000,2.44000
-0.00001544000,2.56000,2.44000
-0.00001540000,2.56000,2.44000
-0.00001536000,2.56000,2.44000
-0.00001532000,2.60000,2.44000
-0.00001528000,2.56000,2.44000
-0.00001524000,2.60000,2.48000
-0.00001520000,2.56000,2.44000
-0.00001516000,2.56000,2.44000
-0.00001512000,2.60000,2.44000
-0.00001508000,2.56000,2.44000
-0.00001504000,2.56000,2.44000
-0.00001500000,2.60000,2.48000
-0.00001496000,2.56000,2.44000
-0.00001492000,2.56000,2.44000
-0.00001488000,2.56000,2.44000
-0.00001484000,2.52000,2.40000
-0.00001480000,2.52000,2.32000
-0.00001476000,2.64000,2.44000
-0.00001472000,2.68000,2.52000
-0.00001468000,2.64000,2.52000
-0.00001464000,2.56000,2.44000
-0.00001460000,2.56000,2.40000
-0.00001456000,2.56000,2.44000
-0.00001452000,2.60000,2.48000
-0.00001448000,2.56000,2.44000
-0.00001444000,2.56000,2.44000
-0.00001440000,2.56000,2.44000
-0.00001436000,2.56000,2.40000
-0.00001432000,2.56000,2.44000
-0.00001428000,2.64000,2.48000
-0.00001424000,2.56000,2.44000
-0.00001420000,2.60000,2.44000
-0.00001416000,2.56000,2.44000
-0.00001412000,2.56000,2.44000
-0.00001408000,2.56000,2.44000
-0.00001404000,2.56000,2.40000
-0.00001400000,2.56000,2.44000
-0.00001396000,2.68000,2.48000
-0.00001392000,2.60000,2.44000
-0.00001388000,2.52000,2.40000
-0.00001384000,2.60000,2.44000
-0.00001380000,2.56000,2.44000
-0.00001376000,2.60000,2.48000
-0.00001372000,2.56000,2.44000
-0.00001368000,2.56000,2.44000
-0.00001364000,2.56000,2.44000
-0.00001360000,2.60000,2.48000
-0.00001356000,2.56000,2.40000
-0.00001352000,2.56000,2.48000
-0.00001348000,2.56000,2.44000
-0.00001344000,2.56000,2.44000
-0.00001340000,2.60000,2.48000
-0.00001336000,2.60000,2.44000
-0.00001332000,2.56000,2.44000
-0.00001328000,2.60000,2.44000
-0.00001324000,2.56000,2.44000
-0.00001320000,2.56000,2.44000
-0.00001316000,2.60000,2.44000
-0.00001312000,2.52000,2.32000
-0.00001308000,2.72000,2.64000
-0.00001304000,2.64000,2.36000
-0.00001300000,2.40000,2.32000
-0.00001296000,2.72000,2.56000
-0.00001292000,2.52000,2.44000
-0.00001288000,2.44000,2.32000
-0.00001284000,2.76000,2.72000
-0.00001280000,2.48000,2.24000
-0.00001276000,2.64000,2.60000
-0.00001272000,2.64000,2.44000
-0.00001268000,2.48000,2.40000
-0.00001264000,2.52000,2.40000
-0.00001260000,2.68000,2.52000
-0.00001256000,2.48000,2.36000
-0.00001252000,2.64000,2.52000
-0.00001248000,2.56000,2.44000
-0.00001244000,2.56000,2.44000
-0.00001240000,2.56000,2.44000
-0.00001236000,2.60000,2.48000
-0.00001232000,2.56000,2.44000
-0.00001228000,2.56000,2.44000
-0.00001224000,2.64000,2.48000
-0.00001220000,2.52000,2.40000
-0.00001216000,2.56000,2.44000
-0.00001212000,2.60000,2.44000
-0.00001208000,2.56000,2.44000
-0.00001204000,2.56000,2.48000
-0.00001200000,2.60000,2.48000
-0.00001196000,2.56000,2.44000
-0.00001192000,2.56000,2.48000
-0.00001188000,2.56000,2.44000
-0.00001184000,2.56000,2.44000
-0.00001180000,2.60000,2.44000
-0.00001176000,2.68000,2.52000
-0.00001172000,2.56000,2.48000
-0.00001168000,2.52000,2.44000
-0.00001164000,2.48000,2.32000
-0.00001160000,2.52000,2.44000
-0.00001156000,2.60000,2.48000
-0.00001152000,2.56000,2.48000
-0.00001148000,2.52000,2.40000
-0.00001144000,2.64000,2.48000
-0.00001140000,2.60000,2.44000
-0.00001136000,2.56000,2.48000
-0.00001132000,2.60000,2.48000
-0.00001128000,2.56000,2.44000
-0.00001124000,2.56000,2.44000
-0.00001120000,2.60000,2.44000
-0.00001116000,2.56000,2.44000
-0.00001112000,2.56000,2.44000
-0.00001108000,2.56000,2.44000
-0.00001104000,2.56000,2.40000
-0.00001100000,2.60000,2.44000
-0.00001096000,2.64000,2.48000
-0.00001092000,2.60000,2.48000
-0.00001088000,2.56000,2.44000
-0.00001084000,2.56000,2.44000
-0.00001080000,2.56000,2.44000
-0.00001076000,2.56000,2.44000
-0.00001072000,2.56000,2.44000
-0.00001068000,2.56000,2.44000
-0.00001064000,2.56000,2.44000
-0.00001060000,2.60000,2.44000
-0.00001056000,2.60000,2.44000
-0.00001052000,2.56000,2.44000
-0.00001048000,2.60000,2.44000
-0.00001044000,2.56000,2.44000
-0.00001040000,2.60000,2.44000
-0.00001036000,2.56000,2.48000
-0.00001032000,2.60000,2.44000
-0.00001028000,2.52000,2.44000
-0.00001024000,2.60000,2.44000
-0.00001020000,2.56000,2.44000
-0.00001016000,2.56000,2.44000
-0.00001012000,2.56000,2.44000
-0.00001008000,2.56000,2.44000
-0.00001004000,2.56000,2.44000
-0.00001000000,2.60000,2.48000
-0.00000996000,2.56000,2.44000
-0.00000992000,2.60000,2.48000
-0.00000988000,2.56000,2.44000
-0.00000984000,2.56000,2.44000
-0.00000980000,2.60000,2.44000
-0.00000976000,2.60000,2.44000
-0.00000972000,2.56000,2.48000
-0.00000968000,2.56000,2.44000
-0.00000964000,2.56000,2.44000
-0.00000960000,2.56000,2.44000
-0.00000956000,2.56000,2.44000
-0.00000952000,2.60000,2.44000
-0.00000948000,2.56000,2.44000
-0.00000944000,2.56000,2.44000
-0.00000940000,2.56000,2.44000
-0.00000936000,2.56000,2.44000
-0.00000932000,2.60000,2.44000
-0.00000928000,2.60000,2.44000
-0.00000924000,2.56000,2.44000
-0.00000920000,2.56000,2.44000
-0.00000916000,2.56000,2.44000
-0.00000912000,2.56000,2.44000
-0.00000908000,2.56000,2.44000
-0.00000904000,2.56000,2.44000
-0.00000900000,2.60000,2.44000
-0.00000896000,2.60000,2.44000
-0.00000892000,2.56000,2.44000
-0.00000888000,2.56000,2.44000
-0.00000884000,2.56000,2.44000
-0.00000880000,2.56000,2.44000
-0.00000876000,2.60000,2.48000
-0.00000872000,2.64000,2.56000
-0.00000868000,2.52000,2.44000
-0.00000864000,2.48000,2.32000
-0.00000860000,2.52000,2.32000
-0.00000856000,2.60000,2.44000
-0.00000852000,2.56000,2.48000
-0.00000848000,2.56000,2.44000
-0.00000844000,2.56000,2.40000
-0.00000840000,2.60000,2.44000
-0.00000836000,2.60000,2.44000
-0.00000832000,2.60000,2.44000
-0.00000828000,2.56000,2.44000
-0.00000824000,2.56000,2.44000
-0.00000820000,2.56000,2.44000
-0.00000816000,2.56000,2.48000
-0.00000812000,2.60000,2.44000
-0.00000808000,2.56000,2.44000
-0.00000804000,2.56000,2.44000
-0.00000800000,2.60000,2.44000
-0.00000796000,2.60000,2.48000
-0.00000792000,2.56000,2.44000
-0.00000788000,2.56000,2.44000
-0.00000784000,2.56000,2.40000
-0.00000780000,2.60000,2.48000
-0.00000776000,2.56000,2.44000
-0.00000772000,2.60000,2.48000
-0.00000768000,2.56000,2.44000
-0.00000764000,2.60000,2.44000
-0.00000760000,2.60000,2.44000
-0.00000756000,2.60000,2.44000
-0.00000752000,2.56000,2.44000
-0.00000748000,2.56000,2.44000
-0.00000744000,2.60000,2.44000
-0.00000740000,2.56000,2.44000
-0.00000736000,2.56000,2.44000
-0.00000732000,2.60000,2.44000
-0.00000728000,2.60000,2.44000
-0.00000724000,2.56000,2.44000
-0.00000720000,2.56000,2.44000
-0.00000716000,2.56000,2.44000
-0.00000712000,2.56000,2.44000
-0.00000708000,2.56000,2.44000
-0.00000704000,2.56000,2.44000
-0.00000700000,2.56000,2.44000
-0.00000696000,2.56000,2.44000
-0.00000692000,2.60000,2.44000
-0.00000688000,2.56000,2.44000
-0.00000684000,2.60000,2.48000
-0.00000680000,2.56000,2.44000
-0.00000676000,2.60000,2.48000
-0.00000672000,2.56000,2.44000
-0.00000668000,2.60000,2.44000
-0.00000664000,2.56000,2.44000
-0.00000660000,2.60000,2.48000
-0.00000656000,2.56000,2.44000
-0.00000652000,2.56000,2.44000
-0.00000648000,2.60000,2.44000
-0.00000644000,2.56000,2.40000
-0.00000640000,2.56000,2.44000
-0.00000636000,2.56000,2.44000
-0.00000632000,2.60000,2.48000
-0.00000628000,2.60000,2.44000
-0.00000624000,2.56000,2.44000
-0.00000620000,2.56000,2.44000
-0.00000616000,2.64000,2.48000
-0.00000612000,2.56000,2.44000
-0.00000608000,2.56000,2.44000
-0.00000604000,2.60000,2.44000
-0.00000600000,2.56000,2.44000
-0.00000596000,2.60000,2.48000
-0.00000592000,2.60000,2.48000
-0.00000588000,2.56000,2.44000
-0.00000584000,2.60000,2.44000
-0.00000580000,2.56000,2.44000
-0.00000576000,2.56000,2.44000
-0.00000572000,2.56000,2.44000
-0.00000568000,2.52000,2.36000
-0.00000564000,2.52000,2.36000
-0.00000560000,2.68000,2.48000
-0.00000556000,2.64000,2.52000
-0.00000552000,2.60000,2.48000
-0.00000548000,2.56000,2.44000
-0.00000544000,2.56000,2.40000
-0.00000540000,2.60000,2.48000
-0.00000536000,2.60000,2.48000
-0.00000532000,2.52000,2.44000
-0.00000528000,2.56000,2.44000
-0.00000524000,2.56000,2.44000
-0.00000520000,2.56000,2.44000
-0.00000516000,2.60000,2.48000
-0.00000512000,2.56000,2.44000
-0.00000508000,2.56000,2.44000
-0.00000504000,2.60000,2.44000
-0.00000500000,2.56000,2.44000
-0.00000496000,2.56000,2.44000
-0.00000492000,2.56000,2.48000
-0.00000488000,2.52000,2.44000
-0.00000484000,2.56000,2.44000
-0.00000480000,2.60000,2.48000
-0.00000476000,2.60000,2.44000
-0.00000472000,2.56000,2.44000
-0.00000468000,2.56000,2.44000
-0.00000464000,2.56000,2.44000
-0.00000460000,2.56000,2.44000
-0.00000456000,2.60000,2.48000
-0.00000452000,2.56000,2.44000
-0.00000448000,2.56000,2.44000
-0.00000444000,2.56000,2.44000
-0.00000440000,2.56000,2.44000
-0.00000436000,2.56000,2.44000
-0.00000432000,2.60000,2.44000
-0.00000428000,2.56000,2.44000
-0.00000424000,2.56000,2.44000
-0.00000420000,2.60000,2.44000
-0.00000416000,2.56000,2.44000
-0.00000412000,2.56000,2.44000
-0.00000408000,2.60000,2.44000
-0.00000404000,2.56000,2.44000
-0.00000400000,2.56000,2.44000
-0.00000396000,2.60000,2.44000
-0.00000392000,2.60000,2.44000
-0.00000388000,2.56000,2.44000
-0.00000384000,2.56000,2.44000
-0.00000380000,2.56000,2.44000
-0.00000376000,2.52000,2.48000
-0.00000372000,2.80000,2.64000
-0.00000368000,2.32000,2.24000
-0.00000364000,2.72000,2.64000
-0.00000360000,2.52000,2.40000
-0.00000356000,2.48000,2.32000
-0.00000352000,2.60000,2.56000
-0.00000348000,2.68000,2.48000
-0.00000344000,2.40000,2.40000
-0.00000340000,2.72000,2.56000
-0.00000336000,2.44000,2.32000
-0.00000332000,2.56000,2.44000
-0.00000328000,2.64000,2.52000
-0.00000324000,2.56000,2.40000
-0.00000320000,2.56000,2.44000
-0.00000316000,2.64000,2.48000
-0.00000312000,2.56000,2.44000
-0.00000308000,2.52000,2.44000
-0.00000304000,2.60000,2.48000
-0.00000300000,2.56000,2.44000
-0.00000296000,2.56000,2.44000
-0.00000292000,2.64000,2.48000
-0.00000288000,2.56000,2.44000
-0.00000284000,2.52000,2.44000
-0.00000280000,2.60000,2.44000
-0.00000276000,2.56000,2.44000
-0.00000272000,2.56000,2.44000
-0.00000268000,2.60000,2.48000
-0.00000264000,2.56000,2.40000
-0.00000260000,2.60000,2.44000
-0.00000256000,2.68000,2.52000
-0.00000252000,2.56000,2.48000
-0.00000248000,2.52000,2.44000
-0.00000244000,2.56000,2.44000
-0.00000240000,2.64000,2.44000
-0.00000236000,2.60000,2.48000
-0.00000232000,2.56000,2.48000
-0.00000228000,2.52000,2.44000
-0.00000224000,2.56000,2.44000
-0.00000220000,2.60000,2.44000
-0.00000216000,2.60000,2.44000
-0.00000212000,2.60000,2.48000
-0.00000208000,2.60000,2.44000
-0.00000204000,2.56000,2.44000
-0.00000200000,2.56000,2.44000
-0.00000196000,2.60000,2.48000
-0.00000192000,2.56000,2.44000
-0.00000188000,2.56000,2.44000
-0.00000184000,2.60000,2.44000
-0.00000180000,2.64000,2.48000
-0.00000176000,2.60000,2.48000
-0.00000172000,2.56000,2.44000
-0.00000168000,2.56000,2.44000
-0.00000164000,2.56000,2.44000
-0.00000160000,2.60000,2.44000
-0.00000156000,2.56000,2.44000
-0.00000152000,2.56000,2.44000
-0.00000148000,2.56000,2.44000
-0.00000144000,2.56000,2.44000
-0.00000140000,2.56000,2.44000
-0.00000136000,2.60000,2.48000
-0.00000132000,2.56000,2.44000
-0.00000128000,2.56000,2.44000
-0.00000124000,2.60000,2.44000
-0.00000120000,2.56000,2.44000
-0.00000116000,2.60000,2.44000
-0.00000112000,2.56000,2.44000
-0.00000108000,2.56000,2.44000
-0.00000104000,2.56000,2.44000
-0.00000100000,2.56000,2.44000
-0.00000096000,2.56000,2.48000
-0.00000092000,2.56000,2.44000
-0.00000088000,2.60000,2.44000
-0.00000084000,2.56000,2.44000
-0.00000080000,2.56000,2.44000
-0.00000076000,2.60000,2.44000
-0.00000072000,2.60000,2.44000
-0.00000068000,2.60000,2.44000
-0.00000064000,2.56000,2.44000
-0.00000060000,2.56000,2.44000
-0.00000056000,2.64000,2.48000
-0.00000052000,2.56000,2.44000
-0.00000048000,2.60000,2.44000
-0.00000044000,2.60000,2.44000
-0.00000040000,2.56000,2.44000
-0.00000036000,2.60000,2.44000
-0.00000032000,2.56000,2.44000
-0.00000028000,2.56000,2.44000
-0.00000024000,2.60000,2.44000
-0.00000020000,2.60000,2.44000
-0.00000016000,2.56000,2.48000
-0.00000012000,2.56000,2.44000
-0.00000008000,2.60000,2.44000
-0.00000004000,2.56000,2.44000
 0.00000000000,2.56000,2.44000
 0.00000004000,2.56000,2.44000
 0.00000008000,2.56000,2.44000
 0.00000012000,2.60000,2.48000
 0.00000016000,2.56000,2.44000
 0.00000020000,2.56000,2.44000
 0.00000024000,2.60000,2.48000
 0.00000028000,2.56000,2.44000
 0.00000032000,2.60000,2.48000
 0.00000036000,2.60000,2.44000
 0.00000040000,2.56000,2.44000
 0.00000044000,2.68000,2.52000
 0.00000048000,2.60000,2.48000
 0.00000052000,2.48000,2.36000
 0.00000056000,2.48000,2.32000
 0.00000060000,2.60000,2.44000
 0.00000064000,2.52000,2.40000
 0.00000068000,2.64000,2.48000
 0.00000072000,2.52000,2.36000
 0.00000076000,2.92000,2.08000
 0.00000080000,3.56000,1.44000
 0.00000084000,3.56000,1.36000
 0.00000088000,3.44000,1.28000
 0.00000092000,3.48000,1.32000
 0.00000096000,3.60000,1.40000
 0.00000100000,3.48000,1.28000
 0.00000104000,3.52000,1.32000
 0.00000108000,3.48000,1.28000
 0.00000112000,3.56000,1.36000
 0.00000116000,3.52000,1.28000
 0.00000120000,3.56000,1.40000
 0.00000124000,3.52000,1.32000
 0.00000128000,3.48000,1.36000
 0.00000132000,3.48000,1.32000
 0.00000136000,3.52000,1.32000
 0.00000140000,3.56000,1.32000
 0.00000144000,3.52000,1.32000
 0.00000148000,3.52000,1.32000
 0.00000152000,3.48000,1.28000
 0.00000156000,3.52000,1.32000
 0.00000160000,3.52000,1.32000
 0.00000164000,3.52000,1.36000
 0.00000168000,3.52000,1.36000
 0.00000172000,3.56000,1.32000
 0.00000176000,3.52000,1.32000
 0.00000180000,3.56000,1.32000
 0.00000184000,3.56000,1.32000
 0.00000188000,3.52000,1.28000
 0.00000192000,3.52000,1.32000
 0.00000196000,3.56000,1.28000
 0.00000200000,3.52000,1.32000
 0.00000204000,3.56000,1.36000
 0.00000208000,3.56000,1.32000
 0.00000212000,3.52000,1.28000
 0.00000216000,3.52000,1.28000
 0.00000220000,3.56000,1.36000
 0.00000224000,3.56000,1.32000
 0.00000228000,3.52000,1.32000
 0.00000232000,3.52000,1.32000
 0.00000236000,3.48000,1.28000
 0.00000240000,3.56000,1.36000
 0.00000244000,3.52000,1.32000
 0.00000248000,3.52000,1.32000
 0.00000252000,3.56000,1.32000
 0.00000256000,3.48000,1.28000
 0.00000260000,3.52000,1.32000
 0.00000264000,3.56000,1.36000
 0.00000268000,3.52000,1.28000
 0.00000272000,3.52000,1.32000
 0.00000276000,3.56000,1.32000
 0.00000280000,3.48000,1.28000
 0.00000284000,3.52000,1.32000
 0.00000288000,3.52000,1.32000
 0.00000292000,3.56000,1.32000
 0.00000296000,3.52000,1.28000
 0.00000300000,3.52000,1.32000
 0.00000304000,3.56000,1.32000
 0.00000308000,3.52000,1.32000
 0.00000312000,3.52000,1.32000
 0.00000316000,3.48000,1.28000
 0.00000320000,3.56000,1.32000
 0.00000324000,3.52000,1.28000
 0.00000328000,3.52000,1.32000
 0.00000332000,3.52000,1.32000
 0.00000336000,3.52000,1.28000
 0.00000340000,3.52000,1.28000
 0.00000344000,3.52000,1.32000
 0.00000348000,3.48000,1.32000
 0.00000352000,3.44000,1.24000
 0.00000356000,3.52000,1.24000
 0.00000360000,3.60000,1.32000
 0.00000364000,3.60000,1.36000
 0.00000368000,3.52000,1.32000
 0.00000372000,3.48000,1.28000
 0.00000376000,3.56000,1.32000
 0.00000380000,3.52000,1.32000
 0.00000384000,3.56000,1.36000
 0.00000388000,3.52000,1.32000
 0.00000392000,3.48000,1.28000
 0.00000396000,3.56000,1.32000
 0.00000400000,3.56000,1.32000
 0.00000404000,3.52000,1.32000
 0.00000408000,3.56000,1.36000
 0.00000412000,3.52000,1.32000
 0.00000416000,3.52000,1.28000
 0.00000420000,3.56000,1.36000
 0.00000424000,3.52000,1.32000
 0.00000428000,3.48000,1.28000
 0.00000432000,3.52000,1.28000
 0.00000436000,3.52000,1.28000
 0.00000440000,3.56000,1.32000
 0.00000444000,3.52000,1.32000
 0.00000448000,3.52000,1.32000
 0.00000452000,3.52000,1.32000
 0.00000456000,3.56000,1.32000
 0.00000460000,3.52000,1.28000
 0.00000464000,3.52000,1.28000
 0.00000468000,3.52000,1.32000
 0.00000472000,3.52000,1.32000
 0.00000476000,3.52000,1.32000
 0.00000480000,3.52000,1.36000
 0.00000484000,3.52000,1.36000
 0.00000488000,3.48000,1.32000
 0.00000492000,3.52000,1.32000
 0.00000496000,3.52000,1.32000
 0.00000500000,3.52000,1.28000
 0.00000504000,3.56000,1.36000
 0.00000508000,3.52000,1.28000
 0.00000512000,3.52000,1.32000
 0.00000516000,3.56000,1.36000
 0.00000520000,3.44000,1.24000
 0.00000524000,3.60000,1.40000
 0.00000528000,3.48000,1.28000
 0.00000532000,3.52000,1.28000
 0.00000536000,3.52000,1.32000
 0.00000540000,3.56000,1.28000
 0.00000544000,3.48000,1.28000
 0.00000548000,3.56000,1.36000
 0.00000552000,3.56000,1.32000
 0.00000556000,3.36000,1.20000
 0.00000560000,3.84000,1.68000
 0.00000564000,3.24000,1.08000
 0.00000568000,3.56000,1.44000
 0.00000572000,3.52000,1.24000
 0.00000576000,3.44000,1.24000
 0.00000580000,3.44000,1.28000
 0.00000584000,3.84000,1.60000
 0.00000588000,3.24000,1.08000
 0.00000592000,3.72000,1.56000
 0.00000596000,3.44000,1.24000
 0.00000600000,3.48000,1.24000
 0.00000604000,3.52000,1.36000
 0.00000608000,3.56000,1.36000
 0.00000612000,3.44000,1.28000
 0.00000616000,3.60000,1.44000
 0.00000620000,3.56000,1.32000
 0.00000624000,3.48000,1.28000
 0.00000628000,3.56000,1.36000
 0.00000632000,3.52000,1.28000
 0.00000636000,3.48000,1.28000
 0.00000640000,3.56000,1.36000
 0.00000644000,3.56000,1.36000
 0.00000648000,3.48000,1.24000
 0.00000652000,3.52000,1.24000
 0.00000656000,3.48000,1.24000
 0.00000660000,3.56000,1.36000
 0.00000664000,3.60000,1.44000
 0.00000668000,3.52000,1.40000
 0.00000672000,3.48000,1.28000
 0.00000676000,3.56000,1.32000
 0.00000680000,3.52000,1.32000
 0.00000684000,3.52000,1.32000
 0.00000688000,3.52000,1.32000
 0.00000692000,3.52000,1.28000
 0.00000696000,3.48000,1.28000
 0.00000700000,3.56000,1.36000
 0.00000704000,3.56000,1.32000
 0.00000708000,3.48000,1.32000
 0.00000712000,3.52000,1.32000
 0.00000716000,3.52000,1.28000
 0.00000720000,3.52000,1.32000
 0.00000724000,3.52000,1.32000
 0.00000728000,3.48000,1.32000
 0.00000732000,3.48000,1.28000
 0.00000736000,3.56000,1.32000
 0.00000740000,3.56000,1.36000
 0.00000744000,3.56000,1.32000
 0.00000748000,3.52000,1.32000
 0.00000752000,3.52000,1.32000
 0.00000756000,3.52000,1.32000
 0.00000760000,3.52000,1.32000
 0.00000764000,3.52000,1.32000
 0.00000768000,3.52000,1.32000
 0.00000772000,3.52000,1.32000
 0.00000776000,3.52000,1.32000
 0.00000780000,3.52000,1.32000
 0.00000784000,3.52000,1.32000
 0.00000788000,3.52000,1.32000
 0.00000792000,3.52000,1.32000
 0.00000796000,3.52000,1.32000
 0.00000800000,3.52000,1.28000
 0.00000804000,3.52000,1.32000
 0.00000808000,3.56000,1.32000
 0.00000812000,3.52000,1.32000
 0.00000816000,3.52000,1.32000
 0.00000820000,3.52000,1.32000
 0.00000824000,3.48000,1.32000
 0.00000828000,3.52000,1.32000
 0.00000832000,3.52000,1.32000
 0.00000836000,3.56000,1.32000
 0.00000840000,3.52000,1.32000
 0.00000844000,3.52000,1.32000
 0.00000848000,3.52000,1.32000
 0.00000852000,3.52000,1.32000
 0.00000856000,3.52000,1.32000
 0.00000860000,3.52000,1.36000
 0.00000864000,3.48000,1.32000
 0.00000868000,3.52000,1.28000
 0.00000872000,3.52000,1.32000
 0.00000876000,3.52000,1.32000
 0.00000880000,3.52000,1.32000
 0.00000884000,3.52000,1.32000
 0.00000888000,3.52000,1.32000
 0.00000892000,3.48000,1.28000
 0.00000896000,3.52000,1.36000
 0.00000900000,3.48000,1.28000
 0.00000904000,3.52000,1.32000
 0.00000908000,3.56000,1.32000
 0.00000912000,3.48000,1.28000
 0.00000916000,3.56000,1.36000
 0.00000920000,3.52000,1.32000
 0.00000924000,3.52000,1.32000
 0.00000928000,3.52000,1.28000
 0.00000932000,3.52000,1.28000
 0.00000936000,3.52000,1.36000
 0.00000940000,3.48000,1.32000
 0.00000944000,3.52000,1.32000
 0.00000948000,3.52000,1.28000
 0.00000952000,3.52000,1.32000
 0.00000956000,3.52000,1.32000
 0.00000960000,3.60000,1.44000
 0.00000964000,3.48000,1.36000
 0.00000968000,3.44000,1.24000
 0.00000972000,3.48000,1.24000
 0.00000976000,3.52000,1.28000
 0.00000980000,3.48000,1.32000
 0.00000984000,3.48000,1.32000
 0.00000988000,3.52000,1.32000
 0.00000992000,3.52000,1.32000
 0.00000996000,3.56000,1.32000
 0.00001000000,3.56000,1.36000
 0.00001004000,3.48000,1.32000
 0.00001008000,3.48000,1.28000
 0.00001012000,3.56000,1.32000
 0.00001016000,3.48000,1.28000
 0.00001020000,3.56000,1.36000
 0.00001024000,3.48000,1.28000
 0.00001028000,3.48000,1.32000
 0.00001032000,3.52000,1.28000
 0.00001036000,3.56000,1.40000
 0.00001040000,3.56000,1.40000
 0.00001044000,3.48000,1.32000
 0.00001048000,3.48000,1.28000
 0.00001052000,3.48000,1.32000
 0.00001056000,3.56000,1.36000
 0.00001060000,3.56000,1.32000
 0.00001064000,3.48000,1.32000
 0.00001068000,3.52000,1.28000
 0.00001072000,3.48000,1.28000
 0.00001076000,3.52000,1.36000
 0.00001080000,3.56000,1.36000
 0.00001084000,3.52000,1.36000
 0.00001088000,3.48000,1.32000
 0.00001092000,3.48000,1.32000
 0.00001096000,3.52000,1.32000
 0.00001100000,3.52000,1.32000
 0.00001104000,3.52000,1.32000
 0.00001108000,3.52000,1.32000
 0.00001112000,3.56000,1.32000
 0.00001116000,3.48000,1.28000
 0.00001120000,3.56000,1.32000
 0.00001124000,3.52000,1.32000
 0.00001128000,3.48000,1.32000
 0.00001132000,3.52000,1.32000
 0.00001136000,3.52000,1.32000
 0.00001140000,3.48000,1.32000
 0.00001144000,3.56000,1.36000
 0.00001148000,3.52000,1.32000
 0.00001152000,3.48000,1.32000
 0.00001156000,3.56000,1.36000
 0.00001160000,3.52000,1.32000
 0.00001164000,3.52000,1.32000
 0.00001168000,3.52000,1.32000
 0.00001172000,3.48000,1.32000
 0.00001176000,3.48000,1.32000
 0.00001180000,3.52000,1.32000
 0.00001184000,3.52000,1.32000
 0.00001188000,3.52000,1.32000
 0.00001192000,3.52000,1.32000
 0.00001196000,3.52000,1.32000
 0.00001200000,3.52000,1.32000
 0.00001204000,3.52000,1.32000
 0.00001208000,3.52000,1.32000
 0.00001212000,3.52000,1.32000
 0.00001216000,3.52000,1.32000
 0.00001220000,3.52000,1.28000
 0.00001224000,3.52000,1.32000
 0.00001228000,3.52000,1.32000
 0.00001232000,3.52000,1.32000
 0.00001236000,3.52000,1.32000
 0.00001240000,3.52000,1.32000
 0.00001244000,3.52000,1.32000
 0.00001248000,3.52000,1.32000
 0.00001252000,3.52000,1.36000
 0.00001256000,3.52000,1.32000
 0.00001260000,3.52000,1.36000
 0.00001264000,3.48000,1.40000
 0.00001268000,3.40000,1.24000
 0.00001272000,3.44000,1.24000
 0.00001276000,3.56000,1.32000
 0.00001280000,3.56000,1.36000
 0.00001284000,3.56000,1.36000
 0.00001288000,3.48000,1.28000
 0.00001292000,3.48000,1.28000
 0.00001296000,3.52000,1.36000
 0.00001300000,3.52000,1.36000
 0.00001304000,3.48000,1.32000
 0.00001308000,3.48000,1.28000
 0.00001312000,3.48000,1.32000
 0.00001316000,3.56000,1.32000
 0.00001320000,3.52000,1.32000
 0.00001324000,3.52000,1.32000
 0.00001328000,3.52000,1.32000
 0.00001332000,3.52000,1.32000
 0.00001336000,3.52000,1.40000
 0.00001340000,3.48000,1.32000
 0.00001344000,3.48000,1.32000
 0.00001348000,3.48000,1.28000
 0.00001352000,3.52000,1.32000
 0.00001356000,3.52000,1.32000
 0.00001360000,3.48000,1.32000
 0.00001364000,3.48000,1.32000
 0.00001368000,3.52000,1.28000
 0.00001372000,3.56000,1.36000
 0.00001376000,3.52000,1.32000
 0.00001380000,3.52000,1.36000
 0.00001384000,3.48000,1.32000
 0.00001388000,3.52000,1.32000
 0.00001392000,3.52000,1.32000
 0.00001396000,3.52000,1.32000
 0.00001400000,3.52000,1.32000
 0.00001404000,3.48000,1.32000
 0.00001408000,3.52000,1.36000
 0.00001412000,3.52000,1.32000
 0.00001416000,3.48000,1.32000
 0.00001420000,3.52000,1.32000
 0.00001424000,3.52000,1.32000
 0.00001428000,3.48000,1.32000
 0.00001432000,3.52000,1.32000
 0.00001436000,3.48000,1.32000
 0.00001440000,3.48000,1.32000
 0.00001444000,3.52000,1.32000
 0.00001448000,3.48000,1.28000
 0.00001452000,3.52000,1.32000
 0.00001456000,3.52000,1.32000
 0.00001460000,3.52000,1.32000
 0.00001464000,3.52000,1.32000
 0.00001468000,3.52000,1.32000
 0.00001472000,3.52000,1.32000
 0.00001476000,3.52000,1.32000
 0.00001480000,3.52000,1.32000
 0.00001484000,3.52000,1.32000
 0.00001488000,3.48000,1.24000
 0.00001492000,3.56000,1.44000
 0.00001496000,3.68000,1.44000
 0.00001500000,3.32000,1.16000
 0.00001504000,3.68000,1.48000
 0.00001508000,3.44000,1.24000
 0.00001512000,3.40000,1.20000
 0.00001516000,3.64000,1.56000
 0.00001520000,3.52000,1.24000
 0.00001524000,3.44000,1.36000
 0.00001528000,3.64000,1.44000
 0.00001532000,3.40000,1.24000
 0.00001536000,3.48000,1.28000
 0.00001540000,3.56000,1.40000
 0.00001544000,3.48000,1.24000
 0.00001548000,3.52000,1.40000
 0.00001552000,3.56000,1.36000
 0.00001556000,3.48000,1.28000
 0.00001560000,3.48000,1.28000
 0.00001564000,3.52000,1.32000
 0.00001568000,3.48000,1.24000
 0.00001572000,3.52000,1.28000
 0.00001576000,3.64000,1.44000
 0.00001580000,3.52000,1.40000
 0.00001584000,3.44000,1.36000
 0.00001588000,3.48000,1.28000
 0.00001592000,3.56000,1.28000
 0.00001596000,3.52000,1.32000
 0.00001600000,3.52000,1.40000
 0.00001604000,3.48000,1.28000
 0.00001608000,3.48000,1.28000
 0.00001612000,3.52000,1.28000
 0.00001616000,3.48000,1.28000
 0.00001620000,3.48000,1.32000
 0.00001624000,3.52000,1.32000
 0.00001628000,3.48000,1.32000
 0.00001632000,3.52000,1.32000
 0.00001636000,3.52000,1.36000
 0.00001640000,3.52000,1.32000
 0.00001644000,3.44000,1.28000
 0.00001648000,3.48000,1.28000
 0.00001652000,3.52000,1.32000
 0.00001656000,3.56000,1.40000
 0.00001660000,3.52000,1.36000
 0.00001664000,3.48000,1.28000
 0.00001668000,3.48000,1.28000
 0.00001672000,3.52000,1.32000
 0.00001676000,3.52000,1.36000
 0.00001680000,3.48000,1.32000
 0.00001684000,3.52000,1.28000
 0.00001688000,3.52000,1.32000
 0.00001692000,3.52000,1.32000
 0.00001696000,3.52000,1.36000
 0.00001700000,3.48000,1.32000
 0.00001704000,3.48000,1.32000
 0.00001708000,3.52000,1.32000
 0.00001712000,3.52000,1.32000
 0.00001716000,3.52000,1.36000
 0.00001720000,3.52000,1.32000
 0.00001724000,3.48000,1.28000
 0.00001728000,3.52000,1.36000
 0.00001732000,3.48000,1.32000
 0.00001736000,3.48000,1.32000
 0.00001740000,3.52000,1.32000
 0.00001744000,3.52000,1.32000
 0.00001748000,3.52000,1.32000
 0.00001752000,3.48000,1.32000
 0.00001756000,3.48000,1.28000
 0.00001760000,3.52000,1.32000
 0.00001764000,3.52000,1.32000
 0.00001768000,3.52000,1.32000
 0.00001772000,3.48000,1.32000
 0.00001776000,3.52000,1.32000
 0.00001780000,3.48000,1.32000
 0.00001784000,3.52000,1.32000
 0.00001788000,3.48000,1.32000
 0.00001792000,3.48000,1.32000
 0.00001796000,3.48000,1.32000
 0.00001800000,3.52000,1.28000
 0.00001804000,3.56000,1.32000
 0.00001808000,3.48000,1.28000
 0.00001812000,3.52000,1.32000
 0.00001816000,3.56000,1.36000
 0.00001820000,3.52000,1.32000
 0.00001824000,3.52000,1.36000
 0.00001828000,3.48000,1.32000
 0.00001832000,3.48000,1.28000
 0.00001836000,3.52000,1.28000
 0.00001840000,3.52000,1.32000
 0.00001844000,3.52000,1.32000
 0.00001848000,3.52000,1.32000
 0.00001852000,3.48000,1.32000
 0.00001856000,3.52000,1.32000
 0.00001860000,3.52000,1.36000
 0.00001864000,3.52000,1.32000
 0.00001868000,3.52000,1.32000
 0.00001872000,3.56000,1.36000
 0.00001876000,3.64000,1.44000
 0.00001880000,3.52000,1.40000
 0.00001884000,3.40000,1.28000
 0.00001888000,3.44000,1.24000
 0.00001892000,3.48000,1.28000
 0.00001896000,3.52000,1.36000
 0.00001900000,3.52000,1.36000
 0.00001904000,3.48000,1.32000
 0.00001908000,3.48000,1.28000
 0.00001912000,3.56000,1.36000
 0.00001916000,3.52000,1.32000
 0.00001920000,3.52000,1.32000
 0.00001924000,3.52000,1.32000
 0.00001928000,3.52000,1.32000
 0.00001932000,3.52000,1.32000
 0.00001936000,3.52000,1.36000
 0.00001940000,3.48000,1.28000
 0.00001944000,3.48000,1.32000
 0.00001948000,3.52000,1.32000
 0.00001952000,3.52000,1.32000
 0.00001956000,3.56000,1.40000
 0.00001960000,3.48000,1.32000
 0.00001964000,3.44000,1.28000
 0.00001968000,3.52000,1.36000
 0.00001972000,3.56000,1.32000
 0.00001976000,3.48000,1.32000
 0.00001980000,3.52000,1.36000
 0.00001984000,3.48000,1.28000
 0.00001988000,3.48000,1.32000
 0.00001992000,3.56000,1.36000
 0.00001996000,3.48000,1.32000
 0.00002000000,3.52000,1.36000
 0.00002004000,3.48000,1.32000
 0.00002008000,3.52000,1.28000
 0.00002012000,3.48000,1.32000
 0.00002016000,3.52000,1.32000
 0.00002020000,3.48000,1.32000
 0.00002024000,3.48000,1.32000
 0.00002028000,3.48000,1.32000
 0.00002032000,3.48000,1.32000
 0.00002036000,3.56000,1.36000
 0.00002040000,3.44000,1.28000
 0.00002044000,3.52000,1.36000
 0.00002048000,3.48000,1.32000
 0.00002052000,3.48000,1.32000
 0.00002056000,3.48000,1.28000
 0.00002060000,3.52000,1.36000
 0.00002064000,3.48000,1.32000
 0.00002068000,3.52000,1.36000
 0.00002072000,3.52000,1.32000
 0.00002076000,3.44000,1.28000
 0.00002080000,3.56000,1.32000
 0.00002084000,3.52000,1.36000
 0.00002088000,3.48000,1.28000
 0.00002092000,3.48000,1.32000
 0.00002096000,3.52000,1.28000
 0.00002100000,3.48000,1.32000
 0.00002104000,3.56000,1.36000
 0.00002108000,3.48000,1.28000
 0.00002112000,3.56000,1.36000
 0.00002116000,3.48000,1.28000
 0.00002120000,3.52000,1.32000
 0.00002124000,3.48000,1.28000
 0.00002128000,3.52000,1.32000
 0.00002132000,3.48000,1.28000
 0.00002136000,3.48000,1.32000
 0.00002140000,3.52000,1.32000
 0.00002144000,3.52000,1.32000
 0.00002148000,3.52000,1.36000
 0.00002152000,3.48000,1.32000
 0.00002156000,3.52000,1.32000
 0.00002160000,3.48000,1.28000
 0.00002164000,3.52000,1.32000
 0.00002168000,3.48000,1.28000
 0.00002172000,3.48000,1.32000
 0.00002176000,3.48000,1.32000
 0.00002180000,3.44000,1.32000
 0.00002184000,3.44000,1.24000
 0.00002188000,3.52000,1.24000
 0.00002192000,3.56000,1.32000
 0.00002196000,3.56000,1.36000
 0.00002200000,3.52000,1.32000
 0.00002204000,3.48000,1.28000
 0.00002208000,3.52000,1.28000
 0.00002212000,3.52000,1.32000
 0.00002216000,3.52000,1.36000
 0.00002220000,3.48000,1.32000
 0.00002224000,3.52000,1.32000
 0.00002228000,3.48000,1.28000
 0.00002232000,3.56000,1.36000
 0.00002236000,3.52000,1.32000
 0.00002240000,3.52000,1.36000
 0.00002244000,3.48000,1.32000
 0.00002248000,3.52000,1.32000
 0.00002252000,3.56000,1.32000
 0.00002256000,3.56000,1.36000
 0.00002260000,3.48000,1.32000
 0.00002264000,3.48000,1.28000
 0.00002268000,3.48000,1.28000
 0.00002272000,3.52000,1.32000
 0.00002276000,3.52000,1.32000
 0.00002280000,3.48000,1.36000
 0.00002284000,3.48000,1.28000
 0.00002288000,3.52000,1.32000
 0.00002292000,3.52000,1.32000
 0.00002296000,3.52000,1.36000
 0.00002300000,3.48000,1.32000
 0.00002304000,3.52000,1.32000
 0.00002308000,3.48000,1.32000
 0.00002312000,3.52000,1.32000
 0.00002316000,3.52000,1.32000
 0.00002320000,3.48000,1.32000
 0.00002324000,3.48000,1.32000
 0.00002328000,3.52000,1.32000
 0.00002332000,3.48000,1.28000
 0.00002336000,3.48000,1.32000
 0.00002340000,3.52000,1.32000
 0.00002344000,3.52000,1.28000
 0.00002348000,3.52000,1.32000
 0.00002352000,3.48000,1.32000
 0.00002356000,3.52000,1.32000
 0.00002360000,3.52000,1.32000
 0.00002364000,3.48000,1.28000
 0.00002368000,3.52000,1.32000
 0.00002372000,3.48000,1.28000
 0.00002376000,3.48000,1.32000
 0.00002380000,3.48000,1.32000
 0.00002384000,3.48000,1.28000
 0.00002388000,3.48000,1.32000
 0.00002392000,3.52000,1.32000
 0.00002396000,3.52000,1.32000
 0.00002400000,3.48000,1.28000
 0.00002404000,3.48000,1.32000
 0.00002408000,3.48000,1.32000
 0.00002412000,3.48000,1.32000
 0.00002416000,3.52000,1.36000
 0.00002420000,3.48000,1.32000
 0.00002424000,3.36000,1.12000
 0.00002428000,3.72000,1.64000
 0.00002432000,3.28000,1.12000
 0.00002436000,3.48000,1.40000
 0.00002440000,3.48000,1.28000
 0.00002444000,3.48000,1.28000
 0.00002448000,3.40000,1.24000
 0.00002452000,3.84000,1.60000
 0.00002456000,3.28000,1.08000
 0.00002460000,3.68000,1.56000
 0.00002464000,3.44000,1.24000
 0.00002468000,3.48000,1.28000
 0.00002472000,3.48000,1.32000
 0.00002476000,3.56000,1.40000
 0.00002480000,3.44000,1.24000
 0.00002484000,3.56000,1.44000
 0.00002488000,3.44000,1.24000
 0.00002492000,3.48000,1.24000
 0.00002496000,3.60000,1.36000
 0.00002500000,3.60000,1.40000
 0.00002504000,3.48000,1.28000
 0.00002508000,3.52000,1.32000
 0.00002512000,3.56000,1.36000
 0.00002516000,3.48000,1.28000
 0.00002520000,3.56000,1.36000
 0.00002524000,3.48000,1.28000
 0.00002528000,3.48000,1.28000
 0.00002532000,3.48000,1.32000
 0.00002536000,3.56000,1.36000
 0.00002540000,3.44000,1.28000
 0.00002544000,3.60000,1.40000
 0.00002548000,3.40000,1.24000
 0.00002552000,3.48000,1.32000
 0.00002556000,3.48000,1.32000
 0.00002560000,3.48000,1.28000
 0.00002564000,3.48000,1.28000
 0.00002568000,3.56000,1.36000
 0.00002572000,3.52000,1.28000
 0.00002576000,3.52000,1.36000
 0.00002580000,3.48000,1.32000
 0.00002584000,3.48000,1.28000
 0.00002588000,3.48000,1.28000
 0.00002592000,3.52000,1.36000
 0.00002596000,3.48000,1.32000
 0.00002600000,3.48000,1.28000
 0.00002604000,3.52000,1.32000
 0.00002608000,3.48000,1.28000
 0.00002612000,3.52000,1.32000
 0.00002616000,3.52000,1.32000
 0.00002620000,3.48000,1.32000
 0.00002624000,3.48000,1.28000
 0.00002628000,3.56000,1.36000
 0.00002632000,3.44000,1.24000
 0.00002636000,3.56000,1.40000
 0.00002640000,3.52000,1.32000
 0.00002644000,3.44000,1.28000
 0.00002648000,3.56000,1.36000
 0.00002652000,3.48000,1.28000
 0.00002656000,3.52000,1.32000
 0.00002660000,3.52000,1.32000
 0.00002664000,3.48000,1.28000
 0.00002668000,3.48000,1.28000
 0.00002672000,3.52000,1.36000
 0.00002676000,3.48000,1.32000
 0.00002680000,3.52000,1.36000
 0.00002684000,3.48000,1.28000
 0.00002688000,3.52000,1.36000
 0.00002692000,3.52000,1.28000
 0.00002696000,3.52000,1.32000
 0.00002700000,3.48000,1.28000
 0.00002704000,3.48000,1.32000
 0.00002708000,3.52000,1.36000
 0.00002712000,3.52000,1.36000
 0.00002716000,3.48000,1.28000
 0.00002720000,3.48000,1.28000
 0.00002724000,3.48000,1.32000
 0.00002728000,3.52000,1.32000
 0.00002732000,3.52000,1.36000
 0.00002736000,3.52000,1.32000
 0.00002740000,3.48000,1.28000
 0.00002744000,3.48000,1.28000
 0.00002748000,3.56000,1.36000
 0.00002752000,3.48000,1.28000
 0.00002756000,3.52000,1.32000
 0.00002760000,3.52000,1.32000
 0.00002764000,3.48000,1.28000
 0.00002768000,3.48000,1.32000
 0.00002772000,3.52000,1.32000
 0.00002776000,3.48000,1.28000
 0.00002780000,3.56000,1.36000
 0.00002784000,3.56000,1.32000
 0.00002788000,3.48000,1.32000
 0.00002792000,3.60000,1.44000
 0.00002796000,3.44000,1.28000
 0.00002800000,3.40000,1.24000
 0.00002804000,3.48000,1.28000
 0.00002808000,3.48000,1.28000
 0.00002812000,3.48000,1.36000
 0.00002816000,3.48000,1.32000
 0.00002820000,3.44000,1.28000
 0.00002824000,3.52000,1.32000
 0.00002828000,3.56000,1.36000
 0.00002832000,3.56000,1.32000
 0.00002836000,3.48000,1.36000
 0.00002840000,3.48000,1.28000
 0.00002844000,3.48000,1.28000
 0.00002848000,3.52000,1.32000
 0.00002852000,3.52000,1.32000
 0.00002856000,3.52000,1.32000
 0.00002860000,3.52000,1.32000
 0.00002864000,3.52000,1.28000
 0.00002868000,3.52000,1.32000
 0.00002872000,3.56000,1.36000
 0.00002876000,3.48000,1.36000
 0.00002880000,3.48000,1.28000
 0.00002884000,3.52000,1.32000
 0.00002888000,3.52000,1.32000
 0.00002892000,3.52000,1.32000
 0.00002896000,3.48000,1.32000
 0.00002900000,3.48000,1.32000
 0.00002904000,3.52000,1.32000
 0.00002908000,3.48000,1.32000
 0.00002912000,3.48000,1.28000
 0.00002916000,3.52000,1.32000
 0.00002920000,3.48000,1.32000
 0.00002924000,3.48000,1.32000
 0.00002928000,3.48000,1.32000
 0.00002932000,3.52000,1.32000
 0.00002936000,3.52000,1.32000
 0.00002940000,3.48000,1.32000
 0.00002944000,3.48000,1.32000
 0.00002948000,3.52000,1.32000
 0.00002952000,3.52000,1.32000
 0.00002956000,3.52000,1.32000
 0.00002960000,3.48000,1.32000
 0.00002964000,3.52000,1.36000
 0.00002968000,3.48000,1.28000
 0.00002972000,3.52000,1.32000
 0.00002976000,3.48000,1.32000
 0.00002980000,3.52000,1.32000
 0.00002984000,3.48000,1.28000
 0.00002988000,3.48000,1.32000
 0.00002992000,3.48000,1.32000
 0.00002996000,3.48000,1.32000
 0.00003000000,3.52000,1.32000
 0.00003004000,3.48000,1.32000
 0.00003008000,3.52000,1.32000
 0.00003012000,3.52000,1.32000
 0.00003016000,3.48000,1.32000
 0.00003020000,3.52000,1.32000
 0.00003024000,3.48000,1.32000
 0.00003028000,3.52000,1.32000
 0.00003032000,3.48000,1.32000
 0.00003036000,3.48000,1.32000
 0.00003040000,3.52000,1.32000
 0.00003044000,3.48000,1.32000
 0.00003048000,3.48000,1.32000
 0.00003052000,3.48000,1.32000
 0.00003056000,3.48000,1.32000
 0.00003060000,3.52000,1.36000
 0.00003064000,3.48000,1.28000
 0.00003068000,3.52000,1.36000
 0.00003072000,3.52000,1.32000
 0.00003076000,3.48000,1.28000
 0.00003080000,3.52000,1.32000
 0.00003084000,3.52000,1.32000
 0.00003088000,3.48000,1.32000
 0.00003092000,3.52000,1.32000
 0.00003096000,3.48000,1.40000
 0.00003100000,3.40000,1.28000
 0.00003104000,3.44000,1.24000
 0.00003108000,3.56000,1.28000
 0.00003112000,3.56000,1.36000
 0.00003116000,3.52000,1.32000
 0.00003120000,3.48000,1.28000
 0.00003124000,3.48000,1.28000
 0.00003128000,3.52000,1.36000
 0.00003132000,3.56000,1.36000
 0.00003136000,3.48000,1.32000
 0.00003140000,3.48000,1.32000
 0.00003144000,3.48000,1.28000
 0.00003148000,3.48000,1.32000
 0.00003152000,3.48000,1.32000
 0.00003156000,3.48000,1.32000
 0.00003160000,3.52000,1.32000
 0.00003164000,3.48000,1.28000
 0.00003168000,3.52000,1.36000
 0.00003172000,3.52000,1.36000
 0.00003176000,3.48000,1.28000
 0.00003180000,3.44000,1.28000
 0.00003184000,3.48000,1.28000
 0.00003188000,3.48000,1.32000
 0.00003192000,3.48000,1.32000
 0.00003196000,3.48000,1.32000
 0.00003200000,3.48000,1.32000
 0.00003204000,3.52000,1.32000
 0.00003208000,3.48000,1.32000
 0.00003212000,3.52000,1.32000
 0.00003216000,3.48000,1.32000
 0.00003220000,3.48000,1.32000
 0.00003224000,3.52000,1.32000
 0.00003228000,3.48000,1.32000
 0.00003232000,3.52000,1.28000
 0.00003236000,3.48000,1.32000
 0.00003240000,3.52000,1.32000
 0.00003244000,3.48000,1.28000
 0.00003248000,3.48000,1.32000
 0.00003252000,3.48000,1.32000
 0.00003256000,3.52000,1.32000
 0.00003260000,3.48000,1.32000
 0.00003264000,3.48000,1.32000
 0.00003268000,3.52000,1.32000
 0.00003272000,3.48000,1.32000
 0.00003276000,3.48000,1.32000
 0.00003280000,3.52000,1.32000
 0.00003284000,3.52000,1.32000
 0.00003288000,3.48000,1.32000
 0.00003292000,3.48000,1.28000
 0.00003296000,3.48000,1.32000
 0.00003300000,3.48000,1.28000
 0.00003304000,3.48000,1.28000
 0.00003308000,3.48000,1.32000
 0.00003312000,3.48000,1.32000
 0.00003316000,3.48000,1.32000
 0.00003320000,3.48000,1.32000
 0.00003324000,3.48000,1.32000
 0.00003328000,3.48000,1.32000
 0.00003332000,3.52000,1.32000
 0.00003336000,3.48000,1.32000
 0.00003340000,3.48000,1.32000
 0.00003344000,3.52000,1.32000
 0.00003348000,3.52000,1.32000
 0.00003352000,3.48000,1.28000
 0.00003356000,3.52000,1.32000
 0.00003360000,3.40000,1.28000
 0.00003364000,3.84000,1.60000
 0.00003368000,3.16000,1.12000
 0.00003372000,3.68000,1.56000
 0.00003376000,3.36000,1.24000
 0.00003380000,3.40000,1.24000
 0.00003384000,3.48000,1.40000
 0.00003388000,3.64000,1.40000
 0.00003392000,3.32000,1.20000
 0.00003396000,3.64000,1.48000
 0.00003400000,3.36000,1.12000
 0.00003404000,3.40000,1.16000
 0.00003408000,3.60000,1.44000
 0.00003412000,3.56000,1.40000
 0.00003416000,3.48000,1.40000
 0.00003420000,3.48000,1.32000
 0.00003424000,3.52000,1.32000
 0.00003428000,3.44000,1.28000
 0.00003432000,3.52000,1.40000
 0.00003436000,3.44000,1.28000
 0.00003440000,3.44000,1.28000
 0.00003444000,3.56000,1.32000
 0.00003448000,3.48000,1.32000
 0.00003452000,3.44000,1.28000
 0.00003456000,3.52000,1.36000
 0.00003460000,3.48000,1.28000
 0.00003464000,3.48000,1.28000
 0.00003468000,3.56000,1.36000
 0.00003472000,3.48000,1.32000
 0.00003476000,3.44000,1.28000
 0.00003480000,3.48000,1.28000
 0.00003484000,3.48000,1.28000
 0.00003488000,3.48000,1.32000
 0.00003492000,3.56000,1.36000
 0.00003496000,3.52000,1.28000
 0.00003500000,3.48000,1.32000
 0.00003504000,3.52000,1.36000
 0.00003508000,3.48000,1.32000
 0.00003512000,3.48000,1.36000
 0.00003516000,3.48000,1.28000
 0.00003520000,3.48000,1.28000
 0.00003524000,3.48000,1.28000
 0.00003528000,3.52000,1.32000
 0.00003532000,3.48000,1.32000
 0.00003536000,3.48000,1.32000
 0.00003540000,3.48000,1.28000
 0.00003544000,3.52000,1.32000
 0.00003548000,3.52000,1.36000
 0.00003552000,3.48000,1.28000
 0.00003556000,3.48000,1.28000
 0.00003560000,3.48000,1.36000
 0.00003564000,3.48000,1.32000
 0.00003568000,3.48000,1.32000
 0.00003572000,3.48000,1.32000
 0.00003576000,3.52000,1.28000
 0.00003580000,3.48000,1.32000
 0.00003584000,3.52000,1.36000
 0.00003588000,3.48000,1.28000
 0.00003592000,3.52000,1.32000
 0.00003596000,3.48000,1.32000
 0.00003600000,3.48000,1.28000
 0.00003604000,3.48000,1.32000
 0.00003608000,3.52000,1.32000
 0.00003612000,3.48000,1.28000
 0.00003616000,3.52000,1.36000
 0.00003620000,3.52000,1.32000
 0.00003624000,3.48000,1.28000
 0.00003628000,3.52000,1.32000
 0.00003632000,3.48000,1.28000
 0.00003636000,3.48000,1.32000
 0.00003640000,3.52000,1.32000
 0.00003644000,3.52000,1.32000
 0.00003648000,3.48000,1.28000
 0.00003652000,3.52000,1.36000
 0.00003656000,3.48000,1.32000
 0.00003660000,3.48000,1.32000
 0.00003664000,3.52000,1.32000
 0.00003668000,3.48000,1.32000
 0.00003672000,3.48000,1.28000
 0.00003676000,3.52000,1.32000
 0.00003680000,3.48000,1.32000
 0.00003684000,3.48000,1.32000
 0.00003688000,3.48000,1.32000
 0.00003692000,3.48000,1.32000
 0.00003696000,3.48000,1.32000
 0.00003700000,3.52000,1.32000
 0.00003704000,3.48000,1.28000
 0.00003708000,3.56000,1.32000
 0.00003712000,3.56000,1.44000
 0.00003716000,3.44000,1.36000
 0.00003720000,3.40000,1.28000
 0.00003724000,3.44000,1.28000
 0.00003728000,3.52000,1.32000
 0.00003732000,3.48000,1.32000
 0.00003736000,3.48000,1.32000
 0.00003740000,3.48000,1.28000
 0.00003744000,3.48000,1.32000
 0.00003748000,3.48000,1.32000
 0.00003752000,3.52000,1.32000
 0.00003756000,3.48000,1.32000
 0.00003760000,3.48000,1.28000
 0.00003764000,3.48000,1.32000
 0.00003768000,3.48000,1.32000
 0.00003772000,3.52000,1.32000
 0.00003776000,3.48000,1.32000
 0.00003780000,3.48000,1.28000
 0.00003784000,3.48000,1.28000
 0.00003788000,3.52000,1.40000
 0.00003792000,3.52000,1.36000
 0.00003796000,3.48000,1.32000
 0.00003800000,3.48000,1.32000
 0.00003804000,3.52000,1.32000
 0.00003808000,3.52000,1.32000
 0.00003812000,3.48000,1.32000
 0.00003816000,3.48000,1.28000
 0.00003820000,3.48000,1.28000
 0.00003824000,3.48000,1.32000
 0.00003828000,3.48000,1.32000
 0.00003832000,3.48000,1.32000
 0.00003836000,3.48000,1.32000
 0.00003840000,3.48000,1.28000
 0.00003844000,3.52000,1.32000
 0.00003848000,3.48000,1.28000
 0.00003852000,3.52000,1.36000
 0.00003856000,3.48000,1.32000
 0.00003860000,3.44000,1.28000
 0.00003864000,3.52000,1.32000
 0.00003868000,3.52000,1.32000
 0.00003872000,3.48000,1.32000
 0.00003876000,3.48000,1.32000
 0.00003880000,3.48000,1.32000
 0.00003884000,3.48000,1.32000
 0.00003888000,3.48000,1.32000
 0.00003892000,3.48000,1.32000
 0.00003896000,3.52000,1.32000
 0.00003900000,3.48000,1.32000
 0.00003904000,3.52000,1.32000
 0.00003908000,3.48000,1.32000
 0.00003912000,3.52000,1.32000
 0.00003916000,3.48000,1.32000
 0.00003920000,3.48000,1.32000
 0.00003924000,3.48000,1.32000
 0.00003928000,3.48000,1.32000
 0.00003932000,3.48000,1.32000
 0.00003936000,3.52000,1.36000
 0.00003940000,3.48000,1.28000
 0.00003944000,3.52000,1.32000
 0.00003948000,3.48000,1.32000
 0.00003952000,3.48000,1.32000
 0.00003956000,3.48000,1.32000
 0.00003960000,3.48000,1.32000
 0.00003964000,3.48000,1.28000
 0.00003968000,3.48000,1.28000
 0.00003972000,3.52000,1.32000
 0.00003976000,3.48000,1.32000
 0.00003980000,3.48000,1.28000
 0.00003984000,3.48000,1.32000
 0.00003988000,3.48000,1.28000
 0.00003992000,3.52000,1.40000
 0.00003996000,3.52000,1.32000
 0.00004000000,3.44000,1.28000
 0.00004004000,3.48000,1.32000
 0.00004008000,3.52000,1.32000
 0.00004012000,3.52000,1.44000
 0.00004016000,3.44000,1.32000
 0.00004020000,3.44000,1.24000
 0.00004024000,3.44000,1.24000
 0.00004028000,3.48000,1.32000
 0.00004032000,3.48000,1.32000
 0.00004036000,3.48000,1.32000
 0.00004040000,3.48000,1.28000
 0.00004044000,3.52000,1.32000
 0.00004048000,3.48000,1.32000
 0.00004052000,3.52000,1.36000
 0.00004056000,3.48000,1.32000
 0.00004060000,3.48000,1.32000
 0.00004064000,3.48000,1.28000
 0.00004068000,3.48000,1.32000
 0.00004072000,3.48000,1.32000
 0.00004076000,3.48000,1.32000
 0.00004080000,3.48000,1.28000
 0.00004084000,3.56000,1.36000
 0.00004088000,3.48000,1.28000
 0.00004092000,3.56000,1.44000
 0.00004096000,3.40000,1.24000
 0.00004100000,3.48000,1.36000
 0.00004104000,3.44000,1.24000
 0.00004108000,3.56000,1.40000
 0.00004112000,3.48000,1.28000
 0.00004116000,3.52000,1.36000
 0.00004120000,3.48000,1.28000
 0.00004124000,3.44000,1.28000
 0.00004128000,3.56000,1.36000
 0.00004132000,3.44000,1.28000
 0.00004136000,3.48000,1.32000
 0.00004140000,3.48000,1.28000
 0.00004144000,3.48000,1.32000
 0.00004148000,3.48000,1.28000
 0.00004152000,3.52000,1.36000
 0.00004156000,3.48000,1.28000
 0.00004160000,3.48000,1.32000
 0.00004164000,3.52000,1.36000
 0.00004168000,3.48000,1.32000
 0.00004172000,3.48000,1.32000
 0.00004176000,3.48000,1.28000
 0.00004180000,3.52000,1.32000
 0.00004184000,3.44000,1.28000
 0.00004188000,3.48000,1.32000
 0.00004192000,3.48000,1.28000
 0.00004196000,3.52000,1.32000
 0.00004200000,3.48000,1.32000
 0.00004204000,3.48000,1.32000
 0.00004208000,3.48000,1.32000
 0.00004212000,3.52000,1.28000
 0.00004216000,3.48000,1.28000
 0.00004220000,3.48000,1.32000
 0.00004224000,3.48000,1.32000
 0.00004228000,3.48000,1.28000
 0.00004232000,3.52000,1.36000
 0.00004236000,3.48000,1.28000
 0.00004240000,3.48000,1.32000
 0.00004244000,3.52000,1.32000
 0.00004248000,3.48000,1.32000
 0.00004252000,3.48000,1.32000
 0.00004256000,3.52000,1.36000
 0.00004260000,3.48000,1.32000
 0.00004264000,3.48000,1.28000
 0.00004268000,3.48000,1.32000
 0.00004272000,3.48000,1.28000
 0.00004276000,3.48000,1.32000
 0.00004280000,3.48000,1.32000
 0.00004284000,3.48000,1.32000
 0.00004288000,3.48000,1.32000
 0.00004292000,3.48000,1.24000
 0.00004296000,3.60000,1.48000
 0.00004300000,3.60000,1.32000
 0.00004304000,3.32000,1.24000
 0.00004308000,3.64000,1.44000
 0.00004312000,3.44000,1.28000
 0.00004316000,3.32000,1.20000
 0.00004320000,3.60000,1.52000
 0.00004324000,3.44000,1.12000
 0.00004328000,3.56000,1.44000
 0.00004332000,3.64000,1.44000
 0.00004336000,3.40000,1.24000
 0.00004340000,3.40000,1.24000
 0.00004344000,3.56000,1.36000
 0.00004348000,3.48000,1.28000
 0.00004352000,3.56000,1.44000
 0.00004356000,3.48000,1.36000
 0.00004360000,3.44000,1.24000
 0.00004364000,3.48000,1.28000
 0.00004368000,3.48000,1.32000
 0.00004372000,3.48000,1.28000
 0.00004376000,3.48000,1.32000
 0.00004380000,3.52000,1.36000
 0.00004384000,3.48000,1.28000
 0.00004388000,3.48000,1.28000
 0.00004392000,3.44000,1.28000
 0.00004396000,3.48000,1.28000
 0.00004400000,3.52000,1.32000
 0.00004404000,3.56000,1.40000
 0.00004408000,3.48000,1.32000
 0.00004412000,3.44000,1.32000
 0.00004416000,3.48000,1.28000
 0.00004420000,3.48000,1.28000
 0.00004424000,3.48000,1.32000
 0.00004428000,3.52000,1.36000
 0.00004432000,3.52000,1.32000
 0.00004436000,3.48000,1.32000
 0.00004440000,3.52000,1.32000
 0.00004444000,3.48000,1.28000
 0.00004448000,3.48000,1.32000
 0.00004452000,3.48000,1.32000
 0.00004456000,3.48000,1.32000
 0.00004460000,3.48000,1.28000
 0.00004464000,3.52000,1.32000
 0.00004468000,3.48000,1.28000
 0.00004472000,3.48000,1.28000
 0.00004476000,3.48000,1.32000
 0.00004480000,3.48000,1.32000
 0.00004484000,3.48000,1.32000
 0.00004488000,3.52000,1.32000
 0.00004492000,3.48000,1.28000
 0.00004496000,3.48000,1.32000
 0.00004500000,3.52000,1.32000
 0.00004504000,3.48000,1.28000
 0.00004508000,3.48000,1.32000
 0.00004512000,3.48000,1.32000
 0.00004516000,3.48000,1.32000
 0.00004520000,3.48000,1.32000
 0.00004524000,3.48000,1.36000
 0.00004528000,3.44000,1.28000
 0.00004532000,3.52000,1.36000
 0.00004536000,3.48000,1.32000
 0.00004540000,3.48000,1.28000
 0.00004544000,3.52000,1.32000
 0.00004548000,3.48000,1.32000
 0.00004552000,3.48000,1.32000
 0.00004556000,3.48000,1.32000
 0.00004560000,3.48000,1.32000
 0.00004564000,3.48000,1.32000
 0.00004568000,3.48000,1.32000
 0.00004572000,3.48000,1.28000
 0.00004576000,3.52000,1.32000
 0.00004580000,3.52000,1.32000
 0.00004584000,3.48000,1.32000
 0.00004588000,3.52000,1.32000
 0.00004592000,3.48000,1.32000
 0.00004596000,3.48000,1.36000
 0.00004600000,3.48000,1.28000
 0.00004604000,3.48000,1.32000
 0.00004608000,3.48000,1.32000
 0.00004612000,3.48000,1.32000
 0.00004616000,3.48000,1.32000
 0.00004620000,3.52000,1.36000
 0.00004624000,3.52000,1.44000
 0.00004628000,3.44000,1.32000
 0.00004632000,3.40000,1.24000
 0.00004636000,3.44000,1.24000
 0.00004640000,3.48000,1.28000
 0.00004644000,3.48000,1.32000
 0.00004648000,3.48000,1.32000
 0.00004652000,3.48000,1.32000
 0.00004656000,3.48000,1.28000
 0.00004660000,3.52000,1.32000
 0.00004664000,3.48000,1.32000
 0.00004668000,3.48000,1.32000
 0.00004672000,3.48000,1.28000
 0.00004676000,3.48000,1.32000
 0.00004680000,3.48000,1.32000
 0.00004684000,3.48000,1.32000
 0.00004688000,3.48000,1.32000
 0.00004692000,3.48000,1.32000
 0.00004696000,3.48000,1.28000
 0.00004700000,3.52000,1.32000
 0.00004704000,3.52000,1.36000
 0.00004708000,3.48000,1.36000
 0.00004712000,3.44000,1.32000
 0.00004716000,3.48000,1.32000
 0.00004720000,3.48000,1.32000
 0.00004724000,3.48000,1.32000
 0.00004728000,3.48000,1.32000
 0.00004732000,3.48000,1.32000
 0.00004736000,3.48000,1.28000
 0.00004740000,3.48000,1.28000
 0.00004744000,3.52000,1.36000
 0.00004748000,3.48000,1.28000
 0.00004752000,3.48000,1.32000
 0.00004756000,3.56000,1.36000
 0.00004760000,3.44000,1.28000
 0.00004764000,3.56000,1.36000
 0.00004768000,3.48000,1.28000
 0.00004772000,3.48000,1.32000
 0.00004776000,3.48000,1.32000
 0.00004780000,3.48000,1.32000
 0.00004784000,3.48000,1.32000
 0.00004788000,3.48000,1.32000
 0.00004792000,3.48000,1.32000
 0.00004796000,3.48000,1.32000
 0.00004800000,3.48000,1.32000
 0.00004804000,3.48000,1.32000
 0.00004808000,3.48000,1.28000
 0.00004812000,3.48000,1.32000
 0.00004816000,3.48000,1.32000
 0.00004820000,3.48000,1.32000
 0.00004824000,3.48000,1.32000
 0.00004828000,3.48000,1.32000
 0.00004832000,3.48000,1.28000
 0.00004836000,3.48000,1.32000
 0.00004840000,3.48000,1.32000
 0.00004844000,3.48000,1.32000
 0.00004848000,3.48000,1.32000
 0.00004852000,3.48000,1.32000
 0.00004856000,3.48000,1.32000
 0.00004860000,3.48000,1.28000
 0.00004864000,3.48000,1.32000
 0.00004868000,3.48000,1.32000
 0.00004872000,3.48000,1.32000
 0.00004876000,3.48000,1.32000
 0.00004880000,3.48000,1.28000
 0.00004884000,3.48000,1.32000
 0.00004888000,3.48000,1.32000
 0.00004892000,3.48000,1.32000
 0.00004896000,3.48000,1.32000
 0.00004900000,3.48000,1.32000
 0.00004904000,3.48000,1.32000
 0.00004908000,3.48000,1.32000
 0.00004912000,3.48000,1.32000
 0.00004916000,3.48000,1.32000
 0.00004920000,3.48000,1.32000
 0.00004924000,3.48000,1.32000
 0.00004928000,3.48000,1.40000
 0.00004932000,3.40000,1.24000
 0.00004936000,3.44000,1.24000
 0.00004940000,3.52000,1.28000
 0.00004944000,3.52000,1.32000
 0.00004948000,3.48000,1.32000
 0.00004952000,3.44000,1.28000
 0.00004956000,3.48000,1.28000
 0.00004960000,3.52000,1.32000
 0.00004964000,3.48000,1.36000
 0.00004968000,3.48000,1.32000
 0.00004972000,3.48000,1.32000
 0.00004976000,3.48000,1.28000
 0.00004980000,3.48000,1.32000
 0.00004984000,3.48000,1.32000
 0.00004988000,3.48000,1.36000
 0.00004992000,3.48000,1.32000
 0.00004996000,3.48000,1.28000
 0.00005000000,3.52000,1.36000
 0.00005004000,3.52000,1.36000
 0.00005008000,3.44000,1.32000
 0.00005012000,3.44000,1.28000
 0.00005016000,3.48000,1.28000
 0.00005020000,3.48000,1.32000
 0.00005024000,3.48000,1.28000
 0.00005028000,3.48000,1.32000
 0.00005032000,3.48000,1.28000
 0.00005036000,3.48000,1.32000
 0.00005040000,3.52000,1.36000
 0.00005044000,3.48000,1.32000
 0.00005048000,3.48000,1.32000
 0.00005052000,3.48000,1.32000
 0.00005056000,3.48000,1.28000
 0.00005060000,3.48000,1.32000
 0.00005064000,3.48000,1.32000
 0.00005068000,3.48000,1.32000
 0.00005072000,3.48000,1.32000
 0.00005076000,3.48000,1.28000
 0.00005080000,3.48000,1.32000
 0.00005084000,3.48000,1.32000
 0.00005088000,3.48000,1.32000
 0.00005092000,3.48000,1.32000
 0.00005096000,3.48000,1.32000
 0.00005100000,3.48000,1.32000
 0.00005104000,3.48000,1.28000
 0.00005108000,3.52000,1.36000
 0.00005112000,3.44000,1.28000
 0.00005116000,3.52000,1.36000
 0.00005120000,3.48000,1.32000
 0.00005124000,3.48000,1.28000
 0.00005128000,3.48000,1.32000
 0.00005132000,3.52000,1.32000
 0.00005136000,3.48000,1.28000
 0.00005140000,3.48000,1.36000
 0.00005144000,3.48000,1.32000
 0.00005148000,3.44000,1.28000
 0.00005152000,3.52000,1.36000
 0.00005156000,3.48000,1.32000
 0.00005160000,3.48000,1.32000
 0.00005164000,3.48000,1.32000
 0.00005168000,3.48000,1.32000
 0.00005172000,3.48000,1.28000
 0.00005176000,3.48000,1.32000
 0.00005180000,3.48000,1.36000
 0.00005184000,3.48000,1.32000
 0.00005188000,3.48000,1.32000
 0.00005192000,3.48000,1.32000
 0.00005196000,3.48000,1.32000
 0.00005200000,3.48000,1.32000
 0.00005204000,3.48000,1.32000
 0.00005208000,3.48000,1.28000
 0.00005212000,3.48000,1.28000
 0.00005216000,3.48000,1.32000
 0.00005220000,3.52000,1.36000
 0.00005224000,3.48000,1.32000
 0.00005228000,3.36000,1.12000
 0.00005232000,3.56000,1.52000
 0.00005236000,3.44000,1.12000
 0.00005240000,3.48000,1.28000
 0.00005244000,3.68000,1.44000
 0.00005248000,3.48000,1.36000
 0.00005252000,3.32000,1.16000
 0.00005256000,3.80000,1.64000
 0.00005260000,3.36000,1.12000
 0.00005264000,3.60000,1.56000
 0.00005268000,3.52000,1.32000
 0.00005272000,3.40000,1.24000
 0.00005276000,3.40000,1.28000
 0.00005280000,3.56000,1.48000
 0.00005284000,2.64000,1.96000
 0.00005288000,2.48000,2.32000
 0.00005292000,2.60000,2.28000
 0.00005296000,2.44000,2.20000
 0.00005300000,2.40000,2.28000
 0.00005304000,2.44000,2.28000
 0.00005308000,2.48000,2.32000
 0.00005312000,2.40000,2.28000
 0.00005316000,2.44000,2.24000
 0.00005320000,2.40000,2.20000
 0.00005324000,2.52000,2.40000
 0.00005328000,2.40000,2.24000
 0.00005332000,2.40000,2.28000
 0.00005336000,2.48000,2.32000
 0.00005340000,2.52000,2.36000
 0.00005344000,2.40000,2.28000
 0.00005348000,2.44000,2.32000
 0.00005352000,2.44000,2.32000
 0.00005356000,2.44000,2.28000
 0.00005360000,2.44000,2.32000
 0.00005364000,2.44000,2.28000
 0.00005368000,2.44000,2.32000
 0.00005372000,2.44000,2.32000
 0.00005376000,2.44000,2.32000
 0.00005380000,2.40000,2.24000
 0.00005384000,2.48000,2.32000
 0.00005388000,2.44000,2.28000
 0.00005392000,2.44000,2.32000
 0.00005396000,2.48000,2.36000
 0.00005400000,2.40000,2.32000
 0.00005404000,2.44000,2.32000
 0.00005408000,2.40000,2.32000
 0.00005412000,2.44000,2.32000
 0.00005416000,2.44000,2.32000
 0.00005420000,2.44000,2.32000
 0.00005424000,2.40000,2.28000
 0.00005428000,2.44000,2.32000
 0.00005432000,2.44000,2.32000
 0.00005436000,2.44000,2.32000
 0.00005440000,2.44000,2.32000
 0.00005444000,2.44000,2.32000
 0.00005448000,2.48000,2.32000
 0.00005452000,2.44000,2.32000
 0.00005456000,2.44000,2.32000
 0.00005460000,2.44000,2.32000
 0.00005464000,2.44000,2.32000
 0.00005468000,2.44000,2.28000
 0.00005472000,2.44000,2.32000
 0.00005476000,2.44000,2.32000
 0.00005480000,2.44000,2.32000
 0.00005484000,2.48000,2.32000
 0.00005488000,2.44000,2.32000
 0.00005492000,2.44000,2.32000
 0.00005496000,2.48000,2.32000
 0.00005500000,2.44000,2.28000
 0.00005504000,2.44000,2.32000
 0.00005508000,2.48000,2.32000
 0.00005512000,2.44000,2.32000
 0.00005516000,2.44000,2.32000
 0.00005520000,2.44000,2.32000
 0.00005524000,2.44000,2.32000
 0.00005528000,2.44000,2.32000
 0.00005532000,2.48000,2.32000
 0.00005536000,2.48000,2.28000
 0.00005540000,2.52000,2.32000
 0.00005544000,2.52000,2.40000
 0.00005548000,2.40000,2.40000
 0.00005552000,2.40000,2.32000
 0.00005556000,2.40000,2.28000
 0.00005560000,2.48000,2.32000
 0.00005564000,2.48000,2.36000
 0.00005568000,2.48000,2.32000
 0.00005572000,2.40000,2.32000
 0.00005576000,2.44000,2.32000
 0.00005580000,2.48000,2.32000
 0.00005584000,2.48000,2.32000
 0.00005588000,2.48000,2.36000
 0.00005592000,2.44000,2.32000
 0.00005596000,2.44000,2.32000
 0.00005600000,2.44000,2.32000
 0.00005604000,2.44000,2.32000
 0.00005608000,2.48000,2.32000
 0.00005612000,2.40000,2.28000
 0.00005616000,2.48000,2.32000
 0.00005620000,2.48000,2.36000
 0.00005624000,2.48000,2.36000
 0.00005628000,2.44000,2.32000
 0.00005632000,2.44000,2.32000
 0.00005636000,2.48000,2.32000
 0.00005640000,2.48000,2.32000
 0.00005644000,2.48000,2.32000
 0.00005648000,2.44000,2.32000
 0.00005652000,2.44000,2.32000
 0.00005656000,2.44000,2.32000
 0.00005660000,2.48000,2.32000
 0.00005664000,2.48000,2.36000
 0.00005668000,2.48000,2.32000
 0.00005672000,2.48000,2.32000
 0.00005676000,2.48000,2.32000
 0.00005680000,2.44000,2.32000
 0.00005684000,2.48000,2.32000
 0.00005688000,2.48000,2.32000
 0.00005692000,2.48000,2.32000
 0.00005696000,2.44000,2.32000
 0.00005700000,2.48000,2.32000
 0.00005704000,2.48000,2.32000
 0.00005708000,2.48000,2.36000
 0.00005712000,2.48000,2.32000
 0.00005716000,2.44000,2.32000
 0.00005720000,2.44000,2.32000
 0.00005724000,2.48000,2.36000
 0.00005728000,2.48000,2.32000
 0.00005732000,2.44000,2.32000
 0.00005736000,2.48000,2.32000
 0.00005740000,2.48000,2.36000
 0.00005744000,2.44000,2.36000
 0.00005748000,2.48000,2.32000
 0.00005752000,2.48000,2.32000
 0.00005756000,2.48000,2.36000
 0.00005760000,2.48000,2.32000
 0.00005764000,2.48000,2.32000
 0.00005768000,2.48000,2.32000
 0.00005772000,2.48000,2.32000
 0.00005776000,2.48000,2.32000
 0.00005780000,2.48000,2.32000
 0.00005784000,2.48000,2.32000
 0.00005788000,2.48000,2.36000
 0.00005792000,2.48000,2.32000
 0.00005796000,2.48000,2.32000
 0.00005800000,2.52000,2.32000
 0.00005804000,2.44000,2.32000
 0.00005808000,2.48000,2.32000
 0.00005812000,2.48000,2.32000
 0.00005816000,2.48000,2.32000
 0.00005820000,2.44000,2.32000
 0.00005824000,2.48000,2.32000
 0.00005828000,2.48000,2.36000
 0.00005832000,2.48000,2.36000
 0.00005836000,2.48000,2.36000
 0.00005840000,2.48000,2.36000
 0.00005844000,2.56000,2.44000
 0.00005848000,2.44000,2.36000
 0.00005852000,2.40000,2.24000
 0.00005856000,2.44000,2.28000
 0.00005860000,2.48000,2.32000
 0.00005864000,2.48000,2.36000
 0.00005868000,2.44000,2.36000
 0.00005872000,2.48000,2.32000
 0.00005876000,2.48000,2.36000
 0.00005880000,2.52000,2.36000
 0.00005884000,2.48000,2.32000
 0.00005888000,2.48000,2.32000
 0.00005892000,2.48000,2.32000
 0.00005896000,2.48000,2.32000
 0.00005900000,2.44000,2.32000
 0.00005904000,2.52000,2.36000
 0.00005908000,2.48000,2.32000
 0.00005912000,2.48000,2.32000
 0.00005916000,2.48000,2.32000
 0.00005920000,2.52000,2.36000
 0.00005924000,2.52000,2.36000
 0.00005928000,2.48000,2.36000
 0.00005932000,2.44000,2.32000
 0.00005936000,2.48000,2.32000
 0.00005940000,2.52000,2.36000
 0.00005944000,2.48000,2.36000
 0.00005948000,2.48000,2.32000
 0.00005952000,2.48000,2.36000
 0.00005956000,2.48000,2.32000
 0.00005960000,2.48000,2.36000
 0.00005964000,2.52000,2.36000
 0.00005968000,2.48000,2.32000
 0.00005972000,2.48000,2.36000
 0.00005976000,2.48000,2.32000
 0.00005980000,2.48000,2.36000
 0.00005984000,2.48000,2.32000
 0.00005988000,2.48000,2.32000
 0.00005992000,2.48000,2.36000
 0.00005996000,2.52000,2.36000
 0.00006000000,2.52000,2.36000
 0.00006004000,2.48000,2.36000
 0.00006008000,2.48000,2.32000
 0.00006012000,2.48000,2.32000
 0.00006016000,2.52000,2.40000
 0.00006020000,2.48000,2.32000
 0.00006024000,2.48000,2.36000
 0.00006028000,2.48000,2.32000
 0.00006032000,2.52000,2.36000
 0.00006036000,2.52000,2.36000
 0.00006040000,2.48000,2.32000
 0.00006044000,2.48000,2.32000
 0.00006048000,2.48000,2.32000
 0.00006052000,2.48000,2.36000
 0.00006056000,2.48000,2.40000
 0.00006060000,2.48000,2.36000
 0.00006064000,2.52000,2.36000
 0.00006068000,2.48000,2.32000
 0.00006072000,2.52000,2.40000
 0.00006076000,2.52000,2.36000
 0.00006080000,2.48000,2.36000
 0.00006084000,2.48000,2.36000
 0.00006088000,2.44000,2.32000
 0.00006092000,2.52000,2.40000
 0.00006096000,2.48000,2.36000
 0.00006100000,2.44000,2.32000
 0.00006104000,2.52000,2.40000
 0.00006108000,2.48000,2.36000
 0.00006112000,2.48000,2.32000
 0.00006116000,2.48000,2.36000
 0.00006120000,2.48000,2.32000
 0.00006123999,2.48000,2.36000
 0.00006128000,2.56000,2.44000
 0.00006132000,2.48000,2.32000
 0.00006136000,2.52000,2.36000
 0.00006140000,2.48000,2.36000
 0.00006144000,2.48000,2.36000
 0.00006148000,2.40000,2.28000
 0.00006152000,2.44000,2.28000
 0.00006156000,2.56000,2.36000
 0.00006159999,2.56000,2.44000
 0.00006164000,2.40000,2.28000
 0.00006168000,2.72000,2.64000
 0.00006172000,2.36000,2.16000
 0.00006176000,2.48000,2.40000
 0.00006180000,2.56000,2.36000
 0.00006184000,2.44000,2.32000
 0.00006187999,2.40000,2.28000
 0.00006192000,2.72000,2.64000
 0.00006196001,2.28000,2.12000
 0.00006200000,2.68000,2.60000
 0.00006204000,2.48000,2.32000
 0.00006208000,2.44000,2.32000
 0.00006212000,2.44000,2.32000
 0.00006216000,2.56000,2.44000
 0.00006220000,2.44000,2.32000
 0.00006223999,2.56000,2.48000
 0.00006228000,2.48000,2.32000
 0.00006232000,2.48000,2.32000
 0.00006236000,2.52000,2.40000
 0.00006240000,2.52000,2.36000
 0.00006244000,2.48000,2.32000
 0.00006248000,2.52000,2.36000
 0.00006252000,2.52000,2.44000
 0.00006256000,2.44000,2.32000
 0.00006259999,2.52000,2.40000
 0.00006264000,2.48000,2.36000
 0.00006268000,2.44000,2.32000
 0.00006272000,2.52000,2.40000
 0.00006276000,2.52000,2.40000
 0.00006280000,2.48000,2.32000
 0.00006284000,2.52000,2.44000
 0.00006288000,2.52000,2.32000
 0.00006292000,2.48000,2.36000
 0.00006295999,2.52000,2.40000
 0.00006300000,2.52000,2.40000
 0.00006304000,2.48000,2.36000
 0.00006308000,2.56000,2.44000
 0.00006312000,2.48000,2.32000
 0.00006316000,2.48000,2.36000
 0.00006320000,2.52000,2.36000
 0.00006324000,2.52000,2.36000
 0.00006328000,2.48000,2.36000
 0.00006331999,2.52000,2.40000
 0.00006336000,2.52000,2.36000
 0.00006340000,2.52000,2.36000
 0.00006344000,2.52000,2.36000
 0.00006348000,2.52000,2.36000
 0.00006352000,2.48000,2.36000
 0.00006356000,2.52000,2.40000
 0.00006359999,2.52000,2.40000
 0.00006364000,2.48000,2.36000
 0.00006368001,2.48000,2.40000
 0.00006372000,2.48000,2.32000
 0.00006376000,2.48000,2.36000
 0.00006380000,2.48000,2.40000
 0.00006384000,2.52000,2.36000
 0.00006388000,2.52000,2.36000
 0.00006392000,2.52000,2.40000
 0.00006395999,2.52000,2.36000
 0.00006400000,2.52000,2.36000
 0.00006404000,2.52000,2.36000
 0.00006408000,2.52000,2.36000
 0.00006412000,2.52000,2.36000
 0.00006416000,2.52000,2.40000
 0.00006420000,2.52000,2.36000
 0.00006424000,2.52000,2.40000
 0.00006428000,2.52000,2.36000
 0.00006431999,2.52000,2.36000
 0.00006436000,2.48000,2.36000
 0.00006440000,2.52000,2.40000
 0.00006444000,2.52000,2.40000
 0.00006448000,2.52000,2.36000
 0.00006452000,2.52000,2.36000
 0.00006456000,2.56000,2.36000
 0.00006460000,2.56000,2.44000
 0.00006464000,2.48000,2.44000
 0.00006467999,2.44000,2.32000
 0.00006472000,2.48000,2.32000
 0.00006476000,2.52000,2.36000
 0.00006480000,2.52000,2.44000
 0.00006484000,2.52000,2.40000
 0.00006488000,2.48000,2.36000
 0.00006492000,2.52000,2.36000
 0.00006496000,2.52000,2.40000
 0.00006500000,2.52000,2.40000
 0.00006503999,2.56000,2.40000
 0.00006508000,2.52000,2.36000
 0.00006512000,2.52000,2.36000
 0.00006516000,2.52000,2.36000
 0.00006520000,2.52000,2.40000
 0.00006524000,2.48000,2.36000
 0.00006528000,2.48000,2.32000
 0.00006531999,2.52000,2.36000
 0.00006536000,2.52000,2.36000
 0.00006540001,2.56000,2.44000
 0.00006544000,2.52000,2.44000
 0.00006548000,2.48000,2.36000
 0.00006552000,2.52000,2.40000
 0.00006556000,2.52000,2.40000
 0.00006560000,2.48000,2.32000
 0.00006564000,2.52000,2.44000
 0.00006567999,2.52000,2.36000
 0.00006572000,2.52000,2.36000
 0.00006576000,2.56000,2.40000
 0.00006580000,2.52000,2.40000
 0.00006584000,2.52000,2.40000
 0.00006588000,2.52000,2.40000
 0.00006592000,2.52000,2.40000
 0.00006596000,2.52000,2.40000
 0.00006600000,2.52000,2.40000
 0.00006603999,2.52000,2.40000
 0.00006608000,2.52000,2.36000
 0.00006612000,2.52000,2.40000
 0.00006616000,2.52000,2.36000
 0.00006620000,2.52000,2.40000
 0.00006624000,2.52000,2.40000
 0.00006628000,2.52000,2.40000
 0.00006632000,2.48000,2.40000
 0.00006636000,2.52000,2.40000
 0.00006639999,2.52000,2.36000
 0.00006644000,2.52000,2.44000
 0.00006648000,2.52000,2.36000
 0.00006652000,2.52000,2.40000
 0.00006656000,2.56000,2.44000
 0.00006660000,2.52000,2.36000
 0.00006664000,2.52000,2.44000
 0.00006668000,2.48000,2.32000
 0.00006672000,2.52000,2.40000
 0.00006675999,2.52000,2.40000
 0.00006680000,2.52000,2.36000
 0.00006684000,2.52000,2.36000
 0.00006688000,2.52000,2.40000
 0.00006692000,2.52000,2.36000
 0.00006696000,2.52000,2.40000
 0.00006700000,2.52000,2.40000
 0.00006703999,2.52000,2.40000
 0.00006708000,2.52000,2.40000
 0.00006712001,2.52000,2.40000
 0.00006716000,2.52000,2.36000
 0.00006720000,2.52000,2.40000
 0.00006724000,2.52000,2.40000
 0.00006728000,2.52000,2.40000
 0.00006732000,2.52000,2.40000
 0.00006736000,2.52000,2.40000
 0.00006739999,2.52000,2.40000
 0.00006744000,2.52000,2.40000
 0.00006748000,2.52000,2.40000
 0.00006752000,2.52000,2.40000
 0.00006756000,2.56000,2.40000
 0.00006760000,2.60000,2.48000
 0.00006764000,2.48000,2.44000
 0.00006768000,2.44000,2.32000
 0.00006772000,2.48000,2.28000
 0.00006775999,2.52000,2.36000
 0.00006780000,2.56000,2.44000
 0.00006784000,2.52000,2.44000
 0.00006788000,2.48000,2.36000
 0.00006792000,2.52000,2.36000
 0.00006796000,2.56000,2.40000
 0.00006800000,2.56000,2.44000
 0.00006804000,2.52000,2.44000
 0.00006808000,2.52000,2.40000
 0.00006811999,2.48000,2.40000
 0.00006816000,2.52000,2.40000
 0.00006820000,2.52000,2.40000
 0.00006824000,2.52000,2.40000
 0.00006828000,2.52000,2.40000
 0.00006832000,2.56000,2.40000
 0.00006836000,2.56000,2.44000
 0.00006840000,2.56000,2.44000
 0.00006844000,2.48000,2.36000
 0.00006847999,2.52000,2.36000
 0.00006852000,2.52000,2.40000
 0.00006856000,2.52000,2.40000
 0.00006860000,2.52000,2.36000
 0.00006864000,2.52000,2.40000
 0.00006868000,2.56000,2.44000
 0.00006872000,2.48000,2.32000
 0.00006875999,2.60000,2.44000
 0.00006880000,2.52000,2.36000
 0.00006883999,2.52000,2.40000
 0.00006888000,2.52000,2.40000
 0.00006892000,2.52000,2.40000
 0.00006896000,2.56000,2.44000
 0.00006900000,2.52000,2.36000
 0.00006904000,2.48000,2.36000
 0.00006908000,2.56000,2.44000
 0.00006911999,2.56000,2.44000
 0.00006916000,2.52000,2.40000
 0.00006920000,2.56000,2.40000
 0.00006924000,2.52000,2.36000
 0.00006928000,2.52000,2.44000
 0.00006932000,2.52000,2.40000
 0.00006936000,2.52000,2.36000
 0.00006940000,2.52000,2.44000
 0.00006944000,2.52000,2.40000
 0.00006947999,2.52000,2.36000
 0.00006952000,2.52000,2.44000
 0.00006956000,2.52000,2.36000
 0.00006960000,2.52000,2.36000
 0.00006964000,2.56000,2.44000
 0.00006968000,2.52000,2.36000
 0.00006972000,2.52000,2.44000
 0.00006976000,2.56000,2.44000
 0.00006980000,2.52000,2.32000
 0.00006983999,2.52000,2.44000
 0.00006988000,2.56000,2.44000
 0.00006992000,2.52000,2.40000
 0.00006996000,2.56000,2.44000
 0.00007000000,2.56000,2.44000
 0.00007004000,2.48000,2.40000
 0.00007008000,2.52000,2.40000
 0.00007012000,2.56000,2.44000
 0.00007016000,2.52000,2.40000
 0.00007019999,2.56000,2.40000
 0.00007024000,2.52000,2.40000
 0.00007028000,2.52000,2.44000
 0.00007032000,2.52000,2.40000
 0.00007036000,2.52000,2.40000
 0.00007040000,2.52000,2.40000
 0.00007044000,2.56000,2.44000
 0.00007047999,2.52000,2.40000
 0.00007052000,2.52000,2.40000
 0.00007055999,2.52000,2.40000
 0.00007060000,2.52000,2.44000
 0.00007064000,2.48000,2.44000
 0.00007068000,2.44000,2.32000
 0.00007072000,2.52000,2.32000
 0.00007076000,2.60000,2.44000
 0.00007080000,2.60000,2.48000
 0.00007083999,2.52000,2.40000
 0.00007088000,2.48000,2.36000
 0.00007092000,2.52000,2.36000
 0.00007096000,2.56000,2.44000
 0.00007100000,2.40000,2.28000
 0.00007104000,2.72000,2.72000
 0.00007108000,2.40000,2.20000
 0.00007112000,2.44000,2.36000
 0.00007116000,2.64000,2.44000
 0.00007119999,2.52000,2.40000
 0.00007124000,2.40000,2.32000
 0.00007128000,2.80000,2.72000
 0.00007132000,2.32000,2.16000
 0.00007136000,2.72000,2.68000
 0.00007140000,2.52000,2.36000
 0.00007144000,2.44000,2.32000
 0.00007148000,2.48000,2.32000
 0.00007152000,2.56000,2.44000
 0.00007155999,2.48000,2.32000
 0.00007160000,2.64000,2.48000
 0.00007164000,2.52000,2.44000
 0.00007168000,2.52000,2.36000
 0.00007172000,2.52000,2.40000
 0.00007176000,2.56000,2.40000
 0.00007180000,2.52000,2.40000
 0.00007184000,2.56000,2.44000
 0.00007188000,2.56000,2.44000
 0.00007191999,2.52000,2.36000
 0.00007196000,2.52000,2.44000
 0.00007200000,2.56000,2.40000
 0.00007204000,2.52000,2.40000
 0.00007208000,2.56000,2.40000
 0.00007212000,2.56000,2.44000
 0.00007216000,2.52000,2.40000
 0.00007219999,2.56000,2.44000
 0.00007224000,2.52000,2.40000
 0.00007227999,2.52000,2.40000
 0.00007232000,2.52000,2.44000
 0.00007236000,2.52000,2.44000
 0.00007240000,2.56000,2.40000
 0.00007244000,2.52000,2.44000
 0.00007248000,2.56000,2.44000
 0.00007252000,2.52000,2.36000
 0.00007255999,2.56000,2.40000
 0.00007260000,2.52000,2.40000
 0.00007264000,2.52000,2.44000
 0.00007268000,2.52000,2.44000
 0.00007272000,2.52000,2.40000
 0.00007276000,2.52000,2.40000
 0.00007280000,2.52000,2.40000
 0.00007284000,2.52000,2.40000
 0.00007288000,2.52000,2.40000
 0.00007291999,2.56000,2.44000
 0.00007296000,2.52000,2.40000
 0.00007300000,2.56000,2.40000
 0.00007304000,2.52000,2.40000
 0.00007308000,2.56000,2.40000
 0.00007312000,2.56000,2.44000
 0.00007316000,2.52000,2.44000
 0.00007320000,2.56000,2.44000
 0.00007324000,2.52000,2.44000
 0.00007327999,2.52000,2.40000
 0.00007332000,2.56000,2.44000
 0.00007336000,2.52000,2.40000
 0.00007340000,2.56000,2.44000
 0.00007344000,2.56000,2.40000
 0.00007348000,2.52000,2.44000
 0.00007352000,2.52000,2.44000
 0.00007356000,2.56000,2.44000
 0.00007360000,2.56000,2.44000
 0.00007363999,2.52000,2.40000
 0.00007368000,2.52000,2.32000
 0.00007372000,2.52000,2.36000
 0.00007376000,2.60000,2.44000
 0.00007380000,2.64000,2.56000
 0.00007384000,2.48000,2.44000
 0.00007388000,2.56000,2.40000
 0.00007391999,2.52000,2.36000
 0.00007396000,2.56000,2.44000
 0.00007399999,2.52000,2.44000
 0.00007404000,2.52000,2.40000
 0.00007408000,2.52000,2.36000
 0.00007412000,2.52000,2.40000
 0.00007416000,2.56000,2.44000
 0.00007420000,2.52000,2.40000
 0.00007424000,2.56000,2.44000
 0.00007427999,2.48000,2.36000
 0.00007432000,2.56000,2.40000
 0.00007436000,2.56000,2.44000
 0.00007440000,2.56000,2.44000
 0.00007444000,2.48000,2.36000
 0.00007448000,2.52000,2.36000
 0.00007452000,2.56000,2.44000
 0.00007456000,2.60000,2.48000
 0.00007460000,2.56000,2.44000
 0.00007463999,2.52000,2.40000
 0.00007468000,2.52000,2.44000
 0.00007472000,2.52000,2.44000
 0.00007476000,2.56000,2.44000
 0.00007480000,2.52000,2.44000
 0.00007484000,2.52000,2.40000
 0.00007488000,2.56000,2.44000
 0.00007492000,2.56000,2.40000
 0.00007496000,2.56000,2.44000
 0.00007499999,2.56000,2.44000
 0.00007504000,2.52000,2.44000
 0.00007508000,2.56000,2.44000
 0.00007512000,2.56000,2.44000
 0.00007516000,2.56000,2.44000
 0.00007520000,2.52000,2.44000
 0.00007524000,2.52000,2.40000
 0.00007528000,2.52000,2.44000
 0.00007532000,2.56000,2.40000
 0.00007535999,2.56000,2.44000
 0.00007540000,2.56000,2.44000
 0.00007544000,2.52000,2.44000
 0.00007548000,2.56000,2.44000
 0.00007552000,2.56000,2.44000
 0.00007556000,2.56000,2.44000
 0.00007560000,2.52000,2.36000
 0.00007563999,2.52000,2.36000
 0.00007568000,2.52000,2.44000
 0.00007571999,2.52000,2.40000
 0.00007576000,2.52000,2.44000
 0.00007580000,2.56000,2.44000
 0.00007584000,2.56000,2.40000
 0.00007588000,2.56000,2.44000
 0.00007592000,2.56000,2.44000
 0.00007596000,2.52000,2.44000
 0.00007599999,2.52000,2.44000
 0.00007604000,2.52000,2.44000
 0.00007608000,2.52000,2.44000
 0.00007612000,2.52000,2.40000
 0.00007616000,2.56000,2.44000
 0.00007620000,2.52000,2.44000
 0.00007624000,2.52000,2.44000
 0.00007628000,2.56000,2.44000
 0.00007632000,2.52000,2.40000
 0.00007635999,2.52000,2.44000
 0.00007640000,2.52000,2.44000
 0.00007644000,2.52000,2.44000
 0.00007648000,2.52000,2.44000
 0.00007652000,2.56000,2.44000
 0.00007656000,2.56000,2.44000
 0.00007660000,2.52000,2.44000
 0.00007664000,2.56000,2.44000
 0.00007668000,2.56000,2.44000
 0.00007671999,2.56000,2.44000
 0.00007676000,2.64000,2.48000
 0.00007680000,2.56000,2.48000
 0.00007684000,2.44000,2.36000
 0.00007688000,2.48000,2.32000
 0.00007692000,2.52000,2.36000
 0.00007696000,2.56000,2.44000
 0.00007700000,2.56000,2.44000
 0.00007704000,2.52000,2.40000
 0.00007707999,2.52000,2.40000
 0.00007712000,2.56000,2.40000
 0.00007716000,2.56000,2.44000
 0.00007720000,2.52000,2.44000
 0.00007724000,2.52000,2.44000
 0.00007728000,2.52000,2.44000
 0.00007732000,2.56000,2.44000
 0.00007735999,2.56000,2.40000
 0.00007740000,2.52000,2.36000
 0.00007743999,2.52000,2.44000
 0.00007748000,2.56000,2.40000
 0.00007752000,2.56000,2.40000
 0.00007756000,2.56000,2.44000
 0.00007760000,2.56000,2.44000
 0.00007764000,2.52000,2.44000
 0.00007768000,2.56000,2.44000
 0.00007771999,2.56000,2.40000
 0.00007776000,2.52000,2.44000
 0.00007780000,2.56000,2.44000
 0.00007784000,2.52000,2.40000
 0.00007788000,2.52000,2.44000
 0.00007792000,2.52000,2.40000
 0.00007796000,2.52000,2.40000
 0.00007800000,2.56000,2.44000
 0.00007804000,2.56000,2.44000
 0.00007807999,2.52000,2.40000
 0.00007812000,2.56000,2.44000
 0.00007816000,2.52000,2.44000
 0.00007820000,2.52000,2.40000
 0.00007824000,2.56000,2.44000
 0.00007828000,2.56000,2.44000
 0.00007832000,2.56000,2.44000
 0.00007836000,2.56000,2.44000
 0.00007840000,2.52000,2.40000
 0.00007843999,2.56000,2.40000
 0.00007848000,2.56000,2.44000
 0.00007852000,2.52000,2.44000
 0.00007856000,2.52000,2.44000
 0.00007860000,2.56000,2.44000
 0.00007864000,2.56000,2.44000
 0.00007868000,2.56000,2.44000
 0.00007872000,2.56000,2.44000
 0.00007876000,2.56000,2.44000
 0.00007879999,2.56000,2.44000
 0.00007884000,2.56000,2.44000
 0.00007888000,2.92000,1.92000
 0.00007892000,3.52000,1.44000
 0.00007896000,3.48000,1.28000
 0.00007900000,3.40000,1.28000
 0.00007904000,3.52000,1.40000
 0.00007907999,3.52000,1.36000
 0.00007912000,3.48000,1.32000
 0.00007915999,3.48000,1.32000
 0.00007920000,3.48000,1.32000
 0.00007924000,3.48000,1.32000
 0.00007928000,3.52000,1.32000
 0.00007932000,3.48000,1.32000
 0.00007936000,3.48000,1.32000
 0.00007940000,3.48000,1.28000
 0.00007943999,3.52000,1.36000
 0.00007948000,3.48000,1.32000
 0.00007952000,3.48000,1.32000
 0.00007956000,3.52000,1.32000
 0.00007960000,3.48000,1.28000
 0.00007964000,3.52000,1.32000
 0.00007968000,3.48000,1.32000
 0.00007972000,3.48000,1.28000
 0.00007976000,3.48000,1.28000
 0.00007979999,3.44000,1.28000
 0.00007984000,3.44000,1.24000
 0.00007988000,3.56000,1.28000
 0.00007992000,3.56000,1.36000
 0.00007996000,3.60000,1.40000
 0.00008000000,3.52000,1.32000
 0.00008004000,3.48000,1.28000
 0.00008008000,3.48000,1.28000
 0.00008012000,3.52000,1.32000
 0.00008015999,3.48000,1.32000
 0.00008020000,3.48000,1.32000
 0.00008024000,3.48000,1.28000
 0.00008028000,3.48000,1.28000
 0.00008032000,3.48000,1.28000
 0.00008036000,3.40000,1.20000
 0.00008040000,3.68000,1.60000
 0.00008044000,3.48000,1.12000
 0.00008048000,3.44000,1.28000
 0.00008051999,3.60000,1.40000
 0.00008056000,3.48000,1.32000
 0.00008060000,3.32000,1.16000
 0.00008064000,3.72000,1.60000
 0.00008068000,3.32000,1.12000
 0.00008072000,3.60000,1.52000
 0.00008076000,3.52000,1.28000
 0.00008079999,3.44000,1.24000
 0.00008084000,3.44000,1.28000
 0.00008087999,3.56000,1.40000
 0.00008092000,3.44000,1.28000
 0.00008096000,3.60000,1.44000
 0.00008100000,3.52000,1.36000
 0.00008104000,3.44000,1.28000
 0.00008108000,3.52000,1.36000
 0.00008112000,3.48000,1.28000
 0.00008115999,3.56000,1.40000
 0.00008120000,3.44000,1.28000
 0.00008124000,3.56000,1.40000
 0.00008128000,3.40000,1.24000
 0.00008132000,3.52000,1.40000
 0.00008136000,3.48000,1.32000
 0.00008140000,3.44000,1.28000
 0.00008144000,3.56000,1.36000
 0.00008148000,3.48000,1.28000
 0.00008151999,3.52000,1.28000
 0.00008156000,3.44000,1.28000
 0.00008160000,3.52000,1.36000
 0.00008164000,3.44000,1.28000
 0.00008168000,3.52000,1.36000
 0.00008172000,3.48000,1.32000
 0.00008176000,3.48000,1.32000
 0.00008180000,3.52000,1.36000
 0.00008184000,3.52000,1.32000
 0.00008187999,3.44000,1.28000
 0.00008192000,3.52000,1.32000
 0.00008196000,3.48000,1.32000
 0.00008200000,3.44000,1.28000
 0.00008204000,3.52000,1.36000
 0.00008208000,3.48000,1.28000
 0.00008212000,3.48000,1.32000
 0.00008216000,3.52000,1.36000
 0.00008220000,3.48000,1.28000
 0.00008223999,3.48000,1.32000
 0.00008228000,3.48000,1.36000
 0.00008232000,3.48000,1.28000
 0.00008236000,3.48000,1.36000
 0.00008240000,3.48000,1.32000
 0.00008244000,3.52000,1.32000
 0.00008248000,3.48000,1.28000
 0.00008251999,3.48000,1.32000
 0.00008256000,3.52000,1.36000
 0.00008259999,3.48000,1.32000
 0.00008264000,3.52000,1.32000
 0.00008268000,3.48000,1.32000
 0.00008272000,3.48000,1.32000
 0.00008276000,3.48000,1.32000
 0.00008280000,3.48000,1.28000
 0.00008284000,3.48000,1.24000
 0.00008287999,3.48000,1.28000
 0.00008292000,3.56000,1.40000
 0.00008296000,3.56000,1.44000
 0.00008300000,3.48000,1.36000
 0.00008304000,3.44000,1.28000
 0.00008308000,3.48000,1.32000
 0.00008312000,3.52000,1.36000
 0.00008316000,3.48000,1.32000
 0.00008320000,3.48000,1.28000
 0.00008323999,3.48000,1.28000
 0.00008328000,3.48000,1.28000
 0.00008332000,3.48000,1.32000
 0.00008336000,3.48000,1.32000
 0.00008340000,3.52000,1.28000
 0.00008344000,3.48000,1.32000
 0.00008348000,3.52000,1.32000
 0.00008352000,3.48000,1.28000
 0.00008356000,3.48000,1.32000
 0.00008359999,3.44000,1.28000
 0.00008364000,3.48000,1.28000
 0.00008368000,3.56000,1.32000
 0.00008372000,3.56000,1.36000
 0.00008376000,3.48000,1.36000
 0.00008380000,3.48000,1.32000
 0.00008384000,3.48000,1.28000
 0.00008388000,3.48000,1.32000
 0.00008392000,3.48000,1.32000
 0.00008395999,3.48000,1.32000
 0.00008400000,3.48000,1.32000
 0.00008404000,3.48000,1.32000
 0.00008408000,3.48000,1.32000
 0.00008412000,3.52000,1.32000
 0.00008416000,3.48000,1.32000
 0.00008420000,3.48000,1.32000
 0.00008423999,3.52000,1.32000
 0.00008428000,3.48000,1.32000
 0.00008431999,3.48000,1.28000
 0.00008436000,3.48000,1.32000
 0.00008440000,3.48000,1.32000
 0.00008444000,3.48000,1.32000
 0.00008448000,3.48000,1.36000
 0.00008452000,3.48000,1.32000
 0.00008456000,3.48000,1.32000
 0.00008459999,3.48000,1.32000
 0.00008464000,3.48000,1.28000
 0.00008468000,3.48000,1.32000
 0.00008472000,3.48000,1.32000
 0.00008476000,3.48000,1.32000
 0.00008480000,3.48000,1.32000
 0.00008484000,3.48000,1.32000
 0.00008488000,3.52000,1.32000
 0.00008492000,3.48000,1.32000
 0.00008495999,3.48000,1.32000
 0.00008500000,3.48000,1.32000
 0.00008504000,3.48000,1.32000
 0.00008508000,3.48000,1.32000
 0.00008512000,3.48000,1.32000
 0.00008516000,3.48000,1.32000
 0.00008520000,3.48000,1.32000
 0.00008524000,3.48000,1.32000
 0.00008528000,3.48000,1.28000
 0.00008531999,3.48000,1.32000
 0.00008536000,3.48000,1.32000
 0.00008540000,3.52000,1.32000
 0.00008544000,3.48000,1.28000
 0.00008548000,3.48000,1.32000
 0.00008552000,3.48000,1.36000
 0.00008556000,3.44000,1.28000
 0.00008560000,3.48000,1.28000
 0.00008564000,3.52000,1.36000
 0.00008567999,3.48000,1.32000
 0.00008572000,3.48000,1.32000
 0.00008576000,3.48000,1.28000
 0.00008580000,3.48000,1.32000
 0.00008584000,3.56000,1.36000
 0.00008588000,3.52000,1.36000
 0.00008592000,3.60000,1.40000
 0.00008595999,3.52000,1.40000
 0.00008600000,3.36000,1.28000
 0.00008603999,3.40000,1.28000
 0.00008608000,3.44000,1.28000
 0.00008612000,3.48000,1.32000
 0.00008616000,3.48000,1.36000
 0.00008620000,3.44000,1.28000
 0.00008624000,3.48000,1.28000
 0.00008628000,3.52000,1.32000
 0.00008631999,3.48000,1.32000
 0.00008636000,3.48000,1.32000
 0.00008640000,3.52000,1.36000
 0.00008644000,3.44000,1.28000
 0.00008648000,3.48000,1.32000
 0.00008652000,3.52000,1.32000
 0.00008656000,3.48000,1.32000
 0.00008660000,3.48000,1.32000
 0.00008664000,3.48000,1.28000
 0.00008667999,3.52000,1.36000
 0.00008672000,3.52000,1.36000
 0.00008676000,3.44000,1.32000
 0.00008680000,3.44000,1.28000
 0.00008684000,3.52000,1.36000
 0.00008688000,3.48000,1.32000
 0.00008692000,3.52000,1.32000
 0.00008696000,3.48000,1.32000
 0.00008700000,3.48000,1.28000
 0.00008703999,3.48000,1.32000
 0.00008708000,3.52000,1.32000
 0.00008712000,3.48000,1.32000
 0.00008716000,3.48000,1.36000
 0.00008720000,3.48000,1.32000
 0.00008724000,3.48000,1.28000
 0.00008728000,3.48000,1.32000
 0.00008732000,3.48000,1.32000
 0.00008736000,3.48000,1.32000
 0.00008739999,3.48000,1.32000
 0.00008744000,3.48000,1.36000
 0.00008748000,3.48000,1.32000
 0.00008752000,3.48000,1.32000
 0.00008756000,3.48000,1.32000
 0.00008760000,3.48000,1.28000
 0.00008764000,3.48000,1.32000
 0.00008767999,3.48000,1.32000
 0.00008772000,3.48000,1.28000
 0.00008775999,3.48000,1.32000
 0.00008780000,3.52000,1.32000
 0.00008784000,3.48000,1.28000
 0.00008788000,3.48000,1.32000
 0.00008792000,3.48000,1.28000
 0.00008796000,3.48000,1.32000
 0.00008800000,3.48000,1.32000
 0.00008803999,3.48000,1.32000
 0.00008808000,3.48000,1.28000
 0.00008812000,3.48000,1.36000
 0.00008816000,3.48000,1.32000
 0.00008820000,3.48000,1.28000
 0.00008824000,3.52000,1.32000
 0.00008828000,3.48000,1.32000
 0.00008832000,3.48000,1.32000
 0.00008836000,3.48000,1.32000
 0.00008839999,3.48000,1.32000
 0.00008844000,3.48000,1.32000
 0.00008848000,3.52000,1.32000
 0.00008852000,3.48000,1.32000
 0.00008856000,3.48000,1.32000
 0.00008860000,3.48000,1.32000
 0.00008864000,3.48000,1.28000
 0.00008868000,3.48000,1.32000
 0.00008872000,3.48000,1.32000
 0.00008875999,3.48000,1.32000
 0.00008880000,3.48000,1.32000
 0.00008884000,3.48000,1.32000
 0.00008888000,3.48000,1.32000
 0.00008892000,3.48000,1.32000
 0.00008896000,3.48000,1.40000
 0.00008900000,3.40000,1.24000
 0.00008904000,3.40000,1.24000
 0.00008908000,3.52000,1.28000
 0.00008911999,3.52000,1.36000
 0.00008916000,3.48000,1.36000
 0.00008920000,3.44000,1.28000
 0.00008924000,3.48000,1.28000
 0.00008928000,3.48000,1.32000
 0.00008932000,3.52000,1.36000
 0.00008936000,3.48000,1.32000
 0.00008939999,3.44000,1.32000
 0.00008944000,3.48000,1.32000
 0.00008947999,3.48000,1.32000
 0.00008952000,3.48000,1.32000
 0.00008956000,3.48000,1.32000
 0.00008960000,3.48000,1.28000
 0.00008964000,3.48000,1.32000
 0.00008968000,3.56000,1.36000
 0.00008972000,3.48000,1.28000
 0.00008975999,3.56000,1.48000
 0.00008980000,3.56000,1.28000
 0.00008984000,3.28000,1.12000
 0.00008988000,3.64000,1.48000
 0.00008992000,3.44000,1.28000
 0.00008996000,3.32000,1.16000
 0.00009000000,3.72000,1.68000
 0.00009004000,3.40000,1.12000
 0.00009008000,3.48000,1.44000
 0.00009011999,3.60000,1.40000
 0.00009016000,3.36000,1.24000
 0.00009020000,3.44000,1.28000
 0.00009024000,3.60000,1.44000
 0.00009028000,3.40000,1.24000
 0.00009032000,3.52000,1.40000
 0.00009036000,3.52000,1.36000
 0.00009040000,3.48000,1.28000
 0.00009044000,3.48000,1.32000
 0.00009047999,3.48000,1.28000
 0.00009052000,3.48000,1.28000
 0.00009056000,3.48000,1.32000
 0.00009060000,3.56000,1.40000
 0.00009064000,3.44000,1.24000
 0.00009068000,3.44000,1.28000
 0.00009072000,3.52000,1.32000
 0.00009076000,3.44000,1.28000
 0.00009080000,3.48000,1.32000
 0.00009083999,3.56000,1.36000
 0.00009088000,3.48000,1.28000
 0.00009092000,3.48000,1.32000
 0.00009096000,3.52000,1.32000
 0.00009100000,3.44000,1.28000
 0.00009104000,3.48000,1.32000
 0.00009108000,3.52000,1.32000
 0.00009111999,3.48000,1.32000
 0.00009116000,3.48000,1.36000
 0.00009119999,3.48000,1.32000
 0.00009124000,3.44000,1.28000
 0.00009128000,3.48000,1.32000
 0.00009132000,3.48000,1.32000
 0.00009136000,3.48000,1.32000
 0.00009140000,3.48000,1.32000
 0.00009144000,3.52000,1.36000
 0.00009147999,3.48000,1.28000
 0.00009152000,3.48000,1.32000
 0.00009156000,3.48000,1.32000
 0.00009160000,3.48000,1.32000
 0.00009164000,3.48000,1.36000
 0.00009168000,3.48000,1.32000
 0.00009172000,3.44000,1.28000
 0.00009176000,3.48000,1.32000
 0.00009180000,3.48000,1.28000
 0.00009183999,3.48000,1.28000
 0.00009188000,3.48000,1.32000
 0.00009192000,3.48000,1.32000
 0.00009196000,3.48000,1.36000
 0.00009200000,3.40000,1.28000
 0.00009204000,3.40000,1.24000
 0.00009208000,3.52000,1.32000
 0.00009212000,3.56000,1.40000
 0.00009216000,3.56000,1.44000
 0.00009219999,3.48000,1.32000
 0.00009224000,3.48000,1.28000
 0.00009228000,3.48000,1.28000
 0.00009232000,3.52000,1.36000
 0.00009236000,3.48000,1.28000
 0.00009240000,3.48000,1.36000
 0.00009244000,3.44000,1.28000
 0.00009248000,3.48000,1.32000
 0.00009252000,3.52000,1.32000
 0.00009255999,3.48000,1.32000
 0.00009260000,3.48000,1.32000
 0.00009264000,3.48000,1.32000
 0.00009268000,3.48000,1.32000
 0.00009272000,3.48000,1.32000
 0.00009276000,3.48000,1.32000
 0.00009280000,3.44000,1.28000
 0.00009283999,3.52000,1.28000
 0.00009288000,3.48000,1.32000
 0.00009291999,3.48000,1.36000
 0.00009296000,3.48000,1.28000
 0.00009300000,3.48000,1.32000
 0.00009304000,3.48000,1.28000
 0.00009308000,3.48000,1.36000
 0.00009312000,3.48000,1.32000
 0.00009316000,3.48000,1.32000
 0.00009319999,3.48000,1.28000
 0.00009324000,3.48000,1.32000
 0.00009328000,3.48000,1.28000
 0.00009332000,3.48000,1.32000
 0.00009336000,3.48000,1.32000
 0.00009340000,3.48000,1.32000
 0.00009344000,3.48000,1.32000
 0.00009348000,3.48000,1.32000
 0.00009352000,3.48000,1.32000
 0.00009355999,3.48000,1.32000
 0.00009360000,3.48000,1.28000
 0.00009364000,3.48000,1.32000
 0.00009368000,3.48000,1.32000
 0.00009372000,3.48000,1.32000
 0.00009376000,3.48000,1.32000
 0.00009380000,3.52000,1.32000
 0.00009384000,3.48000,1.36000
 0.00009388000,3.48000,1.32000
 0.00009391999,3.48000,1.32000
 0.00009396000,3.48000,1.28000
 0.00009400000,3.48000,1.32000
 0.00009404000,3.48000,1.32000
 0.00009408000,3.52000,1.32000
 0.00009412000,3.48000,1.32000
 0.00009416000,3.48000,1.28000
 0.00009420000,3.52000,1.36000
 0.00009424000,3.52000,1.36000
 0.00009427999,3.48000,1.36000
 0.00009432000,3.44000,1.28000
 0.00009436000,3.48000,1.28000
 0.00009440000,3.48000,1.32000
 0.00009444000,3.52000,1.36000
 0.00009448000,3.48000,1.28000
 0.00009452000,3.48000,1.32000
 0.00009455999,3.52000,1.32000
 0.00009460000,3.48000,1.28000
 0.00009463999,3.52000,1.36000
 0.00009468000,3.48000,1.28000
 0.00009472000,3.48000,1.32000
 0.00009476000,3.48000,1.36000
 0.00009480000,3.48000,1.32000
 0.00009484000,3.48000,1.28000
 0.00009488000,3.48000,1.36000
 0.00009491999,3.48000,1.28000
 0.00009496000,3.48000,1.32000
 0.00009500000,3.52000,1.36000
 0.00009504000,3.48000,1.28000
 0.00009508000,3.52000,1.32000
 0.00009512000,3.56000,1.44000
 0.00009516000,3.44000,1.36000
 0.00009520000,3.40000,1.28000
 0.00009524000,3.44000,1.28000
 0.00009527999,3.48000,1.32000
 0.00009532000,3.56000,1.36000
 0.00009536000,3.48000,1.36000
 0.00009540000,3.44000,1.28000
 0.00009544000,3.48000,1.28000
 0.00009548000,3.48000,1.32000
 0.00009552000,3.48000,1.32000
 0.00009556000,3.52000,1.36000
 0.00009560000,3.48000,1.28000
 0.00009563999,3.48000,1.28000
 0.00009568000,3.48000,1.36000
 0.00009572000,3.48000,1.28000
 0.00009576000,3.48000,1.36000
 0.00009580000,3.44000,1.28000
 0.00009584000,3.48000,1.28000
 0.00009588000,3.52000,1.36000
 0.00009592000,3.56000,1.36000
 0.00009596000,3.48000,1.32000
 0.00009599999,3.48000,1.28000
 0.00009604000,3.48000,1.32000
 0.00009608000,3.52000,1.32000
 0.00009612000,3.44000,1.32000
 0.00009616000,3.48000,1.32000
 0.00009620000,3.44000,1.28000
 0.00009624000,3.48000,1.28000
 0.00009627999,3.48000,1.32000
 0.00009632000,3.48000,1.32000
 0.00009635999,3.48000,1.32000
 0.00009640000,3.48000,1.32000
 0.00009644000,3.48000,1.28000
 0.00009648000,3.48000,1.32000
 0.00009652000,3.48000,1.32000
 0.00009656000,3.48000,1.32000
 0.00009660000,3.48000,1.32000
 0.00009663999,3.48000,1.32000
 0.00009668000,3.48000,1.32000
 0.00009671999,3.48000,1.36000
 0.00009676000,3.48000,1.32000
 0.00009680000,3.48000,1.32000
 0.00009684000,3.48000,1.32000
 0.00009688000,3.48000,1.32000
 0.00009692000,3.48000,1.32000
 0.00009696000,3.48000,1.32000
 0.00009699999,3.48000,1.32000
 0.00009704000,3.48000,1.32000
 0.00009708000,3.48000,1.32000
 0.00009712000,3.48000,1.32000
 0.00009716000,3.52000,1.36000
 0.00009720000,3.48000,1.32000
 0.00009724000,3.48000,1.36000
 0.00009728000,3.48000,1.28000
 0.00009732000,3.48000,1.28000
 0.00009735999,3.48000,1.32000
 0.00009740000,3.48000,1.32000
 0.00009744000,3.48000,1.32000
 0.00009748000,3.48000,1.32000
 0.00009752000,3.48000,1.32000
 0.00009756000,3.48000,1.32000
 0.00009760000,3.48000,1.32000
 0.00009764000,3.52000,1.36000
 0.00009768000,3.44000,1.28000
 0.00009771999,3.48000,1.32000
 0.00009776000,3.48000,1.32000
 0.00009780000,3.48000,1.32000
 0.00009784000,3.48000,1.32000
 0.00009788000,3.52000,1.32000
 0.00009792000,3.48000,1.28000
 0.00009796000,3.48000,1.32000
 0.00009799999,3.48000,1.32000
 0.00009804000,3.48000,1.32000
 0.00009807999,3.48000,1.36000
 0.00009812000,3.60000,1.44000
 0.00009816000,3.52000,1.40000
 0.00009820000,3.36000,1.28000
 0.00009824000,3.40000,1.24000
 0.00009828000,3.44000,1.28000
 0.00009832000,3.48000,1.36000
 0.00009835999,3.48000,1.36000
 0.00009840000,3.44000,1.32000
 0.00009843999,3.48000,1.28000
 0.00009848000,3.48000,1.28000
 0.00009852000,3.48000,1.32000
 0.00009856000,3.48000,1.32000
 0.00009860000,3.48000,1.32000
 0.00009864000,3.48000,1.32000
 0.00009868000,3.48000,1.28000
 0.00009871999,3.48000,1.28000
 0.00009876000,3.48000,1.32000
 0.00009880000,3.48000,1.32000
 0.00009884000,3.52000,1.36000
 0.00009888000,3.48000,1.36000
 0.00009892000,3.44000,1.32000
 0.00009896000,3.44000,1.28000
 0.00009900000,3.48000,1.28000
 0.00009904000,3.48000,1.32000
 0.00009907999,3.48000,1.32000
 0.00009912000,3.40000,1.32000
 0.00009916000,3.72000,1.56000
 0.00009920000,3.24000,1.12000
 0.00009924000,3.64000,1.48000
 0.00009928000,3.40000,1.28000
 0.00009932000,3.36000,1.16000
 0.00009936000,3.48000,1.44000
 0.00009940000,3.60000,1.36000
 0.00009943999,3.32000,1.24000
 0.00009948000,3.64000,1.48000
 0.00009952000,3.36000,1.24000
 0.00009956000,3.40000,1.24000
 0.00009960000,3.56000,1.44000
 0.00009964000,3.44000,1.24000
 0.00009968000,3.52000,1.40000
 0.00009971999,3.52000,1.36000
 0.00009976000,3.48000,1.32000
 0.00009979999,3.40000,1.28000
 0.00009984000,3.48000,1.36000
 0.00009988000,3.44000,1.28000
 0.00009992000,3.52000,1.32000
 0.00009996000,3.48000,1.36000
 0.00010000000,3.52000,1.28000
 0.00010004000,3.44000,1.28000
 0.00010007999,3.52000,1.36000
 0.00010012000,3.48000,1.28000
 0.00010015999,3.44000,1.28000
 0.00010020000,3.52000,1.36000
 0.00010024000,3.48000,1.32000
 0.00010028000,3.48000,1.32000
 0.00010032000,3.48000,1.32000
 0.00010036000,3.48000,1.36000
 0.00010040000,3.40000,1.24000
 0.00010043999,3.48000,1.36000
 0.00010048000,3.48000,1.28000
 0.00010052000,3.48000,1.32000
 0.00010056000,3.48000,1.32000
 0.00010060000,3.52000,1.32000
 0.00010064000,3.48000,1.28000
 0.00010068000,3.48000,1.32000
 0.00010072000,3.48000,1.32000
 0.00010076000,3.48000,1.32000
 0.00010079999,3.48000,1.32000
 0.00010084000,3.48000,1.32000
 0.00010088000,3.48000,1.32000
 0.00010092000,3.48000,1.32000
 0.00010096000,3.48000,1.32000
 0.00010100000,3.48000,1.28000
 0.00010104000,3.48000,1.36000
 0.00010108000,3.44000,1.28000
 0.00010112000,3.52000,1.36000
 0.00010115999,3.44000,1.24000
 0.00010120000,3.60000,1.40000
 0.00010124000,3.48000,1.36000
 0.00010128000,3.48000,1.44000
 0.00010132000,3.32000,1.24000
 0.00010136000,3.48000,1.32000
 0.00010140000,3.48000,1.32000
 0.00010143999,3.48000,1.36000
 0.00010148000,3.48000,1.32000
 0.00010151999,3.44000,1.28000
 0.00010156000,3.44000,1.28000
 0.00010160000,3.48000,1.28000
 0.00010164000,3.48000,1.28000
 0.00010168000,3.48000,1.36000
 0.00010172000,3.48000,1.32000
 0.00010176000,3.44000,1.28000
 0.00010179999,3.48000,1.28000
 0.00010184000,3.48000,1.32000
 0.00010187999,3.48000,1.36000
 0.00010192000,3.44000,1.28000
 0.00010196000,3.44000,1.24000
 0.00010200000,3.52000,1.32000
 0.00010204000,3.48000,1.28000
 0.00010208000,3.48000,1.32000
 0.00010212000,3.48000,1.32000
 0.00010215999,3.44000,1.28000
 0.00010220000,3.52000,1.36000
 0.00010224000,3.48000,1.32000
 0.00010228000,3.52000,1.32000
 0.00010232000,3.48000,1.32000
 0.00010236000,3.44000,1.28000
 0.00010240000,3.48000,1.32000
 0.00010244000,3.52000,1.36000
 0.00010248000,3.48000,1.32000
 0.00010251999,3.48000,1.28000
 0.00010256000,3.48000,1.32000
 0.00010260000,3.48000,1.32000
 0.00010264000,3.48000,1.32000
 0.00010268000,3.48000,1.32000
 0.00010272000,3.48000,1.28000
 0.00010276000,3.44000,1.28000
 0.00010280000,3.48000,1.36000
 0.00010284000,3.48000,1.28000
 0.00010287999,3.48000,1.36000
 0.00010292000,3.48000,1.32000
 0.00010296000,3.48000,1.32000
 0.00010300000,3.48000,1.32000
 0.00010304000,3.48000,1.32000
 0.00010308000,3.44000,1.28000
 0.00010312000,3.48000,1.32000
 0.00010315999,3.52000,1.36000
 0.00010320000,3.44000,1.28000
 0.00010323999,3.48000,1.36000
 0.00010328000,3.48000,1.32000
 0.00010332000,3.44000,1.28000
 0.00010336000,3.48000,1.32000
 0.00010340000,3.48000,1.32000
 0.00010344000,3.48000,1.32000
 0.00010348000,3.52000,1.36000
 0.00010351999,3.48000,1.28000
 0.00010356000,3.40000,1.28000
 0.00010359999,3.56000,1.40000
 0.00010364000,3.44000,1.24000
 0.00010368000,3.48000,1.32000
 0.00010372000,3.52000,1.36000
 0.00010376000,3.44000,1.28000
 0.00010380000,3.52000,1.36000
 0.00010384000,3.44000,1.28000
 0.00010387999,3.48000,1.36000
 0.00010392000,3.48000,1.36000
 0.00010396000,3.44000,1.28000
 0.00010400000,3.48000,1.36000
 0.00010404000,3.48000,1.32000
 0.00010408000,3.40000,1.28000
 0.00010412000,3.48000,1.36000
 0.00010416000,3.48000,1.28000
 0.00010420000,3.52000,1.32000
 0.00010423999,3.56000,1.32000
 0.00010428000,3.56000,1.44000
 0.00010432000,3.40000,1.36000
 0.00010436000,3.36000,1.24000
 0.00010440000,3.48000,1.28000
 0.00010444000,3.48000,1.32000
 0.00010448000,3.48000,1.36000
 0.00010452000,3.48000,1.36000
 0.00010456000,3.40000,1.28000
 0.00010459999,3.48000,1.32000
 0.00010464000,3.52000,1.32000
 0.00010468000,3.44000,1.32000
 0.00010472000,3.52000,1.36000
 0.00010476000,3.44000,1.28000
 0.00010480000,3.44000,1.28000
 0.00010484000,3.48000,1.32000
 0.00010488000,3.44000,1.44000
 0.00010492000,2.68000,2.08000
 0.00010496000,2.36000,2.20000
 0.00010500000,2.60000,2.24000
 0.00010504000,2.56000,2.32000
 0.00010508000,2.40000,2.28000
 0.00010512000,2.40000,2.28000
 0.00010516000,2.48000,2.32000
 0.00010520000,2.44000,2.28000
 0.00010524000,2.40000,2.28000
 0.00010528000,2.44000,2.28000
 0.00010532000,2.48000,2.32000
 0.00010536000,2.40000,2.28000
 0.00010540000,2.40000,2.28000
 0.00010544000,2.44000,2.32000
 0.00010548000,2.48000,2.32000
 0.00010552000,2.40000,2.32000
 0.00010556000,2.40000,2.28000
 0.00010560000,2.44000,2.32000
 0.00010564000,2.44000,2.32000
 0.00010568000,2.40000,2.28000
 0.00010572000,2.44000,2.32000
 0.00010576000,2.44000,2.32000
 0.00010580000,2.44000,2.32000
 0.00010584000,2.44000,2.32000
 0.00010588000,2.44000,2.32000
 0.00010592000,2.48000,2.32000
 0.00010596000,2.40000,2.28000
 0.00010600000,2.44000,2.32000
 0.00010604000,2.44000,2.28000
 0.00010608000,2.44000,2.32000
 0.00010612000,2.44000,2.32000
 0.00010616000,2.44000,2.32000
 0.00010620000,2.44000,2.32000
 0.00010624000,2.44000,2.28000
 0.00010628000,2.44000,2.28000
 0.00010632000,2.44000,2.32000
 0.00010636000,2.44000,2.32000
 0.00010640000,2.44000,2.32000
 0.00010644000,2.44000,2.28000
 0.00010648000,2.44000,2.32000
 0.00010652000,2.48000,2.32000
 0.00010656000,2.44000,2.32000
 0.00010660000,2.44000,2.32000
 0.00010664000,2.44000,2.32000
 0.00010668000,2.48000,2.32000
 0.00010672000,2.44000,2.32000
 0.00010676000,2.44000,2.32000
 0.00010680000,2.44000,2.32000
 0.00010684000,2.44000,2.32000
 0.00010688000,2.44000,2.32000
 0.00010692000,2.44000,2.32000
 0.00010696000,2.44000,2.32000
 0.00010700000,2.44000,2.32000
 0.00010704000,2.44000,2.32000
 0.00010708000,2.44000,2.32000
 0.00010712000,2.44000,2.32000
 0.00010716000,2.44000,2.32000
 0.00010720000,2.48000,2.32000
 0.00010724000,2.44000,2.32000
 0.00010728000,2.48000,2.44000
 0.00010732000,2.36000,2.28000
 0.00010736000,2.36000,2.20000
 0.00010740000,2.48000,2.28000
 0.00010744000,2.52000,2.32000
 0.00010748000,2.44000,2.32000
 0.00010752000,2.44000,2.32000
 0.00010756000,2.44000,2.28000
 0.00010760000,2.48000,2.32000
 0.00010764000,2.52000,2.36000
 0.00010768000,2.48000,2.32000
 0.00010772000,2.44000,2.32000
 0.00010776000,2.44000,2.32000
 0.00010780000,2.44000,2.32000
 0.00010784000,2.48000,2.32000
 0.00010788000,2.48000,2.32000
 0.00010792000,2.44000,2.32000
 0.00010796000,2.44000,2.32000
 0.00010800000,2.48000,2.32000
 0.00010804000,2.48000,2.36000
 0.00010808000,2.48000,2.32000
 0.00010812000,2.40000,2.32000
 0.00010816000,2.44000,2.28000
 0.00010820000,2.48000,2.32000
 0.00010824000,2.44000,2.32000
 0.00010828000,2.44000,2.32000
 0.00010832000,2.44000,2.32000
 0.00010836000,2.44000,2.32000
 0.00010840000,2.48000,2.32000
 0.00010844000,2.48000,2.32000
 0.00010848000,2.32000,2.20000
 0.00010852000,2.72000,2.64000
 0.00010856000,2.24000,2.08000
 0.00010860000,2.48000,2.44000
 0.00010864000,2.44000,2.24000
 0.00010868000,2.52000,2.32000
 0.00010872000,2.32000,2.24000
 0.00010876000,2.72000,2.64000
 0.00010880000,2.16000,2.08000
 0.00010884000,2.68000,2.56000
 0.00010888000,2.40000,2.24000
 0.00010892000,2.44000,2.28000
 0.00010896000,2.44000,2.36000
 0.00010900000,2.52000,2.32000
 0.00010904000,2.36000,2.28000
 0.00010908000,2.60000,2.44000
 0.00010912000,2.44000,2.32000
 0.00010916000,2.48000,2.32000
 0.00010920000,2.48000,2.36000
 0.00010924000,2.44000,2.32000
 0.00010928000,2.48000,2.32000
 0.00010932000,2.52000,2.36000
 0.00010936000,2.48000,2.36000
 0.00010940000,2.44000,2.32000
 0.00010944000,2.48000,2.36000
 0.00010948000,2.44000,2.32000
 0.00010952000,2.44000,2.32000
 0.00010956000,2.48000,2.36000
 0.00010960000,2.48000,2.32000
 0.00010964000,2.44000,2.32000
 0.00010968000,2.52000,2.36000
 0.00010972000,2.48000,2.32000
 0.00010976000,2.44000,2.32000
 0.00010980000,2.48000,2.36000
 0.00010984000,2.48000,2.32000
 0.00010988000,2.48000,2.32000
 0.00010992000,2.48000,2.36000
 0.00010996000,2.48000,2.32000
 0.00011000000,2.48000,2.32000
 0.00011004000,2.48000,2.32000
 0.00011008000,2.48000,2.32000
 0.00011012000,2.48000,2.36000
 0.00011016000,2.48000,2.36000
 0.00011020000,2.48000,2.36000
 0.00011024000,2.48000,2.36000
 0.00011028000,2.48000,2.32000
 0.00011032000,2.40000,2.28000
 0.00011036000,2.40000,2.24000
 0.00011040000,2.52000,2.36000
 0.00011044000,2.56000,2.44000
 0.00011048000,2.52000,2.44000
 0.00011052000,2.48000,2.32000
 0.00011056000,2.44000,2.28000
 0.00011060000,2.48000,2.32000
 0.00011064000,2.52000,2.36000
 0.00011068000,2.44000,2.36000
 0.00011072000,2.44000,2.32000
 0.00011076000,2.48000,2.32000
 0.00011080000,2.48000,2.32000
 0.00011084000,2.52000,2.36000
 0.00011088000,2.48000,2.32000
 0.00011092000,2.48000,2.32000
 0.00011096000,2.48000,2.32000
 0.00011100000,2.52000,2.36000
 0.00011104000,2.44000,2.32000
 0.00011108000,2.52000,2.44000
 0.00011112000,2.40000,2.24000
 0.00011116000,2.48000,2.32000
 0.00011120000,2.56000,2.40000
 0.00011124000,2.44000,2.32000
 0.00011128000,2.48000,2.40000
 0.00011132000,2.44000,2.32000
 0.00011136000,2.48000,2.32000
 0.00011140000,2.52000,2.40000
 0.00011144000,2.48000,2.32000
 0.00011148000,2.48000,2.32000
 0.00011152000,2.52000,2.40000
 0.00011156000,2.48000,2.32000
 0.00011160000,2.44000,2.32000
 0.00011164000,2.52000,2.44000
 0.00011168000,2.48000,2.32000
 0.00011172000,2.48000,2.36000
 0.00011176000,2.48000,2.36000
 0.00011180000,2.48000,2.32000
 0.00011184000,2.48000,2.36000
 0.00011188000,2.52000,2.40000
 0.00011192000,2.48000,2.32000
 0.00011196000,2.48000,2.36000
 0.00011200000,2.48000,2.36000
 0.00011204000,2.48000,2.32000
 0.00011208000,2.52000,2.36000
 0.00011212000,2.52000,2.36000
 0.00011216000,2.48000,2.32000
 0.00011220000,2.48000,2.32000
 0.00011224000,2.52000,2.36000
 0.00011228000,2.48000,2.32000
 0.00011232000,2.48000,2.36000
 0.00011236000,2.52000,2.36000
 0.00011240000,2.48000,2.32000
 0.00011244000,2.52000,2.36000
 0.00011248000,2.52000,2.32000
 0.00011252000,2.48000,2.36000
 0.00011256000,2.52000,2.36000
 0.00011260000,2.52000,2.36000
 0.00011264000,2.44000,2.32000
 0.00011268000,2.52000,2.40000
 0.00011272000,2.48000,2.32000
 0.00011276000,2.48000,2.32000
 0.00011280000,2.48000,2.32000
 0.00011284000,2.52000,2.36000
 0.00011288000,2.52000,2.32000
 0.00011292000,2.52000,2.40000
 0.00011296000,2.48000,2.32000
 0.00011300000,2.48000,2.36000
 0.00011304000,2.52000,2.36000
 0.00011308000,2.48000,2.32000
 0.00011312000,2.48000,2.36000
 0.00011316000,2.48000,2.36000
 0.00011320000,2.48000,2.36000
 0.00011324000,2.48000,2.32000
 0.00011328000,2.48000,2.36000
 0.00011332000,2.48000,2.36000
 0.00011336000,2.52000,2.32000
 0.00011340000,2.56000,2.36000
 0.00011344000,2.56000,2.44000
 0.00011348000,2.48000,2.44000
 0.00011352000,2.40000,2.32000
 0.00011356000,2.44000,2.28000
 0.00011360000,2.52000,2.36000
 0.00011364000,2.52000,2.40000
 0.00011368000,2.48000,2.40000
 0.00011372000,2.48000,2.32000
 0.00011376000,2.52000,2.32000
 0.00011380000,2.52000,2.36000
 0.00011384000,2.52000,2.36000
 0.00011388000,2.52000,2.40000
 0.00011392000,2.44000,2.32000
 0.00011396000,2.52000,2.40000
 0.00011400000,2.48000,2.32000
 0.00011404000,2.52000,2.44000
 0.00011408000,2.48000,2.32000
 0.00011412000,2.44000,2.36000
 0.00011416000,2.48000,2.32000
 0.00011420000,2.52000,2.36000
 0.00011424000,2.56000,2.40000
 0.00011428000,2.52000,2.36000
 0.00011432000,2.48000,2.36000
 0.00011436000,2.48000,2.32000
 0.00011440000,2.52000,2.40000
 0.00011444000,2.48000,2.36000
 0.00011448000,2.52000,2.40000
 0.00011452000,2.48000,2.32000
 0.00011456000,2.52000,2.36000
 0.00011460000,2.52000,2.36000
 0.00011464000,2.52000,2.36000
 0.00011468000,2.52000,2.40000
 0.00011472000,2.48000,2.36000
 0.00011476000,2.48000,2.36000
 0.00011480000,2.48000,2.36000
 0.00011484000,2.48000,2.40000
 0.00011488000,2.48000,2.32000
 0.00011492000,2.52000,2.36000
 0.00011496000,2.48000,2.36000
 0.00011500000,2.52000,2.40000
 0.00011504000,2.48000,2.36000
 0.00011508000,2.52000,2.36000
 0.00011512000,2.52000,2.36000
 0.00011516000,2.52000,2.40000
 0.00011520000,2.52000,2.32000
 0.00011524000,2.52000,2.36000
 0.00011528000,2.52000,2.36000
 0.00011532000,2.52000,2.36000
 0.00011536000,2.48000,2.36000
 0.00011540000,2.52000,2.36000
 0.00011544000,2.52000,2.36000
 0.00011548000,2.52000,2.36000
 0.00011552000,2.48000,2.36000
 0.00011556000,2.52000,2.36000
 0.00011560000,2.48000,2.36000
 0.00011564000,2.52000,2.36000
 0.00011568000,2.48000,2.36000
 0.00011572000,2.52000,2.36000
 0.00011576000,2.52000,2.36000
 0.00011580000,2.52000,2.36000
 0.00011584000,2.52000,2.36000
 0.00011588000,2.52000,2.32000
 0.00011592000,2.52000,2.40000
 0.00011596000,2.52000,2.36000
 0.00011600000,2.52000,2.36000
 0.00011604000,2.52000,2.36000
 0.00011608000,2.52000,2.36000
 0.00011612000,2.52000,2.40000
 0.00011616000,2.48000,2.40000
 0.00011620000,2.52000,2.40000
 0.00011624000,2.48000,2.36000
 0.00011628000,2.52000,2.36000
 0.00011632000,2.52000,2.36000
 0.00011636000,2.52000,2.36000
 0.00011640000,2.52000,2.40000
 0.00011644000,2.64000,2.44000
 0.00011648000,2.56000,2.48000
 0.00011652000,2.40000,2.32000
 0.00011656000,2.40000,2.28000
 0.00011660000,2.52000,2.32000
 0.00011664000,2.52000,2.44000
 0.00011668000,2.52000,2.44000
 0.00011672000,2.48000,2.36000
 0.00011676000,2.48000,2.32000
 0.00011680000,2.52000,2.36000
 0.00011684000,2.56000,2.36000
 0.00011688000,2.52000,2.36000
 0.00011692000,2.52000,2.44000
 0.00011696000,2.52000,2.36000
 0.00011700000,2.48000,2.32000
 0.00011704000,2.52000,2.36000
 0.00011708000,2.52000,2.36000
 0.00011712000,2.52000,2.40000
 0.00011716000,2.56000,2.40000
 0.00011720000,2.56000,2.44000
 0.00011724000,2.52000,2.40000
 0.00011728000,2.48000,2.36000
 0.00011732000,2.48000,2.32000
 0.00011736000,2.48000,2.36000
 0.00011740000,2.52000,2.40000
 0.00011744000,2.52000,2.36000
 0.00011748000,2.48000,2.36000
 0.00011752000,2.48000,2.36000
 0.00011756000,2.52000,2.36000
 0.00011760000,2.56000,2.40000
 0.00011764000,2.52000,2.40000
 0.00011768000,2.48000,2.36000
 0.00011772000,2.52000,2.36000
 0.00011776000,2.48000,2.36000
 0.00011780000,2.52000,2.40000
 0.00011784000,2.52000,2.32000
 0.00011788000,2.52000,2.48000
 0.00011792000,2.72000,2.48000
 0.00011796000,2.36000,2.24000
 0.00011800000,2.68000,2.52000
 0.00011804000,2.48000,2.36000
 0.00011808000,2.36000,2.20000
 0.00011812000,2.68000,2.64000
 0.00011816000,2.48000,2.24000
 0.00011820000,2.48000,2.44000
 0.00011824000,2.64000,2.48000
 0.00011828000,2.40000,2.32000
 0.00011832000,2.48000,2.28000
 0.00011836000,2.60000,2.48000
 0.00011840000,2.44000,2.28000
 0.00011844000,2.56000,2.48000
 0.00011848000,2.52000,2.40000
 0.00011852000,2.52000,2.36000
 0.00011856000,2.48000,2.32000
 0.00011860000,2.56000,2.44000
 0.00011864000,2.48000,2.32000
 0.00011868000,2.52000,2.40000
 0.00011872000,2.56000,2.44000
 0.00011876000,2.52000,2.32000
 0.00011880000,2.52000,2.40000
 0.00011884000,2.52000,2.40000
 0.00011888000,2.48000,2.32000
 0.00011892000,2.52000,2.40000
 0.00011896000,2.56000,2.44000
 0.00011900000,2.48000,2.36000
 0.00011904000,2.52000,2.44000
 0.00011908000,2.52000,2.36000
 0.00011912000,2.48000,2.32000
 0.00011916000,2.52000,2.40000
 0.00011920000,2.52000,2.44000
 0.00011924000,2.52000,2.36000
 0.00011928000,2.52000,2.40000
 0.00011932000,2.52000,2.40000
 0.00011936000,2.52000,2.44000
 0.00011940000,2.52000,2.40000
 0.00011944000,2.52000,2.36000
 0.00011948000,2.44000,2.32000
 0.00011952000,2.48000,2.28000
 0.00011956000,2.64000,2.48000
 0.00011960000,2.64000,2.48000
 0.00011964000,2.52000,2.44000
 0.00011968000,2.48000,2.36000
 0.00011972000,2.52000,2.32000
 0.00011976000,2.52000,2.40000
 0.00011980000,2.56000,2.44000
 0.00011984000,2.48000,2.36000
 0.00011988000,2.48000,2.36000
 0.00011992000,2.52000,2.36000
 0.00011996000,2.48000,2.32000
 0.00012000000,2.52000,2.44000
 0.00012004000,2.52000,2.40000
 0.00012008000,2.52000,2.40000
 0.00012012000,2.52000,2.44000
 0.00012016000,2.52000,2.40000
 0.00012020000,2.52000,2.40000
 0.00012024000,2.52000,2.44000
 0.00012028000,2.44000,2.32000
 0.00012032000,2.52000,2.32000
 0.00012036000,2.56000,2.40000
 0.00012040000,2.56000,2.40000
 0.00012044000,2.52000,2.40000
 0.00012048000,2.52000,2.40000
 0.00012052000,2.52000,2.40000
 0.00012056000,2.56000,2.44000
 0.00012060000,2.52000,2.40000
 0.00012064000,2.52000,2.40000
 0.00012068000,2.48000,2.36000
 0.00012072000,2.52000,2.44000
 0.00012076000,2.52000,2.40000
 0.00012080000,2.52000,2.40000
 0.00012084000,2.52000,2.40000
 0.00012088000,2.52000,2.40000
 0.00012092000,2.52000,2.40000
 0.00012096000,2.52000,2.40000
 0.00012100000,2.52000,2.36000
 0.00012104000,2.52000,2.40000
 0.00012108000,2.52000,2.40000
 0.00012112000,2.52000,2.36000
 0.00012116000,2.52000,2.44000
 0.00012120000,2.56000,2.40000
 0.00012124000,2.48000,2.40000
 0.00012128000,2.48000,2.32000
 0.00012132000,2.52000,2.44000
 0.00012136000,2.56000,2.44000
 0.00012140000,2.52000,2.36000
 0.00012144000,2.52000,2.40000
 0.00012148000,2.52000,2.36000
 0.00012152000,2.56000,2.44000
 0.00012156000,2.52000,2.32000
 0.00012160000,2.52000,2.40000
 0.00012164000,2.52000,2.40000
 0.00012168000,2.56000,2.44000
 0.00012172000,2.52000,2.36000
 0.00012176000,2.56000,2.44000
 0.00012180000,2.52000,2.40000
 0.00012184000,2.52000,2.44000
 0.00012188000,2.52000,2.40000
 0.00012192000,2.52000,2.40000
 0.00012196000,2.56000,2.44000
 0.00012200000,2.52000,2.36000
 0.00012204000,2.56000,2.44000
 0.00012208001,2.52000,2.40000
 0.00012211999,2.56000,2.40000
 0.00012215999,2.52000,2.36000
 0.00012220000,2.52000,2.40000
 0.00012224000,2.56000,2.44000
 0.00012228001,2.52000,2.40000
 0.00012231999,2.56000,2.44000
 0.00012236000,2.52000,2.40000
 0.00012240000,2.52000,2.40000
 0.00012244001,2.52000,2.40000
 0.00012247999,2.56000,2.44000
 0.00012251999,2.52000,2.32000
 0.00012256000,2.52000,2.36000
 0.00012260000,2.64000,2.48000
 0.00012264001,2.56000,2.48000
 0.00012267999,2.52000,2.44000
 0.00012272000,2.48000,2.32000
 0.00012276000,2.52000,2.36000
 0.00012280000,2.56000,2.44000
 0.00012283999,2.56000,2.44000
 0.00012287999,2.48000,2.36000
 0.00012292000,2.52000,2.40000
 0.00012296000,2.48000,2.36000
 0.00012300001,2.56000,2.40000
 0.00012303999,2.52000,2.44000
 0.00012308000,2.56000,2.44000
 0.00012312000,2.52000,2.40000
 0.00012316000,2.52000,2.40000
 0.00012319999,2.56000,2.40000
 0.00012323999,2.52000,2.40000
 0.00012328000,2.48000,2.36000
 0.00012332000,2.52000,2.40000
 0.00012336001,2.56000,2.44000
 0.00012339999,2.56000,2.44000
 0.00012344000,2.52000,2.44000
 0.00012348000,2.52000,2.36000
 0.00012352000,2.52000,2.40000
 0.00012355999,2.56000,2.44000
 0.00012359999,2.52000,2.44000
 0.00012364000,2.52000,2.44000
 0.00012368000,2.52000,2.40000
 0.00012372001,2.52000,2.40000
 0.00012375999,2.56000,2.44000
 0.00012380000,2.52000,2.44000
 0.00012384000,2.52000,2.40000
 0.00012388000,2.52000,2.44000
 0.00012392001,2.52000,2.40000
 0.00012395999,2.52000,2.44000
 0.00012400000,2.56000,2.40000
 0.00012404000,2.56000,2.40000
 0.00012408001,2.52000,2.44000
 0.00012411999,2.52000,2.40000
 0.00012416000,2.52000,2.40000
 0.00012420000,2.52000,2.40000
 0.00012424000,2.56000,2.44000
 0.00012428001,2.52000,2.44000
 0.00012431999,2.56000,2.44000
 0.00012436000,2.52000,2.40000
 0.00012440000,2.52000,2.40000
 0.00012444001,2.56000,2.44000
 0.00012447999,2.52000,2.44000
 0.00012452000,2.52000,2.40000
 0.00012456000,2.52000,2.44000
 0.00012460000,2.52000,2.44000
 0.00012464001,2.52000,2.40000
 0.00012467999,2.52000,2.44000
 0.00012472000,2.52000,2.40000
 0.00012476000,2.56000,2.44000
 0.00012480001,2.52000,2.40000
 0.00012483999,2.56000,2.40000
 0.00012488000,2.52000,2.40000
 0.00012492000,2.52000,2.40000
 0.00012496000,2.52000,2.44000
 0.00012500001,2.52000,2.44000
 0.00012503999,2.52000,2.44000
 0.00012508000,2.56000,2.44000
 0.00012512000,2.56000,2.44000
 0.00012516001,2.52000,2.40000
 0.00012519999,2.52000,2.40000
 0.00012524000,2.52000,2.44000
 0.00012528000,2.52000,2.44000
 0.00012532000,2.52000,2.44000
 0.00012536001,2.52000,2.44000
 0.00012539999,2.52000,2.40000
 0.00012544000,2.56000,2.44000
 0.00012548000,2.52000,2.40000
 0.00012552001,2.56000,2.44000
 0.00012555999,2.56000,2.44000
 0.00012559999,2.64000,2.48000
 0.00012564000,2.52000,2.44000
 0.00012568000,2.40000,2.32000
 0.00012572001,2.48000,2.28000
 0.00012575999,2.56000,2.40000
 0.00012580000,2.56000,2.44000
 0.00012584000,2.52000,2.44000
 0.00012588001,2.48000,2.40000
 0.00012591999,2.52000,2.36000
 0.00012595999,2.56000,2.44000
 0.00012600000,2.56000,2.44000
 0.00012604000,2.56000,2.44000
 0.00012608001,2.52000,2.44000
 0.00012611999,2.52000,2.40000
 0.00012616000,2.56000,2.40000
 0.00012620000,2.56000,2.44000
 0.00012624000,2.52000,2.44000
 0.00012627999,2.52000,2.44000
 0.00012631999,2.56000,2.40000
 0.00012636000,2.60000,2.44000
 0.00012640000,2.52000,2.44000
 0.00012644001,2.52000,2.40000
 0.00012647999,2.48000,2.36000
 0.00012652000,2.52000,2.40000
 0.00012656000,2.56000,2.44000
 0.00012660000,2.56000,2.44000
 0.00012663999,2.52000,2.40000
 0.00012667999,2.52000,2.40000
 0.00012672000,2.56000,2.44000
 0.00012676000,2.56000,2.40000
 0.00012680001,2.52000,2.44000
 0.00012683999,2.56000,2.44000
 0.00012688000,2.52000,2.40000
 0.00012692000,2.56000,2.44000
 0.00012696000,2.56000,2.44000
 0.00012699999,2.52000,2.40000
 0.00012703999,2.56000,2.44000
 0.00012708000,2.56000,2.44000
 0.00012712000,2.52000,2.40000
 0.00012716001,2.56000,2.44000
 0.00012719999,2.56000,2.44000
 0.00012724000,2.40000,2.24000
 0.00012728000,2.76000,2.72000
 0.00012732000,2.36000,2.20000
 0.00012736001,2.52000,2.44000
 0.00012739999,2.52000,2.32000
 0.00012744000,2.56000,2.40000
 0.00012748000,2.40000,2.28000
 0.00012752001,2.84000,2.72000
 0.00012755999,2.28000,2.20000
 0.00012760000,2.76000,2.68000
 0.00012764000,2.48000,2.32000
 0.00012768000,2.48000,2.36000
 0.00012772001,2.48000,2.40000
 0.00012775999,2.68000,2.48000
 0.00012780000,2.40000,2.32000
 0.00012784000,2.68000,2.52000
 0.00012788001,2.52000,2.40000
 0.00012791999,2.52000,2.36000
 0.00012796000,2.56000,2.48000
 0.00012800000,2.52000,2.36000
 0.00012804000,2.52000,2.40000
 0.00012808001,2.56000,2.44000
 0.00012811999,2.56000,2.44000
 0.00012816000,2.52000,2.40000
 0.00012820000,2.56000,2.44000
 0.00012824001,2.52000,2.40000
 0.00012827999,2.56000,2.44000
 0.00012832000,2.56000,2.44000
 0.00012836000,2.56000,2.44000
 0.00012840000,2.52000,2.44000
 0.00012844001,2.56000,2.44000
 0.00012847999,2.52000,2.44000
 0.00012852000,2.52000,2.40000
 0.00012856000,2.52000,2.44000
 0.00012860001,2.56000,2.44000
 0.00012863999,2.56000,2.48000
 0.00012868000,2.44000,2.32000
 0.00012872000,2.52000,2.32000
 0.00012876000,2.60000,2.36000
 0.00012880001,2.60000,2.44000
 0.00012883999,2.52000,2.44000
 0.00012888000,2.48000,2.36000
 0.00012892000,2.52000,2.36000
 0.00012896001,2.56000,2.44000
 0.00012899999,2.56000,2.44000
 0.00012903999,2.56000,2.44000
 0.00012908000,2.52000,2.44000
 0.00012912000,2.52000,2.40000
 0.00012916001,2.56000,2.44000
 0.00012919999,2.56000,2.44000
 0.00012924000,2.56000,2.44000
 0.00012928000,2.56000,2.44000
 0.00012932001,2.56000,2.40000
 0.00012935999,2.52000,2.44000
 0.00012939999,2.52000,2.44000
 0.00012944000,2.52000,2.36000
 0.00012948000,2.52000,2.36000
 0.00012952001,2.56000,2.40000
 0.00012955999,2.56000,2.44000
 0.00012960000,2.52000,2.44000
 0.00012964000,2.52000,2.40000
 0.00012968000,2.52000,2.40000
 0.00012971999,2.56000,2.44000
 0.00012975999,2.56000,2.44000
 0.00012980000,2.56000,2.44000
 0.00012984000,2.56000,2.40000
 0.00012988001,2.52000,2.44000
 0.00012991999,2.56000,2.40000
 0.00012996000,2.52000,2.44000
 0.00013000000,2.52000,2.44000
 0.00013004000,2.56000,2.44000
 0.00013007999,2.56000,2.44000
 0.00013011999,2.52000,2.44000
 0.00013016000,2.56000,2.44000
 0.00013020000,2.56000,2.44000
 0.00013024001,2.52000,2.40000
 0.00013027999,2.56000,2.44000
 0.00013032000,2.52000,2.40000
 0.00013036000,2.56000,2.44000
 0.00013040000,2.52000,2.44000
 0.00013043999,2.52000,2.44000
 0.00013047999,2.56000,2.44000
 0.00013052000,2.56000,2.44000
 0.00013056000,2.52000,2.44000
 0.00013060001,2.56000,2.44000
 0.00013063999,2.56000,2.44000
 0.00013068000,2.56000,2.44000
 0.00013072000,2.56000,2.44000
 0.00013076000,2.56000,2.40000
 0.00013080001,2.52000,2.40000
 0.00013083999,2.56000,2.44000
 0.00013088000,2.56000,2.44000
 0.00013092000,2.56000,2.44000
 0.00013096001,2.96000,1.88000
 0.00013099999,3.56000,1.40000
 0.00013104000,3.44000,1.28000
 0.00013108000,3.40000,1.28000
 0.00013112000,3.48000,1.36000
 0.00013116000,3.52000,1.36000
 0.00013120000,3.44000,1.28000
 0.00013124000,3.48000,1.32000
 0.00013128000,3.48000,1.28000
 0.00013132000,3.48000,1.36000
 0.00013136000,3.48000,1.28000
 0.00013140000,3.48000,1.36000
 0.00013144000,3.48000,1.28000
 0.00013148000,3.52000,1.36000
 0.00013152000,3.48000,1.28000
 0.00013156000,3.48000,1.32000
 0.00013160000,3.48000,1.32000
 0.00013164000,3.48000,1.32000
 0.00013168000,3.52000,1.28000
 0.00013172000,3.52000,1.28000
 0.00013176000,3.56000,1.44000
 0.00013180000,3.48000,1.40000
 0.00013184000,3.44000,1.28000
 0.00013188000,3.44000,1.28000
 0.00013192000,3.52000,1.32000
 0.00013196000,3.52000,1.36000
 0.00013200000,3.48000,1.32000
 0.00013204000,3.44000,1.28000
 0.00013208000,3.48000,1.28000
 0.00013212000,3.48000,1.28000
 0.00013216000,3.52000,1.32000
 0.00013220000,3.48000,1.32000
 0.00013224000,3.48000,1.32000
 0.00013228000,3.44000,1.28000
 0.00013232000,3.52000,1.28000
 0.00013236000,3.48000,1.28000
 0.00013240000,3.52000,1.36000
 0.00013244000,3.44000,1.28000
 0.00013248000,3.48000,1.28000
 0.00013252000,3.60000,1.40000
 0.00013256000,3.48000,1.28000
 0.00013260000,3.56000,1.40000
 0.00013264000,3.48000,1.28000
 0.00013268000,3.48000,1.28000
 0.00013272000,3.52000,1.36000
 0.00013276000,3.48000,1.32000
 0.00013280000,3.48000,1.32000
 0.00013284000,3.48000,1.32000
 0.00013288000,3.48000,1.28000
 0.00013292000,3.52000,1.28000
 0.00013296000,3.52000,1.36000
 0.00013300000,3.48000,1.28000
 0.00013304000,3.48000,1.36000
 0.00013308000,3.44000,1.28000
 0.00013312000,3.52000,1.32000
 0.00013316000,3.48000,1.32000
 0.00013320000,3.52000,1.32000
 0.00013324000,3.48000,1.32000
 0.00013328000,3.48000,1.28000
 0.00013332000,3.48000,1.32000
 0.00013336000,3.48000,1.32000
 0.00013340000,3.48000,1.32000
 0.00013344000,3.52000,1.36000
 0.00013348000,3.48000,1.28000
 0.00013352000,3.48000,1.28000
 0.00013356000,3.48000,1.32000
 0.00013360000,3.52000,1.32000
 0.00013364000,3.48000,1.32000
 0.00013368000,3.52000,1.36000
 0.00013372000,3.48000,1.28000
 0.00013376000,3.48000,1.32000
 0.00013380000,3.52000,1.36000
 0.00013384000,3.44000,1.28000
 0.00013387998,3.56000,1.36000
 0.00013392000,3.44000,1.28000
 0.00013396000,3.52000,1.40000
 0.00013400000,3.44000,1.28000
 0.00013404000,3.56000,1.40000
 0.00013408000,3.44000,1.28000
 0.00013412000,3.52000,1.32000
 0.00013416000,3.48000,1.32000
 0.00013420000,3.48000,1.32000
 0.00013424000,3.52000,1.36000
 0.00013428000,3.48000,1.32000
 0.00013432000,3.48000,1.28000
 0.00013436000,3.48000,1.28000
 0.00013440000,3.48000,1.32000
 0.00013444000,3.44000,1.32000
 0.00013448000,3.48000,1.32000
 0.00013452000,3.48000,1.32000
 0.00013456000,3.48000,1.32000
 0.00013460000,3.48000,1.32000
 0.00013464000,3.48000,1.28000
 0.00013468000,3.52000,1.32000
 0.00013472000,3.48000,1.32000
 0.00013476000,3.56000,1.40000
 0.00013480000,3.52000,1.40000
 0.00013484000,3.40000,1.28000
 0.00013488000,3.36000,1.24000
 0.00013492000,3.44000,1.28000
 0.00013496000,3.52000,1.36000
 0.00013500000,3.48000,1.36000
 0.00013504000,3.48000,1.32000
 0.00013508000,3.48000,1.28000
 0.00013512000,3.48000,1.28000
 0.00013516000,3.52000,1.36000
 0.00013520000,3.52000,1.36000
 0.00013524000,3.48000,1.32000
 0.00013528000,3.48000,1.32000
 0.00013532000,3.48000,1.28000
 0.00013536000,3.48000,1.36000
 0.00013540000,3.48000,1.32000
 0.00013544000,3.48000,1.32000
 0.00013548000,3.48000,1.28000
 0.00013552000,3.48000,1.28000
 0.00013556000,3.52000,1.36000
 0.00013560000,3.48000,1.36000
 0.00013564000,3.48000,1.32000
 0.00013568000,3.48000,1.28000
 0.00013572000,3.48000,1.36000
 0.00013576000,3.48000,1.32000
 0.00013580000,3.48000,1.32000
 0.00013584000,3.48000,1.28000
 0.00013588000,3.48000,1.28000
 0.00013592000,3.48000,1.32000
 0.00013596000,3.52000,1.36000
 0.00013600000,3.48000,1.32000
 0.00013604000,3.44000,1.28000
 0.00013608000,3.48000,1.28000
 0.00013612000,3.52000,1.36000
 0.00013616000,3.52000,1.36000
 0.00013620000,3.44000,1.28000
 0.00013624000,3.48000,1.32000
 0.00013628000,3.44000,1.28000
 0.00013632000,3.48000,1.36000
 0.00013636000,3.52000,1.36000
 0.00013640000,3.48000,1.32000
 0.00013644000,3.48000,1.32000
 0.00013648000,3.48000,1.28000
 0.00013652000,3.44000,1.28000
 0.00013656000,3.52000,1.36000
 0.00013660000,3.48000,1.28000
 0.00013664000,3.36000,1.24000
 0.00013668000,3.80000,1.60000
 0.00013672000,3.20000,1.12000
 0.00013676000,3.64000,1.48000
 0.00013680000,3.40000,1.24000
 0.00013684000,3.40000,1.20000
 0.00013688000,3.44000,1.40000
 0.00013692000,3.64000,1.44000
 0.00013696000,3.28000,1.16000
 0.00013700000,3.68000,1.52000
 0.00013704000,3.36000,1.20000
 0.00013708000,3.44000,1.24000
 0.00013712000,3.56000,1.44000
 0.00013716000,3.44000,1.24000
 0.00013720000,3.48000,1.36000
 0.00013724000,3.56000,1.36000
 0.00013728000,3.48000,1.28000
 0.00013731998,3.44000,1.28000
 0.00013736000,3.56000,1.36000
 0.00013740000,3.40000,1.24000
 0.00013744000,3.48000,1.36000
 0.00013748000,3.52000,1.36000
 0.00013752000,3.48000,1.28000
 0.00013756000,3.48000,1.32000
 0.00013760000,3.48000,1.32000
 0.00013764000,3.48000,1.28000
 0.00013767998,3.44000,1.28000
 0.00013772000,3.52000,1.36000
 0.00013776000,3.48000,1.28000
 0.00013780000,3.44000,1.32000
 0.00013784000,3.40000,1.24000
 0.00013788000,3.48000,1.28000
 0.00013792000,3.56000,1.40000
 0.00013796000,3.56000,1.40000
 0.00013800000,3.48000,1.36000
 0.00013804000,3.44000,1.28000
 0.00013808000,3.56000,1.36000
 0.00013812000,3.44000,1.28000
 0.00013816000,3.52000,1.40000
 0.00013820000,3.44000,1.28000
 0.00013824000,3.48000,1.32000
 0.00013828000,3.48000,1.28000
 0.00013832000,3.52000,1.32000
 0.00013836000,3.48000,1.32000
 0.00013840000,3.48000,1.32000
 0.00013844000,3.48000,1.32000
 0.00013848000,3.48000,1.32000
 0.00013852000,3.48000,1.32000
 0.00013856000,3.48000,1.36000
 0.00013860000,3.40000,1.28000
 0.00013864000,3.44000,1.28000
 0.00013868000,3.48000,1.28000
 0.00013872000,3.48000,1.28000
 0.00013876000,3.48000,1.32000
 0.00013880000,3.44000,1.32000
 0.00013884000,3.48000,1.28000
 0.00013888000,3.48000,1.32000
 0.00013892000,3.48000,1.36000
 0.00013896000,3.48000,1.32000
 0.00013900000,3.48000,1.32000
 0.00013904000,3.44000,1.28000
 0.00013908000,3.48000,1.32000
 0.00013912000,3.48000,1.32000
 0.00013916000,3.52000,1.32000
 0.00013920000,3.48000,1.32000
 0.00013924000,3.48000,1.32000
 0.00013928000,3.48000,1.32000
 0.00013932000,3.48000,1.32000
 0.00013936000,3.48000,1.32000
 0.00013940000,3.48000,1.32000
 0.00013944000,3.48000,1.32000
 0.00013948000,3.48000,1.28000
 0.00013952000,3.48000,1.32000
 0.00013956000,3.48000,1.32000
 0.00013960000,3.48000,1.32000
 0.00013964000,3.48000,1.32000
 0.00013968000,3.48000,1.32000
 0.00013972000,3.48000,1.32000
 0.00013976000,3.48000,1.32000
 0.00013980000,3.48000,1.32000
 0.00013984000,3.48000,1.32000
 0.00013988000,3.48000,1.28000
 0.00013992000,3.48000,1.28000
 0.00013996000,3.48000,1.32000
 0.00014000000,3.48000,1.32000
 0.00014004000,3.48000,1.32000
 0.00014008000,3.48000,1.32000
 0.00014012000,3.48000,1.32000
 0.00014016000,3.48000,1.32000
 0.00014020000,3.48000,1.32000
 0.00014024000,3.52000,1.32000
 0.00014028000,3.48000,1.36000
 0.00014032000,3.48000,1.32000
 0.00014036000,3.48000,1.32000
 0.00014040000,3.48000,1.32000
 0.00014044000,3.48000,1.32000
 0.00014048000,3.48000,1.36000
 0.00014052000,3.48000,1.32000
 0.00014056000,3.48000,1.32000
 0.00014060000,3.44000,1.28000
 0.00014064000,3.48000,1.32000
 0.00014068000,3.48000,1.36000
 0.00014072000,3.48000,1.32000
 0.00014075998,3.48000,1.36000
 0.00014080000,3.48000,1.28000
 0.00014084000,3.44000,1.28000
 0.00014088000,3.48000,1.28000
 0.00014092000,3.56000,1.36000
 0.00014096000,3.56000,1.44000
 0.00014100000,3.44000,1.32000
 0.00014104000,3.48000,1.36000
 0.00014108000,3.44000,1.24000
 0.00014111998,3.60000,1.44000
 0.00014116000,3.40000,1.24000
 0.00014120000,3.56000,1.40000
 0.00014124000,3.40000,1.24000
 0.00014128000,3.48000,1.36000
 0.00014132000,3.48000,1.28000
 0.00014136000,3.52000,1.32000
 0.00014140000,3.48000,1.36000
 0.00014144000,3.44000,1.28000
 0.00014148000,3.48000,1.32000
 0.00014152000,3.44000,1.28000
 0.00014156000,3.52000,1.32000
 0.00014160000,3.44000,1.28000
 0.00014164000,3.48000,1.32000
 0.00014168000,3.48000,1.32000
 0.00014172000,3.52000,1.40000
 0.00014176000,3.48000,1.36000
 0.00014180000,3.48000,1.32000
 0.00014184000,3.48000,1.32000
 0.00014188000,3.48000,1.32000
 0.00014192000,3.48000,1.36000
 0.00014196000,3.44000,1.28000
 0.00014200000,3.48000,1.32000
 0.00014204000,3.48000,1.28000
 0.00014208000,3.48000,1.32000
 0.00014212000,3.48000,1.36000
 0.00014216000,3.48000,1.28000
 0.00014220000,3.48000,1.36000
 0.00014224000,3.48000,1.28000
 0.00014228000,3.48000,1.28000
 0.00014232000,3.48000,1.32000
 0.00014236000,3.48000,1.32000
 0.00014240000,3.48000,1.32000
 0.00014244000,3.48000,1.32000
 0.00014248000,3.48000,1.28000
 0.00014252000,3.48000,1.32000
 0.00014256000,3.48000,1.32000
 0.00014260000,3.44000,1.32000
 0.00014264000,3.48000,1.32000
 0.00014268000,3.48000,1.32000
 0.00014272000,3.48000,1.28000
 0.00014276000,3.48000,1.32000
 0.00014280000,3.48000,1.32000
 0.00014284000,3.48000,1.32000
 0.00014288000,3.48000,1.32000
 0.00014292000,3.48000,1.32000
 0.00014296000,3.48000,1.32000
 0.00014300000,3.48000,1.32000
 0.00014304000,3.48000,1.32000
 0.00014308000,3.48000,1.32000
 0.00014312000,3.48000,1.32000
 0.00014316000,3.48000,1.32000
 0.00014320000,3.48000,1.28000
 0.00014324000,3.48000,1.32000
 0.00014328000,3.48000,1.28000
 0.00014332000,3.48000,1.32000
 0.00014336000,3.48000,1.32000
 0.00014340000,3.48000,1.32000
 0.00014344000,3.48000,1.32000
 0.00014348000,3.48000,1.32000
 0.00014352000,3.48000,1.32000
 0.00014356000,3.48000,1.32000
 0.00014360000,3.48000,1.32000
 0.00014364000,3.44000,1.28000
 0.00014368000,3.48000,1.36000
 0.00014372000,3.48000,1.32000
 0.00014376000,3.48000,1.32000
 0.00014380000,3.48000,1.32000
 0.00014384000,3.48000,1.28000
 0.00014388000,3.48000,1.32000
 0.00014392000,3.60000,1.44000
 0.00014396000,3.44000,1.32000
 0.00014400000,3.40000,1.24000
 0.00014404000,3.40000,1.20000
 0.00014408000,3.44000,1.28000
 0.00014412000,3.48000,1.40000
 0.00014416000,3.48000,1.40000
 0.00014419998,3.40000,1.28000
 0.00014424000,3.48000,1.32000
 0.00014428000,3.44000,1.28000
 0.00014432000,3.56000,1.40000
 0.00014436000,3.52000,1.36000
 0.00014440000,3.48000,1.32000
 0.00014444000,3.44000,1.28000
 0.00014448000,3.48000,1.28000
 0.00014452000,3.48000,1.36000
 0.00014455998,3.48000,1.32000
 0.00014460000,3.48000,1.32000
 0.00014464000,3.48000,1.28000
 0.00014468000,3.48000,1.32000
 0.00014472000,3.52000,1.40000
 0.00014476000,3.44000,1.32000
 0.00014480000,3.44000,1.28000
 0.00014484000,3.48000,1.36000
 0.00014488000,3.48000,1.32000
 0.00014492000,3.48000,1.36000
 0.00014496000,3.48000,1.36000
 0.00014500000,3.44000,1.28000
 0.00014504000,3.48000,1.36000
 0.00014508000,3.52000,1.32000
 0.00014512000,3.48000,1.28000
 0.00014516000,3.52000,1.32000
 0.00014520000,3.48000,1.32000
 0.00014524000,3.44000,1.28000
 0.00014528000,3.48000,1.36000
 0.00014532000,3.48000,1.32000
 0.00014536000,3.48000,1.32000
 0.00014540000,3.48000,1.36000
 0.00014544000,3.44000,1.28000
 0.00014548000,3.48000,1.32000
 0.00014552000,3.48000,1.32000
 0.00014556000,3.44000,1.32000
 0.00014560000,3.48000,1.32000
 0.00014564000,3.48000,1.32000
 0.00014568000,3.44000,1.32000
 0.00014572000,3.48000,1.32000
 0.00014576000,3.48000,1.28000
 0.00014580000,3.48000,1.32000
 0.00014584000,3.48000,1.32000
 0.00014588000,3.48000,1.32000
 0.00014592000,3.48000,1.32000
 0.00014596000,3.48000,1.32000
 0.00014600000,3.48000,1.28000
 0.00014604000,3.52000,1.44000
 0.00014608000,3.60000,1.44000
 0.00014612000,3.32000,1.24000
 0.00014616000,3.60000,1.44000
 0.00014620000,3.44000,1.32000
 0.00014624000,3.32000,1.12000
 0.00014628000,3.60000,1.56000
 0.00014632000,3.44000,1.24000
 0.00014636000,3.44000,1.40000
 0.00014640000,3.56000,1.40000
 0.00014644000,3.44000,1.28000
 0.00014648000,3.36000,1.24000
 0.00014652000,3.56000,1.48000
 0.00014656000,3.36000,1.16000
 0.00014660000,3.52000,1.44000
 0.00014664000,3.48000,1.32000
 0.00014668000,3.48000,1.32000
 0.00014672000,3.44000,1.28000
 0.00014676000,3.52000,1.36000
 0.00014680000,3.44000,1.24000
 0.00014684000,3.48000,1.32000
 0.00014688000,3.52000,1.36000
 0.00014692000,3.48000,1.28000
 0.00014696000,3.44000,1.36000
 0.00014700000,3.36000,1.24000
 0.00014704000,3.44000,1.20000
 0.00014708000,3.56000,1.32000
 0.00014712000,3.60000,1.44000
 0.00014716000,3.44000,1.28000
 0.00014720000,3.44000,1.28000
 0.00014724000,3.48000,1.28000
 0.00014728000,3.48000,1.32000
 0.00014732000,3.52000,1.36000
 0.00014736000,3.48000,1.36000
 0.00014740000,3.44000,1.28000
 0.00014744000,3.48000,1.36000
 0.00014748000,3.48000,1.32000
 0.00014752000,3.48000,1.28000
 0.00014756000,3.48000,1.32000
 0.00014760000,3.48000,1.32000
 0.00014763998,3.44000,1.28000
 0.00014768000,3.48000,1.36000
 0.00014772000,3.48000,1.40000
 0.00014776000,3.40000,1.24000
 0.00014780000,3.44000,1.28000
 0.00014784000,3.48000,1.28000
 0.00014788000,3.48000,1.32000
 0.00014792000,3.44000,1.32000
 0.00014796000,3.48000,1.32000
 0.00014799998,3.48000,1.28000
 0.00014804000,3.48000,1.32000
 0.00014808000,3.48000,1.32000
 0.00014812000,3.48000,1.32000
 0.00014816000,3.48000,1.32000
 0.00014820000,3.44000,1.32000
 0.00014824000,3.48000,1.28000
 0.00014828000,3.48000,1.36000
 0.00014832000,3.48000,1.32000
 0.00014836000,3.44000,1.32000
 0.00014840000,3.48000,1.32000
 0.00014844000,3.48000,1.28000
 0.00014848000,3.48000,1.32000
 0.00014852000,3.48000,1.32000
 0.00014856000,3.48000,1.36000
 0.00014860000,3.48000,1.32000
 0.00014864000,3.48000,1.32000
 0.00014868000,3.44000,1.32000
 0.00014872000,3.48000,1.32000
 0.00014876000,3.48000,1.32000
 0.00014880000,3.48000,1.32000
 0.00014884000,3.48000,1.32000
 0.00014888000,3.48000,1.32000
 0.00014892000,3.48000,1.32000
 0.00014896000,3.48000,1.32000
 0.00014900000,3.48000,1.32000
 0.00014904000,3.48000,1.32000
 0.00014908000,3.48000,1.32000
 0.00014912000,3.48000,1.32000
 0.00014916000,3.48000,1.32000
 0.00014920000,3.48000,1.32000
 0.00014924000,3.48000,1.32000
 0.00014928000,3.48000,1.28000
 0.00014932000,3.48000,1.32000
 0.00014936000,3.48000,1.32000
 0.00014940000,3.48000,1.32000
 0.00014944000,3.48000,1.32000
 0.00014948000,3.48000,1.32000
 0.00014952000,3.48000,1.32000
 0.00014956000,3.48000,1.32000
 0.00014960000,3.48000,1.28000
 0.00014964000,3.48000,1.32000
 0.00014968000,3.48000,1.32000
 0.00014972000,3.48000,1.32000
 0.00014976000,3.48000,1.32000
 0.00014980000,3.48000,1.36000
 0.00014984000,3.48000,1.32000
 0.00014988000,3.48000,1.36000
 0.00014992000,3.48000,1.32000
 0.00014996000,3.48000,1.28000
 0.00015000000,3.44000,1.24000
 0.00015004000,3.48000,1.24000
 0.00015008000,3.60000,1.40000
 0.00015012000,3.56000,1.48000
 0.00015016000,3.44000,1.36000
 0.00015020000,3.44000,1.28000
 0.00015024000,3.48000,1.28000
 0.00015028000,3.56000,1.36000
 0.00015032000,3.48000,1.32000
 0.00015036000,3.44000,1.32000
 0.00015040000,3.44000,1.28000
 0.00015044000,3.48000,1.28000
 0.00015048000,3.48000,1.36000
 0.00015052000,3.48000,1.32000
 0.00015056000,3.48000,1.32000
 0.00015060000,3.48000,1.32000
 0.00015064000,3.48000,1.32000
 0.00015068000,3.48000,1.32000
 0.00015072000,3.48000,1.32000
 0.00015076000,3.44000,1.28000
 0.00015080000,3.44000,1.28000
 0.00015084000,3.52000,1.32000
 0.00015088000,3.52000,1.36000
 0.00015092000,3.48000,1.36000
 0.00015096000,3.44000,1.32000
 0.00015100000,3.48000,1.28000
 0.00015104000,3.48000,1.28000
 0.00015107998,3.52000,1.32000
 0.00015112000,3.44000,1.32000
 0.00015116000,3.44000,1.32000
 0.00015120000,3.44000,1.32000
 0.00015124000,3.48000,1.32000
 0.00015128000,3.48000,1.32000
 0.00015132000,3.48000,1.36000
 0.00015136000,3.48000,1.32000
 0.00015140000,3.48000,1.32000
 0.00015143998,3.48000,1.32000
 0.00015148000,3.48000,1.32000
 0.00015152000,3.48000,1.32000
 0.00015156000,3.48000,1.32000
 0.00015160000,3.48000,1.32000
 0.00015164000,3.48000,1.28000
 0.00015168000,3.48000,1.32000
 0.00015172000,3.48000,1.32000
 0.00015176000,3.48000,1.32000
 0.00015180000,3.48000,1.32000
 0.00015184000,3.48000,1.28000
 0.00015188000,3.44000,1.28000
 0.00015192000,3.48000,1.36000
 0.00015196000,3.48000,1.32000
 0.00015200000,3.48000,1.32000
 0.00015204000,3.48000,1.32000
 0.00015208000,3.48000,1.32000
 0.00015212000,3.48000,1.32000
 0.00015216000,3.48000,1.32000
 0.00015220000,3.48000,1.32000
 0.00015224000,3.48000,1.32000
 0.00015228000,3.48000,1.32000
 0.00015232000,3.48000,1.32000
 0.00015236000,3.48000,1.32000
 0.00015240000,3.48000,1.32000
 0.00015244000,3.48000,1.32000
 0.00015248000,3.48000,1.32000
 0.00015252000,3.48000,1.32000
 0.00015256000,3.48000,1.32000
 0.00015260000,3.48000,1.32000
 0.00015264000,3.44000,1.32000
 0.00015268000,3.44000,1.32000
 0.00015272000,3.48000,1.36000
 0.00015276000,3.48000,1.36000
 0.00015280000,3.48000,1.28000
 0.00015284000,3.48000,1.28000
 0.00015288000,3.48000,1.32000
 0.00015292000,3.48000,1.32000
 0.00015296000,3.48000,1.32000
 0.00015300000,3.48000,1.36000
 0.00015304000,3.52000,1.32000
 0.00015308000,3.52000,1.36000
 0.00015312000,3.56000,1.44000
 0.00015316000,3.44000,1.28000
 0.00015320000,3.32000,1.24000
 0.00015324000,3.44000,1.28000
 0.00015328000,3.48000,1.32000
 0.00015332000,3.48000,1.40000
 0.00015336000,3.48000,1.36000
 0.00015340000,3.40000,1.28000
 0.00015344000,3.48000,1.32000
 0.00015348000,3.48000,1.28000
 0.00015352000,3.44000,1.28000
 0.00015356000,3.52000,1.40000
 0.00015360000,3.44000,1.28000
 0.00015364000,3.48000,1.36000
 0.00015368000,3.44000,1.28000
 0.00015372000,3.48000,1.32000
 0.00015376000,3.48000,1.32000
 0.00015380000,3.44000,1.28000
 0.00015384000,3.48000,1.28000
 0.00015388000,3.56000,1.44000
 0.00015392000,3.48000,1.32000
 0.00015396000,3.48000,1.36000
 0.00015400000,3.48000,1.28000
 0.00015404000,3.52000,1.32000
 0.00015408000,3.48000,1.28000
 0.00015412000,3.48000,1.32000
 0.00015416000,3.48000,1.32000
 0.00015420000,3.36000,1.24000
 0.00015424000,3.56000,1.44000
 0.00015428000,3.44000,1.24000
 0.00015432000,3.52000,1.36000
 0.00015436000,3.44000,1.28000
 0.00015440000,3.48000,1.32000
 0.00015444000,3.44000,1.28000
 0.00015448000,3.52000,1.36000
 0.00015451998,3.44000,1.28000
 0.00015456000,3.48000,1.32000
 0.00015460000,3.48000,1.32000
 0.00015464000,3.44000,1.28000
 0.00015468000,3.48000,1.36000
 0.00015472000,3.48000,1.32000
 0.00015476000,3.48000,1.32000
 0.00015480000,3.48000,1.32000
 0.00015484000,3.48000,1.32000
 0.00015487998,3.44000,1.28000
 0.00015492000,3.48000,1.32000
 0.00015496000,3.48000,1.32000
 0.00015500000,3.48000,1.28000
 0.00015504000,3.48000,1.36000
 0.00015508000,3.48000,1.32000
 0.00015512000,3.48000,1.32000
 0.00015516000,3.48000,1.32000
 0.00015520000,3.48000,1.32000
 0.00015524000,3.48000,1.28000
 0.00015528000,3.48000,1.32000
 0.00015532000,3.48000,1.32000
 0.00015536000,3.44000,1.28000
 0.00015540000,3.40000,1.20000
 0.00015544000,3.60000,1.56000
 0.00015548000,3.48000,1.20000
 0.00015552000,3.40000,1.28000
 0.00015556000,3.56000,1.32000
 0.00015560000,3.48000,1.36000
 0.00015564000,3.32000,1.12000
 0.00015568000,3.80000,1.68000
 0.00015572000,3.28000,1.12000
 0.00015576000,3.60000,1.52000
 0.00015580000,3.48000,1.28000
 0.00015584000,3.44000,1.28000
 0.00015588000,3.36000,1.24000
 0.00015592000,3.60000,1.44000
 0.00015596000,3.32000,1.20000
 0.00015600000,3.60000,1.44000
 0.00015604000,3.48000,1.32000
 0.00015608000,3.44000,1.32000
 0.00015612000,3.48000,1.44000
 0.00015616000,3.40000,1.28000
 0.00015620000,3.36000,1.12000
 0.00015624000,3.48000,1.28000
 0.00015628000,3.56000,1.40000
 0.00015632000,3.44000,1.32000
 0.00015636000,3.48000,1.32000
 0.00015640000,3.44000,1.28000
 0.00015644000,3.52000,1.28000
 0.00015648000,3.48000,1.36000
 0.00015652000,3.52000,1.40000
 0.00015656000,3.44000,1.28000
 0.00015660000,3.48000,1.32000
 0.00015664000,3.44000,1.28000
 0.00015668000,3.48000,1.28000
 0.00015672000,3.48000,1.32000
 0.00015676000,3.48000,1.36000
 0.00015680000,3.44000,1.32000
 0.00015684000,3.48000,1.40000
 0.00015688000,3.48000,1.36000
 0.00015692000,3.40000,1.28000
 0.00015696000,3.44000,1.28000
 0.00015700000,3.48000,1.28000
 0.00015704000,3.48000,1.32000
 0.00015708000,3.48000,1.32000
 0.00015712000,3.48000,1.32000
 0.00015716000,3.44000,1.28000
 0.00015720000,3.52000,1.32000
 0.00015724000,3.48000,1.32000
 0.00015728000,3.48000,1.32000
 0.00015732000,3.48000,1.32000
 0.00015736000,3.48000,1.32000
 0.00015740000,3.48000,1.32000
 0.00015744000,3.48000,1.32000
 0.00015748000,3.48000,1.32000
 0.00015752000,3.48000,1.32000
 0.00015756000,3.44000,1.28000
 0.00015760000,3.48000,1.36000
 0.00015764000,3.48000,1.32000
 0.00015768000,3.48000,1.32000
 0.00015772000,3.48000,1.32000
 0.00015776000,3.48000,1.32000
 0.00015780000,3.48000,1.28000
 0.00015784000,3.48000,1.32000
 0.00015788000,3.48000,1.32000
 0.00015792000,3.44000,1.28000
 0.00015795998,3.48000,1.32000
 0.00015800000,3.48000,1.32000
 0.00015804000,3.48000,1.28000
 0.00015808000,3.48000,1.32000
 0.00015812000,3.44000,1.28000
 0.00015816000,3.48000,1.32000
 0.00015820000,3.48000,1.32000
 0.00015824000,3.48000,1.36000
 0.00015828000,3.48000,1.32000
 0.00015831998,3.44000,1.28000
 0.00015836000,3.48000,1.32000
 0.00015840000,3.44000,1.28000
 0.00015844000,3.48000,1.36000
 0.00015848000,3.48000,1.28000
 0.00015852000,3.48000,1.32000
 0.00015856000,3.48000,1.28000
 0.00015860000,3.48000,1.32000
 0.00015864000,3.48000,1.28000
 0.00015868000,3.48000,1.32000
 0.00015872000,3.48000,1.28000
 0.00015876000,3.48000,1.32000
 0.00015880000,3.48000,1.32000
 0.00015884000,3.48000,1.28000
 0.00015888000,3.48000,1.32000
 0.00015892000,3.48000,1.32000
 0.00015896000,3.44000,1.28000
 0.00015900000,3.48000,1.32000
 0.00015904000,3.48000,1.32000
 0.00015908000,3.48000,1.32000
 0.00015912000,3.48000,1.32000
 0.00015916000,3.48000,1.36000
 0.00015920000,3.60000,1.40000
 0.00015924000,3.48000,1.44000
 0.00015928000,3.36000,1.28000
 0.00015932000,3.40000,1.24000
 0.00015936000,3.44000,1.24000
 0.00015940000,3.52000,1.36000
 0.00015944000,3.48000,1.36000
 0.00015948000,3.44000,1.32000
 0.00015952000,3.48000,1.28000
 0.00015956000,3.48000,1.32000
 0.00015960000,3.48000,1.32000
 0.00015964000,3.48000,1.32000
 0.00015968000,3.48000,1.32000
 0.00015972000,3.44000,1.32000
 0.00015976000,3.48000,1.28000
 0.00015980000,3.48000,1.32000
 0.00015984000,3.48000,1.32000
 0.00015988000,3.48000,1.32000
 0.00015992000,3.44000,1.28000
 0.00015996000,3.48000,1.28000
 0.00016000000,3.48000,1.36000
 0.00016004000,3.52000,1.40000
 0.00016008000,3.48000,1.32000
 0.00016012000,3.48000,1.28000
 0.00016016000,3.48000,1.28000
 0.00016020000,3.48000,1.32000
 0.00016024000,3.48000,1.32000
 0.00016028000,3.48000,1.28000
 0.00016032000,3.48000,1.28000
 0.00016036000,3.48000,1.28000
 0.00016040000,3.48000,1.28000
 0.00016044000,3.48000,1.32000
 0.00016048000,3.48000,1.32000
 0.00016052000,3.48000,1.32000
 0.00016056000,3.48000,1.28000
 0.00016060000,3.48000,1.32000
 0.00016064000,3.48000,1.28000
 0.00016068000,3.48000,1.32000
 0.00016072000,3.48000,1.32000
 0.00016076000,3.48000,1.32000
 0.00016080000,3.48000,1.32000
 0.00016084000,3.48000,1.32000
 0.00016088000,3.48000,1.32000
 0.00016092000,3.44000,1.32000
 0.00016096000,3.44000,1.28000
 0.00016100000,3.52000,1.40000
 0.00016104000,3.44000,1.24000
 0.00016108000,3.48000,1.32000
 0.00016112000,3.48000,1.28000
 0.00016116000,3.48000,1.36000
 0.00016120000,3.44000,1.32000
 0.00016124000,3.44000,1.28000
 0.00016128000,3.48000,1.36000
 0.00016132000,3.48000,1.32000
 0.00016136000,3.48000,1.32000
 0.00016139998,3.44000,1.28000
 0.00016144000,3.48000,1.32000
 0.00016148000,3.44000,1.28000
 0.00016152000,3.52000,1.40000
 0.00016156000,3.40000,1.28000
 0.00016160000,3.48000,1.36000
 0.00016164000,3.48000,1.32000
 0.00016168000,3.44000,1.32000
 0.00016172000,3.48000,1.36000
 0.00016175998,3.44000,1.28000
 0.00016180000,3.44000,1.32000
 0.00016184000,3.48000,1.32000
 0.00016188000,3.44000,1.28000
 0.00016192000,3.44000,1.32000
 0.00016196000,3.48000,1.36000
 0.00016200000,3.44000,1.28000
 0.00016204000,3.48000,1.32000
 0.00016208000,3.48000,1.32000
 0.00016212000,3.44000,1.28000
 0.00016216000,3.48000,1.36000
 0.00016220000,3.48000,1.32000
 0.00016224000,3.56000,1.40000
 0.00016228000,3.48000,1.40000
 0.00016232000,3.32000,1.24000
 0.00016236000,3.36000,1.20000
 0.00016240000,3.48000,1.28000
 0.00016244000,3.48000,1.40000
 0.00016248000,3.44000,1.32000
 0.00016252000,3.44000,1.32000
 0.00016256000,3.44000,1.28000
 0.00016260000,3.48000,1.32000
 0.00016264000,3.48000,1.32000
 0.00016268000,3.48000,1.32000
 0.00016272000,3.44000,1.32000
 0.00016276000,3.48000,1.32000
 0.00016280000,3.44000,1.28000
 0.00016284000,3.48000,1.32000
 0.00016288000,3.48000,1.32000
 0.00016292000,3.48000,1.32000
 0.00016296000,3.48000,1.32000
 0.00016300000,3.52000,1.40000
 0.00016304000,3.44000,1.32000
 0.00016308000,3.44000,1.28000
 0.00016312000,3.44000,1.28000
 0.00016316000,3.48000,1.32000
 0.00016320000,3.48000,1.36000
 0.00016324000,3.48000,1.32000
 0.00016328000,3.44000,1.28000
 0.00016332000,3.48000,1.28000
 0.00016336000,3.48000,1.32000
 0.00016340000,3.48000,1.32000
 0.00016344000,3.48000,1.36000
 0.00016348000,3.44000,1.32000
 0.00016352000,3.44000,1.28000
 0.00016356000,3.48000,1.32000
 0.00016360000,3.48000,1.28000
 0.00016364000,3.48000,1.32000
 0.00016368000,3.48000,1.32000
 0.00016372000,3.48000,1.28000
 0.00016376000,3.48000,1.28000
 0.00016380000,3.48000,1.32000
 0.00016384000,3.44000,1.28000
 0.00016388000,3.48000,1.36000
 0.00016392000,3.48000,1.28000
 0.00016396000,3.48000,1.32000
 0.00016400000,3.48000,1.32000
 0.00016404000,3.48000,1.28000
 0.00016408000,3.44000,1.28000
 0.00016412000,3.52000,1.36000
 0.00016416000,3.44000,1.28000
 0.00016420000,3.48000,1.32000
 0.00016424000,3.48000,1.32000
 0.00016428000,3.44000,1.28000
 0.00016432000,3.48000,1.36000
 0.00016436000,3.48000,1.32000
 0.00016440000,3.48000,1.28000
 0.00016444000,3.48000,1.32000
 0.00016448000,3.48000,1.32000
 0.00016452000,3.48000,1.32000
 0.00016456000,3.48000,1.32000
 0.00016460000,3.48000,1.32000
 0.00016464000,3.48000,1.28000
 0.00016468000,3.48000,1.32000
 0.00016472000,3.48000,1.32000
 0.00016476000,3.48000,1.32000
 0.00016480000,3.40000,1.16000
 0.00016483998,3.60000,1.56000
 0.00016488000,3.44000,1.20000
 0.00016492000,3.40000,1.28000
 0.00016496000,3.52000,1.32000
 0.00016500000,3.48000,1.36000
 0.00016504000,3.28000,1.12000
 0.00016508000,3.80000,1.68000
 0.00016512000,3.24000,1.12000
 0.00016516000,3.60000,1.52000
 0.00016519998,3.48000,1.28000
 0.00016524000,3.44000,1.28000
 0.00016528000,3.32000,1.28000
 0.00016532000,3.52000,1.32000
 0.00016536000,3.32000,1.12000
 0.00016540000,3.68000,1.48000
 0.00016544000,3.56000,1.44000
 0.00016548000,3.44000,1.28000
 0.00016552000,3.44000,1.28000
 0.00016555998,3.48000,1.28000
 0.00016560000,3.44000,1.28000
 0.00016564000,3.52000,1.36000
 0.00016568000,3.48000,1.40000
 0.00016572000,3.40000,1.28000
 0.00016576000,3.48000,1.32000
 0.00016580000,3.44000,1.28000
 0.00016584000,3.44000,1.28000
 0.00016588000,3.48000,1.36000
 0.00016592000,3.48000,1.32000
 0.00016596000,3.44000,1.32000
 0.00016600000,3.48000,1.36000
 0.00016604000,3.40000,1.32000
 0.00016608000,3.44000,1.28000
 0.00016612000,3.40000,1.24000
 0.00016616000,3.48000,1.32000
 0.00016620000,3.48000,1.36000
 0.00016624000,3.44000,1.32000
 0.00016628000,3.52000,1.36000
 0.00016632000,3.44000,1.24000
 0.00016636000,3.48000,1.36000
 0.00016640000,3.48000,1.28000
 0.00016644000,3.44000,1.28000
 0.00016648000,3.44000,1.32000
 0.00016652000,3.52000,1.36000
 0.00016656000,3.40000,1.28000
 0.00016660000,3.52000,1.36000
 0.00016664000,3.44000,1.28000
 0.00016668000,3.44000,1.32000
 0.00016672000,3.44000,1.32000
 0.00016676000,3.48000,1.32000
 0.00016680000,3.48000,1.28000
 0.00016684000,3.44000,1.28000
 0.00016688000,3.52000,1.36000
 0.00016692000,3.40000,1.28000
 0.00016696000,3.52000,1.36000
 0.00016700000,3.48000,1.28000
 0.00016704000,3.44000,1.32000
 0.00016708000,3.48000,1.32000
 0.00016712000,3.48000,1.32000
 0.00016716000,3.44000,1.32000
 0.00016720000,3.48000,1.32000
 0.00016724000,3.44000,1.28000
 0.00016728000,3.48000,1.32000
 0.00016732000,3.48000,1.32000
 0.00016736000,3.48000,1.28000
 0.00016740000,3.48000,1.36000
 0.00016744000,3.48000,1.32000
 0.00016748000,3.48000,1.28000
 0.00016752000,3.44000,1.28000
 0.00016756000,3.48000,1.32000
 0.00016760000,3.44000,1.28000
 0.00016764000,3.48000,1.32000
 0.00016768000,3.48000,1.32000
 0.00016772000,3.48000,1.32000
 0.00016776000,3.48000,1.32000
 0.00016780000,3.48000,1.32000
 0.00016784000,3.44000,1.32000
 0.00016788000,3.48000,1.36000
 0.00016792000,3.48000,1.32000
 0.00016796000,3.44000,1.32000
 0.00016800000,3.48000,1.32000
 0.00016804000,3.48000,1.32000
 0.00016808000,3.44000,1.28000
 0.00016812000,3.48000,1.36000
 0.00016816000,3.48000,1.32000
 0.00016820000,3.44000,1.32000
 0.00016824000,3.48000,1.32000
 0.00016827998,3.44000,1.28000
 0.00016832000,3.44000,1.24000
 0.00016836000,3.48000,1.28000
 0.00016840000,3.56000,1.40000
 0.00016844000,3.56000,1.44000
 0.00016848000,3.44000,1.36000
 0.00016852000,3.40000,1.28000
 0.00016856000,3.44000,1.28000
 0.00016860000,3.52000,1.36000
 0.00016863998,3.48000,1.36000
 0.00016868000,3.44000,1.32000
 0.00016872000,3.44000,1.28000
 0.00016876000,3.44000,1.28000
 0.00016880000,3.48000,1.32000
 0.00016884000,3.48000,1.36000
 0.00016888000,3.44000,1.32000
 0.00016892000,3.48000,1.32000
 0.00016896000,3.44000,1.32000
 0.00016899998,3.48000,1.32000
 0.00016904000,3.48000,1.32000
 0.00016908000,3.44000,1.28000
 0.00016912000,3.44000,1.28000
 0.00016916000,3.48000,1.36000
 0.00016920000,3.52000,1.40000
 0.00016924000,3.48000,1.32000
 0.00016928000,3.44000,1.32000
 0.00016932000,3.48000,1.28000
 0.00016936000,3.48000,1.32000
 0.00016940000,3.48000,1.32000
 0.00016944000,3.44000,1.28000
 0.00016948000,3.48000,1.32000
 0.00016952000,3.48000,1.32000
 0.00016956000,3.48000,1.32000
 0.00016960000,3.44000,1.28000
 0.00016964000,3.48000,1.32000
 0.00016968000,3.48000,1.36000
 0.00016972000,3.48000,1.32000
 0.00016976000,3.48000,1.28000
 0.00016980000,3.44000,1.28000
 0.00016984000,3.48000,1.32000
 0.00016988000,3.48000,1.32000
 0.00016992000,3.52000,1.36000
 0.00016996000,3.40000,1.28000
 0.00017000000,3.48000,1.36000
 0.00017004000,3.44000,1.28000
 0.00017008000,3.48000,1.32000
 0.00017012000,3.48000,1.36000
 0.00017016000,3.44000,1.28000
 0.00017020000,3.44000,1.28000
 0.00017024000,3.48000,1.32000
 0.00017028000,3.44000,1.28000
 0.00017032000,3.48000,1.32000
 0.00017036000,3.48000,1.36000
 0.00017040000,3.44000,1.28000
 0.00017044000,3.48000,1.36000
 0.00017048000,3.44000,1.32000
 0.00017052000,3.48000,1.32000
 0.00017056000,3.48000,1.32000
 0.00017060000,3.48000,1.32000
 0.00017064000,3.44000,1.28000
 0.00017068000,3.48000,1.36000
 0.00017072000,3.44000,1.28000
 0.00017076000,3.44000,1.28000
 0.00017080000,3.48000,1.36000
 0.00017084000,3.44000,1.28000
 0.00017088000,3.48000,1.32000
 0.00017092000,3.48000,1.36000
 0.00017096000,3.44000,1.28000
 0.00017100000,3.44000,1.32000
 0.00017104000,3.48000,1.32000
 0.00017108000,3.44000,1.28000
 0.00017112000,3.48000,1.32000
 0.00017116000,3.48000,1.32000
 0.00017120000,3.44000,1.28000
 0.00017124000,3.48000,1.32000
 0.00017128000,3.48000,1.32000
 0.00017132000,3.48000,1.32000
 0.00017136000,3.48000,1.36000
 0.00017140000,3.56000,1.40000
 0.00017144000,3.48000,1.44000
 0.00017148000,3.32000,1.28000
 0.00017152000,3.36000,1.24000
 0.00017156000,3.40000,1.28000
 0.00017160000,3.52000,1.36000
 0.00017164000,3.48000,1.36000
 0.00017168000,3.44000,1.28000
 0.00017171998,3.44000,1.28000
 0.00017176000,3.48000,1.28000
 0.00017180000,3.48000,1.36000
 0.00017184000,3.48000,1.36000
 0.00017188000,3.44000,1.36000
 0.00017192000,3.48000,1.32000
 0.00017196000,3.44000,1.28000
 0.00017200000,3.48000,1.32000
 0.00017204000,3.48000,1.32000
 0.00017207998,3.48000,1.32000
 0.00017212000,3.48000,1.28000
 0.00017216000,3.52000,1.36000
 0.00017220000,3.48000,1.36000
 0.00017224000,3.40000,1.28000
 0.00017228000,3.40000,1.28000
 0.00017232000,3.44000,1.28000
 0.00017236000,3.48000,1.32000
 0.00017240000,3.44000,1.32000
 0.00017243998,3.44000,1.32000
 0.00017248000,3.44000,1.28000
 0.00017252000,3.48000,1.32000
 0.00017256000,3.48000,1.32000
 0.00017260000,3.48000,1.32000
 0.00017264000,3.48000,1.32000
 0.00017268000,3.44000,1.32000
 0.00017272000,3.44000,1.28000
 0.00017276000,3.44000,1.32000
 0.00017280000,3.48000,1.32000
 0.00017284000,3.48000,1.32000
 0.00017288000,3.48000,1.32000
 0.00017292000,3.48000,1.32000
 0.00017296000,3.44000,1.32000
 0.00017300000,3.48000,1.32000
 0.00017304000,3.48000,1.32000
 0.00017308000,3.48000,1.32000
 0.00017312000,3.48000,1.32000
 0.00017316000,3.48000,1.32000
 0.00017320000,3.48000,1.32000
 0.00017324000,3.48000,1.36000
 0.00017328000,3.44000,1.28000
 0.00017332000,3.48000,1.32000
 0.00017336000,3.48000,1.36000
 0.00017340000,3.44000,1.32000
 0.00017344000,3.44000,1.32000
 0.00017348000,3.48000,1.32000
 0.00017352000,3.48000,1.32000
 0.00017356000,3.48000,1.32000
 0.00017360000,3.44000,1.32000
 0.00017364000,3.48000,1.32000
 0.00017368000,3.44000,1.28000
 0.00017372000,3.52000,1.40000
 0.00017376000,3.40000,1.24000
 0.00017380000,3.56000,1.40000
 0.00017384000,3.40000,1.28000
 0.00017388000,3.48000,1.36000
 0.00017392000,3.44000,1.28000
 0.00017396000,3.48000,1.36000
 0.00017400000,3.44000,1.32000
 0.00017404000,3.48000,1.28000
 0.00017408000,3.48000,1.32000
 0.00017412000,3.44000,1.28000
 0.00017416000,3.48000,1.32000
 0.00017420000,3.36000,1.16000
 0.00017424000,3.60000,1.56000
 0.00017428000,3.48000,1.24000
 0.00017432000,3.36000,1.28000
 0.00017436000,3.56000,1.32000
 0.00017440000,3.48000,1.40000
 0.00017444000,3.24000,1.12000
 0.00017448000,3.68000,1.64000
 0.00017452000,3.24000,1.00000
 0.00017456000,3.64000,1.52000
 0.00017460000,3.60000,1.40000
 0.00017464000,3.40000,1.28000
 0.00017468000,3.32000,1.24000
 0.00017472000,3.56000,1.40000
 0.00017476000,3.36000,1.16000
 0.00017480000,3.60000,1.44000
 0.00017484000,3.48000,1.32000
 0.00017488000,3.44000,1.28000
 0.00017492000,3.44000,1.28000
 0.00017496000,3.48000,1.32000
 0.00017500000,3.44000,1.28000
 0.00017504000,3.48000,1.36000
 0.00017508000,3.48000,1.36000
 0.00017512000,3.44000,1.28000
 0.00017515998,3.48000,1.36000
 0.00017520000,3.48000,1.40000
 0.00017524000,3.40000,1.28000
 0.00017528000,3.44000,1.28000
 0.00017532000,3.44000,1.28000
 0.00017536000,3.44000,1.28000
 0.00017540000,3.48000,1.32000
 0.00017544000,3.48000,1.40000
 0.00017548000,3.36000,1.24000
 0.00017551998,3.48000,1.32000
 0.00017556000,3.48000,1.36000
 0.00017560000,3.48000,1.28000
 0.00017564000,3.48000,1.36000
 0.00017568000,3.48000,1.32000
 0.00017572000,3.44000,1.32000
 0.00017576000,3.44000,1.28000
 0.00017580000,3.48000,1.32000
 0.00017584000,3.48000,1.32000
 0.00017587998,3.40000,1.28000
 0.00017592000,3.52000,1.40000
 0.00017596000,3.44000,1.24000
 0.00017600000,3.48000,1.36000
 0.00017604000,3.48000,1.36000
 0.00017608000,3.44000,1.28000
 0.00017612000,3.48000,1.32000
 0.00017616000,3.52000,1.32000
 0.00017620000,3.44000,1.28000
 0.00017624000,3.48000,1.36000
 0.00017628000,3.48000,1.28000
 0.00017632000,3.44000,1.32000
 0.00017636000,3.44000,1.32000
 0.00017640000,3.48000,1.32000
 0.00017644000,3.44000,1.32000
 0.00017648000,3.48000,1.36000
 0.00017652000,3.48000,1.32000
 0.00017656000,3.44000,1.28000
 0.00017660000,3.48000,1.28000
 0.00017664000,3.52000,1.36000
 0.00017668000,3.48000,1.32000
 0.00017672000,3.44000,1.32000
 0.00017676000,3.48000,1.32000
 0.00017680000,3.48000,1.32000
 0.00017684000,3.48000,1.36000
 0.00017688000,3.48000,1.32000
 0.00017692000,3.44000,1.28000
 0.00017696000,3.48000,1.32000
 0.00017700000,3.44000,1.32000
 0.00017704000,3.44000,1.32000
 0.00017708000,3.48000,1.28000
 0.00017712000,3.48000,1.32000
 0.00017716000,3.48000,1.32000
 0.00017720000,3.48000,1.32000
 0.00017724000,3.48000,1.32000
 0.00017728000,3.44000,1.32000
 0.00017732000,3.48000,1.28000
 0.00017736000,3.48000,1.32000
 0.00017740000,3.48000,1.32000
 0.00017744000,3.44000,1.32000
 0.00017748000,3.40000,1.28000
 0.00017752000,3.36000,1.24000
 0.00017756000,3.48000,1.28000
 0.00017760000,3.56000,1.44000
 0.00017764000,3.56000,1.40000
 0.00017768000,3.44000,1.32000
 0.00017772000,3.44000,1.28000
 0.00017776000,3.48000,1.28000
 0.00017780000,3.48000,1.32000
 0.00017784000,3.44000,1.32000
 0.00017788000,3.44000,1.32000
 0.00017792000,3.44000,1.28000
 0.00017796000,3.48000,1.28000
 0.00017800000,3.48000,1.28000
 0.00017804000,3.48000,1.32000
 0.00017808000,3.48000,1.36000
 0.00017812000,3.44000,1.32000
 0.00017816000,3.44000,1.32000
 0.00017820000,3.48000,1.28000
 0.00017824000,3.40000,1.24000
 0.00017828000,3.48000,1.32000
 0.00017832000,3.52000,1.40000
 0.00017836000,3.48000,1.36000
 0.00017840000,3.48000,1.40000
 0.00017844000,3.44000,1.28000
 0.00017848000,3.44000,1.28000
 0.00017852000,3.52000,1.40000
 0.00017856000,3.44000,1.28000
 0.00017859998,3.44000,1.36000
 0.00017864000,3.48000,1.32000
 0.00017868000,3.40000,1.28000
 0.00017872000,3.48000,1.32000
 0.00017876000,3.48000,1.32000
 0.00017880000,3.44000,1.28000
 0.00017884000,3.48000,1.32000
 0.00017888000,3.44000,1.32000
 0.00017892000,3.44000,1.28000
 0.00017895998,3.48000,1.32000
 0.00017900000,3.48000,1.28000
 0.00017904000,3.44000,1.28000
 0.00017908000,3.48000,1.36000
 0.00017912000,3.44000,1.28000
 0.00017916000,3.48000,1.36000
 0.00017920000,3.44000,1.32000
 0.00017924000,3.48000,1.32000
 0.00017928000,3.44000,1.28000
 0.00017931998,3.48000,1.32000
 0.00017936000,3.44000,1.28000
 0.00017940000,3.48000,1.32000
 0.00017944000,3.48000,1.32000
 0.00017948000,3.48000,1.32000
 0.00017952000,3.44000,1.32000
 0.00017956000,3.48000,1.32000
 0.00017960000,3.44000,1.32000
 0.00017964000,3.48000,1.36000
 0.00017968000,3.44000,1.32000
 0.00017972000,3.44000,1.32000
 0.00017976000,3.48000,1.32000
 0.00017980000,3.48000,1.32000
 0.00017984000,3.44000,1.32000
 0.00017988000,3.48000,1.32000
 0.00017992000,3.48000,1.32000
 0.00017996000,3.44000,1.32000
 0.00018000000,3.48000,1.32000
 0.00018004000,3.48000,1.32000
 0.00018008000,3.48000,1.32000
 0.00018012000,3.48000,1.32000
 0.00018016000,3.48000,1.32000
 0.00018020000,3.48000,1.28000
 0.00018024000,3.48000,1.36000
 0.00018028000,3.44000,1.32000
 0.00018032000,3.44000,1.28000
 0.00018036000,3.48000,1.32000
 0.00018040000,3.48000,1.32000
 0.00018044000,3.48000,1.32000
 0.00018048000,3.44000,1.32000
 0.00018052000,3.44000,1.32000
 0.00018056000,3.48000,1.44000
 0.00018060000,3.36000,1.28000
 0.00018064000,3.40000,1.20000
 0.00018068000,3.48000,1.28000
 0.00018072000,3.52000,1.36000
 0.00018076000,3.44000,1.32000
 0.00018080000,3.44000,1.32000
 0.00018084000,3.40000,1.24000
 0.00018088000,3.56000,1.36000
 0.00018092000,3.44000,1.32000
 0.00018096000,3.52000,1.40000
 0.00018100000,3.44000,1.28000
 0.00018104000,3.44000,1.28000
 0.00018108000,3.44000,1.28000
 0.00018112000,3.52000,1.32000
 0.00018116000,3.48000,1.32000
 0.00018120000,3.44000,1.32000
 0.00018124000,3.44000,1.28000
 0.00018128000,3.48000,1.28000
 0.00018132000,3.48000,1.36000
 0.00018136000,3.48000,1.40000
 0.00018140000,3.36000,1.28000
 0.00018144000,3.44000,1.28000
 0.00018148000,3.48000,1.28000
 0.00018152000,3.48000,1.36000
 0.00018156000,3.48000,1.36000
 0.00018160000,3.44000,1.28000
 0.00018164000,3.48000,1.32000
 0.00018168000,3.44000,1.28000
 0.00018172000,3.48000,1.32000
 0.00018176000,3.48000,1.32000
 0.00018180000,3.44000,1.32000
 0.00018184000,3.48000,1.32000
 0.00018188000,3.48000,1.32000
 0.00018192000,3.48000,1.32000
 0.00018196000,3.44000,1.32000
 0.00018200000,3.48000,1.32000
 0.00018203998,3.48000,1.28000
 0.00018208000,3.44000,1.28000
 0.00018212000,3.44000,1.28000
 0.00018216000,3.48000,1.32000
 0.00018220000,3.44000,1.32000
 0.00018224000,3.48000,1.32000
 0.00018228000,3.48000,1.32000
 0.00018232000,3.48000,1.32000
 0.00018236000,3.48000,1.32000
 0.00018239998,3.48000,1.32000
 0.00018244000,3.48000,1.32000
 0.00018248000,3.48000,1.32000
 0.00018252000,3.48000,1.32000
 0.00018256000,3.48000,1.32000
 0.00018260000,3.44000,1.28000
 0.00018264000,3.48000,1.32000
 0.00018268000,3.44000,1.28000
 0.00018272000,3.48000,1.36000
 0.00018275998,3.44000,1.28000
 0.00018280000,3.48000,1.36000
 0.00018284000,3.48000,1.28000
 0.00018288000,3.44000,1.32000
 0.00018292000,3.44000,1.32000
 0.00018296000,3.48000,1.32000
 0.00018300000,3.40000,1.52000
 0.00018304000,2.56000,2.12000
 0.00018308000,2.40000,2.20000
 0.00018312000,2.56000,2.24000
 0.00018316000,2.52000,2.28000
 0.00018320000,2.36000,2.20000
 0.00018324000,2.44000,2.28000
 0.00018328000,2.44000,2.32000
 0.00018332000,2.44000,2.28000
 0.00018336000,2.36000,2.24000
 0.00018340000,2.44000,2.32000
 0.00018344000,2.44000,2.32000
 0.00018348000,2.44000,2.28000
 0.00018352000,2.40000,2.24000
 0.00018356000,2.44000,2.32000
 0.00018360000,2.36000,2.24000
 0.00018364000,2.40000,2.36000
 0.00018368000,2.52000,2.24000
 0.00018372000,2.40000,2.28000
 0.00018376000,2.60000,2.44000
 0.00018380000,2.40000,2.36000
 0.00018384000,2.24000,2.12000
 0.00018388000,2.64000,2.60000
 0.00018392000,2.36000,2.16000
 0.00018396000,2.44000,2.44000
 0.00018400000,2.52000,2.36000
 0.00018404000,2.36000,2.28000
 0.00018408000,2.28000,2.20000
 0.00018412000,2.60000,2.44000
 0.00018416000,2.28000,2.16000
 0.00018420000,2.56000,2.44000
 0.00018424000,2.40000,2.32000
 0.00018428000,2.40000,2.28000
 0.00018432000,2.44000,2.36000
 0.00018436000,2.44000,2.32000
 0.00018440000,2.32000,2.20000
 0.00018444000,2.44000,2.28000
 0.00018448000,2.44000,2.28000
 0.00018452000,2.48000,2.32000
 0.00018456000,2.44000,2.32000
 0.00018460000,2.40000,2.32000
 0.00018464000,2.40000,2.28000
 0.00018468000,2.44000,2.32000
 0.00018472000,2.48000,2.36000
 0.00018476000,2.44000,2.32000
 0.00018480000,2.40000,2.32000
 0.00018484000,2.44000,2.32000
 0.00018488000,2.40000,2.24000
 0.00018492000,2.44000,2.32000
 0.00018496000,2.44000,2.32000
 0.00018500000,2.44000,2.32000
 0.00018504000,2.44000,2.32000
 0.00018508000,2.48000,2.32000
 0.00018512000,2.40000,2.32000
 0.00018516000,2.44000,2.32000
 0.00018520000,2.44000,2.32000
 0.00018524000,2.44000,2.32000
 0.00018528000,2.48000,2.32000
 0.00018532000,2.44000,2.32000
 0.00018536000,2.44000,2.32000
 0.00018540000,2.48000,2.32000
 0.00018544000,2.40000,2.32000
 0.00018547998,2.44000,2.32000
 0.00018552000,2.48000,2.32000
 0.00018556000,2.44000,2.28000
 0.00018560000,2.44000,2.32000
 0.00018564000,2.48000,2.36000
 0.00018568000,2.44000,2.32000
 0.00018572000,2.44000,2.32000
 0.00018576000,2.44000,2.32000
 0.00018580000,2.44000,2.32000
 0.00018583998,2.48000,2.32000
 0.00018588000,2.44000,2.32000
 0.00018592000,2.44000,2.32000
 0.00018596000,2.44000,2.32000
 0.00018600000,2.44000,2.32000
 0.00018604000,2.44000,2.32000
 0.00018608000,2.44000,2.36000
 0.00018612000,2.44000,2.32000
 0.00018616000,2.44000,2.32000
 0.00018619998,2.44000,2.32000
 0.00018624000,2.44000,2.32000
 0.00018628000,2.48000,2.32000
 0.00018632000,2.48000,2.32000
 0.00018636000,2.44000,2.32000
 0.00018640000,2.40000,2.32000
 0.00018644000,2.44000,2.32000
 0.00018648000,2.48000,2.36000
 0.00018652000,2.48000,2.32000
 0.00018656000,2.44000,2.32000
 0.00018660000,2.44000,2.32000
 0.00018664000,2.40000,2.20000
 0.00018668000,2.48000,2.32000
 0.00018672000,2.56000,2.44000
 0.00018676000,2.52000,2.44000
 0.00018680000,2.44000,2.36000
 0.00018684000,2.40000,2.28000
 0.00018688000,2.44000,2.32000
 0.00018692000,2.52000,2.36000
 0.00018696000,2.44000,2.32000
 0.00018700000,2.44000,2.32000
 0.00018704000,2.44000,2.32000
 0.00018708000,2.40000,2.28000
 0.00018712000,2.48000,2.32000
 0.00018716000,2.48000,2.32000
 0.00018720000,2.44000,2.32000
 0.00018724000,2.44000,2.32000
 0.00018728000,2.48000,2.32000
 0.00018732000,2.48000,2.32000
 0.00018736000,2.48000,2.36000
 0.00018740000,2.40000,2.28000
 0.00018744000,2.44000,2.28000
 0.00018748000,2.52000,2.40000
 0.00018752000,2.52000,2.32000
 0.00018756000,2.48000,2.32000
 0.00018760000,2.48000,2.32000
 0.00018764000,2.44000,2.32000
 0.00018768000,2.48000,2.32000
 0.00018772000,2.48000,2.36000
 0.00018776000,2.48000,2.32000
 0.00018780000,2.48000,2.32000
 0.00018784000,2.48000,2.32000
 0.00018788000,2.44000,2.32000
 0.00018792000,2.48000,2.36000
 0.00018796000,2.48000,2.32000
 0.00018800000,2.44000,2.32000
 0.00018804000,2.48000,2.32000
 0.00018808000,2.48000,2.32000
 0.00018812000,2.48000,2.32000
 0.00018816000,2.48000,2.32000
 0.00018820000,2.48000,2.32000
 0.00018824000,2.48000,2.32000
 0.00018828000,2.48000,2.32000
 0.00018832000,2.48000,2.32000
 0.00018836000,2.44000,2.32000
 0.00018840000,2.48000,2.32000
 0.00018844000,2.48000,2.32000
 0.00018848000,2.48000,2.32000
 0.00018852000,2.48000,2.32000
 0.00018856000,2.48000,2.32000
 0.00018860000,2.48000,2.32000
 0.00018864000,2.48000,2.32000
 0.00018868000,2.48000,2.32000
 0.00018872000,2.44000,2.32000
 0.00018876000,2.48000,2.36000
 0.00018880000,2.44000,2.36000
 0.00018884000,2.48000,2.32000
 0.00018888000,2.48000,2.36000
 0.00018891998,2.48000,2.32000
 0.00018896000,2.48000,2.32000
 0.00018900000,2.48000,2.32000
 0.00018904000,2.44000,2.32000
 0.00018908000,2.48000,2.32000
 0.00018912000,2.48000,2.32000
 0.00018916000,2.48000,2.36000
 0.00018920000,2.48000,2.32000
 0.00018924000,2.48000,2.36000
 0.00018927998,2.44000,2.32000
 0.00018932000,2.48000,2.32000
 0.00018936000,2.48000,2.32000
 0.00018940000,2.48000,2.32000
 0.00018944000,2.48000,2.32000
 0.00018948000,2.48000,2.36000
 0.00018952000,2.48000,2.32000
 0.00018956000,2.48000,2.32000
 0.00018960000,2.48000,2.32000
 0.00018963998,2.48000,2.36000
 0.00018968000,2.48000,2.32000
 0.00018972000,2.56000,2.40000
 0.00018976000,2.52000,2.44000
 0.00018980000,2.36000,2.32000
 0.00018984000,2.36000,2.28000
 0.00018988000,2.44000,2.28000
 0.00018992000,2.48000,2.36000
 0.00018996000,2.48000,2.40000
 0.00019000000,2.44000,2.32000
 0.00019004000,2.44000,2.32000
 0.00019008000,2.48000,2.32000
 0.00019012000,2.52000,2.32000
 0.00019016000,2.52000,2.36000
 0.00019020000,2.48000,2.36000
 0.00019024000,2.48000,2.32000
 0.00019028000,2.48000,2.32000
 0.00019032000,2.48000,2.32000
 0.00019036000,2.48000,2.36000
 0.00019040000,2.48000,2.36000
 0.00019044000,2.52000,2.32000
 0.00019048000,2.52000,2.40000
 0.00019052000,2.48000,2.40000
 0.00019056000,2.44000,2.32000
 0.00019060000,2.44000,2.32000
 0.00019064000,2.52000,2.32000
 0.00019068000,2.48000,2.36000
 0.00019072000,2.48000,2.36000
 0.00019076000,2.48000,2.36000
 0.00019080000,2.48000,2.32000
 0.00019084000,2.48000,2.32000
 0.00019088000,2.48000,2.36000
 0.00019092000,2.48000,2.36000
 0.00019096000,2.48000,2.36000
 0.00019100000,2.48000,2.36000
 0.00019104000,2.48000,2.32000
 0.00019108000,2.48000,2.32000
 0.00019112000,2.48000,2.36000
 0.00019116000,2.52000,2.36000
 0.00019120000,2.48000,2.32000
 0.00019124000,2.48000,2.36000
 0.00019128000,2.48000,2.36000
 0.00019132000,2.48000,2.36000
 0.00019136000,2.48000,2.32000
 0.00019140000,2.48000,2.36000
 0.00019144000,2.48000,2.36000
 0.00019148000,2.48000,2.36000
 0.00019152000,2.52000,2.36000
 0.00019156000,2.48000,2.32000
 0.00019160000,2.48000,2.36000
 0.00019164000,2.48000,2.32000
 0.00019168000,2.52000,2.36000
 0.00019172000,2.48000,2.32000
 0.00019176000,2.48000,2.36000
 0.00019180000,2.52000,2.36000
 0.00019184000,2.48000,2.36000
 0.00019188000,2.48000,2.36000
 0.00019192000,2.48000,2.32000
 0.00019196000,2.48000,2.36000
 0.00019200000,2.48000,2.36000
 0.00019204000,2.52000,2.32000
 0.00019208000,2.48000,2.32000
 0.00019212000,2.48000,2.36000
 0.00019216000,2.48000,2.36000
 0.00019220000,2.48000,2.36000
 0.00019224000,2.52000,2.36000
 0.00019228000,2.48000,2.36000
 0.00019232000,2.48000,2.36000
 0.00019235998,2.52000,2.36000
 0.00019240000,2.48000,2.36000
 0.00019244000,2.48000,2.36000
 0.00019248000,2.48000,2.36000
 0.00019252000,2.48000,2.36000
 0.00019256000,2.48000,2.36000
 0.00019260000,2.52000,2.36000
 0.00019264000,2.48000,2.36000
 0.00019268000,2.48000,2.36000
 0.00019271998,2.48000,2.32000
 0.00019276000,2.44000,2.36000
 0.00019280000,2.40000,2.28000
 0.00019284000,2.52000,2.32000
 0.00019288000,2.60000,2.44000
 0.00019292000,2.56000,2.44000
 0.00019296000,2.48000,2.36000
 0.00019300000,2.44000,2.28000
 0.00019304000,2.44000,2.40000
 0.00019307998,2.72000,2.56000
 0.00019312000,2.28000,2.20000
 0.00019316000,2.64000,2.52000
 0.00019320000,2.40000,2.32000
 0.00019324000,2.40000,2.20000
 0.00019328000,2.56000,2.52000
 0.00019332000,2.56000,2.32000
 0.00019336000,2.36000,2.32000
 0.00019340000,2.64000,2.48000
 0.00019343998,2.40000,2.28000
 0.00019348000,2.48000,2.32000
 0.00019352000,2.60000,2.48000
 0.00019356000,2.40000,2.28000
 0.00019360000,2.48000,2.32000
 0.00019364000,2.56000,2.40000
 0.00019368000,2.48000,2.32000
 0.00019372000,2.48000,2.36000
 0.00019376000,2.48000,2.32000
 0.00019380000,2.44000,2.32000
 0.00019384000,2.52000,2.40000
 0.00019388000,2.52000,2.40000
 0.00019392000,2.52000,2.40000
 0.00019396000,2.44000,2.32000
 0.00019400000,2.52000,2.40000
 0.00019404000,2.48000,2.32000
 0.00019408000,2.52000,2.36000
 0.00019412000,2.56000,2.44000
 0.00019416000,2.52000,2.36000
 0.00019420000,2.48000,2.36000
 0.00019424000,2.52000,2.36000
 0.00019428000,2.48000,2.32000
 0.00019432000,2.48000,2.36000
 0.00019436000,2.52000,2.40000
 0.00019440000,2.48000,2.32000
 0.00019444000,2.52000,2.40000
 0.00019448000,2.52000,2.36000
 0.00019452000,2.52000,2.36000
 0.00019456000,2.48000,2.36000
 0.00019460000,2.48000,2.36000
 0.00019464000,2.44000,2.36000
 0.00019468000,2.52000,2.40000
 0.00019472000,2.52000,2.40000
 0.00019476000,2.48000,2.36000
 0.00019480000,2.52000,2.36000
 0.00019484000,2.48000,2.36000
 0.00019488000,2.52000,2.40000
 0.00019492000,2.52000,2.40000
 0.00019496000,2.48000,2.32000
 0.00019500000,2.52000,2.36000
 0.00019504000,2.48000,2.36000
 0.00019508000,2.52000,2.40000
 0.00019512000,2.52000,2.36000
 0.00019516000,2.48000,2.36000
 0.00019520000,2.52000,2.40000
 0.00019524000,2.48000,2.36000
 0.00019528000,2.52000,2.36000
 0.00019532000,2.52000,2.40000
 0.00019536000,2.48000,2.36000
 0.00019540000,2.52000,2.40000
 0.00019544000,2.52000,2.40000
 0.00019548000,2.48000,2.32000
 0.00019552000,2.52000,2.40000
 0.00019556000,2.52000,2.36000
 0.00019560000,2.52000,2.36000
 0.00019564000,2.52000,2.40000
 0.00019568000,2.52000,2.36000
 0.00019572000,2.48000,2.36000
 0.00019576000,2.52000,2.40000
 0.00019579998,2.44000,2.32000
 0.00019584000,2.44000,2.28000
 0.00019588000,2.60000,2.44000
 0.00019592000,2.60000,2.48000
 0.00019596000,2.52000,2.44000
 0.00019600000,2.48000,2.36000
 0.00019604000,2.52000,2.32000
 0.00019608000,2.52000,2.36000
 0.00019612000,2.56000,2.44000
 0.00019615998,2.48000,2.36000
 0.00019620000,2.48000,2.36000
 0.00019624000,2.52000,2.32000
 0.00019628000,2.52000,2.32000
 0.00019632000,2.52000,2.40000
 0.00019636000,2.52000,2.40000
 0.00019640000,2.52000,2.36000
 0.00019644000,2.52000,2.40000
 0.00019648000,2.48000,2.36000
 0.00019651998,2.52000,2.36000
 0.00019656000,2.48000,2.40000
 0.00019660000,2.44000,2.32000
 0.00019664000,2.52000,2.36000
 0.00019668000,2.56000,2.44000
 0.00019672000,2.52000,2.40000
 0.00019676000,2.48000,2.36000
 0.00019680000,2.52000,2.36000
 0.00019684000,2.48000,2.36000
 0.00019687998,2.48000,2.44000
 0.00019692000,2.52000,2.36000
 0.00019696000,2.48000,2.36000
 0.00019700000,2.52000,2.36000
 0.00019704000,2.52000,2.36000
 0.00019708000,2.52000,2.40000
 0.00019712000,2.52000,2.40000
 0.00019716000,2.52000,2.44000
 0.00019720000,2.52000,2.36000
 0.00019724000,2.52000,2.36000
 0.00019728000,2.52000,2.40000
 0.00019732000,2.52000,2.36000
 0.00019736000,2.52000,2.44000
 0.00019740000,2.52000,2.36000
 0.00019744000,2.48000,2.36000
 0.00019748000,2.56000,2.40000
 0.00019752000,2.48000,2.32000
 0.00019756000,2.60000,2.48000
 0.00019760000,2.48000,2.32000
 0.00019764000,2.52000,2.40000
 0.00019768000,2.52000,2.36000
 0.00019772000,2.52000,2.36000
 0.00019776000,2.52000,2.36000
 0.00019780000,2.52000,2.40000
 0.00019784000,2.48000,2.36000
 0.00019788000,2.56000,2.44000
 0.00019792000,2.52000,2.36000
 0.00019796000,2.52000,2.40000
 0.00019800000,2.48000,2.36000
 0.00019804000,2.52000,2.40000
 0.00019808000,2.52000,2.44000
 0.00019812000,2.52000,2.44000
 0.00019816000,2.52000,2.40000
 0.00019820000,2.52000,2.40000
 0.00019824000,2.52000,2.40000
 0.00019828000,2.52000,2.40000
 0.00019832000,2.52000,2.40000
 0.00019836000,2.52000,2.40000
 0.00019840000,2.52000,2.40000
 0.00019844000,2.48000,2.36000
 0.00019848000,2.52000,2.40000
 0.00019852000,2.52000,2.36000
 0.00019856000,2.52000,2.40000
 0.00019860000,2.52000,2.44000
 0.00019864000,2.52000,2.40000
 0.00019868000,2.52000,2.44000
 0.00019872000,2.52000,2.40000
 0.00019876000,2.52000,2.36000
 0.00019880000,2.52000,2.40000
 0.00019884000,2.52000,2.44000
 0.00019888000,2.64000,2.48000
 0.00019892000,2.52000,2.44000
 0.00019896000,2.40000,2.32000
 0.00019900000,2.44000,2.28000
 0.00019904000,2.48000,2.36000
 0.00019908000,2.56000,2.44000
 0.00019912000,2.52000,2.44000
 0.00019916000,2.48000,2.36000
 0.00019920000,2.48000,2.32000
 0.00019923998,2.52000,2.40000
 0.00019928000,2.52000,2.40000
 0.00019932000,2.56000,2.44000
 0.00019936000,2.52000,2.36000
 0.00019940000,2.52000,2.36000
 0.00019944000,2.52000,2.40000
 0.00019948000,2.52000,2.36000
 0.00019952000,2.52000,2.40000
 0.00019956000,2.52000,2.40000
 0.00019959998,2.56000,2.36000
 0.00019964000,2.56000,2.44000
 0.00019968000,2.56000,2.44000
 0.00019972000,2.48000,2.40000
 0.00019976000,2.48000,2.36000
 0.00019980000,2.52000,2.40000
 0.00019984000,2.52000,2.40000
 0.00019988000,2.52000,2.44000
 0.00019992000,2.52000,2.36000
 0.00019995998,2.52000,2.36000
 0.00020000000,2.52000,2.36000
 0.00020004000,2.52000,2.40000
 0.00020008000,2.52000,2.40000
 0.00020012000,2.52000,2.44000
 0.00020016000,2.52000,2.40000
 0.00020020000,2.52000,2.44000
 0.00020024000,2.52000,2.40000
 0.00020028000,2.52000,2.40000
 0.00020031998,2.52000,2.40000
 0.00020036000,2.52000,2.40000
 0.00020040000,2.52000,2.40000
 0.00020044000,2.52000,2.40000
 0.00020048000,2.52000,2.40000
 0.00020052000,2.52000,2.40000
 0.00020056000,2.48000,2.36000
 0.00020060000,2.60000,2.44000
 0.00020064000,2.44000,2.32000
 0.00020068000,2.60000,2.44000
 0.00020072000,2.44000,2.32000
 0.00020076000,2.56000,2.44000
 0.00020080000,2.48000,2.32000
 0.00020084000,2.56000,2.44000
 0.00020088000,2.48000,2.36000
 0.00020092000,2.52000,2.40000
 0.00020096000,2.56000,2.44000
 0.00020100000,2.52000,2.40000
 0.00020104000,2.52000,2.44000
 0.00020108000,2.52000,2.40000
 0.00020112000,2.48000,2.32000
 0.00020116000,2.52000,2.44000
 0.00020120000,2.52000,2.44000
 0.00020124000,2.52000,2.40000
 0.00020128000,2.52000,2.44000
 0.00020132000,2.52000,2.44000
 0.00020136000,2.52000,2.40000
 0.00020140000,2.52000,2.40000
 0.00020144000,2.52000,2.40000
 0.00020148000,2.52000,2.40000
 0.00020152000,2.52000,2.44000
 0.00020156000,2.52000,2.40000
 0.00020160000,2.52000,2.40000
 0.00020164000,2.52000,2.40000
 0.00020168000,2.52000,2.44000
 0.00020172000,2.52000,2.40000
 0.00020176000,2.52000,2.44000
 0.00020180000,2.52000,2.40000
 0.00020184000,2.52000,2.40000
 0.00020188000,2.52000,2.40000
 0.00020192000,2.52000,2.48000
 0.00020196000,2.44000,2.32000
 0.00020200000,2.48000,2.28000
 0.00020204000,2.56000,2.36000
 0.00020208000,2.60000,2.44000
 0.00020212000,2.56000,2.44000
 0.00020216000,2.48000,2.36000
 0.00020220000,2.52000,2.36000
 0.00020224000,2.52000,2.40000
 0.00020228000,2.56000,2.44000
 0.00020232000,2.52000,2.44000
 0.00020236000,2.52000,2.44000
 0.00020240000,2.52000,2.40000
 0.00020244000,2.40000,2.28000
 0.00020248000,2.76000,2.72000
 0.00020252000,2.28000,2.20000
 0.00020256000,2.60000,2.52000
 0.00020260000,2.44000,2.28000
 0.00020264000,2.52000,2.36000
 0.00020267998,2.44000,2.40000
 0.00020272000,2.72000,2.56000
 0.00020276000,2.24000,2.16000
 0.00020280000,2.76000,2.64000
 0.00020284000,2.44000,2.32000
 0.00020288000,2.48000,2.32000
 0.00020292000,2.52000,2.44000
 0.00020296000,2.56000,2.36000
 0.00020300000,2.48000,2.40000
 0.00020303998,2.60000,2.48000
 0.00020308000,2.56000,2.44000
 0.00020312000,2.52000,2.40000
 0.00020316000,2.56000,2.44000
 0.00020320000,2.48000,2.32000
 0.00020324000,2.52000,2.44000
 0.00020328000,2.56000,2.44000
 0.00020332000,2.56000,2.44000
 0.00020336000,2.48000,2.36000
 0.00020339998,2.56000,2.44000
 0.00020344000,2.48000,2.36000
 0.00020348000,2.56000,2.44000
 0.00020352000,2.56000,2.44000
 0.00020356000,2.52000,2.36000
 0.00020360000,2.52000,2.44000
 0.00020364000,2.56000,2.40000
 0.00020368000,2.52000,2.40000
 0.00020372000,2.52000,2.40000
 0.00020375998,2.52000,2.40000
 0.00020380000,2.52000,2.40000
 0.00020384000,2.56000,2.44000
 0.00020388000,2.52000,2.40000
 0.00020392000,2.56000,2.44000
 0.00020396000,2.52000,2.40000
 0.00020400000,2.52000,2.40000
 0.00020404000,2.56000,2.44000
 0.00020408000,2.52000,2.40000
 0.00020412000,2.52000,2.44000
 0.00020416000,2.56000,2.44000
 0.00020420000,2.52000,2.40000
 0.00020424000,2.52000,2.44000
 0.00020428000,2.52000,2.44000
 0.00020432000,2.52000,2.40000
 0.00020436000,2.52000,2.44000
 0.00020440000,2.56000,2.44000
 0.00020444000,2.52000,2.40000
 0.00020448000,2.56000,2.40000
 0.00020452000,2.52000,2.44000
 0.00020456000,2.52000,2.40000
 0.00020460000,2.52000,2.44000
 0.00020464000,2.56000,2.44000
 0.00020468000,2.52000,2.44000
 0.00020472000,2.56000,2.44000
 0.00020476000,2.52000,2.40000
 0.00020480000,2.56000,2.40000
 0.00020484000,2.52000,2.44000
 0.00020488000,2.56000,2.44000
 0.00020492000,2.52000,2.40000
 0.00020496000,2.48000,2.32000
 0.00020500000,2.52000,2.32000
 0.00020504000,2.60000,2.44000
 0.00020508000,2.64000,2.52000
 0.00020512000,2.52000,2.44000
 0.00020516000,2.48000,2.40000
 0.00020520000,2.56000,2.40000
 0.00020524000,2.56000,2.44000
 0.00020528000,2.52000,2.44000
 0.00020532000,2.56000,2.44000
 0.00020536000,2.48000,2.36000
 0.00020540000,2.52000,2.36000
 0.00020544000,2.56000,2.40000
 0.00020548000,2.52000,2.44000
 0.00020552000,2.56000,2.44000
 0.00020556000,2.56000,2.44000
 0.00020560000,2.52000,2.36000
 0.00020564000,2.52000,2.44000
 0.00020568000,2.56000,2.44000
 0.00020572000,2.48000,2.36000
 0.00020576000,2.52000,2.40000
 0.00020580000,2.60000,2.44000
 0.00020584000,2.56000,2.44000
 0.00020588000,2.56000,2.48000
 0.00020592000,2.48000,2.40000
 0.00020596000,2.52000,2.40000
 0.00020600000,2.56000,2.44000
 0.00020604000,2.56000,2.44000
 0.00020608000,2.56000,2.44000
 0.00020611998,2.52000,2.44000
 0.00020616000,2.52000,2.40000
 0.00020620000,2.56000,2.44000
 0.00020624000,2.56000,2.44000
 0.00020628000,2.56000,2.44000
 0.00020632000,2.56000,2.44000
 0.00020636000,2.52000,2.40000
 0.00020640000,2.52000,2.44000
 0.00020644000,2.56000,2.44000
 0.00020647998,2.56000,2.44000
 0.00020652000,2.56000,2.44000
 0.00020656000,2.52000,2.40000
 0.00020660000,2.52000,2.40000
 0.00020664000,2.52000,2.40000
 0.00020668000,2.56000,2.40000
 0.00020672000,2.52000,2.44000
 0.00020676000,2.52000,2.44000
 0.00020680000,2.52000,2.44000
 0.00020683998,2.56000,2.44000
 0.00020688000,2.52000,2.44000
 0.00020692000,2.52000,2.40000
 0.00020696000,2.52000,2.44000
 0.00020700000,2.52000,2.40000
 0.00020704000,2.56000,2.44000
 0.00020708000,2.52000,2.44000
 0.00020712000,2.56000,2.44000
 0.00020716000,2.56000,2.40000
 0.00020719998,2.52000,2.44000
 0.00020724000,2.52000,2.40000
 0.00020728000,2.56000,2.44000
 0.00020732000,2.52000,2.44000
 0.00020736000,2.56000,2.44000
 0.00020740000,2.56000,2.44000
 0.00020744000,2.52000,2.44000
 0.00020748000,2.52000,2.40000
 0.00020752000,2.56000,2.44000
 0.00020756000,2.52000,2.40000
 0.00020760000,2.56000,2.44000
 0.00020764000,2.56000,2.44000
 0.00020768000,2.52000,2.40000
 0.00020772000,2.56000,2.44000
 0.00020776000,2.52000,2.40000
 0.00020780000,2.52000,2.44000
 0.00020784000,2.56000,2.44000
 0.00020788000,2.52000,2.44000
 0.00020792000,2.56000,2.40000
 0.00020796000,2.52000,2.40000
 0.00020800000,2.56000,2.44000
 0.00020804000,2.64000,2.48000
 0.00020808000,2.60000,2.52000
 0.00020812000,2.44000,2.36000
 0.00020816000,2.44000,2.32000
 0.00020820000,2.52000,2.36000
 0.00020824000,2.56000,2.48000
 0.00020828000,2.52000,2.44000
 0.00020832000,2.52000,2.44000
 0.00020836000,2.52000,2.36000
 0.00020840000,2.52000,2.40000
 0.00020844000,2.56000,2.44000
 0.00020848000,2.56000,2.44000
 0.00020852000,2.56000,2.44000
 0.00020856000,2.52000,2.40000
 0.00020860000,2.56000,2.40000
 0.00020864000,2.52000,2.40000
 0.00020868000,2.56000,2.44000
 0.00020872000,2.52000,2.36000
 0.00020876000,2.56000,2.44000
 0.00020880000,2.56000,2.44000
 0.00020884000,2.56000,2.48000
 0.00020888000,2.52000,2.40000
 0.00020892000,2.48000,2.36000
 0.00020896000,2.52000,2.44000
 0.00020900000,2.56000,2.44000
 0.00020904000,2.52000,2.44000
 0.00020908000,2.52000,2.40000
 0.00020912000,2.56000,2.44000
 0.00020916000,2.52000,2.40000
 0.00020920000,2.56000,2.44000
 0.00020924000,2.56000,2.44000
 0.00020928000,2.52000,2.44000
 0.00020932000,2.56000,2.44000
 0.00020936000,2.56000,2.40000
 0.00020940000,2.52000,2.40000
 0.00020944000,2.56000,2.44000
 0.00020948000,2.56000,2.44000
 0.00020952000,2.56000,2.40000
 0.00020955998,2.52000,2.44000
 0.00020960000,2.56000,2.44000
 0.00020964000,2.56000,2.44000
 0.00020968000,2.56000,2.44000
 0.00020972000,2.52000,2.44000
 0.00020976000,2.52000,2.40000
 0.00020980000,2.56000,2.44000
 0.00020984000,2.52000,2.44000
 0.00020988000,2.56000,2.44000
 0.00020991998,2.52000,2.44000
 0.00020996000,2.52000,2.44000
 0.00021000000,2.56000,2.44000
 0.00021004000,2.52000,2.44000
 0.00021008000,2.56000,2.44000
 0.00021012000,2.56000,2.44000
 0.00021016000,2.52000,2.44000
 0.00021020000,2.52000,2.40000
 0.00021024000,2.56000,2.44000
 0.00021027998,2.56000,2.44000
 0.00021032000,2.56000,2.44000
 0.00021036000,2.52000,2.44000
 0.00021040000,2.52000,2.44000
 0.00021044000,2.52000,2.44000
 0.00021048000,2.52000,2.40000
 0.00021052000,2.52000,2.44000
 0.00021056000,2.56000,2.44000
 0.00021060000,2.56000,2.44000
 0.00021063998,2.56000,2.44000
 0.00021068000,2.52000,2.44000
 0.00021072000,2.52000,2.44000
 0.00021076000,2.56000,2.44000
 0.00021080000,2.56000,2.44000
 0.00021084000,2.52000,2.44000
 0.00021088000,2.52000,2.40000
 0.00021092000,2.52000,2.44000
 0.00021096000,2.52000,2.44000
 0.00021100000,2.52000,2.44000
 0.00021104000,2.52000,2.44000
 0.00021108000,2.56000,2.48000
 0.00021112000,2.44000,2.36000
 0.00021116000,2.48000,2.28000
 0.00021120000,2.56000,2.36000
 0.00021124000,2.60000,2.44000
 0.00021128000,2.56000,2.44000
 0.00021132000,2.52000,2.44000
 0.00021136000,2.52000,2.36000
 0.00021140000,2.56000,2.44000
 0.00021144000,2.60000,2.44000
 0.00021148000,2.56000,2.44000
 0.00021152000,2.52000,2.44000
 0.00021156000,2.56000,2.44000
 0.00021160000,2.52000,2.36000
 0.00021164000,2.56000,2.44000
 0.00021168000,2.56000,2.44000
 0.00021172000,2.56000,2.44000
 0.00021176000,2.52000,2.40000
 0.00021180000,2.56000,2.48000
 0.00021184000,2.48000,2.32000
 0.00021188000,2.64000,2.60000
 0.00021192000,2.60000,2.32000
 0.00021196000,2.40000,2.32000
 0.00021200000,2.68000,2.48000
 0.00021204000,2.56000,2.48000
 0.00021208000,2.36000,2.20000
 0.00021212000,2.76000,2.76000
 0.00021216000,2.40000,2.20000
 0.00021220000,2.64000,2.64000
 0.00021224000,2.60000,2.48000
 0.00021228000,2.48000,2.32000
 0.00021232000,2.44000,2.32000
 0.00021236000,2.72000,2.56000
 0.00021240000,2.40000,2.24000
 0.00021244000,2.68000,2.56000
 0.00021248000,2.56000,2.44000
 0.00021252000,2.52000,2.40000
 0.00021256000,2.52000,2.44000
 0.00021260000,2.56000,2.44000
 0.00021264000,2.48000,2.36000
 0.00021268000,2.60000,2.48000
 0.00021272000,2.56000,2.44000
 0.00021276000,2.52000,2.44000
 0.00021280000,2.56000,2.44000
 0.00021284000,2.56000,2.40000
 0.00021288000,2.52000,2.40000
 0.00021292000,2.56000,2.44000
 0.00021296000,2.56000,2.44000
 0.00021299998,2.52000,2.40000
 0.00021304000,2.60000,2.44000
 0.00021308000,2.56000,2.44000
 0.00021312000,2.52000,2.40000
 0.00021316000,2.56000,2.44000
 0.00021320000,2.56000,2.44000
 0.00021324000,2.52000,2.44000
 0.00021328000,2.56000,2.48000
 0.00021332000,2.56000,2.40000
 0.00021335998,2.56000,2.44000
 0.00021340000,2.52000,2.36000
 0.00021344000,2.56000,2.44000
 0.00021348000,2.52000,2.32000
 0.00021352000,2.60000,2.48000
 0.00021356000,2.52000,2.36000
 0.00021360000,2.56000,2.48000
 0.00021364000,2.56000,2.44000
 0.00021368000,2.52000,2.44000
 0.00021371998,2.52000,2.44000
 0.00021376000,2.52000,2.44000
 0.00021380000,2.56000,2.44000
 0.00021384000,2.52000,2.44000
 0.00021388000,2.56000,2.44000
 0.00021392000,2.52000,2.40000
 0.00021396000,2.56000,2.44000
 0.00021400000,2.52000,2.44000
 0.00021404000,2.52000,2.44000
 0.00021407998,2.56000,2.44000
 0.00021412000,2.52000,2.32000
 0.00021416000,2.56000,2.36000
 0.00021420000,2.64000,2.48000
 0.00021424000,2.64000,2.56000
 0.00021428000,2.52000,2.44000
 0.00021432000,2.48000,2.40000
 0.00021436000,2.56000,2.44000
 0.00021440000,2.60000,2.44000
 0.00021444000,2.56000,2.44000
 0.00021448000,2.52000,2.44000
 0.00021452000,2.52000,2.40000
 0.00021456000,2.52000,2.40000
 0.00021460000,2.56000,2.44000
 0.00021464000,2.56000,2.44000
 0.00021468000,2.56000,2.44000
 0.00021472000,2.56000,2.44000
 0.00021476000,2.52000,2.44000
 0.00021480000,2.56000,2.44000
 0.00021484000,2.56000,2.44000
 0.00021488000,2.48000,2.44000
 0.00021492000,2.52000,2.36000
 0.00021496000,2.56000,2.44000
 0.00021500000,2.56000,2.44000
 0.00021504000,2.56000,2.44000
 0.00021508000,2.56000,2.44000
 0.00021512000,2.56000,2.44000
 0.00021516000,2.56000,2.44000
 0.00021520000,2.56000,2.44000
 0.00021524000,2.56000,2.44000
 0.00021528000,2.52000,2.40000
 0.00021532000,2.52000,2.44000
 0.00021536000,2.56000,2.40000
 0.00021540000,2.52000,2.44000
 0.00021544000,2.56000,2.44000
 0.00021548000,2.56000,2.48000
 0.00021552000,2.52000,2.44000
 0.00021556000,2.52000,2.44000
 0.00021560000,2.56000,2.44000
 0.00021564000,2.56000,2.44000
 0.00021568000,2.56000,2.44000
 0.00021572000,2.56000,2.44000
 0.00021576000,2.52000,2.40000
 0.00021580000,2.56000,2.44000
 0.00021584000,2.56000,2.44000
 0.00021588000,2.56000,2.44000
 0.00021592000,2.56000,2.44000
 0.00021596000,2.56000,2.44000
 0.00021600000,2.56000,2.40000
 0.00021604000,2.56000,2.44000
 0.00021608000,2.56000,2.44000
 0.00021612000,2.56000,2.44000
 0.00021616000,2.56000,2.44000
 0.00021620000,2.56000,2.44000
 0.00021624000,2.56000,2.44000
 0.00021628000,2.56000,2.44000
 0.00021632000,2.52000,2.44000
 0.00021636000,2.56000,2.44000
 0.00021640000,2.56000,2.44000
 0.00021643998,2.56000,2.44000
 0.00021648000,2.56000,2.44000
 0.00021652000,2.56000,2.44000
 0.00021656000,2.52000,2.44000
 0.00021660000,2.56000,2.44000
 0.00021664000,2.56000,2.44000
 0.00021668000,2.56000,2.44000
 0.00021672000,2.56000,2.44000
 0.00021676000,2.56000,2.44000
 0.00021679998,2.52000,2.44000
 0.00021684000,2.56000,2.44000
 0.00021688000,2.56000,2.44000
 0.00021692000,2.52000,2.40000
 0.00021696000,2.56000,2.44000
 0.00021700000,2.52000,2.40000
 0.00021704000,2.60000,2.44000
 0.00021708000,2.56000,2.44000
 0.00021712000,2.56000,2.44000
 0.00021715998,2.56000,2.40000
 0.00021720000,2.60000,2.44000
 0.00021724000,2.64000,2.52000
 0.00021728000,2.52000,2.48000
 0.00021732000,2.44000,2.40000
 0.00021736000,2.52000,2.36000
 0.00021740000,2.56000,2.44000
 0.00021744000,2.56000,2.48000
 0.00021748000,2.56000,2.44000
 0.00021751998,2.52000,2.40000
 0.00021756000,2.56000,2.44000
 0.00021760000,2.56000,2.40000
 0.00021764000,2.60000,2.44000
 0.00021768000,2.52000,2.44000
 0.00021772000,2.56000,2.44000
 0.00021776000,2.52000,2.44000
 0.00021780000,2.56000,2.44000
 0.00021784000,2.56000,2.44000
 0.00021788000,2.56000,2.44000
 0.00021792000,2.52000,2.36000
 0.00021796000,2.56000,2.44000
 0.00021800000,2.60000,2.48000
 0.00021804000,2.56000,2.44000
 0.00021808000,2.52000,2.40000
 0.00021812000,2.56000,2.44000
 0.00021816000,2.60000,2.44000
 0.00021820000,2.56000,2.44000
 0.00021824000,2.60000,2.48000
 0.00021828000,2.52000,2.44000
 0.00021832000,2.52000,2.36000
 0.00021836000,2.56000,2.44000
 0.00021840000,2.52000,2.36000
 0.00021844000,2.56000,2.44000
 0.00021848000,2.60000,2.48000
 0.00021852000,2.56000,2.44000
 0.00021856000,2.52000,2.44000
 0.00021860000,2.56000,2.44000
 0.00021864000,2.52000,2.44000
 0.00021868000,2.56000,2.44000
 0.00021872000,2.56000,2.44000
 0.00021876000,2.56000,2.44000
 0.00021880000,2.56000,2.44000
 0.00021884000,2.52000,2.44000
 0.00021888000,2.56000,2.44000
 0.00021892000,2.52000,2.44000
 0.00021896000,2.56000,2.44000
 0.00021900000,2.56000,2.44000
 0.00021904000,2.52000,2.40000
 0.00021908000,2.64000,2.48000
 0.00021912000,2.52000,2.36000
 0.00021916000,2.56000,2.44000
 0.00021920000,2.60000,2.44000
 0.00021924000,2.48000,2.36000
 0.00021928000,2.64000,2.48000
 0.00021932000,2.52000,2.40000
 0.00021936000,2.52000,2.44000
 0.00021940000,2.60000,2.48000
 0.00021944000,2.52000,2.40000
 0.00021948000,2.56000,2.44000
 0.00021952000,2.56000,2.44000
 0.00021956000,2.52000,2.44000
 0.00021960000,2.56000,2.44000
 0.00021964000,2.56000,2.44000
 0.00021968000,2.52000,2.40000
 0.00021972000,2.56000,2.44000
 0.00021976000,2.56000,2.44000
 0.00021980000,2.56000,2.44000
 0.00021984000,2.56000,2.44000
 0.00021987998,2.56000,2.44000
 0.00021992000,2.56000,2.44000
 0.00021996000,2.56000,2.44000
 0.00022000000,2.56000,2.44000
 0.00022004000,2.52000,2.40000
 0.00022008000,2.60000,2.48000
 0.00022012000,2.56000,2.44000
 0.00022016000,2.52000,2.44000
 0.00022020000,2.56000,2.44000
 0.00022023998,2.48000,2.40000
 0.00022028000,2.48000,2.32000
 0.00022032000,2.56000,2.36000
 0.00022036000,2.72000,2.48000
 0.00022040000,2.56000,2.48000
 0.00022044000,2.64000,2.48000
 0.00022048000,2.40000,2.28000
 0.00022052000,2.64000,2.48000
 0.00022056000,2.52000,2.40000
 0.00022059998,2.60000,2.48000
 0.00022064000,2.52000,2.44000
 0.00022068000,2.52000,2.40000
 0.00022072000,2.56000,2.40000
 0.00022076000,2.56000,2.44000
 0.00022080000,2.56000,2.40000
 0.00022084000,2.56000,2.48000
 0.00022088000,2.56000,2.44000
 0.00022092000,2.56000,2.44000
 0.00022095998,2.56000,2.44000
 0.00022100000,2.60000,2.48000
 0.00022104000,2.48000,2.40000
 0.00022108000,2.52000,2.40000
 0.00022112000,2.56000,2.40000
 0.00022116000,2.56000,2.44000
 0.00022120000,2.52000,2.44000
 0.00022124000,2.56000,2.44000
 0.00022128000,2.40000,2.32000
 0.00022131998,2.76000,2.68000
 0.00022136000,2.32000,2.20000
 0.00022140000,2.64000,2.56000
 0.00022144000,2.48000,2.32000
 0.00022148000,2.52000,2.32000
 0.00022152000,2.44000,2.36000
 0.00022156000,2.76000,2.60000
 0.00022160000,2.28000,2.20000
 0.00022164000,2.76000,2.64000
 0.00022168000,2.44000,2.32000
 0.00022172000,2.48000,2.32000
 0.00022176000,2.56000,2.48000
 0.00022180000,2.56000,2.40000
 0.00022184000,2.48000,2.40000
 0.00022188000,2.68000,2.48000
 0.00022192000,2.56000,2.44000
 0.00022196000,2.52000,2.40000
 0.00022200000,2.60000,2.44000
 0.00022204000,2.52000,2.36000
 0.00022208000,2.56000,2.44000
 0.00022212000,2.56000,2.44000
 0.00022216000,2.56000,2.44000
 0.00022220000,2.52000,2.44000
 0.00022224000,2.60000,2.44000
 0.00022228000,2.52000,2.40000
 0.00022232000,2.52000,2.44000
 0.00022236000,2.60000,2.48000
 0.00022240000,2.52000,2.44000
 0.00022244000,2.56000,2.44000
 0.00022248000,2.56000,2.44000
 0.00022252000,2.52000,2.44000
 0.00022256000,2.52000,2.44000
 0.00022260000,2.60000,2.44000
 0.00022264000,2.52000,2.44000
 0.00022268000,2.56000,2.44000
 0.00022272000,2.56000,2.44000
 0.00022276000,2.56000,2.44000
 0.00022280000,2.56000,2.44000
 0.00022284000,2.56000,2.44000
 0.00022288000,2.56000,2.44000
 0.00022292000,2.56000,2.44000
 0.00022296000,2.56000,2.44000
 0.00022300000,2.56000,2.44000
 0.00022304000,2.56000,2.44000
 0.00022308000,2.56000,2.44000
 0.00022312000,2.56000,2.44000
 0.00022316000,2.52000,2.44000
 0.00022320000,2.56000,2.44000
 0.00022324000,2.56000,2.44000
 0.00022328000,2.52000,2.44000
 0.00022331998,2.48000,2.32000
 0.00022336000,2.56000,2.36000
 0.00022340000,2.68000,2.44000
 0.00022344000,2.64000,2.48000
 0.00022348000,2.56000,2.44000
 0.00022352000,2.52000,2.36000
 0.00022356000,2.56000,2.44000
 0.00022360000,2.56000,2.44000
 0.00022364000,2.56000,2.48000
 0.00022367998,2.52000,2.44000
 0.00022372000,2.52000,2.44000
 0.00022376000,2.52000,2.44000
 0.00022380000,2.56000,2.44000
 0.00022384000,2.56000,2.48000
 0.00022388000,2.56000,2.44000
 0.00022392000,2.56000,2.44000
 0.00022396000,2.56000,2.44000
 0.00022400000,2.56000,2.40000
 0.00022403998,2.52000,2.40000
 0.00022408000,2.52000,2.40000
 0.00022412000,2.64000,2.44000
 0.00022416000,2.60000,2.48000
 0.00022420000,2.56000,2.44000
 0.00022424000,2.56000,2.44000
 0.00022428000,2.52000,2.44000
 0.00022432000,2.56000,2.44000
 0.00022436000,2.56000,2.44000
 0.00022439998,2.56000,2.44000
 0.00022444000,2.56000,2.44000
 0.00022448000,2.56000,2.40000
 0.00022452000,2.56000,2.44000
 0.00022456000,2.56000,2.44000
 0.00022460000,2.56000,2.44000
 0.00022464000,2.56000,2.44000
 0.00022468000,2.56000,2.44000
 0.00022472000,2.56000,2.44000
 0.00022475998,2.56000,2.44000
 0.00022480000,2.56000,2.44000
 0.00022484000,2.56000,2.44000
 0.00022488000,2.52000,2.44000
 0.00022492000,2.56000,2.44000
 0.00022496000,2.56000,2.44000
 0.00022500000,2.56000,2.44000
 0.00022504000,2.56000,2.44000
 0.00022508000,2.56000,2.44000
 0.00022512000,2.56000,2.44000
 0.00022516000,2.56000,2.44000
 0.00022520000,2.56000,2.44000
 0.00022524000,2.56000,2.44000
 0.00022528000,2.56000,2.44000
 0.00022532000,2.56000,2.44000
 0.00022536000,2.56000,2.44000
 0.00022540000,2.56000,2.44000
 0.00022544000,2.56000,2.40000
 0.00022548000,2.56000,2.44000
 0.00022552000,2.56000,2.44000
 0.00022556000,2.56000,2.44000
 0.00022560000,2.56000,2.44000
 0.00022564000,2.56000,2.44000
 0.00022568000,2.56000,2.44000
 0.00022572000,2.56000,2.44000
 0.00022576000,2.56000,2.44000
 0.00022580000,2.56000,2.44000
 0.00022584000,2.56000,2.40000
 0.00022588000,2.60000,2.48000
 0.00022592000,2.56000,2.44000
 0.00022596000,2.56000,2.44000
 0.00022600000,2.56000,2.44000
 0.00022604000,2.52000,2.40000
 0.00022608000,2.56000,2.44000
 0.00022612000,2.56000,2.44000
 0.00022616000,2.56000,2.44000
 0.00022620000,2.56000,2.44000
 0.00022624000,2.56000,2.44000
 0.00022628000,2.56000,2.44000
 0.00022632000,2.60000,2.44000
 0.00022636000,2.56000,2.44000
 0.00022640000,2.68000,2.56000
 0.00022644000,2.52000,2.48000
 0.00022648000,2.48000,2.40000
 0.00022652000,2.52000,2.36000
 0.00022656000,2.56000,2.44000
 0.00022660000,2.56000,2.48000
 0.00022664000,2.56000,2.44000
 0.00022668000,2.52000,2.40000
 0.00022672000,2.56000,2.44000
 0.00022675998,2.56000,2.44000
 0.00022680000,2.60000,2.44000
 0.00022684000,2.56000,2.44000
 0.00022688000,2.56000,2.44000
 0.00022692000,2.56000,2.44000
 0.00022696000,2.56000,2.44000
 0.00022700000,2.56000,2.44000
 0.00022704000,2.56000,2.44000
 0.00022708000,2.56000,2.44000
 0.00022711998,2.60000,2.44000
 0.00022716000,2.60000,2.48000
 0.00022720000,2.52000,2.44000
 0.00022724000,2.52000,2.44000
 0.00022728000,2.56000,2.44000
 0.00022732000,2.56000,2.48000
 0.00022736000,2.56000,2.44000
 0.00022740000,2.56000,2.44000
 0.00022744000,2.56000,2.44000
 0.00022747998,2.56000,2.44000
 0.00022752000,2.56000,2.44000
 0.00022756000,2.56000,2.44000
 0.00022760000,2.56000,2.44000
 0.00022764000,2.56000,2.44000
 0.00022768000,2.56000,2.44000
 0.00022772000,2.56000,2.44000
 0.00022776000,2.56000,2.44000
 0.00022780000,2.56000,2.44000
 0.00022783998,2.56000,2.44000
 0.00022788000,2.56000,2.48000
 0.00022792000,2.56000,2.44000
 0.00022796000,2.56000,2.44000
 0.00022800000,2.56000,2.44000
 0.00022804000,2.56000,2.44000
 0.00022808000,2.56000,2.44000
 0.00022812000,2.56000,2.44000
 0.00022816000,2.56000,2.44000
 0.00022819998,2.56000,2.44000
 0.00022824000,2.56000,2.44000
 0.00022828000,2.56000,2.44000
 0.00022832000,2.56000,2.48000
 0.00022836000,2.56000,2.44000
 0.00022840000,2.52000,2.44000
 0.00022844000,2.52000,2.40000
 0.00022848000,2.60000,2.48000
 0.00022852000,2.52000,2.40000
 0.00022856000,2.60000,2.48000
 0.00022860000,2.56000,2.44000
 0.00022864000,2.52000,2.44000
 0.00022868000,2.56000,2.44000
 0.00022872000,2.56000,2.44000
 0.00022876000,2.56000,2.44000
 0.00022880000,2.56000,2.40000
 0.00022884000,2.56000,2.44000
 0.00022888000,2.60000,2.44000
 0.00022892000,2.56000,2.44000
 0.00022896000,2.52000,2.44000
 0.00022900000,2.60000,2.44000
 0.00022904000,2.56000,2.44000
 0.00022908000,2.60000,2.48000
 0.00022912000,2.52000,2.40000
 0.00022916000,2.60000,2.48000
 0.00022920000,2.56000,2.40000
 0.00022924000,2.56000,2.44000
 0.00022928000,2.60000,2.44000
 0.00022932000,2.52000,2.44000
 0.00022936000,2.60000,2.48000
 0.00022940000,2.60000,2.52000
 0.00022944000,2.48000,2.36000
 0.00022948000,2.48000,2.32000
 0.00022952000,2.52000,2.32000
 0.00022956000,2.64000,2.48000
 0.00022960000,2.56000,2.48000
 0.00022964000,2.52000,2.40000
 0.00022968000,2.56000,2.40000
 0.00022972000,2.56000,2.44000
 0.00022976000,2.56000,2.44000
 0.00022980000,2.64000,2.48000
 0.00022984000,2.56000,2.44000
 0.00022988000,2.52000,2.44000
 0.00022992000,2.56000,2.44000
 0.00022996000,2.56000,2.44000
 0.00023000000,2.60000,2.44000
 0.00023004000,2.56000,2.44000
 0.00023008000,2.56000,2.44000
 0.00023012000,2.56000,2.48000
 0.00023016000,2.56000,2.48000
 0.00023019998,2.48000,2.40000
 0.00023024000,2.52000,2.40000
 0.00023028000,2.56000,2.44000
 0.00023032000,2.52000,2.44000
 0.00023036000,2.56000,2.48000
 0.00023040000,2.56000,2.44000
 0.00023044000,2.56000,2.44000
 0.00023048000,2.56000,2.44000
 0.00023052000,2.56000,2.44000
 0.00023055998,2.56000,2.48000
 0.00023060000,2.56000,2.44000
 0.00023064000,2.56000,2.44000
 0.00023068000,2.52000,2.40000
 0.00023072000,2.60000,2.56000
 0.00023076000,2.72000,2.48000
 0.00023080000,2.36000,2.32000
 0.00023084000,2.72000,2.52000
 0.00023088000,2.56000,2.44000
 0.00023091998,2.40000,2.24000
 0.00023096000,2.72000,2.72000
 0.00023100000,2.48000,2.28000
 0.00023104000,2.52000,2.52000
 0.00023108000,2.64000,2.48000
 0.00023112000,2.48000,2.36000
 0.00023116000,2.48000,2.32000
 0.00023120000,2.72000,2.60000
 0.00023124000,2.44000,2.32000
 0.00023127998,2.64000,2.56000
 0.00023132000,2.56000,2.44000
 0.00023136000,2.52000,2.44000
 0.00023140000,2.52000,2.44000
 0.00023144000,2.60000,2.48000
 0.00023148000,2.52000,2.36000
 0.00023152000,2.56000,2.44000
 0.00023156000,2.60000,2.48000
 0.00023160000,2.52000,2.40000
 0.00023163998,2.56000,2.44000
 0.00023168000,2.56000,2.44000
 0.00023172000,2.56000,2.44000
 0.00023176000,2.52000,2.44000
 0.00023180000,2.60000,2.48000
 0.00023184000,2.52000,2.44000
 0.00023188000,2.60000,2.48000
 0.00023192000,2.56000,2.44000
 0.00023196000,2.56000,2.44000
 0.00023200000,2.56000,2.44000
 0.00023204000,2.56000,2.44000
 0.00023208000,2.56000,2.44000
 0.00023212000,2.56000,2.44000
 0.00023216000,2.56000,2.44000
 0.00023220000,2.56000,2.40000
 0.00023224000,2.56000,2.44000
 0.00023228000,2.56000,2.44000
 0.00023232000,2.52000,2.44000
 0.00023236000,2.56000,2.44000
 0.00023240000,2.56000,2.44000
 0.00023244000,2.48000,2.40000
 0.00023248000,2.48000,2.32000
 0.00023252000,2.60000,2.44000
 0.00023256000,2.68000,2.48000
 0.00023260000,2.64000,2.52000
 0.00023264000,2.52000,2.44000
 0.00023268000,2.56000,2.40000
 0.00023272000,2.56000,2.44000
 0.00023276000,2.56000,2.48000
 0.00023280000,2.56000,2.48000
 0.00023284000,2.52000,2.44000
 0.00023288000,2.52000,2.40000
 0.00023292000,2.56000,2.44000
 0.00023296000,2.56000,2.44000
 0.00023300000,2.56000,2.44000
 0.00023304000,2.56000,2.44000
 0.00023308000,2.56000,2.40000
 0.00023312000,2.56000,2.44000
 0.00023316000,2.52000,2.36000
 0.00023320000,2.56000,2.48000
 0.00023324000,2.52000,2.32000
 0.00023328000,2.60000,2.48000
 0.00023332000,2.60000,2.44000
 0.00023336000,2.56000,2.48000
 0.00023340000,2.56000,2.44000
 0.00023344000,2.52000,2.40000
 0.00023348000,2.60000,2.44000
 0.00023352000,2.52000,2.44000
 0.00023356000,2.60000,2.48000
 0.00023360000,2.52000,2.40000
 0.00023363998,2.56000,2.48000
 0.00023368000,2.52000,2.40000
 0.00023372000,2.60000,2.44000
 0.00023376000,2.56000,2.44000
 0.00023380000,2.56000,2.44000
 0.00023384000,2.56000,2.44000
 0.00023388000,2.56000,2.44000
 0.00023392000,2.56000,2.44000
 0.00023396000,2.56000,2.44000
 0.00023399998,2.60000,2.48000
 0.00023404000,2.52000,2.44000
 0.00023408000,2.56000,2.44000
 0.00023412000,2.56000,2.44000
 0.00023416000,2.56000,2.44000
 0.00023420000,2.56000,2.44000
 0.00023424000,2.56000,2.44000
 0.00023428000,2.56000,2.44000
 0.00023432000,2.56000,2.44000
 0.00023435998,2.56000,2.44000
 0.00023440000,2.56000,2.44000
 0.00023444000,2.56000,2.44000
 0.00023448000,2.56000,2.44000
 0.00023452000,2.56000,2.44000
 0.00023456000,2.56000,2.44000
 0.00023460000,2.56000,2.44000
 0.00023464000,2.56000,2.44000
 0.00023468000,2.56000,2.44000
 0.00023471998,2.56000,2.44000
 0.00023476000,2.56000,2.44000
 0.00023480000,2.56000,2.44000
 0.00023484000,2.56000,2.44000
 0.00023488000,2.56000,2.44000
 0.00023492000,2.56000,2.44000
 0.00023496000,2.52000,2.44000
 0.00023500000,2.56000,2.44000
 0.00023504000,2.56000,2.44000
 0.00023507998,2.56000,2.44000
 0.00023512000,3.04000,1.84000
 0.00023516000,3.56000,1.40000
 0.00023520000,3.44000,1.28000
 0.00023524000,3.40000,1.32000
 0.00023528000,3.52000,1.40000
 0.00023532000,3.48000,1.36000
 0.00023536000,3.44000,1.28000
 0.00023540000,3.44000,1.28000
 0.00023544000,3.52000,1.36000
 0.00023548000,3.52000,1.36000
 0.00023552000,3.60000,1.44000
 0.00023556000,3.48000,1.44000
 0.00023560000,3.36000,1.28000
 0.00023564000,3.40000,1.24000
 0.00023568000,3.44000,1.28000
 0.00023572000,3.52000,1.36000
 0.00023576000,3.48000,1.36000
 0.00023580000,3.48000,1.32000
 0.00023584000,3.48000,1.28000
 0.00023588000,3.48000,1.28000
 0.00023592000,3.56000,1.36000
 0.00023596000,3.52000,1.32000
 0.00023600000,3.48000,1.32000
 0.00023604000,3.48000,1.32000
 0.00023608000,3.48000,1.28000
 0.00023612000,3.48000,1.32000
 0.00023616000,3.56000,1.36000
 0.00023620000,3.48000,1.28000
 0.00023624000,3.48000,1.28000
 0.00023628000,3.56000,1.40000
 0.00023632000,3.48000,1.36000
 0.00023636000,3.44000,1.32000
 0.00023640000,3.48000,1.28000
 0.00023644000,3.48000,1.28000
 0.00023648000,3.52000,1.36000
 0.00023652000,3.52000,1.36000
 0.00023656000,3.44000,1.28000
 0.00023660000,3.48000,1.28000
 0.00023664000,3.48000,1.28000
 0.00023668000,3.48000,1.32000
 0.00023672000,3.52000,1.32000
 0.00023676000,3.48000,1.36000
 0.00023680000,3.48000,1.28000
 0.00023684000,3.44000,1.28000
 0.00023688000,3.52000,1.32000
 0.00023692000,3.52000,1.36000
 0.00023696000,3.48000,1.32000
 0.00023700000,3.48000,1.32000
 0.00023704000,3.48000,1.28000
 0.00023707998,3.48000,1.28000
 0.00023712000,3.52000,1.32000
 0.00023716000,3.48000,1.32000
 0.00023720000,3.48000,1.28000
 0.00023724000,3.52000,1.32000
 0.00023728000,3.48000,1.28000
 0.00023732000,3.48000,1.32000
 0.00023736000,3.52000,1.32000
 0.00023740000,3.44000,1.28000
 0.00023743998,3.52000,1.36000
 0.00023748000,3.48000,1.32000
 0.00023752000,3.44000,1.28000
 0.00023756000,3.48000,1.36000
 0.00023760000,3.48000,1.32000
 0.00023764000,3.48000,1.32000
 0.00023768000,3.48000,1.32000
 0.00023772000,3.48000,1.28000
 0.00023776000,3.44000,1.32000
 0.00023779998,3.52000,1.32000
 0.00023784000,3.44000,1.28000
 0.00023788000,3.48000,1.32000
 0.00023792000,3.52000,1.32000
 0.00023796000,3.48000,1.32000
 0.00023800000,3.48000,1.32000
 0.00023804000,3.52000,1.32000
 0.00023808000,3.48000,1.28000
 0.00023812000,3.48000,1.32000
 0.00023815998,3.48000,1.28000
 0.00023820000,3.48000,1.32000
 0.00023824000,3.48000,1.32000
 0.00023828000,3.52000,1.32000
 0.00023832000,3.48000,1.32000
 0.00023836000,3.48000,1.32000
 0.00023840000,3.48000,1.32000
 0.00023844000,3.48000,1.32000
 0.00023848000,3.48000,1.32000
 0.00023851998,3.52000,1.32000
 0.00023856000,3.56000,1.44000
 0.00023860000,3.44000,1.32000
 0.00023864000,3.36000,1.20000
 0.00023868000,3.44000,1.24000
 0.00023872000,3.52000,1.28000
 0.00023876000,3.52000,1.36000
 0.00023880000,3.44000,1.28000
 0.00023884000,3.48000,1.32000
 0.00023888000,3.48000,1.28000
 0.00023892000,3.52000,1.36000
 0.00023896000,3.52000,1.36000
 0.00023900000,3.48000,1.32000
 0.00023904000,3.48000,1.28000
 0.00023908000,3.48000,1.32000
 0.00023912000,3.48000,1.28000
 0.00023916000,3.48000,1.32000
 0.00023920000,3.48000,1.32000
 0.00023924000,3.48000,1.32000
 0.00023928000,3.48000,1.32000
 0.00023932000,3.56000,1.40000
 0.00023936000,3.48000,1.32000
 0.00023940000,3.44000,1.28000
 0.00023944000,3.48000,1.28000
 0.00023948000,3.48000,1.28000
 0.00023952000,3.48000,1.36000
 0.00023956000,3.48000,1.32000
 0.00023960000,3.48000,1.28000
 0.00023964000,3.48000,1.32000
 0.00023968000,3.52000,1.32000
 0.00023972000,3.52000,1.36000
 0.00023976000,3.48000,1.32000
 0.00023980000,3.44000,1.28000
 0.00023984000,3.52000,1.32000
 0.00023988000,3.48000,1.32000
 0.00023992000,3.48000,1.36000
 0.00023996000,3.48000,1.32000
 0.00024000000,3.48000,1.32000
 0.00024004000,3.44000,1.28000
 0.00024008000,3.56000,1.36000
 0.00024012000,3.32000,1.16000
 0.00024016000,3.72000,1.60000
 0.00024020000,3.32000,1.12000
 0.00024024000,3.48000,1.36000
 0.00024028000,3.48000,1.28000
 0.00024032000,3.56000,1.36000
 0.00024036000,3.28000,1.16000
 0.00024040000,3.84000,1.68000
 0.00024044000,3.28000,1.12000
 0.00024048000,3.64000,1.56000
 0.00024051998,3.44000,1.24000
 0.00024056000,3.44000,1.28000
 0.00024060000,3.40000,1.24000
 0.00024064000,3.64000,1.44000
 0.00024068000,3.32000,1.16000
 0.00024072000,3.64000,1.48000
 0.00024076000,3.48000,1.32000
 0.00024080000,3.44000,1.28000
 0.00024084000,3.48000,1.36000
 0.00024087998,3.48000,1.28000
 0.00024092000,3.44000,1.28000
 0.00024096000,3.48000,1.28000
 0.00024100000,3.52000,1.40000
 0.00024104000,3.44000,1.28000
 0.00024108000,3.52000,1.40000
 0.00024112000,3.48000,1.28000
 0.00024116000,3.48000,1.32000
 0.00024120000,3.48000,1.36000
 0.00024123998,3.48000,1.36000
 0.00024128000,3.44000,1.28000
 0.00024132000,3.52000,1.36000
 0.00024136000,3.48000,1.32000
 0.00024140000,3.44000,1.28000
 0.00024144000,3.48000,1.32000
 0.00024148000,3.48000,1.32000
 0.00024152000,3.48000,1.32000
 0.00024156000,3.48000,1.36000
 0.00024159998,3.48000,1.24000
 0.00024164000,3.52000,1.28000
 0.00024168000,3.60000,1.44000
 0.00024172000,3.48000,1.40000
 0.00024176000,3.40000,1.32000
 0.00024180000,3.44000,1.28000
 0.00024184000,3.52000,1.32000
 0.00024188000,3.52000,1.36000
 0.00024192000,3.48000,1.36000
 0.00024195998,3.44000,1.28000
 0.00024200000,3.44000,1.28000
 0.00024204000,3.48000,1.28000
 0.00024208000,3.48000,1.32000
 0.00024212000,3.52000,1.36000
 0.00024216000,3.48000,1.32000
 0.00024220000,3.48000,1.32000
 0.00024224000,3.44000,1.28000
 0.00024228000,3.48000,1.32000
 0.00024232000,3.48000,1.32000
 0.00024236000,3.44000,1.28000
 0.00024240000,3.48000,1.28000
 0.00024244000,3.48000,1.32000
 0.00024248000,3.56000,1.40000
 0.00024252000,3.48000,1.36000
 0.00024256000,3.44000,1.28000
 0.00024260000,3.48000,1.28000
 0.00024264000,3.48000,1.32000
 0.00024268000,3.48000,1.32000
 0.00024272000,3.48000,1.32000
 0.00024276000,3.44000,1.32000
 0.00024280000,3.48000,1.32000
 0.00024284000,3.48000,1.28000
 0.00024288000,3.48000,1.32000
 0.00024292000,3.48000,1.32000
 0.00024296000,3.48000,1.32000
 0.00024300000,3.48000,1.32000
 0.00024304000,3.48000,1.32000
 0.00024308000,3.48000,1.32000
 0.00024312000,3.48000,1.32000
 0.00024316000,3.48000,1.32000
 0.00024320000,3.48000,1.32000
 0.00024324000,3.48000,1.32000
 0.00024328000,3.48000,1.28000
 0.00024332000,3.52000,1.36000
 0.00024336000,3.44000,1.24000
 0.00024340000,3.48000,1.36000
 0.00024344000,3.52000,1.32000
 0.00024348000,3.44000,1.28000
 0.00024352000,3.56000,1.36000
 0.00024356000,3.44000,1.28000
 0.00024360000,3.48000,1.32000
 0.00024364000,3.52000,1.36000
 0.00024368000,3.44000,1.28000
 0.00024372000,3.48000,1.32000
 0.00024376000,3.48000,1.32000
 0.00024380000,3.48000,1.32000
 0.00024384000,3.48000,1.32000
 0.00024388000,3.48000,1.36000
 0.00024392000,3.48000,1.32000
 0.00024395998,3.48000,1.32000
 0.00024400000,3.48000,1.32000
 0.00024404000,3.48000,1.32000
 0.00024408000,3.48000,1.32000
 0.00024412000,3.48000,1.32000
 0.00024416002,3.48000,1.28000
 0.00024420000,3.48000,1.32000
 0.00024423998,3.48000,1.32000
 0.00024428000,3.48000,1.32000
 0.00024431998,3.48000,1.28000
 0.00024436002,3.48000,1.32000
 0.00024440000,3.48000,1.28000
 0.00024443998,3.48000,1.32000
 0.00024448000,3.48000,1.32000
 0.00024452000,3.48000,1.32000
 0.00024456002,3.48000,1.28000
 0.00024460000,3.48000,1.32000
 0.00024463998,3.48000,1.28000
 0.00024468000,3.52000,1.28000
 0.00024472000,3.56000,1.44000
 0.00024476002,3.48000,1.44000
 0.00024480000,3.36000,1.28000
 0.00024483998,3.44000,1.28000
 0.00024488002,3.52000,1.28000
 0.00024492000,3.52000,1.36000
 0.00024495998,3.48000,1.32000
 0.00024500000,3.44000,1.28000
 0.00024503998,3.44000,1.28000
 0.00024508002,3.48000,1.28000
 0.00024512000,3.48000,1.36000
 0.00024515998,3.52000,1.36000
 0.00024520000,3.48000,1.32000
 0.00024524000,3.44000,1.28000
 0.00024528002,3.44000,1.28000
 0.00024532000,3.52000,1.32000
 0.00024535998,3.48000,1.32000
 0.00024540000,3.48000,1.28000
 0.00024544000,3.56000,1.36000
 0.00024548002,3.48000,1.32000
 0.00024552000,3.44000,1.36000
 0.00024555998,3.44000,1.32000
 0.00024560000,3.48000,1.28000
 0.00024564000,3.52000,1.36000
 0.00024567998,3.48000,1.36000
 0.00024572000,3.44000,1.28000
 0.00024575998,3.48000,1.32000
 0.00024580002,3.48000,1.28000
 0.00024584000,3.48000,1.32000
 0.00024587998,3.52000,1.36000
 0.00024592000,3.44000,1.28000
 0.00024596000,3.48000,1.32000
 0.00024600002,3.48000,1.36000
 0.00024604000,3.44000,1.24000
 0.00024607998,3.52000,1.40000
 0.00024612000,3.48000,1.32000
 0.00024616000,3.44000,1.28000
 0.00024620002,3.52000,1.36000
 0.00024624000,3.48000,1.32000
 0.00024627998,3.48000,1.32000
 0.00024632000,3.48000,1.32000
 0.00024636000,3.48000,1.28000
 0.00024639998,3.48000,1.32000
 0.00024644000,3.52000,1.36000
 0.00024647998,3.44000,1.28000
 0.00024652002,3.48000,1.32000
 0.00024656000,3.48000,1.36000
 0.00024659998,3.48000,1.32000
 0.00024664000,3.44000,1.28000
 0.00024668000,3.52000,1.32000
 0.00024672002,3.48000,1.28000
 0.00024676000,3.48000,1.32000
 0.00024679998,3.48000,1.32000
 0.00024684000,3.44000,1.28000
 0.00024688000,3.48000,1.32000
 0.00024692002,3.48000,1.32000
 0.00024696000,3.44000,1.28000
 0.00024699998,3.48000,1.36000
 0.00024704000,3.48000,1.32000
 0.00024708000,3.48000,1.32000
 0.00024711998,3.48000,1.32000
 0.00024716000,3.48000,1.36000
 0.00024719998,3.48000,1.28000
 0.00024724002,3.48000,1.32000
 0.00024728000,3.48000,1.32000
 0.00024731998,3.44000,1.32000
 0.00024736000,3.48000,1.32000
 0.00024739998,3.48000,1.32000
 0.00024744002,3.48000,1.32000
 0.00024748000,3.48000,1.32000
 0.00024751998,3.48000,1.28000
 0.00024756000,3.44000,1.32000
 0.00024760000,3.48000,1.32000
 0.00024764002,3.48000,1.32000
 0.00024768000,3.48000,1.32000
 0.00024771998,3.52000,1.44000
 0.00024776000,3.40000,1.28000
 0.00024780000,3.40000,1.24000
 0.00024784002,3.44000,1.24000
 0.00024788000,3.56000,1.32000
 0.00024791998,3.48000,1.36000
 0.00024796002,3.44000,1.32000
 0.00024800000,3.44000,1.28000
 0.00024803998,3.52000,1.28000
 0.00024808000,3.52000,1.36000
 0.00024811998,3.52000,1.40000
 0.00024816002,3.44000,1.32000
 0.00024820000,3.44000,1.32000
 0.00024823998,3.48000,1.28000
 0.00024828000,3.48000,1.32000
 0.00024832000,3.48000,1.32000
 0.00024836002,3.48000,1.36000
 0.00024840000,3.44000,1.32000
 0.00024843998,3.48000,1.36000
 0.00024848000,3.48000,1.36000
 0.00024852000,3.44000,1.28000
 0.00024856002,3.44000,1.28000
 0.00024860000,3.48000,1.28000
 0.00024863998,3.48000,1.32000
 0.00024868000,3.48000,1.32000
 0.00024872000,3.48000,1.32000
 0.00024875998,3.48000,1.32000
 0.00024880000,3.48000,1.32000
 0.00024883998,3.48000,1.32000
 0.00024888002,3.48000,1.32000
 0.00024892000,3.48000,1.36000
 0.00024895998,3.44000,1.28000
 0.00024900000,3.48000,1.32000
 0.00024904000,3.48000,1.32000
 0.00024908002,3.48000,1.32000
 0.00024912000,3.48000,1.32000
 0.00024915998,3.48000,1.28000
 0.00024920000,3.52000,1.40000
 0.00024924000,3.44000,1.28000
 0.00024928002,3.48000,1.36000
 0.00024932000,3.48000,1.32000
 0.00024935998,3.52000,1.32000
 0.00024940000,3.44000,1.28000
 0.00024944000,3.48000,1.36000
 0.00024947998,3.44000,1.28000
 0.00024952000,3.52000,1.36000
 0.00024955998,3.32000,1.20000
 0.00024960002,3.72000,1.60000
 0.00024964000,3.24000,1.12000
 0.00024967998,3.52000,1.44000
 0.00024972000,3.44000,1.24000
 0.00024976000,3.48000,1.28000
 0.00024980002,3.36000,1.24000
 0.00024984000,3.80000,1.56000
 0.00024987998,3.20000,1.12000
 0.00024992000,3.72000,1.56000
 0.00024996000,3.40000,1.24000
 0.00025000002,3.44000,1.28000
 0.00025004000,3.44000,1.36000
 0.00025007998,3.52000,1.32000
 0.00025012000,3.40000,1.28000
 0.00025016000,3.60000,1.40000
 0.00025019998,3.48000,1.32000
 0.00025024000,3.44000,1.28000
 0.00025027998,3.52000,1.40000
 0.00025032002,3.44000,1.24000
 0.00025036000,3.48000,1.32000
 0.00025039998,3.48000,1.32000
 0.00025044000,3.52000,1.32000
 0.00025048000,3.44000,1.32000
 0.00025052002,3.52000,1.36000
 0.00025056000,3.48000,1.28000
 0.00025059998,3.44000,1.28000
 0.00025064000,3.48000,1.36000
 0.00025068000,3.48000,1.32000
 0.00025072002,3.44000,1.32000
 0.00025076000,3.44000,1.28000
 0.00025079998,3.40000,1.20000
 0.00025084000,3.52000,1.28000
 0.00025088000,3.60000,1.44000
 0.00025091998,3.52000,1.40000
 0.00025096000,3.44000,1.32000
 0.00025099998,3.48000,1.32000
 0.00025104002,3.48000,1.28000
 0.00025108000,3.48000,1.36000
 0.00025111998,3.48000,1.36000
 0.00025116000,3.44000,1.28000
 0.00025119998,3.44000,1.28000
 0.00025124002,3.48000,1.32000
 0.00025128000,3.48000,1.32000
 0.00025131998,3.48000,1.36000
 0.00025136000,3.48000,1.32000
 0.00025140000,3.48000,1.32000
 0.00025144002,3.44000,1.28000
 0.00025148000,3.52000,1.32000
 0.00025151998,3.40000,1.28000
 0.00025156000,3.44000,1.32000
 0.00025160000,3.56000,1.32000
 0.00025164002,3.48000,1.36000
 0.00025168000,3.48000,1.36000
 0.00025171998,3.48000,1.28000
 0.00025176002,3.48000,1.28000
 0.00025180000,3.52000,1.36000
 0.00025183998,3.48000,1.32000
 0.00025188000,3.48000,1.36000
 0.00025191998,3.44000,1.32000
 0.00025196002,3.44000,1.28000
 0.00025200000,3.48000,1.32000
 0.00025203998,3.48000,1.32000
 0.00025208000,3.48000,1.32000
 0.00025212000,3.48000,1.32000
 0.00025216002,3.44000,1.32000
 0.00025220000,3.48000,1.32000
 0.00025223998,3.48000,1.32000
 0.00025228000,3.48000,1.32000
 0.00025232000,3.48000,1.32000
 0.00025236002,3.48000,1.32000
 0.00025240000,3.48000,1.32000
 0.00025243998,3.48000,1.32000
 0.00025248000,3.48000,1.32000
 0.00025252000,3.48000,1.28000
 0.00025255998,3.48000,1.32000
 0.00025260000,3.48000,1.32000
 0.00025263998,3.48000,1.32000
 0.00025268002,3.48000,1.28000
 0.00025272000,3.48000,1.32000
 0.00025275998,3.48000,1.32000
 0.00025280000,3.44000,1.28000
 0.00025284000,3.52000,1.40000
 0.00025288002,3.44000,1.28000
 0.00025292000,3.52000,1.40000
 0.00025295998,3.44000,1.28000
 0.00025300000,3.56000,1.40000
 0.00025304000,3.44000,1.28000
 0.00025308002,3.48000,1.32000
 0.00025312000,3.48000,1.32000
 0.00025315998,3.44000,1.28000
 0.00025320000,3.52000,1.36000
 0.00025324000,3.48000,1.28000
 0.00025327998,3.48000,1.32000
 0.00025332000,3.48000,1.28000
 0.00025335998,3.48000,1.32000
 0.00025340002,3.44000,1.28000
 0.00025344000,3.48000,1.32000
 0.00025347998,3.44000,1.28000
 0.00025352000,3.48000,1.28000
 0.00025356000,3.48000,1.36000
 0.00025360002,3.52000,1.36000
 0.00025364000,3.44000,1.28000
 0.00025367998,3.48000,1.36000
 0.00025372000,3.48000,1.28000
 0.00025376000,3.52000,1.32000
 0.00025380002,3.52000,1.32000
 0.00025384000,3.52000,1.32000
 0.00025387998,3.52000,1.44000
 0.00025392000,3.40000,1.36000
 0.00025396000,3.36000,1.28000
 0.00025399998,3.44000,1.24000
 0.00025404000,3.52000,1.32000
 0.00025407998,3.52000,1.40000
 0.00025412002,3.44000,1.32000
 0.00025416000,3.44000,1.32000
 0.00025419998,3.48000,1.28000
 0.00025424000,3.44000,1.28000
 0.00025427998,3.52000,1.40000
 0.00025432002,3.48000,1.32000
 0.00025436000,3.48000,1.28000
 0.00025439998,3.48000,1.32000
 0.00025444000,3.48000,1.32000
 0.00025448000,3.48000,1.32000
 0.00025452002,3.48000,1.32000
 0.00025456000,3.48000,1.28000
 0.00025459998,3.52000,1.36000
 0.00025464000,3.52000,1.40000
 0.00025468000,3.44000,1.28000
 0.00025472002,3.44000,1.28000
 0.00025476000,3.48000,1.32000
 0.00025479998,3.48000,1.32000
 0.00025484002,3.48000,1.36000
 0.00025488000,3.48000,1.32000
 0.00025491998,3.44000,1.28000
 0.00025496000,3.48000,1.32000
 0.00025499998,3.48000,1.32000
 0.00025504002,3.48000,1.32000
 0.00025508000,3.48000,1.36000
 0.00025511998,3.48000,1.32000
 0.00025516000,3.48000,1.32000
 0.00025520000,3.48000,1.32000
 0.00025524002,3.48000,1.32000
 0.00025528000,3.48000,1.32000
 0.00025531998,3.48000,1.32000
 0.00025536000,3.48000,1.28000
 0.00025540000,3.48000,1.32000
 0.00025544002,3.48000,1.32000
 0.00025548000,3.48000,1.32000
 0.00025551998,3.48000,1.32000
 0.00025556000,3.48000,1.32000
 0.00025560000,3.48000,1.32000
 0.00025563998,3.48000,1.32000
 0.00025568000,3.48000,1.32000
 0.00025571998,3.48000,1.28000
 0.00025576002,3.48000,1.32000
 0.00025580000,3.48000,1.32000
 0.00025583998,3.48000,1.32000
 0.00025588000,3.48000,1.32000
 0.00025592000,3.48000,1.32000
 0.00025596002,3.48000,1.32000
 0.00025600000,3.48000,1.32000
 0.00025603998,3.48000,1.28000
 0.00025608000,3.44000,1.28000
 0.00025612000,3.48000,1.32000
 0.00025616002,3.48000,1.32000
 0.00025620000,3.48000,1.32000
 0.00025623998,3.52000,1.32000
 0.00025628000,3.48000,1.32000
 0.00025632000,3.48000,1.32000
 0.00025635998,3.48000,1.32000
 0.00025640000,3.52000,1.32000
 0.00025643998,3.44000,1.28000
 0.00025648002,3.52000,1.36000
 0.00025652000,3.44000,1.32000
 0.00025655998,3.48000,1.32000
 0.00025660000,3.48000,1.28000
 0.00025664000,3.48000,1.32000
 0.00025668002,3.48000,1.32000
 0.00025672000,3.48000,1.36000
 0.00025675998,3.48000,1.32000
 0.00025680000,3.44000,1.32000
 0.00025684000,3.48000,1.36000
 0.00025688002,3.44000,1.36000
 0.00025692000,3.36000,1.28000
 0.00025695998,3.44000,1.24000
 0.00025700000,3.48000,1.28000
 0.00025704000,3.56000,1.36000
 0.00025707998,3.48000,1.36000
 0.00025712000,3.44000,1.28000
 0.00025715998,3.44000,1.28000
 0.00025720002,3.52000,1.32000
 0.00025724000,3.48000,1.36000
 0.00025727998,3.48000,1.32000
 0.00025732000,3.48000,1.32000
 0.00025736000,3.44000,1.28000
 0.00025740002,3.48000,1.28000
 0.00025744000,3.48000,1.32000
 0.00025747998,3.48000,1.28000
 0.00025752000,3.48000,1.36000
 0.00025756000,3.48000,1.32000
 0.00025760002,3.48000,1.36000
 0.00025764000,3.48000,1.40000
 0.00025767998,3.44000,1.28000
 0.00025772000,3.44000,1.28000
 0.00025776000,3.48000,1.32000
 0.00025779998,3.48000,1.32000
 0.00025784000,3.48000,1.36000
 0.00025787998,3.44000,1.28000
 0.00025792002,3.48000,1.32000
 0.00025796000,3.48000,1.32000
 0.00025799998,3.48000,1.32000
 0.00025804000,3.44000,1.32000
 0.00025807998,3.48000,1.32000
 0.00025812002,3.48000,1.32000
 0.00025816000,3.48000,1.32000
 0.00025819998,3.48000,1.32000
 0.00025824000,3.44000,1.32000
 0.00025828000,3.48000,1.36000
 0.00025832002,3.48000,1.32000
 0.00025836000,3.48000,1.32000
 0.00025839998,3.48000,1.32000
 0.00025844000,3.48000,1.32000
 0.00025848000,3.48000,1.32000
 0.00025852002,3.44000,1.28000
 0.00025856000,3.48000,1.32000
 0.00025859998,3.44000,1.28000
 0.00025864002,3.48000,1.36000
 0.00025868000,3.44000,1.28000
 0.00025871998,3.48000,1.36000
 0.00025876000,3.44000,1.28000
 0.00025879998,3.48000,1.36000
 0.00025884002,3.48000,1.32000
 0.00025888000,3.48000,1.32000
 0.00025891998,3.48000,1.32000
 0.00025896000,3.48000,1.28000
 0.00025900000,3.36000,1.28000
 0.00025904002,3.76000,1.60000
 0.00025908000,3.20000,1.12000
 0.00025911998,3.60000,1.48000
 0.00025916000,3.40000,1.24000
 0.00025920000,3.44000,1.24000
 0.00025924002,3.40000,1.32000
 0.00025928000,3.68000,1.44000
 0.00025931998,3.24000,1.12000
 0.00025936000,3.68000,1.52000
 0.00025940000,3.36000,1.24000
 0.00025943998,3.44000,1.24000
 0.00025948000,3.48000,1.36000
 0.00025951998,3.48000,1.28000
 0.00025956002,3.44000,1.32000
 0.00025960000,3.56000,1.40000
 0.00025963998,3.48000,1.32000
 0.00025968000,3.44000,1.28000
 0.00025972000,3.48000,1.36000
 0.00025976002,3.44000,1.28000
 0.00025980000,3.44000,1.36000
 0.00025983998,3.48000,1.32000
 0.00025988000,3.48000,1.32000
 0.00025992000,3.40000,1.28000
 0.00025996002,3.40000,1.24000
 0.00026000000,3.48000,1.28000
 0.00026003998,3.56000,1.36000
 0.00026008000,3.60000,1.44000
 0.00026012000,3.48000,1.28000
 0.00026015998,3.44000,1.28000
 0.00026020000,3.48000,1.28000
 0.00026023998,3.48000,1.32000
 0.00026028002,3.44000,1.28000
 0.00026032000,3.52000,1.40000
 0.00026035998,3.40000,1.24000
 0.00026040000,3.48000,1.36000
 0.00026044000,3.52000,1.36000
 0.00026048002,3.48000,1.32000
 0.00026052000,3.48000,1.36000
 0.00026055998,3.44000,1.28000
 0.00026060000,3.44000,1.28000
 0.00026064000,3.48000,1.32000
 0.00026068002,3.48000,1.36000
 0.00026072000,3.44000,1.24000
 0.00026075998,3.52000,1.36000
 0.00026080000,3.52000,1.32000
 0.00026084000,3.48000,1.32000
 0.00026087998,3.44000,1.32000
 0.00026092000,3.44000,1.28000
 0.00026095998,3.48000,1.32000
 0.00026100002,3.48000,1.36000
 0.00026104000,3.48000,1.36000
 0.00026107998,3.44000,1.32000
 0.00026112000,3.32000,1.56000
 0.00026115998,2.52000,2.12000
 0.00026120002,2.44000,2.20000
 0.00026124000,2.64000,2.28000
 0.00026127998,2.52000,2.32000
 0.00026132000,2.36000,2.20000
 0.00026136000,2.44000,2.24000
 0.00026140002,2.48000,2.32000
 0.00026144000,2.44000,2.32000
 0.00026147998,2.40000,2.28000
 0.00026152000,2.44000,2.32000
 0.00026156000,2.44000,2.32000
 0.00026160002,2.44000,2.28000
 0.00026164000,2.40000,2.28000
 0.00026167998,2.44000,2.32000
 0.00026172002,2.44000,2.32000
 0.00026176000,2.44000,2.28000
 0.00026179998,2.40000,2.28000
 0.00026184000,2.44000,2.32000
 0.00026187998,2.44000,2.32000
 0.00026192002,2.40000,2.28000
 0.00026196000,2.44000,2.32000
 0.00026199998,2.44000,2.32000
 0.00026204000,2.44000,2.28000
 0.00026208000,2.40000,2.28000
 0.00026212002,2.40000,2.32000
 0.00026216000,2.48000,2.36000
 0.00026220000,2.48000,2.32000
 0.00026224000,2.40000,2.28000
 0.00026228000,2.44000,2.32000
 0.00026232000,2.44000,2.32000
 0.00026236000,2.48000,2.32000
 0.00026240000,2.44000,2.32000
 0.00026244000,2.40000,2.28000
 0.00026248000,2.48000,2.32000
 0.00026252000,2.40000,2.32000
 0.00026256000,2.44000,2.32000
 0.00026260000,2.48000,2.32000
 0.00026264000,2.44000,2.28000
 0.00026268000,2.44000,2.32000
 0.00026272000,2.48000,2.32000
 0.00026276000,2.40000,2.28000
 0.00026280000,2.48000,2.36000
 0.00026284000,2.48000,2.32000
 0.00026288000,2.40000,2.28000
 0.00026292000,2.48000,2.36000
 0.00026296000,2.44000,2.32000
 0.00026300000,2.52000,2.44000
 0.00026304000,2.44000,2.40000
 0.00026308000,2.32000,2.24000
 0.00026312000,2.36000,2.20000
 0.00026316000,2.48000,2.32000
 0.00026320000,2.44000,2.32000
 0.00026324000,2.44000,2.32000
 0.00026328000,2.40000,2.28000
 0.00026332000,2.44000,2.28000
 0.00026336000,2.44000,2.32000
 0.00026340000,2.52000,2.36000
 0.00026344000,2.44000,2.32000
 0.00026348000,2.44000,2.32000
 0.00026352000,2.48000,2.32000
 0.00026356000,2.44000,2.32000
 0.00026360000,2.48000,2.32000
 0.00026364000,2.44000,2.32000
 0.00026368000,2.44000,2.32000
 0.00026372000,2.48000,2.32000
 0.00026376000,2.48000,2.36000
 0.00026380000,2.48000,2.36000
 0.00026384000,2.44000,2.32000
 0.00026388000,2.40000,2.28000
 0.00026392000,2.44000,2.32000
 0.00026395997,2.48000,2.32000
 0.00026400000,2.48000,2.32000
 0.00026404000,2.44000,2.32000
 0.00026408000,2.44000,2.32000
 0.00026412000,2.44000,2.32000
 0.00026416000,2.44000,2.32000
 0.00026420000,2.44000,2.36000
 0.00026424000,2.44000,2.32000
 0.00026428000,2.48000,2.32000
 0.00026432000,2.44000,2.32000
 0.00026436000,2.48000,2.32000
 0.00026440000,2.48000,2.32000
 0.00026444000,2.48000,2.32000
 0.00026448000,2.44000,2.32000
 0.00026452000,2.44000,2.32000
 0.00026456000,2.44000,2.32000
 0.00026460000,2.48000,2.32000
 0.00026464000,2.48000,2.32000
 0.00026467997,2.48000,2.32000
 0.00026472000,2.44000,2.32000
 0.00026476000,2.44000,2.32000
 0.00026480000,2.48000,2.32000
 0.00026484000,2.44000,2.32000
 0.00026488000,2.44000,2.32000
 0.00026492000,2.48000,2.32000
 0.00026496000,2.48000,2.32000
 0.00026500000,2.44000,2.32000
 0.00026504000,2.52000,2.40000
 0.00026508000,2.44000,2.32000
 0.00026512000,2.44000,2.32000
 0.00026516000,2.52000,2.32000
 0.00026520000,2.40000,2.28000
 0.00026524000,2.52000,2.40000
 0.00026528000,2.44000,2.28000
 0.00026532000,2.48000,2.32000
 0.00026536000,2.48000,2.32000
 0.00026540000,2.48000,2.32000
 0.00026544000,2.44000,2.32000
 0.00026548000,2.48000,2.36000
 0.00026552000,2.44000,2.32000
 0.00026556000,2.48000,2.32000
 0.00026560000,2.48000,2.36000
 0.00026564000,2.48000,2.32000
 0.00026568000,2.48000,2.32000
 0.00026572000,2.48000,2.32000
 0.00026576000,2.48000,2.36000
 0.00026580000,2.48000,2.32000
 0.00026584000,2.48000,2.32000
 0.00026588000,2.48000,2.32000
 0.00026592000,2.48000,2.32000
 0.00026596000,2.48000,2.36000
 0.00026600000,2.52000,2.36000
 0.00026604000,2.56000,2.44000
 0.00026608000,2.44000,2.40000
 0.00026612000,2.36000,2.24000
 0.00026616000,2.40000,2.20000
 0.00026620000,2.48000,2.32000
 0.00026624000,2.52000,2.36000
 0.00026628000,2.44000,2.36000
 0.00026632000,2.44000,2.32000
 0.00026636000,2.48000,2.32000
 0.00026640000,2.48000,2.36000
 0.00026644000,2.52000,2.36000
 0.00026648000,2.48000,2.32000
 0.00026652000,2.48000,2.36000
 0.00026656000,2.44000,2.32000
 0.00026660000,2.48000,2.32000
 0.00026664000,2.48000,2.32000
 0.00026668000,2.52000,2.44000
 0.00026672000,2.44000,2.32000
 0.00026676000,2.52000,2.40000
 0.00026680000,2.48000,2.40000
 0.00026684000,2.44000,2.32000
 0.00026688000,2.44000,2.28000
 0.00026692000,2.52000,2.32000
 0.00026696000,2.48000,2.32000
 0.00026700000,2.48000,2.40000
 0.00026704000,2.44000,2.32000
 0.00026708000,2.48000,2.28000
 0.00026712000,2.52000,2.36000
 0.00026716000,2.48000,2.32000
 0.00026720000,2.52000,2.36000
 0.00026724000,2.48000,2.36000
 0.00026728000,2.48000,2.32000
 0.00026732000,2.48000,2.32000
 0.00026736000,2.52000,2.36000
 0.00026740000,2.48000,2.36000
 0.00026744000,2.44000,2.32000
 0.00026748000,2.52000,2.36000
 0.00026752000,2.44000,2.32000
 0.00026756000,2.52000,2.36000
 0.00026760000,2.48000,2.32000
 0.00026764000,2.48000,2.36000
 0.00026768000,2.48000,2.36000
 0.00026772000,2.52000,2.36000
 0.00026775997,2.48000,2.32000
 0.00026780000,2.48000,2.36000
 0.00026784000,2.52000,2.36000
 0.00026788000,2.44000,2.32000
 0.00026792000,2.52000,2.36000
 0.00026796000,2.48000,2.36000
 0.00026800000,2.48000,2.32000
 0.00026804000,2.48000,2.36000
 0.00026808000,2.48000,2.36000
 0.00026812000,2.48000,2.32000
 0.00026816000,2.48000,2.36000
 0.00026820000,2.48000,2.36000
 0.00026824000,2.48000,2.36000
 0.00026828000,2.48000,2.32000
 0.00026832000,2.48000,2.36000
 0.00026836000,2.48000,2.36000
 0.00026840000,2.52000,2.36000
 0.00026844000,2.36000,2.28000
 0.00026848000,2.72000,2.64000
 0.00026852000,2.24000,2.16000
 0.00026856000,2.60000,2.48000
 0.00026860000,2.40000,2.28000
 0.00026864000,2.44000,2.28000
 0.00026868000,2.44000,2.40000
 0.00026872000,2.72000,2.44000
 0.00026876000,2.24000,2.20000
 0.00026880000,2.72000,2.52000
 0.00026884000,2.36000,2.28000
 0.00026888000,2.44000,2.28000
 0.00026892000,2.52000,2.44000
 0.00026896000,2.48000,2.32000
 0.00026900000,2.44000,2.36000
 0.00026904000,2.52000,2.40000
 0.00026908000,2.40000,2.32000
 0.00026912000,2.36000,2.20000
 0.00026916000,2.52000,2.36000
 0.00026920000,2.60000,2.40000
 0.00026924000,2.56000,2.44000
 0.00026928000,2.48000,2.36000
 0.00026932000,2.48000,2.32000
 0.00026936000,2.48000,2.32000
 0.00026940000,2.56000,2.44000
 0.00026944000,2.52000,2.36000
 0.00026948000,2.44000,2.32000
 0.00026952000,2.52000,2.40000
 0.00026956000,2.48000,2.32000
 0.00026960000,2.52000,2.36000
 0.00026964000,2.52000,2.40000
 0.00026968000,2.48000,2.36000
 0.00026972000,2.48000,2.32000
 0.00026976000,2.52000,2.36000
 0.00026980000,2.48000,2.32000
 0.00026984000,2.44000,2.32000
 0.00026988000,2.52000,2.32000
 0.00026992000,2.52000,2.36000
 0.00026996000,2.52000,2.40000
 0.00027000000,2.52000,2.40000
 0.00027004000,2.44000,2.32000
 0.00027008000,2.48000,2.32000
 0.00027012000,2.52000,2.36000
 0.00027016000,2.52000,2.36000
 0.00027020000,2.48000,2.36000
 0.00027024000,2.48000,2.36000
 0.00027028000,2.48000,2.36000
 0.00027032000,2.48000,2.32000
 0.00027036000,2.52000,2.36000
 0.00027040000,2.52000,2.40000
 0.00027044000,2.52000,2.40000
 0.00027048000,2.48000,2.32000
 0.00027052000,2.48000,2.32000
 0.00027056000,2.52000,2.36000
 0.00027060000,2.52000,2.44000
 0.00027064000,2.48000,2.32000
 0.00027068000,2.52000,2.40000
 0.00027072000,2.48000,2.32000
 0.00027076000,2.48000,2.32000
 0.00027080000,2.56000,2.40000
 0.00027083997,2.48000,2.32000
 0.00027088000,2.44000,2.32000
 0.00027092000,2.52000,2.40000
 0.00027096000,2.48000,2.32000
 0.00027100000,2.48000,2.40000
 0.00027104000,2.52000,2.36000
 0.00027108000,2.52000,2.36000
 0.00027112000,2.48000,2.36000
 0.00027116000,2.52000,2.40000
 0.00027120000,2.48000,2.32000
 0.00027124000,2.56000,2.44000
 0.00027128000,2.48000,2.36000
 0.00027132000,2.52000,2.40000
 0.00027136000,2.48000,2.36000
 0.00027140000,2.48000,2.36000
 0.00027144000,2.48000,2.40000
 0.00027148000,2.52000,2.40000
 0.00027152000,2.48000,2.36000
 0.00027155997,2.52000,2.40000
 0.00027160000,2.52000,2.40000
 0.00027164000,2.48000,2.32000
 0.00027168000,2.52000,2.40000
 0.00027172000,2.52000,2.36000
 0.00027176000,2.48000,2.36000
 0.00027180000,2.52000,2.36000
 0.00027184000,2.48000,2.36000
 0.00027188000,2.52000,2.36000
 0.00027192000,2.48000,2.36000
 0.00027196000,2.48000,2.36000
 0.00027200000,2.52000,2.36000
 0.00027204000,2.52000,2.40000
 0.00027208000,2.52000,2.36000
 0.00027212000,2.52000,2.36000
 0.00027216000,2.56000,2.40000
 0.00027220000,2.60000,2.48000
 0.00027224000,2.44000,2.44000
 0.00027228000,2.40000,2.32000
 0.00027232000,2.44000,2.32000
 0.00027236000,2.56000,2.40000
 0.00027240000,2.52000,2.44000
 0.00027244000,2.52000,2.44000
 0.00027248000,2.44000,2.32000
 0.00027252000,2.52000,2.40000
 0.00027256000,2.48000,2.32000
 0.00027260000,2.56000,2.48000
 0.00027264000,2.44000,2.32000
 0.00027268000,2.56000,2.44000
 0.00027272000,2.44000,2.32000
 0.00027276000,2.56000,2.40000
 0.00027280000,2.52000,2.36000
 0.00027284000,2.52000,2.36000
 0.00027288000,2.52000,2.36000
 0.00027292000,2.52000,2.36000
 0.00027296000,2.56000,2.44000
 0.00027300000,2.48000,2.40000
 0.00027304000,2.48000,2.36000
 0.00027308000,2.48000,2.32000
 0.00027312000,2.52000,2.44000
 0.00027316000,2.52000,2.36000
 0.00027320000,2.48000,2.36000
 0.00027324000,2.48000,2.36000
 0.00027328000,2.52000,2.36000
 0.00027332000,2.52000,2.40000
 0.00027336000,2.52000,2.44000
 0.00027340000,2.52000,2.40000
 0.00027344000,2.48000,2.36000
 0.00027348000,2.52000,2.36000
 0.00027352000,2.48000,2.36000
 0.00027356000,2.52000,2.40000
 0.00027360000,2.52000,2.40000
 0.00027364000,2.52000,2.40000
 0.00027368000,2.52000,2.40000
 0.00027372000,2.52000,2.40000
 0.00027376000,2.52000,2.40000
 0.00027380000,2.52000,2.36000
 0.00027384000,2.52000,2.40000
 0.00027388000,2.52000,2.40000
 0.00027392000,2.52000,2.36000
 0.00027396000,2.52000,2.40000
 0.00027400000,2.48000,2.36000
 0.00027404000,2.52000,2.40000
 0.00027408000,2.48000,2.36000
 0.00027412000,2.52000,2.40000
 0.00027416000,2.56000,2.40000
 0.00027420000,2.52000,2.44000
 0.00027424000,2.56000,2.40000
 0.00027428000,2.52000,2.40000
 0.00027432000,2.52000,2.40000
 0.00027436000,2.52000,2.40000
 0.00027440000,2.52000,2.40000
 0.00027444000,2.52000,2.36000
 0.00027448000,2.52000,2.40000
 0.00027452000,2.52000,2.40000
 0.00027456000,2.52000,2.36000
 0.00027460000,2.52000,2.40000
 0.00027463997,2.52000,2.36000
 0.00027468000,2.52000,2.40000
 0.00027472000,2.52000,2.40000
 0.00027476000,2.48000,2.36000
 0.00027480000,2.52000,2.40000
 0.00027484000,2.52000,2.40000
 0.00027488000,2.52000,2.36000
 0.00027492000,2.52000,2.40000
 0.00027496000,2.52000,2.40000
 0.00027500000,2.52000,2.40000
 0.00027504000,2.52000,2.44000
 0.00027508000,2.52000,2.40000
 0.00027512000,2.52000,2.40000
 0.00027516000,2.52000,2.40000
 0.00027520000,2.64000,2.48000
 0.00027524000,2.48000,2.44000
 0.00027528000,2.40000,2.28000
 0.00027532000,2.44000,2.28000
 0.00027535997,2.52000,2.36000
 0.00027540000,2.56000,2.44000
 0.00027544000,2.52000,2.44000
 0.00027548000,2.48000,2.36000
 0.00027552000,2.48000,2.36000
 0.00027556000,2.56000,2.44000
 0.00027560000,2.56000,2.44000
 0.00027564000,2.52000,2.44000
 0.00027568000,2.52000,2.40000
 0.00027572000,2.52000,2.36000
 0.00027576000,2.52000,2.40000
 0.00027580000,2.52000,2.40000
 0.00027584000,2.56000,2.44000
 0.00027588000,2.52000,2.36000
 0.00027592000,2.56000,2.44000
 0.00027596000,2.52000,2.44000
 0.00027600000,2.48000,2.36000
 0.00027604000,2.48000,2.32000
 0.00027608000,2.52000,2.36000
 0.00027612000,2.52000,2.40000
 0.00027616000,2.52000,2.40000
 0.00027620000,2.52000,2.40000
 0.00027624000,2.48000,2.36000
 0.00027628000,2.52000,2.40000
 0.00027632000,2.56000,2.40000
 0.00027636000,2.52000,2.40000
 0.00027640000,2.52000,2.44000
 0.00027644000,2.52000,2.40000
 0.00027648000,2.52000,2.40000
 0.00027652000,2.52000,2.44000
 0.00027656000,2.52000,2.44000
 0.00027660000,2.52000,2.40000
 0.00027664000,2.52000,2.40000
 0.00027668000,2.52000,2.40000
 0.00027672000,2.52000,2.40000
 0.00027676000,2.52000,2.40000
 0.00027680000,2.52000,2.40000
 0.00027684000,2.52000,2.40000
 0.00027688000,2.52000,2.40000
 0.00027692000,2.52000,2.40000
 0.00027696000,2.52000,2.40000
 0.00027700000,2.56000,2.40000
 0.00027704000,2.52000,2.40000
 0.00027708000,2.52000,2.40000
 0.00027712000,2.52000,2.36000
 0.00027716000,2.52000,2.40000
 0.00027720000,2.52000,2.44000
 0.00027724000,2.52000,2.36000
 0.00027728000,2.52000,2.36000
 0.00027732000,2.52000,2.40000
 0.00027736000,2.52000,2.40000
 0.00027740000,2.52000,2.44000
 0.00027744000,2.52000,2.44000
 0.00027748000,2.48000,2.40000
 0.00027752000,2.52000,2.40000
 0.00027756000,2.52000,2.40000
 0.00027760000,2.52000,2.40000
 0.00027764000,2.52000,2.40000
 0.00027768000,2.52000,2.44000
 0.00027771997,2.52000,2.40000
 0.00027776000,2.52000,2.40000
 0.00027780000,2.52000,2.40000
 0.00027784000,2.52000,2.44000
 0.00027788000,2.40000,2.32000
 0.00027792000,2.76000,2.68000
 0.00027796000,2.24000,2.16000
 0.00027800000,2.64000,2.56000
 0.00027804000,2.44000,2.32000
 0.00027808000,2.48000,2.32000
 0.00027812000,2.44000,2.44000
 0.00027816000,2.72000,2.48000
 0.00027820000,2.28000,2.24000
 0.00027824000,2.64000,2.48000
 0.00027828000,2.36000,2.20000
 0.00027832000,2.52000,2.36000
 0.00027836000,2.68000,2.60000
 0.00027840000,2.52000,2.44000
 0.00027843997,2.48000,2.36000
 0.00027848000,2.60000,2.40000
 0.00027852000,2.56000,2.40000
 0.00027856000,2.52000,2.40000
 0.00027860000,2.56000,2.44000
 0.00027864000,2.44000,2.32000
 0.00027868000,2.52000,2.36000
 0.00027872000,2.56000,2.44000
 0.00027876000,2.56000,2.40000
 0.00027880000,2.52000,2.44000
 0.00027884000,2.56000,2.44000
 0.00027888000,2.52000,2.40000
 0.00027892000,2.48000,2.32000
 0.00027896000,2.52000,2.44000
 0.00027900000,2.52000,2.40000
 0.00027904000,2.52000,2.36000
 0.00027908000,2.56000,2.40000
 0.00027912000,2.56000,2.44000
 0.00027916000,2.52000,2.36000
 0.00027920000,2.56000,2.44000
 0.00027924000,2.52000,2.36000
 0.00027928000,2.56000,2.44000
 0.00027932000,2.56000,2.44000
 0.00027936000,2.52000,2.44000
 0.00027940000,2.48000,2.32000
 0.00027944000,2.60000,2.48000
 0.00027948000,2.48000,2.32000
 0.00027952000,2.52000,2.48000
 0.00027956000,2.52000,2.40000
 0.00027960000,2.52000,2.44000
 0.00027964000,2.52000,2.40000
 0.00027968000,2.52000,2.40000
 0.00027972000,2.56000,2.40000
 0.00027976000,2.52000,2.40000
 0.00027980000,2.56000,2.44000
 0.00027984000,2.48000,2.36000
 0.00027988000,2.56000,2.44000
 0.00027992000,2.52000,2.36000
 0.00027996000,2.52000,2.44000
 0.00028000000,2.52000,2.40000
 0.00028004000,2.56000,2.44000
 0.00028008000,2.52000,2.44000
 0.00028012000,2.56000,2.44000
 0.00028016000,2.52000,2.40000
 0.00028020000,2.52000,2.40000
 0.00028024000,2.52000,2.44000
 0.00028028000,2.48000,2.36000
 0.00028032000,2.52000,2.44000
 0.00028036000,2.52000,2.40000
 0.00028040000,2.52000,2.40000
 0.00028044000,2.52000,2.44000
 0.00028048000,2.52000,2.44000
 0.00028052000,2.52000,2.40000
 0.00028056000,2.52000,2.40000
 0.00028060000,2.52000,2.44000
 0.00028064000,2.52000,2.40000
 0.00028068000,2.56000,2.44000
 0.00028072000,2.52000,2.40000
 0.00028076000,2.56000,2.44000
 0.00028080000,2.52000,2.44000
 0.00028084000,2.52000,2.44000
 0.00028088000,2.52000,2.44000
 0.00028092000,2.52000,2.40000
 0.00028096000,2.52000,2.44000
 0.00028100000,2.56000,2.44000
 0.00028104000,2.52000,2.44000
 0.00028108000,2.52000,2.40000
 0.00028112000,2.56000,2.44000
 0.00028116000,2.52000,2.40000
 0.00028120000,2.52000,2.44000
 0.00028124000,2.56000,2.40000
 0.00028128000,2.56000,2.36000
 0.00028132000,2.52000,2.36000
 0.00028136000,2.60000,2.48000
 0.00028140000,2.52000,2.48000
 0.00028144000,2.44000,2.40000
 0.00028148000,2.52000,2.36000
 0.00028151997,2.52000,2.40000
 0.00028156000,2.56000,2.44000
 0.00028160000,2.52000,2.44000
 0.00028164000,2.52000,2.40000
 0.00028168000,2.52000,2.36000
 0.00028172000,2.56000,2.40000
 0.00028176000,2.56000,2.44000
 0.00028180000,2.56000,2.44000
 0.00028184000,2.52000,2.44000
 0.00028188000,2.52000,2.40000
 0.00028192000,2.52000,2.40000
 0.00028196000,2.56000,2.44000
 0.00028200000,2.52000,2.44000
 0.00028204000,2.52000,2.36000
 0.00028208000,2.56000,2.40000
 0.00028212000,2.56000,2.44000
 0.00028216000,2.56000,2.44000
 0.00028220000,2.52000,2.44000
 0.00028223997,2.52000,2.40000
 0.00028228000,2.56000,2.44000
 0.00028232000,2.56000,2.44000
 0.00028236000,2.52000,2.44000
 0.00028240000,2.52000,2.44000
 0.00028244000,2.52000,2.36000
 0.00028248000,2.52000,2.40000
 0.00028252000,2.52000,2.40000
 0.00028256000,2.56000,2.44000
 0.00028260000,2.52000,2.40000
 0.00028264000,2.52000,2.44000
 0.00028268000,2.56000,2.44000
 0.00028272000,2.56000,2.44000
 0.00028276000,2.56000,2.44000
 0.00028280000,2.52000,2.40000
 0.00028284000,2.52000,2.40000
 0.00028288000,2.56000,2.40000
 0.00028292000,2.56000,2.44000
 0.00028296000,2.56000,2.44000
 0.00028300000,2.52000,2.44000
 0.00028304000,2.52000,2.40000
 0.00028308000,2.56000,2.44000
 0.00028312000,2.56000,2.44000
 0.00028316000,2.52000,2.44000
 0.00028320000,2.52000,2.44000
 0.00028324000,2.52000,2.44000
 0.00028328000,2.56000,2.44000
 0.00028332000,2.56000,2.44000
 0.00028336000,2.56000,2.44000
 0.00028340000,2.56000,2.44000
 0.00028344000,2.52000,2.40000
 0.00028348000,2.52000,2.40000
 0.00028352000,2.56000,2.44000
 0.00028356000,2.52000,2.44000
 0.00028360000,2.52000,2.40000
 0.00028364000,2.56000,2.44000
 0.00028368000,2.52000,2.36000
 0.00028372000,2.56000,2.44000
 0.00028376000,2.52000,2.40000
 0.00028380000,2.52000,2.44000
 0.00028384000,2.52000,2.44000
 0.00028388000,2.52000,2.44000
 0.00028392000,2.56000,2.44000
 0.00028396000,2.56000,2.44000
 0.00028400000,2.52000,2.44000
 0.00028404000,2.52000,2.44000
 0.00028408000,2.52000,2.44000
 0.00028412000,2.56000,2.44000
 0.00028416000,2.56000,2.44000
 0.00028420000,2.56000,2.44000
 0.00028424000,2.52000,2.44000
 0.00028428000,2.56000,2.44000
 0.00028432000,2.52000,2.44000
 0.00028436000,2.56000,2.48000
 0.00028440000,2.44000,2.32000
 0.00028444000,2.52000,2.32000
 0.00028448000,2.56000,2.40000
 0.00028452000,2.64000,2.48000
 0.00028456000,2.56000,2.44000
 0.00028459997,2.52000,2.44000
 0.00028464000,2.52000,2.36000
 0.00028468000,2.56000,2.44000
 0.00028472000,2.56000,2.44000
 0.00028476000,2.56000,2.44000
 0.00028480000,2.52000,2.40000
 0.00028484000,2.56000,2.44000
 0.00028488000,2.52000,2.40000
 0.00028492000,2.56000,2.44000
 0.00028496000,2.56000,2.40000
 0.00028500000,2.56000,2.44000
 0.00028504000,2.52000,2.40000
 0.00028508000,2.56000,2.44000
 0.00028512000,2.56000,2.48000
 0.00028516000,2.48000,2.40000
 0.00028520000,2.52000,2.36000
 0.00028524000,2.52000,2.40000
 0.00028528000,2.56000,2.44000
 0.00028531997,2.52000,2.44000
 0.00028536000,2.52000,2.44000
 0.00028540000,2.52000,2.36000
 0.00028544000,2.52000,2.40000
 0.00028548000,2.56000,2.44000
 0.00028552000,2.56000,2.44000
 0.00028556000,2.52000,2.40000
 0.00028560000,2.56000,2.44000
 0.00028564000,2.56000,2.44000
 0.00028568000,2.52000,2.40000
 0.00028572000,2.56000,2.44000
 0.00028576000,2.56000,2.44000
 0.00028580000,2.56000,2.44000
 0.00028584000,2.52000,2.44000
 0.00028588000,2.56000,2.44000
 0.00028592000,2.48000,2.40000
 0.00028596000,2.56000,2.44000
 0.00028600000,2.56000,2.44000
 0.00028604000,2.52000,2.40000
 0.00028608000,2.60000,2.48000
 0.00028612000,2.52000,2.36000
 0.00028616000,2.52000,2.44000
 0.00028620000,2.56000,2.44000
 0.00028624000,2.52000,2.40000
 0.00028628000,2.56000,2.44000
 0.00028632000,2.56000,2.44000
 0.00028636000,2.52000,2.40000
 0.00028640000,2.56000,2.44000
 0.00028644000,2.52000,2.40000
 0.00028648000,2.52000,2.44000
 0.00028652000,2.56000,2.44000
 0.00028656000,2.56000,2.44000
 0.00028660000,2.56000,2.44000
 0.00028664000,2.56000,2.44000
 0.00028668000,2.52000,2.40000
 0.00028672000,2.56000,2.44000
 0.00028676000,2.52000,2.40000
 0.00028680000,2.52000,2.44000
 0.00028684000,2.56000,2.48000
 0.00028688000,2.48000,2.36000
 0.00028692000,2.64000,2.44000
 0.00028696000,2.52000,2.40000
 0.00028700000,2.56000,2.44000
 0.00028704000,2.56000,2.44000
 0.00028708000,2.52000,2.40000
 0.00028712000,2.56000,2.44000
 0.00028716000,2.56000,2.44000
 0.00028720000,2.56000,2.40000
 0.00028724000,2.56000,2.44000
 0.00028728000,2.64000,2.48000
 0.00028732000,2.32000,2.24000
 0.00028736000,2.76000,2.72000
 0.00028740000,2.24000,2.16000
 0.00028744000,2.56000,2.44000
 0.00028748000,2.48000,2.24000
 0.00028752000,2.64000,2.44000
 0.00028756000,2.48000,2.44000
 0.00028760000,2.76000,2.60000
 0.00028764000,2.28000,2.20000
 0.00028768000,2.72000,2.60000
 0.00028772000,2.44000,2.32000
 0.00028776000,2.52000,2.40000
 0.00028780000,2.56000,2.44000
 0.00028784000,2.56000,2.36000
 0.00028788000,2.48000,2.36000
 0.00028792000,2.60000,2.44000
 0.00028796000,2.60000,2.48000
 0.00028800000,2.52000,2.36000
 0.00028804000,2.52000,2.44000
 0.00028808000,2.52000,2.40000
 0.00028812000,2.52000,2.40000
 0.00028816000,2.52000,2.44000
 0.00028820000,2.56000,2.40000
 0.00028824000,2.52000,2.40000
 0.00028828000,2.64000,2.48000
 0.00028832000,2.56000,2.44000
 0.00028836000,2.48000,2.36000
 0.00028839997,2.56000,2.44000
 0.00028844000,2.60000,2.44000
 0.00028848000,2.52000,2.44000
 0.00028852000,2.56000,2.48000
 0.00028856000,2.52000,2.40000
 0.00028860000,2.52000,2.44000
 0.00028864000,2.52000,2.44000
 0.00028868000,2.56000,2.44000
 0.00028872000,2.56000,2.44000
 0.00028876000,2.56000,2.44000
 0.00028880000,2.56000,2.44000
 0.00028884000,2.52000,2.40000
 0.00028888000,2.56000,2.44000
 0.00028892000,2.56000,2.44000
 0.00028896000,2.52000,2.44000
 0.00028900000,2.56000,2.44000
 0.00028904000,2.56000,2.44000
 0.00028908000,2.56000,2.44000
 0.00028911997,2.56000,2.44000
 0.00028916000,2.52000,2.44000
 0.00028920000,2.56000,2.44000
 0.00028924000,2.56000,2.44000
 0.00028928000,2.52000,2.44000
 0.00028932000,2.56000,2.40000
 0.00028936000,2.56000,2.44000
 0.00028940000,2.52000,2.40000
 0.00028944000,2.52000,2.44000
 0.00028948000,2.56000,2.44000
 0.00028952000,2.56000,2.44000
 0.00028956000,2.56000,2.44000
 0.00028960000,2.56000,2.44000
 0.00028964000,2.56000,2.44000
 0.00028968000,2.56000,2.44000
 0.00028972000,2.56000,2.44000
 0.00028976000,2.56000,2.44000
 0.00028980000,2.56000,2.44000
 0.00028984000,2.56000,2.44000
 0.00028988000,2.56000,2.44000
 0.00028992000,2.56000,2.44000
 0.00028996000,2.56000,2.44000
 0.00029000000,2.56000,2.44000
 0.00029004000,2.56000,2.44000
 0.00029008000,2.52000,2.44000
 0.00029012000,2.56000,2.44000
 0.00029016000,2.56000,2.44000
 0.00029020000,2.56000,2.44000
 0.00029024000,2.56000,2.44000
 0.00029028000,2.56000,2.44000
 0.00029032000,2.56000,2.44000
 0.00029036000,2.56000,2.40000
 0.00029040000,2.56000,2.44000
 0.00029044000,2.56000,2.40000
 0.00029048000,2.60000,2.44000
 0.00029052000,2.64000,2.52000
 0.00029056000,2.56000,2.48000
 0.00029060000,2.44000,2.40000
 0.00029064000,2.52000,2.40000
 0.00029068000,2.60000,2.44000
 0.00029072000,2.60000,2.48000
 0.00029076000,2.56000,2.44000
 0.00029080000,2.52000,2.40000
 0.00029084000,2.52000,2.36000
 0.00029088000,2.56000,2.44000
 0.00029092000,2.52000,2.40000
 0.00029096000,2.64000,2.52000
 0.00029100000,2.48000,2.32000
 0.00029104000,2.56000,2.48000
 0.00029108000,2.52000,2.40000
 0.00029112000,2.56000,2.44000
 0.00029116000,2.52000,2.44000
 0.00029120000,2.56000,2.40000
 0.00029124000,2.56000,2.44000
 0.00029128000,2.64000,2.48000
 0.00029132000,2.52000,2.44000
 0.00029136000,2.52000,2.40000
 0.00029140000,2.56000,2.44000
 0.00029144000,2.60000,2.44000
 0.00029147997,2.56000,2.48000
 0.00029152000,2.52000,2.40000
 0.00029156000,2.52000,2.44000
 0.00029160000,2.52000,2.36000
 0.00029164000,2.56000,2.44000
 0.00029168000,2.56000,2.40000
 0.00029172000,2.56000,2.44000
 0.00029176000,2.56000,2.44000
 0.00029180000,2.56000,2.44000
 0.00029184000,2.52000,2.40000
 0.00029188000,2.60000,2.48000
 0.00029192000,2.52000,2.40000
 0.00029196000,2.56000,2.44000
 0.00029200000,2.56000,2.44000
 0.00029204000,2.56000,2.40000
 0.00029208000,2.56000,2.44000
 0.00029212000,2.52000,2.44000
 0.00029216000,2.60000,2.48000
 0.00029219997,2.52000,2.40000
 0.00029224000,2.56000,2.44000
 0.00029228000,2.52000,2.44000
 0.00029232000,2.60000,2.44000
 0.00029236000,2.52000,2.40000
 0.00029240000,2.56000,2.48000
 0.00029244000,2.52000,2.44000
 0.00029248000,2.56000,2.44000
 0.00029252000,2.56000,2.44000
 0.00029256000,2.56000,2.44000
 0.00029260000,2.56000,2.44000
 0.00029264000,2.52000,2.44000
 0.00029268000,2.56000,2.44000
 0.00029272000,2.52000,2.44000
 0.00029276000,2.56000,2.44000
 0.00029280000,2.56000,2.44000
 0.00029284000,2.56000,2.44000
 0.00029288000,2.56000,2.44000
 0.00029292000,2.56000,2.44000
 0.00029296000,2.56000,2.44000
 0.00029300000,2.56000,2.44000
 0.00029304000,2.56000,2.44000
 0.00029308000,2.56000,2.44000
 0.00029312000,2.56000,2.44000
 0.00029316000,2.56000,2.44000
 0.00029320000,2.56000,2.44000
 0.00029324000,2.56000,2.44000
 0.00029328000,2.52000,2.44000
 0.00029332000,2.56000,2.44000
 0.00029336000,2.56000,2.44000
 0.00029340000,2.56000,2.44000
 0.00029344000,2.56000,2.44000
 0.00029348000,2.56000,2.44000
 0.00029352000,2.64000,2.52000
 0.00029356000,2.52000,2.44000
 0.00029360000,2.44000,2.32000
 0.00029364000,2.48000,2.32000
 0.00029368000,2.56000,2.40000
 0.00029372000,2.56000,2.44000
 0.00029376000,2.56000,2.48000
 0.00029380000,2.52000,2.40000
 0.00029384000,2.56000,2.40000
 0.00029388000,2.60000,2.44000
 0.00029392000,2.60000,2.48000
 0.00029396000,2.56000,2.44000
 0.00029400000,2.56000,2.44000
 0.00029404000,2.56000,2.40000
 0.00029408000,2.56000,2.44000
 0.00029412000,2.56000,2.44000
 0.00029416000,2.56000,2.44000
 0.00029420000,2.52000,2.44000
 0.00029424000,2.56000,2.48000
 0.00029428000,2.56000,2.44000
 0.00029432000,2.52000,2.40000
 0.00029436000,2.52000,2.36000
 0.00029440000,2.52000,2.40000
 0.00029444000,2.56000,2.44000
 0.00029448000,2.56000,2.44000
 0.00029452000,2.52000,2.44000
 0.00029456000,2.56000,2.44000
 0.00029460000,2.56000,2.44000
 0.00029464000,2.56000,2.44000
 0.00029468000,2.56000,2.44000
 0.00029472000,2.52000,2.44000
 0.00029476000,2.56000,2.44000
 0.00029480000,2.56000,2.44000
 0.00029484000,2.56000,2.44000
 0.00029488000,2.56000,2.44000
 0.00029492000,2.56000,2.44000
 0.00029496000,2.56000,2.44000
 0.00029500000,2.56000,2.44000
 0.00029504000,2.56000,2.44000
 0.00029508000,2.56000,2.44000
 0.00029512000,2.56000,2.44000
 0.00029516000,2.56000,2.44000
 0.00029520000,2.56000,2.44000
 0.00029524000,2.56000,2.44000
 0.00029527997,2.56000,2.44000
 0.00029532000,2.56000,2.44000
 0.00029536000,2.56000,2.44000
 0.00029540000,2.56000,2.44000
 0.00029544000,2.56000,2.44000
 0.00029548000,2.56000,2.44000
 0.00029552000,2.56000,2.44000
 0.00029556000,2.56000,2.44000
 0.00029560000,2.56000,2.44000
 0.00029564000,2.56000,2.44000
 0.00029568000,2.60000,2.48000
 0.00029572000,2.56000,2.44000
 0.00029576000,2.56000,2.44000
 0.00029580000,2.52000,2.44000
 0.00029584000,2.56000,2.44000
 0.00029588000,2.60000,2.44000
 0.00029592000,2.56000,2.44000
 0.00029596000,2.56000,2.44000
 0.00029599997,2.56000,2.44000
 0.00029604000,2.56000,2.44000
 0.00029608000,2.56000,2.44000
 0.00029612000,2.56000,2.44000
 0.00029616000,2.56000,2.44000
 0.00029620000,2.56000,2.44000
 0.00029624000,2.56000,2.44000
 0.00029628000,2.56000,2.44000
 0.00029632000,2.56000,2.40000
 0.00029636000,2.52000,2.40000
 0.00029640000,2.60000,2.48000
 0.00029644000,2.56000,2.40000
 0.00029648000,2.52000,2.44000
 0.00029652000,2.56000,2.44000
 0.00029656000,2.48000,2.40000
 0.00029660000,2.44000,2.32000
 0.00029664000,2.56000,2.36000
 0.00029668000,2.64000,2.44000
 0.00029672000,2.64000,2.52000
 0.00029676000,2.44000,2.28000
 0.00029680000,2.72000,2.64000
 0.00029684000,2.44000,2.20000
 0.00029688000,2.56000,2.48000
 0.00029692000,2.52000,2.40000
 0.00029696000,2.56000,2.48000
 0.00029700000,2.36000,2.28000
 0.00029704000,2.80000,2.72000
 0.00029708000,2.32000,2.16000
 0.00029712000,2.72000,2.64000
 0.00029716000,2.52000,2.32000
 0.00029720000,2.56000,2.40000
 0.00029724000,2.48000,2.40000
 0.00029728000,2.64000,2.48000
 0.00029732000,2.40000,2.32000
 0.00029736000,2.68000,2.48000
 0.00029740000,2.60000,2.44000
 0.00029744000,2.60000,2.44000
 0.00029748000,2.56000,2.48000
 0.00029752000,2.52000,2.40000
 0.00029756000,2.52000,2.44000
 0.00029760000,2.56000,2.44000
 0.00029764000,2.60000,2.48000
 0.00029768000,2.52000,2.40000
 0.00029772000,2.56000,2.44000
 0.00029776000,2.56000,2.40000
 0.00029780000,2.52000,2.44000
 0.00029784000,2.56000,2.44000
 0.00029788000,2.60000,2.48000
 0.00029792000,2.56000,2.44000
 0.00029796000,2.56000,2.44000
 0.00029800000,2.56000,2.44000
 0.00029804000,2.52000,2.40000
 0.00029808000,2.56000,2.44000
 0.00029812000,2.56000,2.44000
 0.00029816000,2.56000,2.44000
 0.00029820000,2.56000,2.44000
 0.00029824000,2.56000,2.44000
 0.00029828000,2.52000,2.44000
 0.00029832000,2.56000,2.44000
 0.00029835997,2.56000,2.44000
 0.00029840000,2.56000,2.44000
 0.00029844000,2.56000,2.44000
 0.00029848000,2.56000,2.44000
 0.00029852000,2.56000,2.44000
 0.00029856000,2.56000,2.44000
 0.00029860000,2.56000,2.44000
 0.00029864000,2.56000,2.44000
 0.00029868000,2.56000,2.44000
 0.00029872000,2.56000,2.44000
 0.00029876000,2.56000,2.44000
 0.00029880000,2.56000,2.44000
 0.00029884000,2.56000,2.44000
 0.00029888000,2.56000,2.44000
 0.00029892000,2.52000,2.40000
 0.00029896000,2.56000,2.48000
 0.00029900000,2.52000,2.40000
 0.00029904000,2.60000,2.48000
 0.00029907997,2.52000,2.32000
 0.00029912000,2.64000,2.48000
 0.00029916000,2.48000,2.36000
 0.00029920000,2.60000,2.48000
 0.00029924000,2.56000,2.40000
 0.00029928000,2.56000,2.44000
 0.00029932000,2.56000,2.48000
 0.00029936000,2.52000,2.40000
 0.00029940000,2.56000,2.44000
 0.00029944000,2.52000,2.40000
 0.00029948000,2.60000,2.44000
 0.00029952000,2.52000,2.44000
 0.00029956000,2.56000,2.44000
 0.00029960000,2.56000,2.40000
 0.00029964000,2.68000,2.48000
 0.00029968000,2.64000,2.52000
 0.00029972000,2.52000,2.48000
 0.00029976000,2.44000,2.36000
 0.00029980000,2.52000,2.36000
 0.00029984000,2.60000,2.48000
 0.00029988000,2.56000,2.48000
 0.00029992000,2.56000,2.44000
 0.00029996000,2.52000,2.40000
 0.00030000000,2.56000,2.40000
 0.00030004000,2.56000,2.44000
 0.00030008000,2.56000,2.44000
 0.00030012000,2.60000,2.48000
 0.00030016000,2.52000,2.44000
 0.00030020000,2.56000,2.44000
 0.00030024000,2.56000,2.44000
 0.00030028000,2.56000,2.44000
 0.00030032000,2.56000,2.44000
 0.00030036000,2.56000,2.40000
 0.00030040000,2.60000,2.44000
 0.00030044000,2.60000,2.48000
 0.00030048000,2.56000,2.48000
 0.00030052000,2.52000,2.44000
 0.00030056000,2.56000,2.44000
 0.00030060000,2.56000,2.44000
 0.00030064000,2.56000,2.44000
 0.00030068000,2.56000,2.44000
 0.00030072000,2.52000,2.40000
 0.00030076000,2.56000,2.44000
 0.00030080000,2.56000,2.40000
 0.00030084000,2.56000,2.44000
 0.00030088000,2.56000,2.44000
 0.00030092000,2.56000,2.44000
 0.00030096000,2.60000,2.48000
 0.00030100000,2.56000,2.44000
 0.00030104000,2.56000,2.44000
 0.00030108000,2.56000,2.44000
 0.00030112000,2.56000,2.44000
 0.00030116000,2.56000,2.44000
 0.00030120000,2.56000,2.44000
 0.00030124000,2.56000,2.44000
 0.00030128000,2.56000,2.44000
 0.00030132000,2.56000,2.44000
 0.00030136000,2.56000,2.44000
 0.00030140000,2.56000,2.44000
 0.00030144000,2.56000,2.44000
 0.00030148000,2.56000,2.48000
 0.00030152000,2.56000,2.44000
 0.00030156000,2.52000,2.44000
 0.00030160000,2.64000,2.48000
 0.00030164000,2.56000,2.44000
 0.00030168000,2.56000,2.44000
 0.00030172000,2.56000,2.44000
 0.00030176000,2.56000,2.44000
 0.00030180000,2.56000,2.44000
 0.00030184000,2.60000,2.48000
 0.00030188000,2.52000,2.44000
 0.00030192000,2.56000,2.44000
 0.00030196000,2.60000,2.44000
 0.00030200000,2.56000,2.40000
 0.00030204000,2.56000,2.44000
 0.00030208000,2.56000,2.44000
 0.00030212000,2.56000,2.44000
 0.00030215997,2.56000,2.44000
 0.00030220000,2.56000,2.44000
 0.00030224000,2.56000,2.44000
 0.00030228000,2.56000,2.44000
 0.00030232000,2.56000,2.44000
 0.00030236000,2.56000,2.44000
 0.00030240000,2.56000,2.44000
 0.00030244000,2.56000,2.44000
 0.00030248000,2.56000,2.44000
 0.00030252000,2.56000,2.44000
 0.00030256000,2.56000,2.44000
 0.00030260000,2.56000,2.44000
 0.00030264000,2.60000,2.48000
 0.00030268000,2.64000,2.52000
 0.00030272000,2.52000,2.44000
 0.00030276000,2.44000,2.32000
 0.00030280000,2.52000,2.32000
 0.00030284000,2.56000,2.40000
 0.00030287997,2.60000,2.48000
 0.00030292000,2.56000,2.44000
 0.00030296000,2.52000,2.40000
 0.00030300000,2.56000,2.40000
 0.00030304000,2.60000,2.44000
 0.00030308000,2.60000,2.44000
 0.00030312000,2.56000,2.44000
 0.00030316000,2.56000,2.44000
 0.00030320000,2.52000,2.44000
 0.00030324000,2.56000,2.44000
 0.00030328000,2.56000,2.44000
 0.00030332000,2.56000,2.44000
 0.00030336000,2.56000,2.44000
 0.00030340000,2.60000,2.44000
 0.00030344000,2.60000,2.48000
 0.00030348000,2.56000,2.44000
 0.00030352000,2.48000,2.40000
 0.00030356000,2.52000,2.40000
 0.00030360000,2.56000,2.44000
 0.00030364000,2.60000,2.48000
 0.00030368000,2.52000,2.44000
 0.00030372000,2.56000,2.44000
 0.00030376000,2.56000,2.44000
 0.00030380000,2.56000,2.44000
 0.00030384000,2.60000,2.44000
 0.00030388000,2.56000,2.44000
 0.00030392000,2.56000,2.44000
 0.00030396000,2.56000,2.44000
 0.00030400000,2.56000,2.44000
 0.00030404000,2.56000,2.44000
 0.00030408000,2.56000,2.44000
 0.00030412000,2.60000,2.48000
 0.00030416000,2.56000,2.44000
 0.00030420000,2.52000,2.44000
 0.00030424000,2.56000,2.44000
 0.00030428000,2.60000,2.48000
 0.00030432000,2.56000,2.44000
 0.00030436000,2.56000,2.44000
 0.00030440000,2.60000,2.48000
 0.00030444000,2.52000,2.40000
 0.00030448000,2.56000,2.44000
 0.00030452000,2.60000,2.44000
 0.00030456000,2.56000,2.44000
 0.00030460000,2.56000,2.48000
 0.00030464000,2.56000,2.44000
 0.00030468000,2.56000,2.44000
 0.00030472000,2.60000,2.44000
 0.00030476000,2.56000,2.44000
 0.00030480000,2.56000,2.44000
 0.00030484000,2.60000,2.44000
 0.00030488000,2.52000,2.40000
 0.00030492000,2.56000,2.44000
 0.00030496000,2.60000,2.44000
 0.00030500000,2.56000,2.44000
 0.00030504000,2.56000,2.44000
 0.00030508000,2.56000,2.44000
 0.00030512000,2.56000,2.44000
 0.00030516000,2.60000,2.48000
 0.00030520000,2.56000,2.44000
 0.00030523997,2.56000,2.44000
 0.00030528000,2.60000,2.48000
 0.00030532000,2.56000,2.44000
 0.00030536000,2.56000,2.44000
 0.00030540000,2.60000,2.44000
 0.00030544000,2.56000,2.44000
 0.00030548000,2.56000,2.44000
 0.00030552000,2.56000,2.44000
 0.00030556000,2.56000,2.44000
 0.00030560000,2.56000,2.44000
 0.00030564000,2.56000,2.44000
 0.00030568000,2.56000,2.44000
 0.00030572000,2.52000,2.44000
 0.00030576000,2.48000,2.32000
 0.00030580000,2.52000,2.32000
 0.00030584000,2.68000,2.44000
 0.00030588000,2.64000,2.48000
 0.00030592000,2.56000,2.44000
 0.00030595997,2.52000,2.40000
 0.00030600000,2.56000,2.40000
 0.00030604000,2.60000,2.44000
 0.00030608000,2.60000,2.48000
 0.00030612000,2.56000,2.44000
 0.00030616000,2.56000,2.44000
 0.00030620000,2.48000,2.28000
 0.00030624000,2.72000,2.64000
 0.00030628000,2.60000,2.32000
 0.00030632000,2.48000,2.36000
 0.00030636000,2.68000,2.48000
 0.00030640000,2.56000,2.48000
 0.00030644000,2.40000,2.24000
 0.00030648000,2.76000,2.72000
 0.00030652000,2.36000,2.16000
 0.00030656000,2.72000,2.60000
 0.00030660000,2.60000,2.44000
 0.00030664000,2.52000,2.44000
 0.00030667997,2.44000,2.32000
 0.00030672000,2.72000,2.56000
 0.00030676000,2.44000,2.28000
 0.00030680000,2.72000,2.60000
 0.00030684000,2.52000,2.44000
 0.00030688000,2.56000,2.44000
 0.00030692000,2.52000,2.44000
 0.00030696000,2.60000,2.44000
 0.00030700000,2.52000,2.40000
 0.00030704000,2.60000,2.44000
 0.00030708000,2.60000,2.48000
 0.00030712000,2.52000,2.40000
 0.00030716000,2.60000,2.48000
 0.00030720000,2.56000,2.44000
 0.00030724000,2.56000,2.44000
 0.00030728000,2.56000,2.44000
 0.00030732000,2.60000,2.48000
 0.00030736000,2.52000,2.44000
 0.00030740000,2.60000,2.48000
 0.00030744000,2.56000,2.44000
 0.00030748000,2.56000,2.40000
 0.00030752000,2.56000,2.44000
 0.00030756000,2.56000,2.44000
 0.00030760000,2.56000,2.44000
 0.00030764000,2.60000,2.48000
 0.00030768000,2.60000,2.44000
 0.00030772000,2.52000,2.44000
 0.00030776000,2.56000,2.48000
 0.00030780000,2.56000,2.44000
 0.00030784000,2.56000,2.44000
 0.00030788000,2.60000,2.48000
 0.00030792000,2.52000,2.40000
 0.00030796000,2.60000,2.44000
 0.00030800000,2.56000,2.44000
 0.00030804000,2.56000,2.44000
 0.00030808000,2.56000,2.44000
 0.00030812000,2.56000,2.44000
 0.00030816000,2.56000,2.44000
 0.00030820000,2.56000,2.48000
 0.00030824000,2.56000,2.44000
 0.00030828000,2.56000,2.44000
 0.00030832000,2.56000,2.44000
 0.00030836000,2.64000,2.48000
 0.00030840000,2.52000,2.40000
 0.00030844000,2.60000,2.48000
 0.00030848000,2.60000,2.44000
 0.00030852000,2.52000,2.44000
 0.00030856000,2.60000,2.44000
 0.00030860000,2.56000,2.44000
 0.00030864000,2.56000,2.44000
 0.00030868000,2.60000,2.48000
 0.00030872000,2.56000,2.44000
 0.00030876000,2.56000,2.48000
 0.00030880000,2.72000,2.52000
 0.00030884000,2.60000,2.52000
 0.00030888000,2.44000,2.40000
 0.00030892000,2.48000,2.36000
 0.00030896000,2.52000,2.36000
 0.00030900000,2.60000,2.48000
 0.00030903997,2.60000,2.48000
 0.00030908000,2.52000,2.40000
 0.00030912000,2.56000,2.44000
 0.00030916000,2.52000,2.40000
 0.00030920000,2.60000,2.44000
 0.00030924000,2.64000,2.48000
 0.00030928000,2.52000,2.44000
 0.00030932000,2.56000,2.44000
 0.00030936000,2.52000,2.40000
 0.00030940000,2.60000,2.48000
 0.00030944000,2.56000,2.44000
 0.00030948000,2.56000,2.44000
 0.00030952000,2.56000,2.40000
 0.00030956000,2.64000,2.48000
 0.00030960000,2.56000,2.48000
 0.00030964000,2.56000,2.44000
 0.00030968000,2.52000,2.44000
 0.00030972000,2.56000,2.44000
 0.00030975997,2.56000,2.44000
 0.00030980000,2.56000,2.44000
 0.00030984000,2.60000,2.48000
 0.00030988000,2.56000,2.44000
 0.00030992000,2.56000,2.44000
 0.00030996000,2.56000,2.44000
 0.00031000000,2.56000,2.44000
 0.00031004000,2.56000,2.44000
 0.00031008000,2.56000,2.44000
 0.00031012000,2.56000,2.44000
 0.00031016000,2.56000,2.44000
 0.00031020000,2.56000,2.44000
 0.00031024000,2.56000,2.44000
 0.00031028000,2.56000,2.44000
 0.00031032000,2.56000,2.44000
 0.00031036000,2.56000,2.44000
 0.00031040000,2.56000,2.44000
 0.00031044000,2.56000,2.44000
 0.00031048000,2.56000,2.44000
 0.00031052000,2.56000,2.44000
 0.00031056000,2.60000,2.44000
 0.00031060000,2.56000,2.44000
 0.00031064000,2.56000,2.44000
 0.00031068000,2.56000,2.44000
 0.00031072000,2.56000,2.44000
 0.00031076000,2.56000,2.44000
 0.00031080000,2.60000,2.44000
 0.00031084000,2.56000,2.44000
 0.00031088000,2.56000,2.44000
 0.00031092000,2.56000,2.44000
 0.00031096000,2.56000,2.44000
 0.00031100000,2.56000,2.44000
 0.00031104000,2.56000,2.44000
 0.00031108000,2.56000,2.44000
 0.00031112000,2.56000,2.44000
 0.00031116000,2.56000,2.44000
 0.00031120000,2.56000,2.44000
 0.00031124000,2.56000,2.44000
 0.00031128000,2.56000,2.44000
 0.00031132000,2.56000,2.44000
 0.00031136000,2.56000,2.44000
 0.00031140000,2.56000,2.44000
 0.00031144000,2.56000,2.44000
 0.00031148000,2.56000,2.44000
 0.00031152000,2.56000,2.44000
 0.00031156000,2.56000,2.44000
 0.00031160000,2.56000,2.48000
 0.00031164000,2.56000,2.44000
 0.00031168000,2.60000,2.48000
 0.00031172000,2.56000,2.40000
 0.00031176000,2.60000,2.48000
 0.00031180000,2.52000,2.44000
 0.00031184000,2.68000,2.60000
 0.00031188000,2.48000,2.44000
 0.00031192000,2.52000,2.32000
 0.00031196000,2.48000,2.28000
 0.00031200000,2.64000,2.44000
 0.00031204000,2.56000,2.48000
 0.00031208000,2.52000,2.44000
 0.00031211997,2.56000,2.44000
 0.00031216000,2.56000,2.44000
 0.00031220000,2.60000,2.44000
 0.00031224000,2.60000,2.48000
 0.00031228000,2.56000,2.44000
 0.00031232000,2.52000,2.44000
 0.00031236000,2.56000,2.44000
 0.00031240000,2.56000,2.44000
 0.00031244000,2.56000,2.44000
 0.00031248000,2.56000,2.44000
 0.00031252000,2.56000,2.44000
 0.00031256000,2.60000,2.48000
 0.00031260000,2.56000,2.44000
 0.00031264000,2.52000,2.40000
 0.00031268000,2.52000,2.36000
 0.00031272000,2.64000,2.48000
 0.00031276000,2.56000,2.44000
 0.00031280000,2.52000,2.44000
 0.00031283997,2.56000,2.44000
 0.00031288000,2.56000,2.44000
 0.00031292000,2.64000,2.48000
 0.00031296000,2.60000,2.48000
 0.00031300000,2.56000,2.44000
 0.00031304000,2.56000,2.44000
 0.00031308000,2.56000,2.44000
 0.00031312000,2.56000,2.44000
 0.00031316000,2.60000,2.48000
 0.00031320000,2.52000,2.40000
 0.00031324000,2.64000,2.48000
 0.00031328000,2.56000,2.44000
 0.00031332000,2.52000,2.44000
 0.00031336000,2.60000,2.44000
 0.00031340000,2.56000,2.44000
 0.00031344000,2.56000,2.44000
 0.00031348000,2.60000,2.44000
 0.00031352000,2.56000,2.44000
 0.00031355997,2.56000,2.44000
 0.00031360000,2.60000,2.44000
 0.00031364000,2.56000,2.44000
 0.00031368000,2.56000,2.44000
 0.00031372000,2.60000,2.44000
 0.00031376000,2.56000,2.44000
 0.00031380000,2.56000,2.44000
 0.00031384000,2.56000,2.44000
 0.00031388000,2.56000,2.44000
 0.00031392000,2.56000,2.44000
 0.00031396000,2.56000,2.44000
 0.00031400000,2.56000,2.44000
 0.00031404000,2.56000,2.44000
 0.00031408000,2.56000,2.44000
 0.00031412000,2.56000,2.44000
 0.00031416000,2.56000,2.44000
 0.00031420000,2.56000,2.44000
 0.00031424000,2.56000,2.44000
 0.00031428000,2.56000,2.48000
 0.00031432000,2.56000,2.44000
 0.00031436000,2.56000,2.44000
 0.00031440000,2.56000,2.44000
 0.00031444000,2.56000,2.44000
 0.00031448000,2.56000,2.44000
 0.00031452000,2.60000,2.44000
 0.00031456000,2.56000,2.44000
 0.00031460000,2.56000,2.44000
 0.00031464000,2.56000,2.44000
 0.00031468000,2.56000,2.44000
 0.00031472000,2.56000,2.44000
 0.00031476000,2.56000,2.44000
 0.00031480000,2.56000,2.44000
 0.00031484000,2.56000,2.44000
 0.00031488000,2.48000,2.44000
 0.00031492000,2.48000,2.32000
 0.00031496000,2.64000,2.44000
 0.00031500000,2.68000,2.52000
 0.00031504000,2.64000,2.52000
 0.00031508000,2.52000,2.44000
 0.00031512000,2.56000,2.40000
 0.00031516000,2.56000,2.44000
 0.00031520000,2.60000,2.48000
 0.00031524000,2.56000,2.44000
 0.00031528000,2.52000,2.44000
 0.00031532000,2.52000,2.44000
 0.00031536000,2.56000,2.44000
 0.00031540000,2.56000,2.44000
 0.00031544000,2.56000,2.44000
 0.00031548000,2.56000,2.48000
 0.00031552000,2.52000,2.44000
 0.00031556000,2.56000,2.44000
 0.00031560000,2.56000,2.40000
 0.00031564000,2.56000,2.44000
 0.00031568000,2.48000,2.36000
 0.00031572000,2.84000,2.72000
 0.00031576000,2.36000,2.24000
 0.00031580000,2.72000,2.64000
 0.00031584000,2.44000,2.32000
 0.00031588000,2.52000,2.32000
 0.00031591997,2.56000,2.48000
 0.00031596000,2.72000,2.52000
 0.00031600000,2.32000,2.32000
 0.00031604000,2.72000,2.60000
 0.00031608000,2.44000,2.32000
 0.00031612000,2.52000,2.36000
 0.00031616000,2.60000,2.52000
 0.00031620000,2.56000,2.36000
 0.00031624000,2.56000,2.48000
 0.00031628000,2.60000,2.48000
 0.00031632000,2.56000,2.44000
 0.00031636000,2.52000,2.36000
 0.00031640000,2.60000,2.48000
 0.00031644000,2.52000,2.40000
 0.00031648000,2.56000,2.44000
 0.00031652000,2.60000,2.48000
 0.00031656000,2.56000,2.44000
 0.00031660000,2.52000,2.44000
 0.00031663997,2.60000,2.44000
 0.00031668000,2.56000,2.44000
 0.00031672000,2.52000,2.44000
 0.00031676000,2.64000,2.44000
 0.00031680000,2.56000,2.44000
 0.00031684000,2.60000,2.44000
 0.00031688000,2.56000,2.44000
 0.00031692000,2.52000,2.44000
 0.00031696000,2.56000,2.44000
 0.00031700000,2.56000,2.44000
 0.00031704000,2.56000,2.44000
 0.00031708000,2.60000,2.48000
 0.00031712000,2.56000,2.44000
 0.00031716000,2.56000,2.44000
 0.00031720000,2.56000,2.44000
 0.00031724000,2.60000,2.44000
 0.00031728000,2.56000,2.44000
 0.00031732000,2.56000,2.44000
 0.00031736000,2.56000,2.44000
 0.00031740000,2.56000,2.44000
 0.00031744000,2.56000,2.44000
 0.00031748000,2.56000,2.44000
 0.00031752000,2.56000,2.44000
 0.00031756000,2.52000,2.44000
 0.00031760000,2.60000,2.48000
 0.00031764000,2.56000,2.44000
 0.00031768000,2.56000,2.44000
 0.00031772000,2.56000,2.44000
 0.00031776000,2.56000,2.44000
 0.00031780000,2.56000,2.44000
 0.00031784000,2.56000,2.44000
 0.00031788000,2.56000,2.44000
 0.00031792000,2.60000,2.40000
 0.00031796000,2.60000,2.44000
 0.00031800000,2.68000,2.56000
 0.00031804000,2.56000,2.52000
 0.00031808000,2.48000,2.44000
 0.00031812000,2.52000,2.36000
 0.00031816000,2.60000,2.48000
 0.00031820000,2.64000,2.44000
 0.00031824000,2.56000,2.44000
 0.00031828000,2.52000,2.40000
 0.00031832000,2.56000,2.40000
 0.00031836000,2.52000,2.40000
 0.00031840000,2.60000,2.48000
 0.00031844000,2.64000,2.44000
 0.00031848000,2.52000,2.44000
 0.00031852000,2.60000,2.48000
 0.00031856000,2.48000,2.32000
 0.00031860000,2.64000,2.52000
 0.00031864000,2.48000,2.36000
 0.00031868000,2.64000,2.44000
 0.00031872000,2.56000,2.44000
 0.00031876000,2.64000,2.52000
 0.00031880000,2.52000,2.44000
 0.00031884000,2.56000,2.44000
 0.00031888000,2.56000,2.44000
 0.00031892000,2.56000,2.48000
 0.00031896000,2.56000,2.44000
 0.00031899997,2.52000,2.44000
 0.00031904000,2.56000,2.44000
 0.00031908000,2.56000,2.44000
 0.00031912000,2.56000,2.44000
 0.00031916000,2.56000,2.44000
 0.00031920000,2.60000,2.44000
 0.00031924000,2.56000,2.44000
 0.00031928000,2.56000,2.44000
 0.00031932000,2.56000,2.44000
 0.00031936000,2.56000,2.44000
 0.00031940000,2.56000,2.44000
 0.00031944000,2.56000,2.44000
 0.00031948000,2.56000,2.44000
 0.00031952000,2.56000,2.44000
 0.00031956000,2.56000,2.44000
 0.00031960000,2.56000,2.44000
 0.00031964000,2.56000,2.44000
 0.00031968000,2.60000,2.44000
 0.00031971997,2.56000,2.44000
 0.00031976000,2.60000,2.44000
 0.00031980000,2.56000,2.44000
 0.00031984000,2.56000,2.44000
 0.00031988000,2.56000,2.44000
 0.00031992000,2.56000,2.44000
 0.00031996000,2.56000,2.48000
 0.00032000000,2.56000,2.44000
 0.00032004000,2.56000,2.44000
 0.00032008000,2.56000,2.44000
 0.00032012000,2.56000,2.44000
 0.00032016000,2.56000,2.44000
 0.00032020000,2.56000,2.44000
 0.00032024000,2.56000,2.44000
 0.00032028000,2.56000,2.44000
 0.00032032000,2.56000,2.44000
 0.00032036000,2.56000,2.44000
 0.00032040000,2.56000,2.44000
 0.00032043997,2.56000,2.44000
 0.00032048000,2.56000,2.44000
 0.00032052000,2.56000,2.44000
 0.00032056000,2.56000,2.44000
 0.00032060000,2.56000,2.44000
 0.00032064000,2.56000,2.44000
 0.00032068000,2.56000,2.44000
 0.00032072000,2.56000,2.44000
 0.00032076000,2.56000,2.44000
 0.00032080000,2.56000,2.44000
 0.00032084000,2.56000,2.44000
 0.00032088000,2.56000,2.44000
 0.00032092000,2.56000,2.44000
 0.00032096000,2.60000,2.48000
 0.00032100000,2.64000,2.56000
 0.00032104000,2.48000,2.40000
 0.00032108000,2.44000,2.32000
 0.00032112000,2.56000,2.36000
 0.00032116000,2.64000,2.48000
 0.00032120000,2.56000,2.48000
 0.00032124000,2.52000,2.44000
 0.00032128000,2.52000,2.40000
 0.00032132000,2.56000,2.44000
 0.00032136000,2.64000,2.48000
 0.00032140000,2.56000,2.48000
 0.00032144000,2.56000,2.44000
 0.00032148000,2.56000,2.48000
 0.00032152000,2.52000,2.44000
 0.00032156000,2.60000,2.48000
 0.00032160000,2.60000,2.44000
 0.00032164000,2.52000,2.44000
 0.00032168000,2.60000,2.48000
 0.00032172000,2.60000,2.44000
 0.00032176000,2.56000,2.48000
 0.00032180000,2.52000,2.44000
 0.00032184000,2.52000,2.36000
 0.00032188000,2.56000,2.44000
 0.00032192000,2.60000,2.48000
 0.00032196000,2.56000,2.44000
 0.00032200000,2.56000,2.44000
 0.00032204000,2.56000,2.44000
 0.00032208000,2.60000,2.40000
 0.00032212000,2.56000,2.44000
 0.00032216000,2.60000,2.48000
 0.00032220000,2.52000,2.44000
 0.00032224000,2.56000,2.44000
 0.00032228000,2.56000,2.44000
 0.00032232000,2.56000,2.44000
 0.00032236000,2.56000,2.44000
 0.00032240000,2.56000,2.44000
 0.00032244000,2.56000,2.44000
 0.00032248000,2.56000,2.44000
 0.00032252000,2.56000,2.48000
 0.00032256000,2.56000,2.44000
 0.00032260000,2.60000,2.48000
 0.00032264000,2.56000,2.44000
 0.00032268000,2.60000,2.44000
 0.00032272000,2.56000,2.44000
 0.00032276000,2.60000,2.48000
 0.00032279997,2.56000,2.44000
 0.00032284000,2.56000,2.44000
 0.00032288000,2.52000,2.44000
 0.00032292000,2.56000,2.44000
 0.00032296000,2.60000,2.44000
 0.00032300000,2.56000,2.44000
 0.00032304000,2.56000,2.44000
 0.00032308000,2.56000,2.44000
 0.00032312000,2.56000,2.44000
 0.00032316000,2.56000,2.44000
 0.00032320000,2.56000,2.44000
 0.00032324000,2.56000,2.44000
 0.00032328000,2.56000,2.44000
 0.00032332000,2.56000,2.44000
 0.00032336000,2.56000,2.44000
 0.00032340000,2.56000,2.44000
 0.00032344000,2.56000,2.44000
 0.00032348000,2.56000,2.44000
 0.00032351997,2.56000,2.44000
 0.00032356000,2.56000,2.44000
 0.00032360000,2.56000,2.44000
 0.00032364000,2.56000,2.44000
 0.00032368000,2.56000,2.44000
 0.00032372000,2.56000,2.44000
 0.00032376000,2.60000,2.44000
 0.00032380000,2.56000,2.44000
 0.00032384000,2.56000,2.44000
 0.00032388000,2.56000,2.44000
 0.00032392000,2.56000,2.44000
 0.00032396000,2.56000,2.44000
 0.00032400000,2.56000,2.44000
 0.00032404000,2.52000,2.44000
 0.00032408000,2.44000,2.32000
 0.00032412000,2.56000,2.40000
 0.00032416000,2.68000,2.48000
 0.00032420000,2.64000,2.52000
 0.00032424000,2.56000,2.44000
 0.00032428000,2.52000,2.36000
 0.00032432000,2.56000,2.40000
 0.00032436000,2.60000,2.44000
 0.00032440000,2.56000,2.48000
 0.00032444000,2.56000,2.44000
 0.00032448000,2.56000,2.44000
 0.00032452000,2.56000,2.44000
 0.00032456000,2.60000,2.44000
 0.00032460000,2.60000,2.44000
 0.00032464000,2.56000,2.44000
 0.00032468000,2.56000,2.44000
 0.00032472000,2.56000,2.44000
 0.00032476000,2.56000,2.44000
 0.00032480000,2.56000,2.44000
 0.00032484000,2.52000,2.40000
 0.00032488000,2.56000,2.40000
 0.00032492000,2.60000,2.44000
 0.00032496000,2.60000,2.44000
 0.00032500000,2.56000,2.44000
 0.00032504000,2.56000,2.44000
 0.00032508000,2.60000,2.44000
 0.00032512000,2.52000,2.36000
 0.00032516000,2.72000,2.64000
 0.00032520000,2.60000,2.36000
 0.00032524000,2.44000,2.32000
 0.00032528000,2.68000,2.48000
 0.00032532000,2.56000,2.48000
 0.00032536000,2.40000,2.28000
 0.00032540000,2.80000,2.76000
 0.00032544000,2.40000,2.20000
 0.00032548000,2.64000,2.60000
 0.00032552000,2.60000,2.44000
 0.00032556000,2.52000,2.44000
 0.00032560000,2.48000,2.36000
 0.00032564000,2.72000,2.56000
 0.00032568000,2.40000,2.28000
 0.00032572000,2.72000,2.56000
 0.00032576000,2.56000,2.44000
 0.00032580000,2.60000,2.44000
 0.00032584000,2.56000,2.44000
 0.00032587997,2.56000,2.44000
 0.00032592000,2.52000,2.40000
 0.00032596000,2.60000,2.44000
 0.00032600000,2.60000,2.48000
 0.00032604000,2.56000,2.44000
 0.00032608000,2.56000,2.44000
 0.00032612000,2.56000,2.44000
 0.00032616000,2.56000,2.44000
 0.00032620000,2.56000,2.44000
 0.00032624000,2.60000,2.48000
 0.00032628000,2.52000,2.44000
 0.00032632000,2.60000,2.44000
 0.00032636000,2.56000,2.44000
 0.00032640000,2.56000,2.44000
 0.00032644000,2.52000,2.44000
 0.00032648000,2.56000,2.44000
 0.00032652000,2.56000,2.44000
 0.00032656000,2.60000,2.44000
 0.00032659997,2.60000,2.44000
 0.00032664000,2.56000,2.44000
 0.00032668000,2.56000,2.44000
 0.00032672000,2.56000,2.44000
 0.00032676000,2.52000,2.44000
 0.00032680000,2.60000,2.44000
 0.00032684000,2.56000,2.44000
 0.00032688000,2.56000,2.44000
 0.00032692000,2.56000,2.44000
 0.00032696000,2.56000,2.44000
 0.00032700000,2.56000,2.44000
 0.00032704000,2.60000,2.48000
 0.00032708000,2.56000,2.44000
 0.00032712000,2.64000,2.48000
 0.00032716000,2.64000,2.56000
 0.00032720000,2.52000,2.44000
 0.00032724000,2.44000,2.36000
 0.00032728000,2.52000,2.36000
 0.00032731997,2.60000,2.44000
 0.00032736000,2.60000,2.48000
 0.00032740000,2.56000,2.44000
 0.00032744000,2.52000,2.40000
 0.00032748000,2.56000,2.44000
 0.00032752000,2.60000,2.44000
 0.00032756000,2.60000,2.44000
 0.00032760000,2.60000,2.44000
 0.00032764000,2.56000,2.44000
 0.00032768000,2.56000,2.44000
 0.00032772000,2.56000,2.44000
 0.00032776000,2.60000,2.44000
 0.00032780000,2.56000,2.44000
 0.00032784000,2.56000,2.40000
 0.00032788000,2.60000,2.48000
 0.00032792000,2.60000,2.48000
 0.00032796000,2.56000,2.48000
 0.00032800000,2.52000,2.44000
 0.00032804000,2.56000,2.44000
 0.00032808000,2.60000,2.44000
 0.00032812000,2.56000,2.48000
 0.00032816000,2.52000,2.44000
 0.00032820000,2.56000,2.44000
 0.00032824000,2.56000,2.44000
 0.00032828000,2.56000,2.44000
 0.00032832000,2.56000,2.48000
 0.00032836000,2.56000,2.44000
 0.00032840000,2.56000,2.44000
 0.00032844000,2.56000,2.44000
 0.00032848000,2.64000,2.48000
 0.00032852000,2.52000,2.40000
 0.00032856000,2.60000,2.48000
 0.00032860000,2.56000,2.44000
 0.00032864000,2.56000,2.44000
 0.00032868000,2.56000,2.44000
 0.00032872000,2.60000,2.44000
 0.00032876000,2.56000,2.44000
 0.00032880000,2.56000,2.48000
 0.00032884000,2.56000,2.44000
 0.00032888000,2.56000,2.44000
 0.00032892000,2.60000,2.44000
 0.00032896000,2.56000,2.44000
 0.00032900000,2.56000,2.44000
 0.00032904000,2.56000,2.48000
 0.00032908000,2.56000,2.44000
 0.00032912000,2.56000,2.44000
 0.00032916000,2.56000,2.44000
 0.00032920000,2.56000,2.44000
 0.00032924000,2.56000,2.48000
 0.00032928000,2.56000,2.44000
 0.00032932000,2.52000,2.44000
 0.00032936000,2.56000,2.44000
 0.00032940000,2.60000,2.48000
 0.00032944000,2.60000,2.44000
 0.00032948000,2.56000,2.44000
 0.00032952000,2.56000,2.44000
 0.00032956000,2.60000,2.48000
 0.00032960000,2.56000,2.44000
 0.00032964000,2.56000,2.44000
 0.00032967997,2.56000,2.44000
 0.00032972000,2.56000,2.44000
 0.00032976000,2.56000,2.44000
 0.00032980000,2.60000,2.48000
 0.00032984000,2.56000,2.44000
 0.00032988000,2.56000,2.44000
 0.00032992000,2.56000,2.44000
 0.00032996000,2.52000,2.44000
 0.00033000000,2.64000,2.52000
 0.00033004000,2.48000,2.36000
 0.00033008000,2.60000,2.48000
 0.00033012000,2.60000,2.44000
 0.00033016000,2.64000,2.48000
 0.00033020000,2.60000,2.52000
 0.00033024000,2.44000,2.36000
 0.00033028000,2.48000,2.32000
 0.00033032000,2.56000,2.40000
 0.00033036000,2.60000,2.48000
 0.00033039997,2.56000,2.48000
 0.00033044000,2.52000,2.44000
 0.00033048000,2.56000,2.44000
 0.00033052000,2.56000,2.40000
 0.00033056000,2.64000,2.48000
 0.00033060000,2.60000,2.44000
 0.00033064000,2.56000,2.44000
 0.00033068000,2.56000,2.44000
 0.00033072000,2.56000,2.44000
 0.00033076000,2.56000,2.44000
 0.00033080000,2.60000,2.48000
 0.00033084000,2.56000,2.44000
 0.00033088000,2.60000,2.48000
 0.00033092000,2.64000,2.48000
 0.00033096000,2.52000,2.44000
 0.00033100000,2.52000,2.36000
 0.00033104000,2.56000,2.44000
 0.00033108000,2.56000,2.44000
 0.00033111997,2.56000,2.44000
 0.00033116000,2.56000,2.44000
 0.00033120000,2.56000,2.44000
 0.00033124000,2.56000,2.44000
 0.00033128000,2.60000,2.48000
 0.00033132000,2.56000,2.44000
 0.00033136000,2.60000,2.48000
 0.00033140000,2.52000,2.40000
 0.00033144000,2.60000,2.48000
 0.00033148000,2.52000,2.40000
 0.00033152000,2.60000,2.48000
 0.00033156000,2.56000,2.44000
 0.00033160000,2.56000,2.44000
 0.00033164000,2.56000,2.44000
 0.00033168000,2.56000,2.44000
 0.00033172000,2.60000,2.48000
 0.00033176000,2.52000,2.44000
 0.00033180000,2.60000,2.48000
 0.00033184000,2.56000,2.40000
 0.00033188000,2.60000,2.48000
 0.00033192000,2.56000,2.44000
 0.00033196000,2.60000,2.44000
 0.00033200000,2.56000,2.44000
 0.00033204000,2.60000,2.44000
 0.00033208000,2.56000,2.44000
 0.00033212000,2.56000,2.44000
 0.00033216000,2.56000,2.44000
 0.00033220000,2.56000,2.44000
 0.00033224000,2.60000,2.44000
 0.00033228000,2.56000,2.44000
 0.00033232000,2.56000,2.44000
 0.00033236000,2.56000,2.44000
 0.00033240000,2.56000,2.44000
 0.00033244000,2.60000,2.44000
 0.00033248000,2.56000,2.44000
 0.00033252000,2.56000,2.48000
 0.00033256000,2.56000,2.44000
 0.00033260000,2.56000,2.44000
 0.00033264000,2.60000,2.48000
 0.00033268000,2.52000,2.44000
 0.00033272000,2.56000,2.44000
 0.00033275997,2.60000,2.48000
 0.00033280000,2.56000,2.44000
 0.00033284000,2.56000,2.44000
 0.00033288000,2.56000,2.44000
 0.00033292000,2.56000,2.44000
 0.00033296000,2.56000,2.48000
 0.00033300000,2.56000,2.44000
 0.00033304000,2.56000,2.44000
 0.00033308000,2.56000,2.44000
 0.00033312000,2.56000,2.44000
 0.00033316000,2.56000,2.48000
 0.00033320000,2.48000,2.44000
 0.00033324000,2.48000,2.36000
 0.00033328000,2.52000,2.32000
 0.00033332000,2.68000,2.48000
 0.00033336000,2.64000,2.52000
 0.00033340000,2.56000,2.44000
 0.00033344000,2.52000,2.40000
 0.00033347997,2.56000,2.44000
 0.00033352000,2.56000,2.48000
 0.00033356000,2.60000,2.48000
 0.00033360000,2.56000,2.44000
 0.00033364000,2.52000,2.44000
 0.00033368000,2.56000,2.44000
 0.00033372000,2.56000,2.44000
 0.00033376000,2.60000,2.48000
 0.00033380000,2.56000,2.44000
 0.00033384000,2.56000,2.44000
 0.00033388000,2.56000,2.44000
 0.00033392000,2.56000,2.44000
 0.00033396000,2.52000,2.44000
 0.00033400000,2.56000,2.40000
 0.00033404000,2.60000,2.44000
 0.00033408000,2.60000,2.48000
 0.00033412000,2.56000,2.48000
 0.00033416000,2.56000,2.44000
 0.00033419997,2.56000,2.44000
 0.00033424000,2.60000,2.44000
 0.00033428000,2.56000,2.44000
 0.00033432000,2.56000,2.44000
 0.00033436000,2.52000,2.44000
 0.00033440000,2.56000,2.44000
 0.00033444000,2.56000,2.44000
 0.00033448000,2.60000,2.44000
 0.00033452000,2.56000,2.44000
 0.00033456000,2.60000,2.44000
 0.00033460000,2.40000,2.32000
 0.00033464000,2.80000,2.72000
 0.00033468000,2.32000,2.20000
 0.00033472000,2.60000,2.56000
 0.00033476000,2.52000,2.32000
 0.00033480000,2.60000,2.44000
 0.00033484000,2.44000,2.32000
 0.00033488000,2.84000,2.72000
 0.00033492000,2.28000,2.20000
 0.00033496000,2.76000,2.68000
 0.00033500000,2.48000,2.32000
 0.00033504000,2.52000,2.40000
 0.00033508000,2.52000,2.48000
 0.00033512000,2.64000,2.48000
 0.00033516000,2.48000,2.36000
 0.00033520000,2.68000,2.52000
 0.00033524000,2.56000,2.44000
 0.00033528000,2.56000,2.44000
 0.00033532000,2.60000,2.48000
 0.00033536000,2.56000,2.40000
 0.00033540000,2.56000,2.44000
 0.00033544000,2.60000,2.48000
 0.00033548000,2.64000,2.48000
 0.00033552000,2.52000,2.44000
 0.00033556000,2.60000,2.48000
 0.00033560000,2.56000,2.44000
 0.00033564000,2.56000,2.44000
 0.00033568000,2.56000,2.48000
 0.00033572000,2.60000,2.48000
 0.00033576000,2.56000,2.44000
 0.00033580000,2.60000,2.48000
 0.00033584000,2.52000,2.44000
 0.00033588000,2.56000,2.44000
 0.00033592000,2.56000,2.44000
 0.00033596000,2.56000,2.44000
 0.00033600000,2.56000,2.44000
 0.00033604000,2.56000,2.48000
 0.00033608000,2.56000,2.44000
 0.00033612000,2.56000,2.44000
 0.00033616000,2.56000,2.44000
 0.00033620000,2.56000,2.44000
 0.00033624000,2.56000,2.40000
 0.00033628000,2.56000,2.44000
 0.00033632000,2.68000,2.52000
 0.00033636000,2.60000,2.56000
 0.00033640000,2.52000,2.44000
 0.00033644000,2.52000,2.44000
 0.00033648000,2.60000,2.44000
 0.00033652000,2.60000,2.48000
 0.00033655997,2.60000,2.48000
 0.00033660000,2.52000,2.44000
 0.00033664000,2.56000,2.44000
 0.00033668000,2.56000,2.44000
 0.00033672000,2.56000,2.44000
 0.00033676000,2.60000,2.44000
 0.00033680000,2.56000,2.44000
 0.00033684000,2.56000,2.44000
 0.00033688000,2.56000,2.44000
 0.00033692000,2.56000,2.44000
 0.00033696000,2.60000,2.44000
 0.00033700000,2.56000,2.40000
 0.00033704000,2.60000,2.48000
 0.00033708000,2.60000,2.48000
 0.00033712000,2.52000,2.44000
 0.00033716000,2.52000,2.44000
 0.00033720000,2.56000,2.44000
 0.00033724000,2.60000,2.44000
 0.00033727997,2.56000,2.44000
 0.00033732000,2.56000,2.44000
 0.00033736000,2.56000,2.44000
 0.00033740000,2.56000,2.44000
 0.00033744000,2.56000,2.44000
 0.00033748000,2.56000,2.44000
 0.00033752000,2.56000,2.44000
 0.00033756000,2.56000,2.44000
 0.00033760000,2.56000,2.44000
 0.00033764000,2.56000,2.44000
 0.00033768000,2.56000,2.44000
 0.00033772000,2.56000,2.44000
 0.00033776000,2.56000,2.44000
 0.00033780000,2.60000,2.44000
 0.00033784000,2.56000,2.48000
 0.00033788000,2.56000,2.44000
 0.00033792000,2.56000,2.44000
 0.00033796000,2.56000,2.44000
 0.00033799997,2.56000,2.48000
 0.00033804000,2.60000,2.44000
 0.00033808000,2.56000,2.44000
 0.00033812000,2.56000,2.40000
 0.00033816000,2.56000,2.44000
 0.00033820000,2.56000,2.44000
 0.00033824000,2.56000,2.48000
 0.00033828000,2.56000,2.44000
 0.00033832000,2.56000,2.44000
 0.00033836000,2.60000,2.48000
 0.00033840000,2.56000,2.44000
 0.00033844000,2.56000,2.48000
 0.00033848000,2.56000,2.44000
 0.00033852000,2.56000,2.44000
 0.00033856000,2.56000,2.44000
 0.00033860000,2.56000,2.48000
 0.00033864000,2.52000,2.40000
 0.00033868000,2.64000,2.48000
 0.00033872000,2.56000,2.44000
 0.00033876000,2.60000,2.48000
 0.00033880000,2.60000,2.44000
 0.00033884000,2.48000,2.40000
 0.00033888000,2.64000,2.48000
 0.00033892000,2.56000,2.44000
 0.00033896000,2.56000,2.44000
 0.00033900000,2.56000,2.44000
 0.00033904000,2.56000,2.44000
 0.00033908000,2.56000,2.44000
 0.00033912000,2.60000,2.48000
 0.00033916000,2.56000,2.44000
 0.00033920000,2.56000,2.44000
 0.00033924000,2.56000,2.48000
 0.00033928000,2.56000,2.44000
 0.00033932000,2.68000,2.52000
 0.00033936000,2.60000,2.52000
 0.00033940000,2.44000,2.36000
 0.00033944000,2.52000,2.32000
 0.00033948000,2.56000,2.40000
 0.00033952000,2.60000,2.48000
 0.00033956000,2.56000,2.48000
 0.00033960000,2.56000,2.44000
 0.00033963997,2.56000,2.40000
 0.00033968000,2.56000,2.44000
 0.00033972000,2.56000,2.44000
 0.00033976000,2.56000,2.48000
 0.00033980000,2.56000,2.44000
 0.00033984000,2.56000,2.44000
 0.00033988000,2.56000,2.44000
 0.00033992000,2.56000,2.44000
 0.00033996000,2.56000,2.44000
 0.00034000000,2.56000,2.44000
 0.00034004000,2.60000,2.48000
 0.00034008000,2.60000,2.48000
 0.00034012000,2.52000,2.44000
 0.00034016000,2.52000,2.36000
 0.00034020000,2.56000,2.40000
 0.00034024000,2.60000,2.44000
 0.00034028000,2.56000,2.48000
 0.00034032000,2.56000,2.44000
 0.00034035997,2.56000,2.44000
 0.00034040000,2.56000,2.44000
 0.00034044000,2.56000,2.44000
 0.00034048000,2.56000,2.44000
 0.00034052000,2.56000,2.44000
 0.00034056000,2.56000,2.48000
 0.00034060000,2.56000,2.44000
 0.00034064000,2.56000,2.44000
 0.00034068000,2.60000,2.44000
 0.00034072000,2.56000,2.44000
 0.00034076000,2.56000,2.44000
 0.00034080000,2.56000,2.44000
 0.00034084000,2.56000,2.44000
 0.00034088000,2.60000,2.44000
 0.00034092000,2.56000,2.44000
 0.00034096000,2.56000,2.44000
 0.00034100000,2.60000,2.48000
 0.00034104000,2.56000,2.44000
 0.00034107997,2.56000,2.44000
 0.00034112000,2.56000,2.44000
 0.00034116000,2.56000,2.44000
 0.00034120000,2.56000,2.44000
 0.00034124000,2.56000,2.44000
 0.00034128000,2.56000,2.44000
 0.00034132000,2.56000,2.44000
 0.00034136000,2.60000,2.44000
 0.00034140000,2.56000,2.44000
 0.00034144000,2.56000,2.44000
 0.00034148000,2.56000,2.44000
 0.00034152000,2.56000,2.44000
 0.00034156000,2.56000,2.44000
 0.00034160000,2.56000,2.44000
 0.00034164000,2.60000,2.44000
 0.00034168000,2.56000,2.44000
 0.00034172000,2.60000,2.44000
 0.00034176000,2.56000,2.44000
 0.00034180000,2.56000,2.48000
 0.00034184000,2.56000,2.44000
 0.00034188000,2.56000,2.44000
 0.00034192000,2.56000,2.44000
 0.00034196000,2.56000,2.44000
 0.00034200000,2.56000,2.44000
 0.00034204000,2.56000,2.44000
 0.00034208000,2.56000,2.44000
 0.00034212000,2.56000,2.44000
 0.00034216000,2.60000,2.44000
 0.00034220000,2.56000,2.44000
 0.00034224000,2.56000,2.44000
 0.00034228000,2.56000,2.44000
 0.00034232000,2.56000,2.44000
 0.00034236000,2.52000,2.44000
 0.00034240000,2.48000,2.32000
 0.00034244000,2.56000,2.36000
 0.00034248000,2.68000,2.48000
 0.00034252000,2.60000,2.48000
 0.00034256000,2.56000,2.48000
 0.00034260000,2.52000,2.40000
 0.00034264000,2.56000,2.44000
 0.00034268000,2.56000,2.44000
 0.00034272000,2.60000,2.48000
 0.00034276000,2.56000,2.44000
 0.00034280000,2.56000,2.44000
 0.00034284000,2.56000,2.44000
 0.00034288000,2.56000,2.44000
 0.00034292000,2.56000,2.48000
 0.00034296000,2.56000,2.48000
 0.00034300000,2.56000,2.44000
 0.00034304000,2.56000,2.44000
 0.00034308000,2.56000,2.44000
 0.00034312000,2.52000,2.44000
 0.00034316000,2.56000,2.40000
 0.00034320000,2.64000,2.44000
 0.00034324000,2.60000,2.44000
 0.00034328000,2.60000,2.48000
 0.00034332000,2.56000,2.44000
 0.00034336000,2.56000,2.44000
 0.00034340000,2.56000,2.44000
 0.00034343997,2.56000,2.48000
 0.00034348000,2.56000,2.44000
 0.00034352000,2.56000,2.44000
 0.00034356000,2.56000,2.44000
 0.00034360000,3.12000,1.72000
 0.00034364000,3.32000,1.68000
 0.00034368000,3.56000,1.40000
 0.00034372000,3.84000,1.24000
 0.00034376000,3.68000,1.20000
 0.00034380000,3.52000,1.24000
 0.00034384000,3.52000,1.36000
 0.00034388000,3.56000,1.32000
 0.00034392000,3.60000,1.28000
 0.00034396000,3.64000,1.36000
 0.00034400000,3.60000,1.28000
 0.00034404000,3.60000,1.32000
 0.00034408000,3.52000,1.32000
 0.00034412000,3.88000,1.56000
 0.00034415997,3.36000,1.12000
 0.00034420000,3.68000,1.40000
 0.00034424000,3.52000,1.24000
 0.00034428000,3.56000,1.16000
 0.00034432000,3.56000,1.32000
 0.00034436000,3.76000,1.44000
 0.00034440000,3.44000,1.20000
 0.00034444000,3.68000,1.40000
 0.00034448000,3.60000,1.32000
 0.00034452000,3.52000,1.20000
 0.00034456000,3.60000,1.40000
 0.00034460000,3.60000,1.28000
 0.00034464000,3.56000,1.32000
 0.00034468000,3.60000,1.28000
 0.00034472000,3.64000,1.36000
 0.00034476000,3.52000,1.24000
 0.00034480000,3.64000,1.32000
 0.00034484000,3.60000,1.28000
 0.00034487997,3.60000,1.28000
 0.00034492000,3.64000,1.32000
 0.00034496000,3.64000,1.32000
 0.00034500000,3.56000,1.28000
 0.00034504000,3.60000,1.28000
 0.00034508000,3.60000,1.28000
 0.00034512000,3.56000,1.28000
 0.00034516000,3.64000,1.36000
 0.00034520000,3.60000,1.28000
 0.00034524000,3.60000,1.32000
 0.00034528000,3.60000,1.32000
 0.00034532000,3.60000,1.28000
 0.00034536000,3.56000,1.28000
 0.00034540000,3.60000,1.28000
 0.00034544000,3.60000,1.28000
 0.00034548000,3.72000,1.44000
 0.00034552000,3.64000,1.44000
 0.00034556000,3.60000,1.36000
 0.00034560000,3.52000,1.24000
 0.00034564000,3.64000,1.32000
 0.00034568000,3.60000,1.32000
 0.00034572000,3.64000,1.36000
 0.00034576000,3.56000,1.28000
 0.00034580000,3.56000,1.24000
 0.00034584000,3.60000,1.28000
 0.00034588000,3.60000,1.32000
 0.00034592000,3.60000,1.32000
 0.00034596000,3.60000,1.28000
 0.00034600000,3.60000,1.32000
 0.00034604000,3.56000,1.28000
 0.00034608000,3.60000,1.28000
 0.00034612000,3.60000,1.28000
 0.00034616000,3.56000,1.24000
 0.00034620000,3.56000,1.28000
 0.00034624000,3.64000,1.36000
 0.00034628000,3.64000,1.40000
 0.00034632000,3.60000,1.32000
 0.00034636000,3.56000,1.28000
 0.00034640000,3.60000,1.28000
 0.00034644000,3.60000,1.32000
 0.00034648000,3.60000,1.36000
 0.00034651997,3.60000,1.28000
 0.00034656000,3.60000,1.28000
 0.00034660000,3.56000,1.28000
 0.00034664000,3.60000,1.32000
 0.00034668000,3.60000,1.36000
 0.00034672000,3.56000,1.28000
 0.00034676000,3.60000,1.32000
 0.00034680000,3.60000,1.28000
 0.00034684000,3.60000,1.28000
 0.00034688000,3.60000,1.32000
 0.00034692000,3.56000,1.28000
 0.00034696000,3.56000,1.28000
 0.00034700000,3.60000,1.32000
 0.00034704000,3.60000,1.28000
 0.00034708000,3.56000,1.28000
 0.00034712000,3.60000,1.36000
 0.00034716000,3.60000,1.28000
 0.00034720000,3.60000,1.32000
 0.00034723997,3.60000,1.32000
 0.00034728000,3.56000,1.28000
 0.00034732000,3.56000,1.28000
 0.00034736000,3.60000,1.32000
 0.00034740000,3.60000,1.28000
 0.00034744000,3.60000,1.32000
 0.00034748000,3.60000,1.28000
 0.00034752000,3.60000,1.28000
 0.00034756000,3.60000,1.32000
 0.00034760000,3.60000,1.32000
 0.00034764000,3.60000,1.32000
 0.00034768000,3.56000,1.32000
 0.00034772000,3.56000,1.28000
 0.00034776000,3.60000,1.28000
 0.00034780000,3.60000,1.32000
 0.00034784000,3.60000,1.32000
 0.00034788000,3.60000,1.32000
 0.00034792000,3.56000,1.28000
 0.00034795997,3.60000,1.28000
 0.00034800000,3.60000,1.32000
 0.00034804000,3.60000,1.32000
 0.00034808000,3.60000,1.28000
 0.00034812000,3.60000,1.32000
 0.00034816000,3.60000,1.32000
 0.00034820000,3.60000,1.32000
 0.00034824000,3.60000,1.32000
 0.00034828000,3.60000,1.32000
 0.00034832000,3.60000,1.28000
 0.00034836000,3.60000,1.28000
 0.00034840000,3.60000,1.28000
 0.00034844000,3.52000,1.24000
 0.00034848000,3.56000,1.24000
 0.00034852000,3.68000,1.32000
 0.00034856000,3.68000,1.44000
 0.00034860000,3.64000,1.40000
 0.00034864000,3.56000,1.28000
 0.00034868000,3.60000,1.24000
 0.00034872000,3.64000,1.32000
 0.00034876000,3.60000,1.36000
 0.00034880000,3.60000,1.32000
 0.00034884000,3.56000,1.28000
 0.00034888000,3.56000,1.28000
 0.00034892000,3.60000,1.28000
 0.00034896000,3.60000,1.32000
 0.00034900000,3.60000,1.32000
 0.00034904000,3.60000,1.28000
 0.00034908000,3.60000,1.32000
 0.00034912000,3.60000,1.28000
 0.00034916000,3.56000,1.32000
 0.00034920000,3.64000,1.32000
 0.00034924000,3.64000,1.36000
 0.00034928000,3.56000,1.28000
 0.00034932000,3.56000,1.28000
 0.00034936000,3.56000,1.24000
 0.00034940000,3.56000,1.28000
 0.00034944000,3.64000,1.36000
 0.00034948000,3.56000,1.28000
 0.00034952000,3.60000,1.32000
 0.00034956000,3.60000,1.28000
 0.00034960000,3.60000,1.32000
 0.00034964000,3.60000,1.32000
 0.00034968000,3.60000,1.36000
 0.00034972000,3.60000,1.28000
 0.00034976000,3.60000,1.32000
 0.00034980000,3.60000,1.32000
 0.00034984000,3.60000,1.32000
 0.00034988000,3.60000,1.28000
 0.00034992000,3.60000,1.32000
 0.00034996000,3.56000,1.28000
 0.00035000000,3.60000,1.32000
 0.00035004000,3.60000,1.32000
 0.00035008000,3.60000,1.32000
 0.00035012000,3.60000,1.32000
 0.00035016000,3.60000,1.32000
 0.00035020000,3.60000,1.32000
 0.00035024000,3.60000,1.32000
 0.00035028000,3.60000,1.32000
 0.00035031997,3.60000,1.28000
 0.00035036000,3.60000,1.28000
 0.00035040000,3.60000,1.28000
 0.00035044000,3.60000,1.28000
 0.00035048000,3.60000,1.32000
 0.00035052000,3.60000,1.32000
 0.00035056000,3.56000,1.32000
 0.00035060000,3.56000,1.32000
 0.00035064000,3.60000,1.32000
 0.00035068000,3.60000,1.28000
 0.00035072000,3.60000,1.32000
 0.00035076000,3.56000,1.28000
 0.00035080000,3.64000,1.36000
 0.00035084000,3.52000,1.24000
 0.00035088000,3.64000,1.36000
 0.00035092000,3.56000,1.24000
 0.00035096000,3.64000,1.40000
 0.00035100000,3.56000,1.24000
 0.00035103997,3.60000,1.32000
 0.00035108000,3.60000,1.28000
 0.00035112000,3.60000,1.28000
 0.00035116000,3.60000,1.32000
 0.00035120000,3.56000,1.28000
 0.00035124000,3.60000,1.32000
 0.00035128000,3.56000,1.28000
 0.00035132000,3.60000,1.32000
 0.00035136000,3.60000,1.28000
 0.00035140000,3.60000,1.32000
 0.00035144000,3.60000,1.28000
 0.00035148000,3.60000,1.28000
 0.00035152000,3.56000,1.24000
 0.00035156000,3.64000,1.32000
 0.00035160000,3.64000,1.36000
 0.00035164000,3.60000,1.44000
 0.00035168000,3.56000,1.32000
 0.00035172000,3.52000,1.24000
 0.00035175997,3.64000,1.32000
 0.00035180000,3.60000,1.36000
 0.00035184000,3.60000,1.32000
 0.00035188000,3.56000,1.28000
 0.00035192000,3.60000,1.28000
 0.00035196000,3.60000,1.28000
 0.00035200000,3.60000,1.32000
 0.00035204000,3.64000,1.36000
 0.00035208000,3.56000,1.28000
 0.00035212000,3.60000,1.28000
 0.00035216000,3.60000,1.28000
 0.00035220000,3.60000,1.28000
 0.00035224000,3.60000,1.32000
 0.00035228000,3.56000,1.28000
 0.00035232000,3.60000,1.28000
 0.00035236000,3.60000,1.28000
 0.00035240000,3.64000,1.36000
 0.00035244000,3.64000,1.32000
 0.00035248000,3.60000,1.32000
 0.00035252000,3.56000,1.28000
 0.00035256000,3.60000,1.32000
 0.00035260000,3.60000,1.32000
 0.00035264000,3.60000,1.32000
 0.00035268000,3.60000,1.28000
 0.00035272000,3.60000,1.28000
 0.00035276000,3.60000,1.28000
 0.00035280000,3.60000,1.28000
 0.00035284000,3.60000,1.28000
 0.00035288000,3.60000,1.32000
 0.00035292000,3.60000,1.28000
 0.00035296000,3.60000,1.28000
 0.00035300000,3.60000,1.28000
 0.00035304000,3.60000,1.32000
 0.00035308000,3.60000,1.32000
 0.00035312000,3.60000,1.32000
 0.00035316000,3.60000,1.28000
 0.00035320000,3.56000,1.28000
 0.00035324000,3.60000,1.28000
 0.00035328000,3.60000,1.32000
 0.00035332000,3.60000,1.28000
 0.00035336000,3.60000,1.32000
 0.00035339997,3.60000,1.32000
 0.00035344000,3.60000,1.32000
 0.00035348000,3.56000,1.32000
 0.00035352000,3.64000,1.28000
 0.00035356000,3.56000,1.40000
 0.00035360000,3.80000,1.48000
 0.00035364000,3.40000,1.16000
 0.00035368000,3.72000,1.44000
 0.00035372000,3.60000,1.36000
 0.00035376000,3.44000,1.12000
 0.00035380000,3.64000,1.52000
 0.00035384000,3.64000,1.28000
 0.00035388000,3.56000,1.36000
 0.00035392000,3.60000,1.28000
 0.00035396000,3.60000,1.36000
 0.00035400000,3.44000,1.12000
 0.00035404000,3.68000,1.44000
 0.00035408000,3.52000,1.24000
 0.00035411997,3.64000,1.36000
 0.00035416000,3.56000,1.28000
 0.00035420000,3.64000,1.36000
 0.00035424000,3.52000,1.24000
 0.00035428000,3.64000,1.36000
 0.00035432000,3.56000,1.28000
 0.00035436000,3.56000,1.28000
 0.00035440000,3.60000,1.32000
 0.00035444000,3.60000,1.32000
 0.00035448000,3.56000,1.28000
 0.00035452000,3.60000,1.28000
 0.00035456000,3.60000,1.28000
 0.00035460000,3.60000,1.24000
 0.00035464000,3.68000,1.44000
 0.00035468000,3.60000,1.44000
 0.00035472000,3.56000,1.32000
 0.00035476000,3.56000,1.28000
 0.00035480000,3.60000,1.28000
 0.00035483997,3.56000,1.32000
 0.00035488000,3.64000,1.36000
 0.00035492000,3.56000,1.32000
 0.00035496000,3.60000,1.28000
 0.00035500000,3.60000,1.28000
 0.00035504000,3.60000,1.28000
 0.00035508000,3.60000,1.32000
 0.00035512000,3.60000,1.32000
 0.00035516000,3.60000,1.28000
 0.00035520000,3.60000,1.28000
 0.00035524000,3.64000,1.32000
 0.00035528000,3.56000,1.28000
 0.00035532000,3.60000,1.28000
 0.00035536000,3.64000,1.28000
 0.00035540000,3.60000,1.36000
 0.00035544000,3.60000,1.36000
 0.00035548000,3.56000,1.28000
 0.00035552000,3.60000,1.28000
 0.00035555997,3.64000,1.36000
 0.00035560000,3.60000,1.32000
 0.00035564000,3.60000,1.28000
 0.00035568000,3.60000,1.28000
 0.00035572000,3.56000,1.28000
 0.00035576000,3.60000,1.32000
 0.00035580000,3.60000,1.32000
 0.00035584000,3.60000,1.28000
 0.00035588000,3.60000,1.32000
 0.00035592000,3.60000,1.28000
 0.00035596000,3.60000,1.28000
 0.00035600000,3.60000,1.32000
 0.00035604000,3.60000,1.32000
 0.00035608000,3.60000,1.32000
 0.00035612000,3.60000,1.28000
 0.00035616000,3.60000,1.32000
 0.00035620000,3.60000,1.28000
 0.00035624000,3.60000,1.32000
 0.00035628000,3.60000,1.28000
 0.00035632000,3.60000,1.32000
 0.00035636000,3.60000,1.32000
 0.00035640000,3.60000,1.28000
 0.00035644000,3.60000,1.28000
 0.00035648000,3.60000,1.32000
 0.00035652000,3.60000,1.32000
 0.00035656000,3.60000,1.28000
 0.00035660000,3.60000,1.28000
 0.00035664000,3.60000,1.32000
 0.00035668000,3.60000,1.28000
 0.00035672000,3.60000,1.32000
 0.00035676000,3.60000,1.28000
 0.00035680000,3.60000,1.32000
 0.00035684000,3.60000,1.36000
 0.00035688000,3.60000,1.32000
 0.00035692000,3.60000,1.32000
 0.00035696000,3.60000,1.32000
 0.00035700000,3.60000,1.32000
 0.00035704000,3.60000,1.32000
 0.00035708000,3.60000,1.32000
 0.00035712000,3.60000,1.32000
 0.00035716000,3.60000,1.28000
 0.00035719997,3.60000,1.32000
 0.00035724000,3.60000,1.28000
 0.00035728000,3.60000,1.28000
 0.00035732000,3.60000,1.28000
 0.00035736000,3.60000,1.28000
 0.00035740000,3.60000,1.32000
 0.00035744000,3.60000,1.28000
 0.00035748000,3.60000,1.36000
 0.00035752000,3.56000,1.24000
 0.00035756000,3.64000,1.44000
 0.00035760000,3.56000,1.24000
 0.00035764000,3.72000,1.48000
 0.00035768000,3.60000,1.32000
 0.00035772000,3.52000,1.28000
 0.00035776000,3.52000,1.20000
 0.00035780000,3.60000,1.24000
 0.00035784000,3.68000,1.40000
 0.00035788000,3.56000,1.28000
 0.00035791997,3.60000,1.36000
 0.00035796000,3.52000,1.24000
 0.00035800000,3.64000,1.36000
 0.00035804000,3.60000,1.28000
 0.00035808000,3.64000,1.40000
 0.00035812000,3.60000,1.28000
 0.00035816000,3.60000,1.32000
 0.00035820000,3.60000,1.28000
 0.00035824000,3.60000,1.32000
 0.00035828000,3.60000,1.32000
 0.00035832000,3.60000,1.32000
 0.00035836000,3.64000,1.36000
 0.00035840000,3.60000,1.32000
 0.00035844000,3.56000,1.32000
 0.00035848000,3.56000,1.24000
 0.00035852000,3.56000,1.28000
 0.00035856000,3.60000,1.28000
 0.00035860000,3.60000,1.32000
 0.00035863997,3.60000,1.32000
 0.00035868000,3.60000,1.28000
 0.00035872000,3.60000,1.28000
 0.00035876000,3.60000,1.28000
 0.00035880000,3.64000,1.36000
 0.00035884000,3.56000,1.32000
 0.00035888000,3.60000,1.32000
 0.00035892000,3.60000,1.32000
 0.00035896000,3.60000,1.28000
 0.00035900000,3.64000,1.32000
 0.00035904000,3.60000,1.36000
 0.00035908000,3.60000,1.28000
 0.00035912000,3.60000,1.32000
 0.00035916000,3.60000,1.28000
 0.00035920000,3.64000,1.32000
 0.00035924000,3.56000,1.28000
 0.00035928000,3.64000,1.32000
 0.00035932000,3.60000,1.28000
 0.00035936000,3.60000,1.32000
 0.00035940000,3.60000,1.32000
 0.00035944000,3.56000,1.28000
 0.00035948000,3.60000,1.32000
 0.00035952000,3.60000,1.32000
 0.00035956000,3.60000,1.28000
 0.00035960000,3.60000,1.28000
 0.00035964000,3.64000,1.32000
 0.00035968000,3.60000,1.28000
 0.00035972000,3.60000,1.32000
 0.00035976000,3.60000,1.32000
 0.00035980000,3.60000,1.28000
 0.00035984000,3.60000,1.32000
 0.00035988000,3.60000,1.32000
 0.00035992000,3.60000,1.32000
 0.00035996000,3.60000,1.28000
 0.00036000000,3.60000,1.32000
 0.00036004000,3.60000,1.32000
 0.00036008000,3.60000,1.32000
 0.00036012000,3.60000,1.32000
 0.00036016000,3.60000,1.32000
 0.00036020000,3.60000,1.32000
 0.00036024000,3.60000,1.28000
 0.00036027997,3.60000,1.32000
 0.00036032000,3.60000,1.32000
 0.00036036000,3.60000,1.32000
 0.00036040000,3.60000,1.32000
 0.00036044000,3.60000,1.32000
 0.00036048000,3.60000,1.32000
 0.00036052000,3.60000,1.32000
 0.00036056000,3.60000,1.32000
 0.00036060000,3.60000,1.32000
 0.00036064000,3.60000,1.32000
 0.00036068000,3.60000,1.40000
 0.00036072000,3.48000,1.24000
 0.00036076000,3.56000,1.20000
 0.00036080000,3.64000,1.28000
 0.00036084000,3.68000,1.36000
 0.00036088000,3.60000,1.32000
 0.00036092000,3.56000,1.28000
 0.00036096000,3.56000,1.28000
 0.00036099997,3.64000,1.32000
 0.00036104000,3.64000,1.32000
 0.00036108000,3.60000,1.36000
 0.00036112000,3.56000,1.28000
 0.00036116000,3.60000,1.28000
 0.00036120000,3.60000,1.28000
 0.00036124000,3.60000,1.32000
 0.00036128000,3.60000,1.36000
 0.00036132000,3.60000,1.28000
 0.00036136000,3.60000,1.32000
 0.00036140000,3.64000,1.36000
 0.00036144000,3.56000,1.32000
 0.00036148000,3.60000,1.28000
 0.00036152000,3.60000,1.28000
 0.00036156000,3.64000,1.32000
 0.00036160000,3.64000,1.32000
 0.00036164000,3.56000,1.28000
 0.00036168000,3.56000,1.28000
 0.00036171997,3.60000,1.28000
 0.00036176000,3.64000,1.32000
 0.00036180000,3.60000,1.36000
 0.00036184000,3.60000,1.32000
 0.00036188000,3.56000,1.28000
 0.00036192000,3.60000,1.32000
 0.00036196000,3.64000,1.32000
 0.00036200000,3.60000,1.32000
 0.00036204000,3.60000,1.32000
 0.00036208000,3.60000,1.32000
 0.00036212000,3.60000,1.28000
 0.00036216000,3.60000,1.28000
 0.00036220000,3.60000,1.28000
 0.00036224000,3.60000,1.32000
 0.00036228000,3.60000,1.32000
 0.00036232000,3.60000,1.32000
 0.00036236000,3.60000,1.28000
 0.00036240000,3.60000,1.32000
 0.00036243997,3.60000,1.28000
 0.00036248000,3.60000,1.32000
 0.00036252000,3.60000,1.28000
 0.00036256000,3.60000,1.32000
 0.00036260000,3.60000,1.32000
 0.00036264000,3.60000,1.32000
 0.00036268000,3.60000,1.32000
 0.00036272000,3.60000,1.32000
 0.00036276000,3.60000,1.32000
 0.00036280000,3.60000,1.32000
 0.00036284000,3.60000,1.32000
 0.00036288000,3.64000,1.32000
 0.00036292000,3.60000,1.32000
 0.00036296000,3.60000,1.32000
 0.00036300000,3.56000,1.28000
 0.00036304000,3.64000,1.44000
 0.00036308000,3.72000,1.44000
 0.00036312000,3.44000,1.20000
 0.00036316000,3.72000,1.44000
 0.00036320000,3.64000,1.40000
 0.00036324000,3.40000,1.12000
 0.00036328000,3.68000,1.56000
 0.00036332000,3.60000,1.28000
 0.00036336000,3.56000,1.36000
 0.00036340000,3.60000,1.28000
 0.00036344000,3.64000,1.40000
 0.00036348000,3.44000,1.12000
 0.00036352000,3.68000,1.44000
 0.00036356000,3.56000,1.24000
 0.00036360000,3.60000,1.36000
 0.00036364000,3.60000,1.32000
 0.00036368000,3.68000,1.36000
 0.00036372000,3.44000,1.12000
 0.00036376000,3.64000,1.28000
 0.00036380000,3.64000,1.36000
 0.00036384000,3.64000,1.44000
 0.00036388000,3.64000,1.44000
 0.00036392000,3.56000,1.24000
 0.00036396000,3.56000,1.28000
 0.00036400000,3.64000,1.36000
 0.00036404000,3.64000,1.32000
 0.00036407997,3.56000,1.28000
 0.00036412000,3.60000,1.36000
 0.00036416000,3.60000,1.28000
 0.00036420000,3.60000,1.32000
 0.00036424000,3.64000,1.32000
 0.00036428000,3.60000,1.32000
 0.00036432000,3.56000,1.28000
 0.00036436000,3.60000,1.32000
 0.00036440000,3.60000,1.28000
 0.00036444000,3.64000,1.36000
 0.00036448000,3.60000,1.28000
 0.00036452000,3.60000,1.28000
 0.00036456000,3.64000,1.40000
 0.00036460000,3.60000,1.36000
 0.00036464000,3.56000,1.28000
 0.00036468000,3.64000,1.32000
 0.00036472000,3.64000,1.32000
 0.00036476000,3.60000,1.32000
 0.00036479997,3.64000,1.32000
 0.00036484000,3.56000,1.28000
 0.00036488000,3.60000,1.28000
 0.00036492000,3.60000,1.32000
 0.00036496000,3.60000,1.32000
 0.00036500000,3.60000,1.32000
 0.00036504000,3.60000,1.32000
 0.00036508000,3.60000,1.32000
 0.00036512000,3.60000,1.28000
 0.00036516000,3.60000,1.32000
 0.00036520000,3.60000,1.32000
 0.00036524000,3.60000,1.32000
 0.00036528000,3.60000,1.32000
 0.00036532000,3.60000,1.28000
 0.00036536000,3.60000,1.32000
 0.00036540000,3.60000,1.28000
 0.00036544000,3.60000,1.32000
 0.00036548000,3.60000,1.32000
 0.00036551997,3.60000,1.28000
 0.00036556000,3.60000,1.32000
 0.00036560000,3.60000,1.32000
 0.00036564000,3.60000,1.32000
 0.00036568000,3.60000,1.28000
 0.00036572000,3.60000,1.28000
 0.00036576000,3.64000,1.28000
 0.00036580000,3.64000,1.32000
 0.00036584000,3.60000,1.32000
 0.00036588000,3.60000,1.28000
 0.00036592000,3.60000,1.32000
 0.00036596000,3.60000,1.32000
 0.00036600000,3.64000,1.36000
 0.00036604000,3.60000,1.32000
 0.00036608000,3.60000,1.32000
 0.00036612000,3.60000,1.32000
 0.00036616000,3.60000,1.32000
 0.00036620000,3.60000,1.36000
 0.00036624000,3.60000,1.32000
 0.00036628000,3.60000,1.32000
 0.00036632000,3.60000,1.28000
 0.00036636000,3.60000,1.32000
 0.00036640000,3.60000,1.28000
 0.00036644000,3.60000,1.32000
 0.00036648000,3.60000,1.32000
 0.00036652000,3.60000,1.32000
 0.00036656000,3.60000,1.28000
 0.00036660000,3.60000,1.32000
 0.00036664000,3.60000,1.32000
 0.00036668000,3.60000,1.32000
 0.00036672000,3.60000,1.28000
 0.00036676000,3.64000,1.32000
 0.00036680000,3.72000,1.44000
 0.00036684000,3.64000,1.40000
 0.00036688000,3.48000,1.28000
 0.00036692000,3.48000,1.20000
 0.00036696000,3.56000,1.28000
 0.00036700000,3.64000,1.36000
 0.00036704000,3.60000,1.32000
 0.00036708000,3.60000,1.32000
 0.00036712000,3.60000,1.28000
 0.00036715997,3.60000,1.28000
 0.00036720000,3.64000,1.36000
 0.00036724000,3.64000,1.32000
 0.00036728000,3.60000,1.32000
 0.00036732000,3.60000,1.32000
 0.00036736000,3.60000,1.28000
 0.00036740000,3.64000,1.32000
 0.00036744000,3.60000,1.32000
 0.00036748000,3.60000,1.32000
 0.00036752000,3.64000,1.28000
 0.00036756000,3.64000,1.36000
 0.00036760000,3.60000,1.36000
 0.00036764000,3.56000,1.28000
 0.00036768000,3.56000,1.28000
 0.00036772000,3.60000,1.32000
 0.00036776000,3.60000,1.32000
 0.00036780000,3.60000,1.32000
 0.00036784000,3.60000,1.28000
 0.00036787997,3.60000,1.28000
 0.00036792000,3.64000,1.28000
 0.00036796000,3.60000,1.32000
 0.00036800000,3.60000,1.32000
 0.00036804000,3.60000,1.28000
 0.00036808000,3.60000,1.32000
 0.00036812000,3.60000,1.28000
 0.00036816000,3.60000,1.32000
 0.00036820000,3.60000,1.32000
 0.00036824000,3.60000,1.32000
 0.00036828000,3.60000,1.32000
 0.00036832000,3.60000,1.32000
 0.00036836000,3.60000,1.32000
 0.00036840000,3.60000,1.32000
 0.00036844000,3.60000,1.32000
 0.00036848000,3.60000,1.28000
 0.00036852000,3.60000,1.32000
 0.00036856000,3.60000,1.28000
 0.00036859997,3.60000,1.32000
 0.00036864000,3.60000,1.32000
 0.00036868000,3.60000,1.32000
 0.00036872000,3.60000,1.32000
 0.00036876000,3.60000,1.32000
 0.00036880000,3.60000,1.32000
 0.00036884000,3.60000,1.32000
 0.00036888000,3.60000,1.32000
 0.00036892000,3.60000,1.28000
 0.00036896000,3.60000,1.32000
 0.00036900000,3.60000,1.32000
 0.00036904000,3.60000,1.28000
 0.00036908000,3.64000,1.36000
 0.00036912000,3.56000,1.28000
 0.00036916000,3.64000,1.28000
 0.00036920000,3.64000,1.36000
 0.00036924000,3.60000,1.32000
 0.00036928000,3.56000,1.28000
 0.00036931997,3.64000,1.32000
 0.00036936000,3.60000,1.28000
 0.00036940000,3.60000,1.32000
 0.00036944000,3.60000,1.36000
 0.00036948000,3.60000,1.28000
 0.00036952000,3.60000,1.28000
 0.00036956000,3.60000,1.32000
 0.00036960000,3.60000,1.32000
 0.00036964000,3.60000,1.28000
 0.00036968000,3.60000,1.32000
 0.00036972000,3.60000,1.32000
 0.00036976000,3.56000,1.28000
 0.00036980000,3.64000,1.36000
 0.00036984000,3.72000,1.44000
 0.00036988000,3.60000,1.36000
 0.00036992000,3.48000,1.24000
 0.00036996000,3.56000,1.24000
 0.00037000000,3.60000,1.28000
 0.00037004000,3.60000,1.36000
 0.00037008000,3.64000,1.40000
 0.00037012000,3.52000,1.24000
 0.00037016000,3.64000,1.28000
 0.00037020000,3.64000,1.32000
 0.00037024000,3.60000,1.28000
 0.00037028000,3.64000,1.36000
 0.00037032000,3.56000,1.28000
 0.00037036000,3.64000,1.32000
 0.00037040000,3.52000,1.28000
 0.00037044000,3.64000,1.36000
 0.00037048000,3.56000,1.28000
 0.00037052000,3.64000,1.36000
 0.00037056000,3.56000,1.28000
 0.00037060000,3.56000,1.28000
 0.00037064000,3.56000,1.28000
 0.00037068000,3.64000,1.32000
 0.00037072000,3.64000,1.32000
 0.00037076000,3.64000,1.36000
 0.00037080000,3.56000,1.28000
 0.00037084000,3.56000,1.28000
 0.00037088000,3.60000,1.32000
 0.00037092000,3.64000,1.32000
 0.00037095997,3.60000,1.32000
 0.00037100000,3.60000,1.32000
 0.00037104000,3.60000,1.32000
 0.00037108000,3.60000,1.32000
 0.00037112000,3.60000,1.28000
 0.00037116000,3.60000,1.28000
 0.00037120000,3.64000,1.36000
 0.00037124000,3.60000,1.28000
 0.00037128000,3.60000,1.28000
 0.00037132000,3.60000,1.28000
 0.00037136000,3.64000,1.32000
 0.00037140000,3.64000,1.32000
 0.00037144000,3.56000,1.28000
 0.00037148000,3.60000,1.32000
 0.00037152000,3.60000,1.28000
 0.00037156000,3.60000,1.32000
 0.00037160000,3.60000,1.32000
 0.00037164000,3.60000,1.32000
 0.00037167997,3.60000,1.28000
 0.00037172000,3.60000,1.28000
 0.00037176000,3.60000,1.32000
 0.00037180000,3.64000,1.40000
 0.00037184000,3.56000,1.28000
 0.00037188000,3.60000,1.36000
 0.00037192000,3.60000,1.28000
 0.00037196000,3.60000,1.32000
 0.00037200000,3.64000,1.36000
 0.00037204000,3.60000,1.28000
 0.00037208000,3.60000,1.28000
 0.00037212000,3.60000,1.32000
 0.00037216000,3.60000,1.28000
 0.00037220000,3.60000,1.32000
 0.00037224000,3.60000,1.28000
 0.00037228000,3.60000,1.28000
 0.00037232000,3.60000,1.36000
 0.00037236000,3.60000,1.32000
 0.00037239997,3.60000,1.28000
 0.00037244000,3.60000,1.32000
 0.00037248000,3.60000,1.28000
 0.00037252000,3.60000,1.40000
 0.00037256000,3.84000,1.48000
 0.00037260000,3.40000,1.16000
 0.00037264000,3.72000,1.44000
 0.00037268000,3.64000,1.40000
 0.00037272000,3.44000,1.12000
 0.00037276000,3.68000,1.52000
 0.00037280000,3.68000,1.28000
 0.00037284000,3.48000,1.24000
 0.00037288000,3.72000,1.44000
 0.00037292000,3.68000,1.40000
 0.00037296000,3.52000,1.24000
 0.00037300000,3.60000,1.44000
 0.00037304000,3.44000,1.16000
 0.00037308000,3.56000,1.24000
 0.00037312000,3.64000,1.40000
 0.00037316000,3.64000,1.36000
 0.00037320000,3.48000,1.24000
 0.00037324000,3.64000,1.36000
 0.00037328000,3.60000,1.28000
 0.00037332000,3.60000,1.32000
 0.00037336000,3.68000,1.40000
 0.00037340000,3.60000,1.28000
 0.00037344000,3.56000,1.28000
 0.00037348000,3.60000,1.28000
 0.00037352000,3.60000,1.28000
 0.00037356000,3.60000,1.28000
 0.00037360000,3.64000,1.40000
 0.00037364000,3.60000,1.24000
 0.00037368000,3.64000,1.32000
 0.00037372000,3.64000,1.40000
 0.00037376000,3.60000,1.36000
 0.00037380000,3.56000,1.28000
 0.00037384000,3.60000,1.28000
 0.00037388000,3.60000,1.32000
 0.00037392000,3.60000,1.36000
 0.00037396000,3.60000,1.32000
 0.00037400000,3.60000,1.28000
 0.00037403997,3.60000,1.28000
 0.00037408000,3.56000,1.28000
 0.00037412000,3.60000,1.32000
 0.00037416000,3.60000,1.32000
 0.00037420000,3.60000,1.36000
 0.00037424000,3.60000,1.28000
 0.00037428000,3.60000,1.36000
 0.00037432000,3.56000,1.28000
 0.00037436000,3.60000,1.32000
 0.00037440000,3.60000,1.32000
 0.00037444000,3.60000,1.32000
 0.00037448000,3.60000,1.32000
 0.00037452000,3.60000,1.28000
 0.00037456000,3.60000,1.32000
 0.00037460000,3.60000,1.32000
 0.00037464000,3.60000,1.32000
 0.00037468000,3.60000,1.32000
 0.00037472000,3.60000,1.28000
 0.00037475997,3.60000,1.32000
 0.00037480000,3.60000,1.28000
 0.00037484000,3.60000,1.32000
 0.00037488000,3.60000,1.32000
 0.00037492000,3.60000,1.28000
 0.00037496000,3.60000,1.28000
 0.00037500000,3.60000,1.28000
 0.00037504000,3.60000,1.32000
 0.00037508000,3.60000,1.32000
 0.00037512000,3.60000,1.28000
 0.00037516000,3.60000,1.28000
 0.00037520000,3.60000,1.32000
 0.00037524000,3.60000,1.28000
 0.00037528000,3.64000,1.32000
 0.00037532000,3.60000,1.32000
 0.00037536000,3.60000,1.28000
 0.00037540000,3.60000,1.32000
 0.00037544000,3.60000,1.32000
 0.00037547997,3.60000,1.32000
 0.00037552000,3.64000,1.32000
 0.00037556000,3.60000,1.32000
 0.00037560000,3.60000,1.32000
 0.00037564000,3.60000,1.32000
 0.00037568000,3.60000,1.32000
 0.00037572000,3.60000,1.32000
 0.00037576000,3.60000,1.32000
 0.00037580000,3.60000,1.32000
 0.00037584000,3.60000,1.28000
 0.00037588000,3.60000,1.32000
 0.00037592000,3.64000,1.36000
 0.00037596000,3.68000,1.40000
 0.00037600000,3.60000,1.36000
 0.00037604000,3.48000,1.20000
 0.00037608000,3.52000,1.20000
 0.00037612000,3.60000,1.28000
 0.00037616000,3.64000,1.36000
 0.00037619997,3.56000,1.32000
 0.00037624000,3.56000,1.28000
 0.00037628000,3.60000,1.28000
 0.00037632000,3.64000,1.32000
 0.00037636000,3.64000,1.36000
 0.00037640000,3.60000,1.36000
 0.00037644000,3.60000,1.28000
 0.00037648000,3.60000,1.28000
 0.00037652000,3.60000,1.32000
 0.00037656000,3.60000,1.32000
 0.00037660000,3.60000,1.32000
 0.00037664000,3.60000,1.32000
 0.00037668000,3.64000,1.36000
 0.00037672000,3.64000,1.36000
 0.00037676000,3.56000,1.32000
 0.00037680000,3.56000,1.28000
 0.00037684000,3.56000,1.28000
 0.00037688000,3.60000,1.28000
 0.00037692000,3.64000,1.40000
 0.00037696000,3.52000,1.28000
 0.00037700000,3.68000,1.40000
 0.00037704000,3.52000,1.24000
 0.00037708000,3.68000,1.40000
 0.00037712000,3.56000,1.28000
 0.00037716000,3.68000,1.40000
 0.00037720000,3.56000,1.28000
 0.00037724000,3.60000,1.28000
 0.00037728000,3.64000,1.32000
 0.00037732000,3.60000,1.28000
 0.00037736000,3.64000,1.32000
 0.00037740000,3.56000,1.28000
 0.00037744000,3.60000,1.32000
 0.00037748000,3.60000,1.28000
 0.00037752000,3.64000,1.32000
 0.00037756000,3.56000,1.32000
 0.00037760000,3.60000,1.32000
 0.00037764000,3.60000,1.32000
 0.00037768000,3.60000,1.36000
 0.00037772000,3.60000,1.32000
 0.00037776000,3.60000,1.32000
 0.00037780000,3.64000,1.32000
 0.00037783997,3.60000,1.28000
 0.00037788000,3.60000,1.32000
 0.00037792000,3.60000,1.32000
 0.00037796000,3.60000,1.28000
 0.00037800000,3.60000,1.32000
 0.00037804000,3.60000,1.32000
 0.00037808000,3.64000,1.32000
 0.00037812000,3.56000,1.28000
 0.00037816000,3.60000,1.32000
 0.00037820000,3.60000,1.28000
 0.00037824000,3.60000,1.28000
 0.00037828000,3.60000,1.32000
 0.00037832000,3.60000,1.32000
 0.00037836000,3.60000,1.28000
 0.00037840000,3.60000,1.28000
 0.00037844000,3.60000,1.32000
 0.00037848000,3.60000,1.32000
 0.00037852000,3.60000,1.32000
 0.00037855997,3.60000,1.32000
 0.00037860000,3.60000,1.32000
 0.00037864000,3.60000,1.32000
 0.00037868000,3.60000,1.32000
 0.00037872000,3.60000,1.32000
 0.00037876000,3.60000,1.32000
 0.00037880000,3.60000,1.32000
 0.00037884000,3.64000,1.28000
 0.00037888000,3.60000,1.28000
 0.00037892000,3.60000,1.32000
 0.00037896000,3.60000,1.36000
 0.00037900000,3.56000,1.36000
 0.00037904000,3.52000,1.24000
 0.00037908000,3.60000,1.24000
 0.00037912000,3.64000,1.32000
 0.00037916000,3.68000,1.40000
 0.00037920000,3.60000,1.32000
 0.00037924000,3.56000,1.28000
 0.00037927997,3.60000,1.28000
 0.00037932000,3.64000,1.32000
 0.00037936000,3.64000,1.36000
 0.00037940000,3.60000,1.32000
 0.00037944000,3.60000,1.28000
 0.00037948000,3.60000,1.28000
 0.00037952000,3.60000,1.32000
 0.00037956000,3.60000,1.32000
 0.00037960000,3.60000,1.32000
 0.00037964000,3.60000,1.32000
 0.00037968000,3.60000,1.32000
 0.00037972000,3.60000,1.32000
 0.00037976000,3.56000,1.28000
 0.00037980000,3.60000,1.24000
 0.00037984000,3.64000,1.32000
 0.00037988000,3.64000,1.36000
 0.00037992000,3.64000,1.36000
 0.00037996000,3.56000,1.28000
 0.00038000000,3.56000,1.28000
 0.00038004000,3.64000,1.36000
 0.00038008000,3.60000,1.28000
 0.00038012000,3.64000,1.36000
 0.00038016000,3.56000,1.32000
 0.00038020000,3.60000,1.28000
 0.00038024000,3.64000,1.32000
 0.00038028000,3.60000,1.32000
 0.00038032000,3.60000,1.32000
 0.00038036000,3.60000,1.32000
 0.00038040000,3.56000,1.28000
 0.00038044000,3.60000,1.32000
 0.00038048000,3.60000,1.28000
 0.00038052000,3.60000,1.28000
 0.00038056000,3.60000,1.32000
 0.00038060000,3.60000,1.32000
 0.00038064000,3.60000,1.32000
 0.00038068000,3.60000,1.28000
 0.00038072000,3.60000,1.28000
 0.00038076000,3.64000,1.36000
 0.00038080000,3.60000,1.28000
 0.00038084000,3.60000,1.28000
 0.00038088000,3.60000,1.32000
 0.00038091997,3.60000,1.32000
 0.00038096000,3.60000,1.28000
 0.00038100000,3.64000,1.32000
 0.00038104000,3.60000,1.32000
 0.00038108000,3.60000,1.32000
 0.00038112000,3.64000,1.36000
 0.00038116000,3.60000,1.28000
 0.00038120000,3.60000,1.32000
 0.00038124000,3.60000,1.32000
 0.00038128000,3.60000,1.32000
 0.00038132000,3.60000,1.28000
 0.00038136000,3.60000,1.32000
 0.00038140000,3.60000,1.28000
 0.00038144000,3.60000,1.28000
 0.00038148000,3.60000,1.32000
 0.00038152000,3.60000,1.32000
 0.00038156000,3.60000,1.32000
 0.00038160000,3.60000,1.28000
 0.00038163997,3.60000,1.28000
 0.00038168000,3.60000,1.32000
 0.00038172000,3.60000,1.32000
 0.00038176000,3.60000,1.28000
 0.00038180000,3.64000,1.32000
 0.00038184000,3.60000,1.32000
 0.00038188000,3.60000,1.32000
 0.00038192000,3.60000,1.32000
 0.00038196000,3.60000,1.28000
 0.00038200000,3.52000,1.28000
 0.00038204000,3.84000,1.44000
 0.00038208000,3.40000,1.12000
 0.00038212000,3.80000,1.52000
 0.00038216000,3.60000,1.44000
 0.00038220000,3.52000,1.24000
 0.00038224000,3.52000,1.36000
 0.00038228000,3.72000,1.36000
 0.00038232000,3.52000,1.24000
 0.00038235997,3.68000,1.40000
 0.00038240000,3.60000,1.32000
 0.00038244000,3.44000,1.12000
 0.00038248000,3.64000,1.40000
 0.00038252000,3.60000,1.28000
 0.00038256000,3.60000,1.36000
 0.00038260000,3.64000,1.32000
 0.00038264000,3.64000,1.40000
 0.00038268000,3.52000,1.20000
 0.00038272000,3.64000,1.36000
 0.00038276000,3.60000,1.28000
 0.00038280000,3.60000,1.28000
 0.00038284000,3.64000,1.32000
 0.00038288000,3.68000,1.40000
 0.00038292000,3.60000,1.32000
 0.00038296000,3.60000,1.32000
 0.00038300000,3.60000,1.28000
 0.00038304000,3.60000,1.28000
 0.00038307997,3.64000,1.36000
 0.00038312000,3.60000,1.32000
 0.00038316000,3.56000,1.28000
 0.00038320000,3.60000,1.28000
 0.00038324000,3.60000,1.28000
 0.00038328000,3.60000,1.28000
 0.00038332000,3.60000,1.36000
 0.00038336000,3.60000,1.32000
 0.00038340000,3.60000,1.32000
 0.00038344000,3.60000,1.36000
 0.00038348000,3.60000,1.28000
 0.00038352000,3.64000,1.28000
 0.00038356000,3.60000,1.32000
 0.00038360000,3.60000,1.32000
 0.00038364000,3.60000,1.32000
 0.00038368000,3.60000,1.32000
 0.00038372000,3.60000,1.32000
 0.00038376000,3.60000,1.32000
 0.00038380000,3.60000,1.32000
 0.00038384000,3.60000,1.28000
 0.00038388000,3.60000,1.28000
 0.00038392000,3.60000,1.32000
 0.00038396000,3.60000,1.28000
 0.00038400000,3.60000,1.32000
 0.00038404000,3.60000,1.32000
 0.00038408000,3.60000,1.32000
 0.00038412000,3.60000,1.28000
 0.00038416000,3.60000,1.32000
 0.00038420000,3.64000,1.32000
 0.00038424000,3.60000,1.32000
 0.00038428000,3.60000,1.32000
 0.00038432000,3.60000,1.36000
 0.00038436000,3.60000,1.32000
 0.00038440000,3.56000,1.28000
 0.00038444000,3.60000,1.28000
 0.00038448000,3.60000,1.32000
 0.00038452000,3.60000,1.32000
 0.00038456000,3.60000,1.32000
 0.00038460000,3.60000,1.32000
 0.00038464000,3.60000,1.28000
 0.00038468000,3.64000,1.36000
 0.00038471997,3.60000,1.32000
 0.00038476000,3.60000,1.32000
 0.00038480000,3.64000,1.32000
 0.00038484000,3.60000,1.32000
 0.00038488000,3.60000,1.28000
 0.00038492000,3.60000,1.32000
 0.00038496000,3.60000,1.28000
 0.00038500000,3.60000,1.32000
 0.00038504000,3.60000,1.32000
 0.00038508000,3.60000,1.32000
 0.00038512000,3.68000,1.40000
 0.00038516000,3.64000,1.40000
 0.00038520000,3.52000,1.24000
 0.00038524000,3.48000,1.24000
 0.00038528000,3.60000,1.28000
 0.00038532000,3.64000,1.36000
 0.00038536000,3.64000,1.36000
 0.00038540000,3.56000,1.28000
 0.00038543997,3.60000,1.28000
 0.00038548000,3.64000,1.32000
 0.00038552000,3.60000,1.28000
 0.00038556000,3.60000,1.32000
 0.00038560000,3.60000,1.36000
 0.00038564000,3.60000,1.28000
 0.00038568000,3.60000,1.28000
 0.00038572000,3.60000,1.32000
 0.00038576000,3.64000,1.32000
 0.00038580000,3.56000,1.32000
 0.00038584000,3.64000,1.36000
 0.00038588000,3.60000,1.36000
 0.00038592000,3.56000,1.28000
 0.00038596000,3.60000,1.28000
 0.00038600000,3.56000,1.24000
 0.00038604000,3.60000,1.32000
 0.00038608000,3.64000,1.40000
 0.00038612000,3.56000,1.28000
 0.00038615997,3.60000,1.32000
 0.00038620000,3.64000,1.32000
 0.00038624000,3.56000,1.28000
 0.00038628000,3.60000,1.32000
 0.00038632000,3.60000,1.32000
 0.00038636000,3.60000,1.28000
 0.00038640000,3.60000,1.32000
 0.00038644000,3.60000,1.32000
 0.00038648000,3.60000,1.32000
 0.00038652000,3.60000,1.32000
 0.00038656000,3.60000,1.32000
 0.00038660000,3.60000,1.32000
 0.00038664000,3.60000,1.32000
 0.00038668000,3.60000,1.32000
 0.00038672000,3.60000,1.32000
 0.00038676000,3.60000,1.32000
 0.00038680000,3.60000,1.32000
 0.00038684000,3.60000,1.32000
 0.00038687997,3.60000,1.32000
 0.00038692000,3.60000,1.36000
 0.00038696000,3.60000,1.32000
 0.00038700000,3.60000,1.32000
 0.00038704000,3.60000,1.32000
 0.00038708000,3.60000,1.28000
 0.00038712000,3.64000,1.36000
 0.00038716000,3.60000,1.32000
 0.00038720000,3.56000,1.32000
 0.00038724000,3.60000,1.32000
 0.00038728000,3.60000,1.32000
 0.00038732000,3.60000,1.32000
 0.00038736000,3.60000,1.32000
 0.00038740000,3.60000,1.28000
 0.00038744000,3.60000,1.28000
 0.00038748000,3.56000,1.28000
 0.00038752000,3.60000,1.32000
 0.00038756000,3.60000,1.28000
 0.00038760000,3.60000,1.32000
 0.00038764000,3.60000,1.32000
 0.00038768000,3.60000,1.32000
 0.00038772000,3.60000,1.32000
 0.00038776000,3.60000,1.32000
 0.00038779997,3.60000,1.32000
 0.00038784000,3.60000,1.32000
 0.00038788000,3.60000,1.28000
 0.00038792000,3.60000,1.32000
 0.00038796000,3.60000,1.28000
 0.00038800000,3.60000,1.32000
 0.00038804000,3.60000,1.32000
 0.00038808000,3.60000,1.32000
 0.00038812000,3.60000,1.36000
 0.00038816000,3.56000,1.36000
 0.00038820000,3.48000,1.24000
 0.00038824000,3.56000,1.24000
 0.00038828000,3.64000,1.28000
 0.00038832000,3.68000,1.40000
 0.00038836000,3.60000,1.32000
 0.00038840000,3.56000,1.28000
 0.00038844000,3.56000,1.28000
 0.00038848000,3.64000,1.36000
 0.00038851997,3.64000,1.36000
 0.00038856000,3.60000,1.32000
 0.00038860000,3.56000,1.28000
 0.00038864000,3.60000,1.32000
 0.00038868000,3.64000,1.32000
 0.00038872000,3.60000,1.32000
 0.00038876000,3.60000,1.32000
 0.00038880000,3.60000,1.32000
 0.00038884000,3.56000,1.28000
 0.00038888000,3.64000,1.36000
 0.00038892000,3.60000,1.32000
 0.00038896000,3.52000,1.28000
 0.00038900000,3.60000,1.28000
 0.00038904000,3.60000,1.28000
 0.00038908000,3.60000,1.32000
 0.00038912000,3.60000,1.32000
 0.00038916000,3.60000,1.28000
 0.00038920000,3.60000,1.32000
 0.00038923997,3.64000,1.36000
 0.00038928000,3.60000,1.28000
 0.00038932000,3.64000,1.36000
 0.00038936000,3.60000,1.32000
 0.00038940000,3.60000,1.28000
 0.00038944000,3.60000,1.32000
 0.00038948000,3.64000,1.32000
 0.00038952000,3.60000,1.28000
 0.00038956000,3.60000,1.36000
 0.00038960000,3.60000,1.28000
 0.00038964000,3.60000,1.32000
 0.00038968000,3.60000,1.28000
 0.00038972000,3.64000,1.32000
 0.00038976000,3.56000,1.28000
 0.00038980000,3.64000,1.36000
 0.00038984000,3.52000,1.24000
 0.00038988000,3.64000,1.32000
 0.00038992000,3.56000,1.28000
 0.00038995997,3.60000,1.32000
 0.00039000000,3.60000,1.32000
 0.00039004000,3.60000,1.32000
 0.00039008000,3.60000,1.32000
 0.00039012000,3.60000,1.32000
 0.00039016000,3.60000,1.32000
 0.00039020000,3.60000,1.32000
 0.00039024000,3.60000,1.32000
 0.00039028000,3.60000,1.36000
 0.00039032000,3.60000,1.28000
 0.00039036000,3.64000,1.36000
 0.00039040000,3.56000,1.24000
 0.00039044000,3.64000,1.36000
 0.00039048000,3.60000,1.32000
 0.00039052000,3.60000,1.28000
 0.00039056000,3.56000,1.32000
 0.00039060000,3.64000,1.32000
 0.00039064000,3.60000,1.32000
 0.00039068000,3.64000,1.36000
 0.00039072000,3.60000,1.32000
 0.00039076000,3.56000,1.28000
 0.00039080000,3.60000,1.32000
 0.00039084000,3.60000,1.32000
 0.00039088000,3.60000,1.32000
 0.00039092000,3.60000,1.32000
 0.00039096000,3.60000,1.28000
 0.00039100000,3.60000,1.28000
 0.00039104000,3.60000,1.32000
 0.00039108000,3.60000,1.32000
 0.00039112000,3.60000,1.28000
 0.00039116000,3.60000,1.32000
 0.00039120000,3.52000,1.28000
 0.00039124000,3.52000,1.24000
 0.00039128000,3.64000,1.28000
 0.00039132000,3.72000,1.44000
 0.00039136000,3.68000,1.40000
 0.00039140000,3.56000,1.28000
 0.00039144000,3.60000,1.28000
 0.00039148000,3.48000,1.20000
 0.00039152000,3.92000,1.64000
 0.00039156000,3.40000,1.12000
 0.00039159997,3.60000,1.44000
 0.00039164000,3.48000,1.24000
 0.00039168000,3.64000,1.28000
 0.00039172000,3.44000,1.20000
 0.00039176000,3.92000,1.60000
 0.00039180000,3.36000,1.12000
 0.00039184000,3.76000,1.44000
 0.00039188000,3.52000,1.24000
 0.00039192000,3.60000,1.24000
 0.00039196000,3.48000,1.24000
 0.00039200000,3.76000,1.40000
 0.00039204000,3.56000,1.32000
 0.00039208000,3.64000,1.40000
 0.00039212000,3.60000,1.36000
 0.00039216000,3.56000,1.24000
 0.00039220000,3.64000,1.36000
 0.00039224000,3.60000,1.32000
 0.00039228000,3.56000,1.28000
 0.00039231997,3.60000,1.28000
 0.00039236000,3.64000,1.36000
 0.00039240000,3.60000,1.28000
 0.00039244000,3.60000,1.32000
 0.00039248000,3.60000,1.32000
 0.00039252000,3.60000,1.28000
 0.00039256000,3.60000,1.32000
 0.00039260000,3.64000,1.32000
 0.00039264000,3.60000,1.32000
 0.00039268000,3.60000,1.28000
 0.00039272000,3.64000,1.36000
 0.00039276000,3.60000,1.28000
 0.00039280000,3.60000,1.32000
 0.00039284000,3.60000,1.28000
 0.00039288000,3.64000,1.36000
 0.00039292000,3.60000,1.36000
 0.00039296000,3.60000,1.32000
 0.00039300000,3.60000,1.32000
 0.00039303997,3.60000,1.28000
 0.00039308000,3.60000,1.32000
 0.00039312000,3.60000,1.28000
 0.00039316000,3.64000,1.32000
 0.00039320000,3.60000,1.32000
 0.00039324000,3.60000,1.32000
 0.00039328000,3.60000,1.32000
 0.00039332000,3.60000,1.28000
 0.00039336000,3.60000,1.32000
 0.00039340000,3.60000,1.32000
 0.00039344000,3.60000,1.32000
 0.00039348000,3.60000,1.32000
 0.00039352000,3.60000,1.28000
 0.00039356000,3.60000,1.32000
 0.00039360000,3.60000,1.28000
 0.00039364000,3.60000,1.32000
 0.00039368000,3.60000,1.32000
 0.00039372000,3.60000,1.36000
 0.00039375997,3.60000,1.28000
 0.00039380000,3.60000,1.32000
 0.00039384000,3.60000,1.28000
 0.00039388000,3.60000,1.32000
 0.00039392000,3.60000,1.28000
 0.00039396000,3.64000,1.40000
 0.00039400000,3.56000,1.28000
 0.00039404000,3.60000,1.36000
 0.00039408000,3.60000,1.28000
 0.00039412000,3.56000,1.32000
 0.00039416000,3.64000,1.32000
 0.00039420000,3.60000,1.32000
 0.00039424000,3.60000,1.32000
 0.00039428000,3.64000,1.44000
 0.00039432000,3.52000,1.28000
 0.00039436000,3.48000,1.16000
 0.00039440000,3.64000,1.28000
 0.00039444000,3.64000,1.28000
 0.00039448000,3.60000,1.36000
 0.00039452000,3.56000,1.28000
 0.00039456000,3.60000,1.28000
 0.00039460000,3.60000,1.28000
 0.00039464000,3.64000,1.40000
 0.00039467997,3.64000,1.32000
 0.00039472000,3.60000,1.32000
 0.00039476000,3.60000,1.28000
 0.00039480000,3.60000,1.32000
 0.00039484000,3.60000,1.32000
 0.00039488000,3.60000,1.32000
 0.00039492000,3.60000,1.32000
 0.00039496000,3.60000,1.28000
 0.00039500000,3.64000,1.36000
 0.00039504000,3.64000,1.36000
 0.00039508000,3.60000,1.32000
 0.00039512000,3.56000,1.28000
 0.00039516000,3.60000,1.28000
 0.00039520000,3.60000,1.32000
 0.00039524000,3.60000,1.32000
 0.00039528000,3.64000,1.36000
 0.00039532000,3.52000,1.28000
 0.00039536000,3.64000,1.36000
 0.00039539997,3.60000,1.32000
 0.00039544000,3.60000,1.28000
 0.00039548000,3.60000,1.36000
 0.00039552000,3.60000,1.32000
 0.00039556000,3.60000,1.32000
 0.00039560000,3.60000,1.32000
 0.00039564000,3.60000,1.28000
 0.00039568000,3.60000,1.28000
 0.00039572000,3.60000,1.28000
 0.00039576000,3.60000,1.32000
 0.00039580000,3.60000,1.28000
 0.00039584000,3.60000,1.32000
 0.00039588000,3.64000,1.32000
 0.00039592000,3.60000,1.32000
 0.00039596000,3.60000,1.32000
 0.00039600000,3.60000,1.32000
 0.00039604000,3.60000,1.28000
 0.00039608000,3.60000,1.32000
 0.00039611997,3.60000,1.32000
 0.00039616000,3.60000,1.32000
 0.00039620000,3.60000,1.32000
 0.00039624000,3.60000,1.32000
 0.00039628000,3.60000,1.28000
 0.00039632000,3.64000,1.40000
 0.00039636000,3.56000,1.24000
 0.00039640000,3.68000,1.44000
 0.00039644000,3.52000,1.24000
 0.00039648000,3.68000,1.40000
 0.00039652000,3.52000,1.24000
 0.00039656000,3.68000,1.40000
 0.00039660000,3.60000,1.28000
 0.00039664000,3.60000,1.32000
 0.00039668000,3.60000,1.32000
 0.00039672000,3.60000,1.28000
 0.00039676000,3.60000,1.32000
 0.00039680000,3.60000,1.28000
 0.00039683997,3.64000,1.32000
 0.00039688000,3.56000,1.28000
 0.00039692000,3.64000,1.32000
 0.00039696000,3.60000,1.28000
 0.00039700000,3.64000,1.32000
 0.00039704000,3.56000,1.28000
 0.00039708000,3.60000,1.28000
 0.00039712000,3.64000,1.36000
 0.00039716000,3.60000,1.32000
 0.00039720000,3.60000,1.32000
 0.00039724000,3.60000,1.32000
 0.00039728000,3.60000,1.28000
 0.00039732000,3.56000,1.36000
 0.00039736000,3.52000,1.24000
 0.00039740000,3.60000,1.24000
 0.00039744000,3.72000,1.32000
 0.00039748000,3.68000,1.40000
 0.00039752000,3.60000,1.32000
 0.00039756000,3.56000,1.28000
 0.00039760000,3.60000,1.28000
 0.00039764000,3.60000,1.32000
 0.00039768000,3.64000,1.40000
 0.00039772000,3.56000,1.28000
 0.00039776000,3.60000,1.28000
 0.00039780000,3.60000,1.32000
 0.00039784000,3.60000,1.32000
 0.00039788000,3.60000,1.32000
 0.00039792000,3.60000,1.32000
 0.00039796000,3.60000,1.28000
 0.00039800000,3.60000,1.32000
 0.00039804000,3.60000,1.28000
 0.00039808000,3.56000,1.28000
 0.00039812000,3.60000,1.28000
 0.00039816000,3.64000,1.32000
 0.00039820000,3.64000,1.36000
 0.00039824000,3.64000,1.32000
 0.00039828000,3.60000,1.28000
 0.00039832000,3.60000,1.28000
 0.00039836000,3.60000,1.32000
 0.00039840000,3.64000,1.36000
 0.00039844000,3.60000,1.32000
 0.00039847997,3.60000,1.32000
 0.00039852000,3.56000,1.28000
 0.00039856000,3.60000,1.32000
 0.00039860000,3.64000,1.28000
 0.00039864000,3.60000,1.36000
 0.00039868000,3.60000,1.28000
 0.00039872000,3.60000,1.32000
 0.00039876000,3.56000,1.28000
 0.00039880000,3.60000,1.28000
 0.00039884000,3.60000,1.32000
 0.00039888000,3.64000,1.32000
 0.00039892000,3.60000,1.32000
 0.00039896000,3.60000,1.32000
 0.00039900000,3.60000,1.28000
 0.00039904000,3.60000,1.28000
 0.00039908000,3.60000,1.28000
 0.00039912000,3.60000,1.32000
 0.00039916000,3.60000,1.32000
 0.00039919997,3.60000,1.32000
 0.00039924000,3.60000,1.28000
 0.00039928000,3.60000,1.28000
 0.00039932000,3.60000,1.32000
 0.00039936000,3.60000,1.32000
 0.00039940000,3.60000,1.32000
 0.00039944000,3.60000,1.32000
 0.00039948000,3.60000,1.32000
 0.00039952000,3.60000,1.32000
 0.00039956000,3.60000,1.32000
 0.00039960000,3.60000,1.32000
 0.00039964000,3.60000,1.32000
 0.00039968000,3.60000,1.32000
 0.00039972000,3.60000,1.32000
 0.00039976000,3.60000,1.32000
 0.00039980000,3.60000,1.32000
 0.00039984000,3.60000,1.32000
 0.00039988000,3.60000,1.32000
 0.00039991997,3.60000,1.32000
 0.00039996000,3.60000,1.32000
 0.00040000000,3.60000,1.28000
 0.00040004000,3.60000,1.32000
 0.00040008000,3.60000,1.32000
 0.00040012000,3.60000,1.32000
 0.00040016000,3.60000,1.28000
 0.00040020000,3.60000,1.32000
 0.00040024000,3.60000,1.32000
 0.00040028000,3.60000,1.28000
 0.00040032000,3.60000,1.28000
 0.00040036000,3.56000,1.24000
 0.00040040000,3.60000,1.24000
 0.00040044000,3.68000,1.40000
 0.00040048000,3.64000,1.44000
 0.00040052000,3.56000,1.40000
 0.00040056000,3.56000,1.28000
 0.00040060000,3.60000,1.28000
 0.00040063997,3.64000,1.32000
 0.00040068000,3.64000,1.36000
 0.00040072000,3.52000,1.28000
 0.00040076000,3.60000,1.32000
 0.00040080000,3.60000,1.28000
 0.00040084000,3.60000,1.32000
 0.00040088000,3.60000,1.32000
 0.00040092000,3.64000,1.36000
 0.00040096000,3.48000,1.16000
 0.00040100000,3.80000,1.60000
 0.00040104000,3.56000,1.16000
 0.00040108000,3.52000,1.28000
 0.00040112000,3.64000,1.24000
 0.00040116000,3.72000,1.44000
 0.00040120000,3.40000,1.16000
 0.00040124000,3.92000,1.68000
 0.00040128000,3.40000,1.12000
 0.00040132000,3.68000,1.44000
 0.00040136000,3.60000,1.28000
 0.00040140000,3.68000,1.40000
 0.00040144000,3.40000,1.16000
 0.00040148000,3.72000,1.44000
 0.00040152000,3.48000,1.24000
 0.00040155997,3.68000,1.36000
 0.00040160000,3.64000,1.40000
 0.00040164000,3.60000,1.28000
 0.00040168000,3.56000,1.28000
 0.00040172000,3.60000,1.36000
 0.00040176000,3.56000,1.28000
 0.00040180000,3.60000,1.28000
 0.00040184000,3.68000,1.40000
 0.00040188000,3.56000,1.28000
 0.00040192000,3.60000,1.32000
 0.00040196000,3.60000,1.32000
 0.00040200000,3.60000,1.32000
 0.00040204000,3.60000,1.32000
 0.00040208000,3.64000,1.40000
 0.00040212000,3.60000,1.28000
 0.00040216000,3.60000,1.32000
 0.00040220000,3.60000,1.32000
 0.00040224000,3.56000,1.28000
 0.00040227997,3.60000,1.36000
 0.00040232000,3.60000,1.32000
 0.00040236000,3.60000,1.32000
 0.00040240000,3.60000,1.32000
 0.00040244000,3.60000,1.36000
 0.00040248000,3.60000,1.28000
 0.00040252000,3.60000,1.28000
 0.00040256000,3.60000,1.32000
 0.00040260000,3.60000,1.28000
 0.00040264000,3.60000,1.36000
 0.00040268000,3.60000,1.32000
 0.00040272000,3.60000,1.32000
 0.00040276000,3.60000,1.28000
 0.00040280000,3.60000,1.32000
 0.00040284000,3.60000,1.28000
 0.00040288000,3.60000,1.32000
 0.00040292000,3.60000,1.32000
 0.00040296000,3.60000,1.32000
 0.00040299997,3.56000,1.28000
 0.00040304000,3.60000,1.36000
 0.00040308000,3.56000,1.28000
 0.00040312000,3.60000,1.36000
 0.00040316000,3.60000,1.32000
 0.00040320000,3.60000,1.32000
 0.00040324000,3.64000,1.36000
 0.00040328000,3.60000,1.32000
 0.00040332000,3.64000,1.32000
 0.00040336000,3.60000,1.32000
 0.00040340000,3.64000,1.32000
 0.00040344000,3.72000,1.40000
 0.00040348000,3.64000,1.44000
 0.00040352000,3.48000,1.28000
 0.00040356000,3.48000,1.24000
 0.00040360000,3.56000,1.24000
 0.00040364000,3.60000,1.32000
 0.00040368000,3.60000,1.36000
 0.00040371997,3.56000,1.32000
 0.00040376000,3.56000,1.28000
 0.00040380000,3.60000,1.28000
 0.00040384000,3.64000,1.36000
 0.00040388000,3.64000,1.32000
 0.00040392000,3.60000,1.32000
 0.00040396000,3.60000,1.32000
 0.00040400000,3.60000,1.28000
 0.00040404000,3.60000,1.32000
 0.00040408000,3.60000,1.32000
 0.00040412000,3.60000,1.32000
 0.00040416000,3.64000,1.36000
 0.00040420000,3.64000,1.36000
 0.00040424000,3.56000,1.32000
 0.00040428000,3.56000,1.28000
 0.00040432000,3.60000,1.28000
 0.00040436000,3.64000,1.32000
 0.00040440000,3.64000,1.36000
 0.00040444000,3.60000,1.32000
 0.00040448000,3.60000,1.28000
 0.00040452000,3.60000,1.32000
 0.00040456000,3.60000,1.32000
 0.00040460000,3.60000,1.36000
 0.00040464000,3.60000,1.32000
 0.00040468000,3.56000,1.28000
 0.00040472000,3.60000,1.32000
 0.00040476000,3.60000,1.32000
 0.00040480000,3.56000,1.28000
 0.00040484000,3.60000,1.32000
 0.00040488000,3.60000,1.32000
 0.00040492000,3.60000,1.28000
 0.00040496000,3.60000,1.32000
 0.00040500000,3.60000,1.32000
 0.00040504000,3.60000,1.28000
 0.00040508000,3.64000,1.32000
 0.00040512000,3.60000,1.32000
 0.00040516000,3.60000,1.32000
 0.00040520000,3.60000,1.32000
 0.00040524000,3.60000,1.32000
 0.00040528000,3.60000,1.28000
 0.00040532000,3.60000,1.32000
 0.00040535997,3.60000,1.32000
 0.00040540000,3.60000,1.32000
 0.00040544000,3.60000,1.32000
 0.00040548000,3.56000,1.28000
 0.00040552000,3.56000,1.28000
 0.00040556000,3.60000,1.36000
 0.00040560000,3.64000,1.36000
 0.00040564000,3.60000,1.28000
 0.00040568000,3.60000,1.32000
 0.00040572000,3.60000,1.28000
 0.00040576000,3.60000,1.32000
 0.00040580000,3.64000,1.36000
 0.00040584000,3.60000,1.28000
 0.00040588000,3.60000,1.28000
 0.00040592000,3.64000,1.32000
 0.00040596000,3.60000,1.28000
 0.00040600000,3.60000,1.32000
 0.00040604000,3.60000,1.32000
 0.00040607997,3.60000,1.28000
 0.00040612000,3.64000,1.36000
 0.00040616000,3.60000,1.28000
 0.00040620000,3.60000,1.28000
 0.00040624000,3.64000,1.32000
 0.00040628000,3.60000,1.32000
 0.00040632000,3.60000,1.28000
 0.00040636000,3.60000,1.32000
 0.00040640000,3.60000,1.32000
 0.00040644000,3.60000,1.32000
 0.00040648000,3.56000,1.36000
 0.00040652000,3.48000,1.24000
 0.00040656000,3.60000,1.24000
 0.00040660000,3.72000,1.36000
 0.00040664000,3.68000,1.40000
 0.00040668000,3.60000,1.36000
 0.00040672000,3.56000,1.24000
 0.00040676000,3.60000,1.28000
 0.00040679997,3.64000,1.32000
 0.00040684000,3.64000,1.40000
 0.00040688000,3.60000,1.32000
 0.00040692000,3.60000,1.32000
 0.00040696000,3.60000,1.28000
 0.00040700000,3.60000,1.28000
 0.00040704000,3.60000,1.32000
 0.00040708000,3.60000,1.28000
 0.00040712000,3.60000,1.32000
 0.00040716000,3.60000,1.32000
 0.00040720000,3.60000,1.28000
 0.00040724000,3.56000,1.28000
 0.00040728000,3.56000,1.28000
 0.00040732000,3.64000,1.28000
 0.00040736000,3.64000,1.36000
 0.00040740000,3.64000,1.32000
 0.00040744000,3.60000,1.28000
 0.00040748000,3.60000,1.32000
 0.00040751997,3.64000,1.32000
 0.00040756000,3.60000,1.32000
 0.00040760000,3.60000,1.36000
 0.00040764000,3.56000,1.32000
 0.00040768000,3.56000,1.28000
 0.00040772000,3.60000,1.32000
 0.00040776000,3.60000,1.32000
 0.00040780000,3.60000,1.32000
 0.00040784000,3.60000,1.32000
 0.00040788000,3.60000,1.28000
 0.00040792000,3.60000,1.32000
 0.00040796000,3.60000,1.32000
 0.00040800000,3.60000,1.32000
 0.00040804000,3.60000,1.32000
 0.00040808000,3.60000,1.32000
 0.00040812000,3.60000,1.32000
 0.00040816000,3.60000,1.32000
 0.00040820000,3.60000,1.32000
 0.00040824000,3.60000,1.32000
 0.00040828000,3.60000,1.28000
 0.00040832000,3.60000,1.32000
 0.00040836000,3.60000,1.28000
 0.00040840000,3.60000,1.36000
 0.00040843997,3.60000,1.32000
 0.00040848000,3.60000,1.32000
 0.00040852000,3.60000,1.32000
 0.00040856000,3.60000,1.32000
 0.00040860000,3.60000,1.32000
 0.00040864000,3.60000,1.32000
 0.00040868000,3.60000,1.28000
 0.00040872000,3.60000,1.32000
 0.00040876000,3.60000,1.32000
 0.00040880000,3.60000,1.32000
 0.00040884000,3.60000,1.32000
 0.00040888000,3.60000,1.32000
 0.00040892000,3.60000,1.32000
 0.00040896000,3.60000,1.28000
 0.00040900000,3.60000,1.28000
 0.00040904000,3.64000,1.36000
 0.00040908000,3.56000,1.28000
 0.00040912000,3.64000,1.36000
 0.00040915997,3.56000,1.28000
 0.00040920000,3.68000,1.36000
 0.00040924000,3.56000,1.28000
 0.00040928000,3.64000,1.36000
 0.00040932000,3.56000,1.28000
 0.00040936000,3.60000,1.36000
 0.00040940000,3.60000,1.32000
 0.00040944000,3.60000,1.28000
 0.00040948000,3.60000,1.32000
 0.00040952000,3.56000,1.24000
 0.00040956000,3.56000,1.24000
